path,sha256,bytes
C:\cassandra-scylla-benchmark\research-v3\results\short-v3\b_h3-1m-n1-c8-concurrent_write-r1-cassandra\attempt-20260906T092311798Z\result.json,bfd5e443075d36573388002347b0ecae1ffe9e52d6a982c5c7b4640d31c1c5a9,2752
C:\cassandra-scylla-benchmark\research-v3\results\short-v3\b_h3-1m-n1-c8-concurrent_write-r1-cassandra\attempt-20260906T092311798Z\result.csv,9c22bb5a47f4123640337340f002d161cc093d15c41e8350febc2a2db52531c5,808
C:\cassandra-scylla-benchmark\research-v3\results\short-v3\b_h3-1m-n1-c8-concurrent_write-r1-cassandra\attempt-20260906T092311798Z\effective-config.json,4de5be0a7335d863cc1ab899153d066b336fad15c24beea1f0549ac5f6362d97,886
C:\cassandra-scylla-benchmark\research-v3\results\short-v3\b_h3-1m-n1-c8-concurrent_write-r1-cassandra\attempt-20260906T092311798Z\baseline.json,27025fdbc280a55b9d9acd423998810f3994d9af66f776b5f3a627ca1539734b,215
C:\cassandra-scylla-benchmark\research-v3\results\short-v3\b_h3-1m-n1-c8-concurrent_write-r1-cassandra\attempt-20260906T092311798Z\resources.jsonl,63d27ac8aad3ce2921a6e13b448a71ba346d5a182434b0ac012bed32bc2ae32c,51182
C:\cassandra-scylla-benchmark\research-v3\results\short-v3\b_h3-1m-n1-c8-concurrent_write-r2-cassandra\attempt-20260906T093738852Z\result.json,aa1297816da1369b4644d91b1a8dd3b777bab2a992a80b278b1751f11aab970e,2755
C:\cassandra-scylla-benchmark\research-v3\results\short-v3\b_h3-1m-n1-c8-concurrent_write-r2-cassandra\attempt-20260906T093738852Z\result.csv,cda855c3f3264588dc70ea85cb869d42d674948fb256da0dddba734bb348fc2d,808
C:\cassandra-scylla-benchmark\research-v3\results\short-v3\b_h3-1m-n1-c8-concurrent_write-r2-cassandra\attempt-20260906T093738852Z\effective-config.json,5fb6eb3ba9a562d88fae03500704675c58981402a53ee5b9acb4020c07561455,886
C:\cassandra-scylla-benchmark\research-v3\results\short-v3\b_h3-1m-n1-c8-concurrent_write-r2-cassandra\attempt-20260906T093738852Z\baseline.json,eefb4495e9303539037c9979b3aef47c2adb6538c6a280ca3c100cd5c28d5894,215
C:\cassandra-scylla-benchmark\research-v3\results\short-v3\b_h3-1m-n1-c8-concurrent_write-r2-cassandra\attempt-20260906T093738852Z\resources.jsonl,4f032459906938f62b068459172c26deeb06371a27f69e28ddbc4b250b9a2fd7,48965
C:\cassandra-scylla-benchmark\research-v3\results\short-v3\b_h3-1m-n1-c8-concurrent_write-r3-cassandra\attempt-20260906T095010663Z\result.json,53e2cd93c42ae18b3ad569fdd7856d9cc23777857c0ce5b7b4ca28cbc6351b77,2757
C:\cassandra-scylla-benchmark\research-v3\results\short-v3\b_h3-1m-n1-c8-concurrent_write-r3-cassandra\attempt-20260906T095010663Z\result.csv,cf45d464f705e579268884795161ff93a20f4d7fe3a73509ab1a1d05ffd8cc5c,810
C:\cassandra-scylla-benchmark\research-v3\results\short-v3\b_h3-1m-n1-c8-concurrent_write-r3-cassandra\attempt-20260906T095010663Z\effective-config.json,46ae5914ba71fe5b2adaa4e098d295be48c650b4d6d0fc5c90ae0027ce01a67b,886
C:\cassandra-scylla-benchmark\research-v3\results\short-v3\b_h3-1m-n1-c8-concurrent_write-r3-cassandra\attempt-20260906T095010663Z\baseline.json,d5c6b19fda19ae6f23889bf4e779335b7ee5a4e2b934c7094735359bbdc68428,215
C:\cassandra-scylla-benchmark\research-v3\results\short-v3\b_h3-1m-n1-c8-concurrent_write-r3-cassandra\attempt-20260906T095010663Z\resources.jsonl,4aabd2aafccc34e2574b0f4d6ae74e1684e3d24078ee91681f50c952ac49bdb7,49182
C:\cassandra-scylla-benchmark\research-v3\results\short-v3\b_h3-1m-n1-c8-read_single-r1-cassandra\attempt-20260906T100242280Z\result.json,83939807797ad8f3ddee1e98952487924b4b5344935b0389aaba0c875927f01c,2748
C:\cassandra-scylla-benchmark\research-v3\results\short-v3\b_h3-1m-n1-c8-read_single-r1-cassandra\attempt-20260906T100242280Z\result.csv,81153d0cc5d8dcc80fb5dbe97e3ac6af19007cdd94c95dfd2d210af54b4e39c1,791
C:\cassandra-scylla-benchmark\research-v3\results\short-v3\b_h3-1m-n1-c8-read_single-r1-cassandra\attempt-20260906T100242280Z\effective-config.json,21551e2dd6831572fbc6eef8b70b48495c4764807c2a17fa9b688c1bf8e1dd25,864
C:\cassandra-scylla-benchmark\research-v3\results\short-v3\b_h3-1m-n1-c8-read_single-r1-cassandra\attempt-20260906T100242280Z\baseline.json,96b8af4b2b7cb1210ccf3d9ae85cb4acb65a1dfc43a87a6fc67cd537c5b18752,215
C:\cassandra-scylla-benchmark\research-v3\results\short-v3\b_h3-1m-n1-c8-read_single-r1-cassandra\attempt-20260906T100242280Z\resources.jsonl,288cfa93e20e8aad25430dfccb6bcbac003b025990eaf5338ad1074228fe4081,32960
C:\cassandra-scylla-benchmark\research-v3\results\short-v3\b_h3-1m-n1-c8-read_single-r2-cassandra\attempt-20260906T101110100Z\result.json,e518148c1ba0a21b241b46ad5b081c75e3a86b961901efc6f114be33278c520c,2751
C:\cassandra-scylla-benchmark\research-v3\results\short-v3\b_h3-1m-n1-c8-read_single-r2-cassandra\attempt-20260906T101110100Z\result.csv,bb71f8a11b11b8ac332a59b5856bf2b39fced8210cac9668062121f77c9311fd,791
C:\cassandra-scylla-benchmark\research-v3\results\short-v3\b_h3-1m-n1-c8-read_single-r2-cassandra\attempt-20260906T101110100Z\effective-config.json,288875fa6242e7a474575bbfa855533a0fa49ace45c478d666a61882f46c5f5e,864
C:\cassandra-scylla-benchmark\research-v3\results\short-v3\b_h3-1m-n1-c8-read_single-r2-cassandra\attempt-20260906T101110100Z\baseline.json,8b2a84e37a0cc7f7da0443c14a286d90f4f2e2cb7c27cc5c8a52a9ecc2a7d2ea,215
C:\cassandra-scylla-benchmark\research-v3\results\short-v3\b_h3-1m-n1-c8-read_single-r2-cassandra\attempt-20260906T101110100Z\resources.jsonl,4b2759c8e41ebf47426c498f77d194111ed7e199a321efd1de41228495a08bc1,32557
C:\cassandra-scylla-benchmark\research-v3\results\short-v3\b_h3-1m-n1-c8-read_single-r3-cassandra\attempt-20260906T101938152Z\result.json,3e29239ef7ec02dad723bf6968477d71d7685e55379767b42a063d63a5f6fcce,2747
C:\cassandra-scylla-benchmark\research-v3\results\short-v3\b_h3-1m-n1-c8-read_single-r3-cassandra\attempt-20260906T101938152Z\result.csv,56038c9db52813d8d945227931702350bbaa7f65e49b30ed56b753553e49292f,787
C:\cassandra-scylla-benchmark\research-v3\results\short-v3\b_h3-1m-n1-c8-read_single-r3-cassandra\attempt-20260906T101938152Z\effective-config.json,b33fc72e2bd75d744e6118898ab04479c94ad0244fd4b08909ca878191b3c0a1,864
C:\cassandra-scylla-benchmark\research-v3\results\short-v3\b_h3-1m-n1-c8-read_single-r3-cassandra\attempt-20260906T101938152Z\baseline.json,79ec17e571546a3686ecdf913c8e73ffc50fdf4087d4db808d70022936fa72c8,215
C:\cassandra-scylla-benchmark\research-v3\results\short-v3\b_h3-1m-n1-c8-read_single-r3-cassandra\attempt-20260906T101938152Z\resources.jsonl,d15f10d5826fe8f3919bc4a087f57c89399032073aa2e12e9d44c5b215bcf121,32702
C:\cassandra-scylla-benchmark\research-v3\results\short-v3\b_h3-1m-n1-c32-concurrent_write-r1-cassandra\attempt-20260906T102759641Z\result.json,e2d56ac17a2ce74d76719130bd27ccc7e091611ea881e6a9f8a6be0b1f733108,2759
C:\cassandra-scylla-benchmark\research-v3\results\short-v3\b_h3-1m-n1-c32-concurrent_write-r1-cassandra\attempt-20260906T102759641Z\result.csv,66c7883eec72e90bd6f2064a9330739f407a868017181ba1f8df8a070749a742,809
C:\cassandra-scylla-benchmark\research-v3\results\short-v3\b_h3-1m-n1-c32-concurrent_write-r1-cassandra\attempt-20260906T102759641Z\effective-config.json,46f08a0265c2ecfbd76e35ac955a9c5f5ba047aa1a68f0a06709df4e77f31b50,889
C:\cassandra-scylla-benchmark\research-v3\results\short-v3\b_h3-1m-n1-c32-concurrent_write-r1-cassandra\attempt-20260906T102759641Z\baseline.json,48f9657cd29396487bbec6fab90f975141a803b70826b9494559e3c25010709d,215
C:\cassandra-scylla-benchmark\research-v3\results\short-v3\b_h3-1m-n1-c32-concurrent_write-r1-cassandra\attempt-20260906T102759641Z\resources.jsonl,f48cc067ab6f80e9b599debedcc43d3061f1cbed0c5e9974bce023c6b5de0ddc,49550
C:\cassandra-scylla-benchmark\research-v3\results\short-v3\b_h3-1m-n1-c32-concurrent_write-r2-cassandra\attempt-20260906T104037661Z\result.json,17392a11a869d471d70d81a1e5e9bcc751d07d9bf4935f6d370d5837e69e4203,2758
C:\cassandra-scylla-benchmark\research-v3\results\short-v3\b_h3-1m-n1-c32-concurrent_write-r2-cassandra\attempt-20260906T104037661Z\result.csv,a5d5628ef936babfbcc60eaaa76ff883933103f6c71a3200aa804fce0601cf01,808
C:\cassandra-scylla-benchmark\research-v3\results\short-v3\b_h3-1m-n1-c32-concurrent_write-r2-cassandra\attempt-20260906T104037661Z\effective-config.json,566c60a0b4a8aeb2d3538e179e6b4112abfc0fc8796d6750853017da3d26ec61,889
C:\cassandra-scylla-benchmark\research-v3\results\short-v3\b_h3-1m-n1-c32-concurrent_write-r2-cassandra\attempt-20260906T104037661Z\baseline.json,8b2a84e37a0cc7f7da0443c14a286d90f4f2e2cb7c27cc5c8a52a9ecc2a7d2ea,215
C:\cassandra-scylla-benchmark\research-v3\results\short-v3\b_h3-1m-n1-c32-concurrent_write-r2-cassandra\attempt-20260906T104037661Z\resources.jsonl,ff4c99e5ecf0b65e36ed3248b01fd77da1af8d0bdda85cbfa43a4f6342571c30,49637
C:\cassandra-scylla-benchmark\research-v3\results\short-v3\b_h3-1m-n1-c32-concurrent_write-r3-cassandra\attempt-20260906T105309862Z\result.json,e633b153ab0f9490c684a9bdfd8827e23a013d9ec730d53b0b949e89b254fbac,2758
C:\cassandra-scylla-benchmark\research-v3\results\short-v3\b_h3-1m-n1-c32-concurrent_write-r3-cassandra\attempt-20260906T105309862Z\result.csv,35c053ac8b81c86a9979ec21bbb2ef1dfc877fd408dc30d702f977913a69bdf9,808
C:\cassandra-scylla-benchmark\research-v3\results\short-v3\b_h3-1m-n1-c32-concurrent_write-r3-cassandra\attempt-20260906T105309862Z\effective-config.json,171150efa7ef9969cc2bd72886ee9bc038f714d45c63e732f3359d4ae0b8c2bc,889
C:\cassandra-scylla-benchmark\research-v3\results\short-v3\b_h3-1m-n1-c32-concurrent_write-r3-cassandra\attempt-20260906T105309862Z\baseline.json,62d975a3e736ec76ad70a8ecc445dc148b884f18a1beef985a789cb4881f5d18,215
C:\cassandra-scylla-benchmark\research-v3\results\short-v3\b_h3-1m-n1-c32-concurrent_write-r3-cassandra\attempt-20260906T105309862Z\resources.jsonl,a047a43593e33bef9c2b6f199aae0823e31d29c6b1922ad0de62375fb7ac90b5,50059
C:\cassandra-scylla-benchmark\research-v3\results\short-v3\b_h3-1m-n1-c32-read_single-r1-cassandra\attempt-20260906T110547838Z\result.json,d04d37a92b64807fae6a7e2f5289a7fe20cb5d39ba2d44d4b711fe925e4bca7f,2755
C:\cassandra-scylla-benchmark\research-v3\results\short-v3\b_h3-1m-n1-c32-read_single-r1-cassandra\attempt-20260906T110547838Z\result.csv,68a696ef17083d6b052e64a3d973e992c3cdaab695aa089619fbccd826784eb0,793
C:\cassandra-scylla-benchmark\research-v3\results\short-v3\b_h3-1m-n1-c32-read_single-r1-cassandra\attempt-20260906T110547838Z\effective-config.json,f17aa3833b7df86b5f66c5ba524cad975dc266f713d5e017580a02647f003675,867
C:\cassandra-scylla-benchmark\research-v3\results\short-v3\b_h3-1m-n1-c32-read_single-r1-cassandra\attempt-20260906T110547838Z\baseline.json,48f9657cd29396487bbec6fab90f975141a803b70826b9494559e3c25010709d,215
C:\cassandra-scylla-benchmark\research-v3\results\short-v3\b_h3-1m-n1-c32-read_single-r1-cassandra\attempt-20260906T110547838Z\resources.jsonl,161f7650c9e6a2331b47df0944b73efa916a53c4360ccc9dd0a6f02056805987,32830
C:\cassandra-scylla-benchmark\research-v3\results\short-v3\b_h3-1m-n1-c32-read_single-r2-cassandra\attempt-20260906T111409160Z\result.json,daa4d5cdfd7f68d8446359dba2f6f340a8a79a2d2050de38670f571d3522d927,2755
C:\cassandra-scylla-benchmark\research-v3\results\short-v3\b_h3-1m-n1-c32-read_single-r2-cassandra\attempt-20260906T111409160Z\result.csv,1e1e44cd0b979c82332a59c3f2a0268bbde03f17cc6a955b20825eb59390090f,792
C:\cassandra-scylla-benchmark\research-v3\results\short-v3\b_h3-1m-n1-c32-read_single-r2-cassandra\attempt-20260906T111409160Z\effective-config.json,971c14aa5c825a1c9bee4e0dc2a80dd3e980500a74ae311781f403d63c86b5df,867
C:\cassandra-scylla-benchmark\research-v3\results\short-v3\b_h3-1m-n1-c32-read_single-r2-cassandra\attempt-20260906T111409160Z\baseline.json,d0e33d5ce771e09ff1729ecc2e6ab8f5a74dea57f56206205eea03830ad7cb9f,215
C:\cassandra-scylla-benchmark\research-v3\results\short-v3\b_h3-1m-n1-c32-read_single-r2-cassandra\attempt-20260906T111409160Z\resources.jsonl,a57bd4d2e9f6b210980cd47e3bd2b98cfd45406cfe14c2c584f9daeadb749254,32829
C:\cassandra-scylla-benchmark\research-v3\results\short-v3\b_h3-1m-n1-c32-read_single-r3-cassandra\attempt-20260906T112238297Z\result.json,94bfee543f72b3fc452890dba6763f8d393d53485b1950dd6ae1b7a2b98c90d9,2756
C:\cassandra-scylla-benchmark\research-v3\results\short-v3\b_h3-1m-n1-c32-read_single-r3-cassandra\attempt-20260906T112238297Z\result.csv,788802f766b70526fb483f776c1892c06fc1feec58a91e33a73603493c457ee2,796
C:\cassandra-scylla-benchmark\research-v3\results\short-v3\b_h3-1m-n1-c32-read_single-r3-cassandra\attempt-20260906T112238297Z\effective-config.json,0618c990da2082d5fbf954f2ba7f6c1923a421fd90e278c6e48d5c7ad513f0f5,867
C:\cassandra-scylla-benchmark\research-v3\results\short-v3\b_h3-1m-n1-c32-read_single-r3-cassandra\attempt-20260906T112238297Z\baseline.json,a23fe2b085472e8f9563704295fa98fc82e03922df41f9778c08a896df52cde2,215
C:\cassandra-scylla-benchmark\research-v3\results\short-v3\b_h3-1m-n1-c32-read_single-r3-cassandra\attempt-20260906T112238297Z\resources.jsonl,624678939b9b056300cb51e25c256ec41c2b261390700ec154dbc80bcc77092f,33243
C:\cassandra-scylla-benchmark\research-v3\results\short-v3\b_h3-1m-n2-c8-concurrent_write-r1-cassandra\attempt-20260906T113113234Z\result.json,74a466d67694604d1368d187cbd74ceeec426fbdab7411cdb23abaa685d301b8,2753
C:\cassandra-scylla-benchmark\research-v3\results\short-v3\b_h3-1m-n2-c8-concurrent_write-r1-cassandra\attempt-20260906T113113234Z\result.csv,ee3f578c335ad1a4fb690b13e347cd74c16abbbfb74cb01485c6cd6ae91fa3c6,806
C:\cassandra-scylla-benchmark\research-v3\results\short-v3\b_h3-1m-n2-c8-concurrent_write-r1-cassandra\attempt-20260906T113113234Z\effective-config.json,5d53f721aba7211584acef349e86225f3bf7bcf95661fe01d83089b138ee793c,886
C:\cassandra-scylla-benchmark\research-v3\results\short-v3\b_h3-1m-n2-c8-concurrent_write-r1-cassandra\attempt-20260906T113113234Z\baseline.json,17bd46639441a3c449d36557cbbc60c509121bbed0be17ef04405c44b940a656,215
C:\cassandra-scylla-benchmark\research-v3\results\short-v3\b_h3-1m-n2-c8-concurrent_write-r1-cassandra\attempt-20260906T113113234Z\resources.jsonl,8b0605d4c033f18e913734fdcb7e1f0202fd09a93140b6b134f9bee993c50ca1,75255
C:\cassandra-scylla-benchmark\research-v3\results\short-v3\b_h3-1m-n2-c8-concurrent_write-r2-cassandra\attempt-20260906T114713267Z\result.json,fb18b85c2ad3be21ef62d2cae31a5d86aa8459e8dfacd85b330ff1aaaa702097,2752
C:\cassandra-scylla-benchmark\research-v3\results\short-v3\b_h3-1m-n2-c8-concurrent_write-r2-cassandra\attempt-20260906T114713267Z\result.csv,0fdde6f53bd5ce61ed5cd05e038523fa9545e18996380cab077123121fbc8660,805
C:\cassandra-scylla-benchmark\research-v3\results\short-v3\b_h3-1m-n2-c8-concurrent_write-r2-cassandra\attempt-20260906T114713267Z\effective-config.json,81b5e9b77b71ae69ca99e97223ba5aaa2dc4e527359bb753dc7aff262e271e3d,886
C:\cassandra-scylla-benchmark\research-v3\results\short-v3\b_h3-1m-n2-c8-concurrent_write-r2-cassandra\attempt-20260906T114713267Z\baseline.json,2abbc6ba591a55415e644d774bb490f0b6947c8ccd119614bebf7e6d4cc8fcca,215
C:\cassandra-scylla-benchmark\research-v3\results\short-v3\b_h3-1m-n2-c8-concurrent_write-r2-cassandra\attempt-20260906T114713267Z\resources.jsonl,5bcafec74788ba2090d94f0c32f97bb11598eda00e7d4b0d9a1c541e341b765d,73529
C:\cassandra-scylla-benchmark\research-v3\results\short-v3\b_h3-1m-n2-c8-concurrent_write-r3-cassandra\attempt-20260906T120001220Z\result.json,f6e828370e4008d2ec9f369ceffb9837348be49bdafdd0d95aadbd43250d24e3,2747
C:\cassandra-scylla-benchmark\research-v3\results\short-v3\b_h3-1m-n2-c8-concurrent_write-r3-cassandra\attempt-20260906T120001220Z\result.csv,8a202a482c95632f14fe2f6784ea95350d01137cf98e835d012c6f954eb59e1f,803
C:\cassandra-scylla-benchmark\research-v3\results\short-v3\b_h3-1m-n2-c8-concurrent_write-r3-cassandra\attempt-20260906T120001220Z\effective-config.json,edd9ddf68adcfa61cf2bcf82dcc83a5ffdbbaaaeb3c578272efd091853f766f4,886
C:\cassandra-scylla-benchmark\research-v3\results\short-v3\b_h3-1m-n2-c8-concurrent_write-r3-cassandra\attempt-20260906T120001220Z\baseline.json,62d975a3e736ec76ad70a8ecc445dc148b884f18a1beef985a789cb4881f5d18,215
C:\cassandra-scylla-benchmark\research-v3\results\short-v3\b_h3-1m-n2-c8-concurrent_write-r3-cassandra\attempt-20260906T120001220Z\resources.jsonl,ff42ccb4806f432ad21e2697346bb25de4893f0b7a41f8215d7f250c6224012c,72979
C:\cassandra-scylla-benchmark\research-v3\results\short-v3\b_h3-1m-n2-c8-read_single-r1-cassandra\attempt-20260906T121245914Z\result.json,bc73f42dbdc1f491990af48585a06ddad418085f640e1035ad2a0b0e38a607c9,2749
C:\cassandra-scylla-benchmark\research-v3\results\short-v3\b_h3-1m-n2-c8-read_single-r1-cassandra\attempt-20260906T121245914Z\result.csv,91214515f9667385cfc4db0a59f06fb387f4d9658c36f4ed18a6874930401240,789
C:\cassandra-scylla-benchmark\research-v3\results\short-v3\b_h3-1m-n2-c8-read_single-r1-cassandra\attempt-20260906T121245914Z\effective-config.json,1ba176e4dd38d9e73156e034612e6f834952c56df89d9b8f0f941ab58f292425,864
C:\cassandra-scylla-benchmark\research-v3\results\short-v3\b_h3-1m-n2-c8-read_single-r1-cassandra\attempt-20260906T121245914Z\baseline.json,96b8af4b2b7cb1210ccf3d9ae85cb4acb65a1dfc43a87a6fc67cd537c5b18752,215
C:\cassandra-scylla-benchmark\research-v3\results\short-v3\b_h3-1m-n2-c8-read_single-r1-cassandra\attempt-20260906T121245914Z\resources.jsonl,ba343e03f51f17e291cbd300100a8f876779a766257c20f79d9a0b07f4baa238,48318
C:\cassandra-scylla-benchmark\research-v3\results\short-v3\b_h3-1m-n2-c8-read_single-r2-cassandra\attempt-20260906T122123747Z\result.json,6d6d3466417c8db53f48b8e9d7b9da04c345bac50b2d4ef5fafd9976faf82ff4,2744
C:\cassandra-scylla-benchmark\research-v3\results\short-v3\b_h3-1m-n2-c8-read_single-r2-cassandra\attempt-20260906T122123747Z\result.csv,159985d9f53cb285893c3300583c96d94a605ee4ab70ebf15f25f3a0a3b22034,787
C:\cassandra-scylla-benchmark\research-v3\results\short-v3\b_h3-1m-n2-c8-read_single-r2-cassandra\attempt-20260906T122123747Z\effective-config.json,9f635bfa19d232446f3fc420d9e6e2c1bdb7eb53a8d23fcc3e5cc008f9a21c95,864
C:\cassandra-scylla-benchmark\research-v3\results\short-v3\b_h3-1m-n2-c8-read_single-r2-cassandra\attempt-20260906T122123747Z\baseline.json,d0e33d5ce771e09ff1729ecc2e6ab8f5a74dea57f56206205eea03830ad7cb9f,215
C:\cassandra-scylla-benchmark\research-v3\results\short-v3\b_h3-1m-n2-c8-read_single-r2-cassandra\attempt-20260906T122123747Z\resources.jsonl,824259d4745d715c9e65289fa3a5b20c66e9f83566a46278f65b2795d7923bc4,48376
C:\cassandra-scylla-benchmark\research-v3\results\short-v3\b_h3-1m-n2-c8-read_single-r3-cassandra\attempt-20260906T123002802Z\result.json,85c23cdfa1c176a614e8f404322c41f9d21c21a4d1292d636624730a20265010,2747
C:\cassandra-scylla-benchmark\research-v3\results\short-v3\b_h3-1m-n2-c8-read_single-r3-cassandra\attempt-20260906T123002802Z\result.csv,a0af617d8fb527fe0ad8353ab0bbb4c5b177933e424fdad18032966199b32e95,788
C:\cassandra-scylla-benchmark\research-v3\results\short-v3\b_h3-1m-n2-c8-read_single-r3-cassandra\attempt-20260906T123002802Z\effective-config.json,4e70ef078ed5276c13b2b35abba31051a654beaf4e91ba849cf5f1a1fd21269e,864
C:\cassandra-scylla-benchmark\research-v3\results\short-v3\b_h3-1m-n2-c8-read_single-r3-cassandra\attempt-20260906T123002802Z\baseline.json,acf61a3f9eff639eb8351b6733e5733cd8c06fd94546d3f14d514225db90928d,215
C:\cassandra-scylla-benchmark\research-v3\results\short-v3\b_h3-1m-n2-c8-read_single-r3-cassandra\attempt-20260906T123002802Z\resources.jsonl,b35f44da552bf79e7f8e1f789f993e189b56cd4343b24d9769f6dc904604dede,48451
C:\cassandra-scylla-benchmark\research-v3\results\short-v3\b_h3-1m-n2-c32-concurrent_write-r1-cassandra\attempt-20260906T123835195Z\result.json,b158d6b03c9e9d87d42ec5b52a252579d3e37730d621441ba55d78c2822eabbf,2761
C:\cassandra-scylla-benchmark\research-v3\results\short-v3\b_h3-1m-n2-c32-concurrent_write-r1-cassandra\attempt-20260906T123835195Z\result.csv,f8a6717f56da72db1d568983b00438877acbfa17917685dfb68bb93211fca1b0,811
C:\cassandra-scylla-benchmark\research-v3\results\short-v3\b_h3-1m-n2-c32-concurrent_write-r1-cassandra\attempt-20260906T123835195Z\effective-config.json,f704fb668831a94d62ad5ce94d7ba7d054e23313988160e7dc6cd99a46ebcca1,889
C:\cassandra-scylla-benchmark\research-v3\results\short-v3\b_h3-1m-n2-c32-concurrent_write-r1-cassandra\attempt-20260906T123835195Z\baseline.json,27ef08312a6db0e10a172850a974f7cebb00e02fb7cb5671ed4157c8944116b2,215
C:\cassandra-scylla-benchmark\research-v3\results\short-v3\b_h3-1m-n2-c32-concurrent_write-r1-cassandra\attempt-20260906T123835195Z\resources.jsonl,0d5debba2c19a233d8bb744055b8a455debd1c177effff79369291a5ae08fb1a,71890
C:\cassandra-scylla-benchmark\research-v3\results\short-v3\b_h3-1m-n2-c32-concurrent_write-r2-cassandra\attempt-20260906T125120050Z\result.json,452f6fbf07f64829697c0a844b2075f35278a49a48699186a09706227663106c,2760
C:\cassandra-scylla-benchmark\research-v3\results\short-v3\b_h3-1m-n2-c32-concurrent_write-r2-cassandra\attempt-20260906T125120050Z\result.csv,43fd13e52cee6f6ebf1991e24f0f439841e06348d23f127822816b285a2e2ba2,810
C:\cassandra-scylla-benchmark\research-v3\results\short-v3\b_h3-1m-n2-c32-concurrent_write-r2-cassandra\attempt-20260906T125120050Z\effective-config.json,b102fe8952fa6a8b0df697569a7e64bc30c55f3be3e43a703179377916a747fa,889
C:\cassandra-scylla-benchmark\research-v3\results\short-v3\b_h3-1m-n2-c32-concurrent_write-r2-cassandra\attempt-20260906T125120050Z\baseline.json,2abbc6ba591a55415e644d774bb490f0b6947c8ccd119614bebf7e6d4cc8fcca,215
C:\cassandra-scylla-benchmark\research-v3\results\short-v3\b_h3-1m-n2-c32-concurrent_write-r2-cassandra\attempt-20260906T125120050Z\resources.jsonl,c03275b1126b609167593a52aed827755db0343297227942ebc02898abebf8a3,72735
C:\cassandra-scylla-benchmark\research-v3\results\short-v3\b_h3-1m-n2-c32-concurrent_write-r3-cassandra\attempt-20260906T130359322Z\result.json,4358761b2e6ba0d76b8063e36c67250af76300936978e8fd431d6ee3bbc60eb1,2761
C:\cassandra-scylla-benchmark\research-v3\results\short-v3\b_h3-1m-n2-c32-concurrent_write-r3-cassandra\attempt-20260906T130359322Z\result.csv,bfcd93b2b4a68665e510c1f4f3075037c11d12007825541a9eaf742da18dd429,811
C:\cassandra-scylla-benchmark\research-v3\results\short-v3\b_h3-1m-n2-c32-concurrent_write-r3-cassandra\attempt-20260906T130359322Z\effective-config.json,a590fb99a406c146bb2342cb57e286b697c91f5a0d3228bf33f77e90023c9c55,889
C:\cassandra-scylla-benchmark\research-v3\results\short-v3\b_h3-1m-n2-c32-concurrent_write-r3-cassandra\attempt-20260906T130359322Z\baseline.json,79ec17e571546a3686ecdf913c8e73ffc50fdf4087d4db808d70022936fa72c8,215
C:\cassandra-scylla-benchmark\research-v3\results\short-v3\b_h3-1m-n2-c32-concurrent_write-r3-cassandra\attempt-20260906T130359322Z\resources.jsonl,d4085b9bad44cd654b9f3e9815ca7e28292104e14978e4a73198c9f163002424,72730
C:\cassandra-scylla-benchmark\research-v3\results\short-v3\b_h3-1m-n2-c32-read_single-r1-cassandra\attempt-20260906T131639438Z\result.json,4e6ef4cac4bb6712375f15572f33c6bb4e92d5611053003114f2fe196785e679,2755
C:\cassandra-scylla-benchmark\research-v3\results\short-v3\b_h3-1m-n2-c32-read_single-r1-cassandra\attempt-20260906T131639438Z\result.csv,831b283dd1266535c99eb3b660c087195a0b6400424cc967dc6e1834839c1337,792
C:\cassandra-scylla-benchmark\research-v3\results\short-v3\b_h3-1m-n2-c32-read_single-r1-cassandra\attempt-20260906T131639438Z\effective-config.json,fd7c537cd1db00bcc2de30038793c1de75cb28639bd52d4b903b06496faa87b5,867
C:\cassandra-scylla-benchmark\research-v3\results\short-v3\b_h3-1m-n2-c32-read_single-r1-cassandra\attempt-20260906T131639438Z\baseline.json,a3306aaec46e148fa3b6840bfe05c1718b8c54900e3d2c5b4b7733452feaa036,215
C:\cassandra-scylla-benchmark\research-v3\results\short-v3\b_h3-1m-n2-c32-read_single-r1-cassandra\attempt-20260906T131639438Z\resources.jsonl,e6a0d3d44a2621624e1e7dc69708be8b36a0e40e2507906019b0ea43dd89f247,48603
C:\cassandra-scylla-benchmark\research-v3\results\short-v3\b_h3-1m-n2-c32-read_single-r2-cassandra\attempt-20260906T132511681Z\result.json,d538164ebd6e63181c668d03ab08387567adda0373c6dd6b2c935380568a999c,2754
C:\cassandra-scylla-benchmark\research-v3\results\short-v3\b_h3-1m-n2-c32-read_single-r2-cassandra\attempt-20260906T132511681Z\result.csv,2ea363038b61ca7c699bf0fce10d5434d5b72c5fd31290c6a176cffda10eb5f2,793
C:\cassandra-scylla-benchmark\research-v3\results\short-v3\b_h3-1m-n2-c32-read_single-r2-cassandra\attempt-20260906T132511681Z\effective-config.json,6fe4780cf690c4ed6348fd4d49b1214d9a777ccff1b496aac497525f2bf7a3c1,867
C:\cassandra-scylla-benchmark\research-v3\results\short-v3\b_h3-1m-n2-c32-read_single-r2-cassandra\attempt-20260906T132511681Z\baseline.json,2abbc6ba591a55415e644d774bb490f0b6947c8ccd119614bebf7e6d4cc8fcca,215
C:\cassandra-scylla-benchmark\research-v3\results\short-v3\b_h3-1m-n2-c32-read_single-r2-cassandra\attempt-20260906T132511681Z\resources.jsonl,3905f8c2386617000fd70e02ddc2f41fd7e3b04c73a6dbc9da08550cfb34f3e7,48097
C:\cassandra-scylla-benchmark\research-v3\results\short-v3\b_h3-1m-n2-c32-read_single-r3-cassandra\attempt-20260906T133341953Z\result.json,93e69e425e802a000cb661a109c5eba6905ff46c6d25c4b0c9034a40aa41067f,2755
C:\cassandra-scylla-benchmark\research-v3\results\short-v3\b_h3-1m-n2-c32-read_single-r3-cassandra\attempt-20260906T133341953Z\result.csv,8919640a63dc4a89eadb514d4baa5d792ba27f110fb2d1bc5cbf44f835e41ca4,792
C:\cassandra-scylla-benchmark\research-v3\results\short-v3\b_h3-1m-n2-c32-read_single-r3-cassandra\attempt-20260906T133341953Z\effective-config.json,7213689c76e0e034e41065ead6d3937806dcbe314061d52691c22a2487a483dc,867
C:\cassandra-scylla-benchmark\research-v3\results\short-v3\b_h3-1m-n2-c32-read_single-r3-cassandra\attempt-20260906T133341953Z\baseline.json,4e71b2b62a5f7eb9012102f9abdafbae922a5fd5e5195dbc899963a2ac042bb4,215
C:\cassandra-scylla-benchmark\research-v3\results\short-v3\b_h3-1m-n2-c32-read_single-r3-cassandra\attempt-20260906T133341953Z\resources.jsonl,834355a6710823f575be8038085ecbfc37a6eaee12b403ff31f7560348af25c7,48690
C:\cassandra-scylla-benchmark\research-v3\results\short-v3\a_h1_h2-1m-n3-c1-concurrent_write-r1-cassandra\attempt-20260906T134224941Z\result.json,ad46cc9e544129d176d8475c758e679ad0d3e6e62c9d1eb9d88d9c5422b874cc,2754
C:\cassandra-scylla-benchmark\research-v3\results\short-v3\a_h1_h2-1m-n3-c1-concurrent_write-r1-cassandra\attempt-20260906T134224941Z\result.csv,9067a18bdb38ed9f08d83577942d64850b6971991fd4834a3089d5c2a327dc0f,798
C:\cassandra-scylla-benchmark\research-v3\results\short-v3\a_h1_h2-1m-n3-c1-concurrent_write-r1-cassandra\attempt-20260906T134224941Z\effective-config.json,7ed5a07155592ff9bd4cc6370740fcdbcb0af7be7ec113601c0ec0fca75c5db4,898
C:\cassandra-scylla-benchmark\research-v3\results\short-v3\a_h1_h2-1m-n3-c1-concurrent_write-r1-cassandra\attempt-20260906T134224941Z\baseline.json,17bd46639441a3c449d36557cbbc60c509121bbed0be17ef04405c44b940a656,215
C:\cassandra-scylla-benchmark\research-v3\results\short-v3\a_h1_h2-1m-n3-c1-concurrent_write-r1-cassandra\attempt-20260906T134224941Z\resources.jsonl,9e6f8982b7c334f438db47d78188dfceaa46632f18e8d497e5ce06b9d9992d51,165511
C:\cassandra-scylla-benchmark\research-v3\results\short-v3\a_h1_h2-1m-n3-c1-concurrent_write-r2-cassandra\attempt-20260906T140422929Z\result.json,2195635a28a344141f18782192a010e0c540923b69b657a531fb625d00082d7b,2754
C:\cassandra-scylla-benchmark\research-v3\results\short-v3\a_h1_h2-1m-n3-c1-concurrent_write-r2-cassandra\attempt-20260906T140422929Z\result.csv,fc88302b49c41b1e84931e21995a7952419e715e9d40da5b538d9860534912ed,798
C:\cassandra-scylla-benchmark\research-v3\results\short-v3\a_h1_h2-1m-n3-c1-concurrent_write-r2-cassandra\attempt-20260906T140422929Z\effective-config.json,273c2a4e799abe4176d943b97f69666c0d1ede7560f9a30c4ea1c6aa26da9e6d,898
C:\cassandra-scylla-benchmark\research-v3\results\short-v3\a_h1_h2-1m-n3-c1-concurrent_write-r2-cassandra\attempt-20260906T140422929Z\baseline.json,36991d867eea9042ad668041bc28fe71a7650c054ea570aee08fbf6e8de26eb1,215
C:\cassandra-scylla-benchmark\research-v3\results\short-v3\a_h1_h2-1m-n3-c1-concurrent_write-r2-cassandra\attempt-20260906T140422929Z\resources.jsonl,88983fbbfb96c82508f71bfaae0c177946b5fe79600610adc09b3476d953fb00,164536
C:\cassandra-scylla-benchmark\research-v3\results\short-v3\a_h1_h2-1m-n3-c1-concurrent_write-r3-cassandra\attempt-20260906T142513873Z\result.json,eae2263bd0042e292c3afb90ad8b441b74b5ca960598a86a9992af7831ff831a,2754
C:\cassandra-scylla-benchmark\research-v3\results\short-v3\a_h1_h2-1m-n3-c1-concurrent_write-r3-cassandra\attempt-20260906T142513873Z\result.csv,8fed7a6117ec81272350f2c9445cd22a028d51ad2414ce7c7900fe107f6cc2dd,798
C:\cassandra-scylla-benchmark\research-v3\results\short-v3\a_h1_h2-1m-n3-c1-concurrent_write-r3-cassandra\attempt-20260906T142513873Z\effective-config.json,ed65af9b6c7a202d18debd86ee2383cb0fb0340f1f698374858be064b513a50e,898
C:\cassandra-scylla-benchmark\research-v3\results\short-v3\a_h1_h2-1m-n3-c1-concurrent_write-r3-cassandra\attempt-20260906T142513873Z\baseline.json,262899ec7fcc57f53868fc1d2c3e7fc376fb08f5101b790bcbb3097d2360cfb9,215
C:\cassandra-scylla-benchmark\research-v3\results\short-v3\a_h1_h2-1m-n3-c1-concurrent_write-r3-cassandra\attempt-20260906T142513873Z\resources.jsonl,ad02db748915b785df8af53265419fd2add62f0180dcbe31052f6768aae9ffa1,176088
C:\cassandra-scylla-benchmark\research-v3\results\short-v3\a_h1_h2-1m-n3-c1-read_single-r1-cassandra\attempt-20260906T144721767Z\result.json,4077fc23f85253da625c3c1e9e69dc58b9fdd571ec6e345df62401cdc3e5c808,2748
C:\cassandra-scylla-benchmark\research-v3\results\short-v3\a_h1_h2-1m-n3-c1-read_single-r1-cassandra\attempt-20260906T144721767Z\result.csv,b3ea1c96f4671fe4eaab926b6733f1d7c381aa1bb10d13610b8956dd3a5529e4,783
C:\cassandra-scylla-benchmark\research-v3\results\short-v3\a_h1_h2-1m-n3-c1-read_single-r1-cassandra\attempt-20260906T144721767Z\effective-config.json,5b2816a4e4ddf63d5c8415d400c6a67ac6d82dc411d679a94e5e6003e9703e4a,876
C:\cassandra-scylla-benchmark\research-v3\results\short-v3\a_h1_h2-1m-n3-c1-read_single-r1-cassandra\attempt-20260906T144721767Z\baseline.json,27ef08312a6db0e10a172850a974f7cebb00e02fb7cb5671ed4157c8944116b2,215
C:\cassandra-scylla-benchmark\research-v3\results\short-v3\a_h1_h2-1m-n3-c1-read_single-r1-cassandra\attempt-20260906T144721767Z\resources.jsonl,bec1b61559508d5c0980fa716b66db06f9a3c99e9a7b46e2d24ba9bcf1bcbbb3,108736
C:\cassandra-scylla-benchmark\research-v3\results\short-v3\a_h1_h2-1m-n3-c1-read_single-r2-cassandra\attempt-20260906T150104091Z\result.json,1011cfc113c2f79a4414c517f922021303f33ba51caaa37bbf7804e9b0f904fd,2748
C:\cassandra-scylla-benchmark\research-v3\results\short-v3\a_h1_h2-1m-n3-c1-read_single-r2-cassandra\attempt-20260906T150104091Z\result.csv,55ec03a994f4839c72586d1049aa32d2a4eae3d5b1ae3ba54f96928ad7e13439,783
C:\cassandra-scylla-benchmark\research-v3\results\short-v3\a_h1_h2-1m-n3-c1-read_single-r2-cassandra\attempt-20260906T150104091Z\effective-config.json,40bd455b0ce46906524d4a7052765cad022d5ad6cfe54137aae597e77fd5beaa,876
C:\cassandra-scylla-benchmark\research-v3\results\short-v3\a_h1_h2-1m-n3-c1-read_single-r2-cassandra\attempt-20260906T150104091Z\baseline.json,eefb4495e9303539037c9979b3aef47c2adb6538c6a280ca3c100cd5c28d5894,215
C:\cassandra-scylla-benchmark\research-v3\results\short-v3\a_h1_h2-1m-n3-c1-read_single-r2-cassandra\attempt-20260906T150104091Z\resources.jsonl,8364fc1f57a8a589bb5f9e2953442035d7b4447f6943d147425d460eb4294d2c,108786
C:\cassandra-scylla-benchmark\research-v3\results\short-v3\a_h1_h2-1m-n3-c1-read_single-r3-cassandra\attempt-20260906T151442798Z\result.json,f9e34b8c3da9e4c819ea977fbd32ef0d97f652a074970c74df51a812c61e5413,2751
C:\cassandra-scylla-benchmark\research-v3\results\short-v3\a_h1_h2-1m-n3-c1-read_single-r3-cassandra\attempt-20260906T151442798Z\result.csv,9ba5653acdf95d50252890337503be6b9bc5a61bc3b119bc0d4396473cabf813,783
C:\cassandra-scylla-benchmark\research-v3\results\short-v3\a_h1_h2-1m-n3-c1-read_single-r3-cassandra\attempt-20260906T151442798Z\effective-config.json,311bd031847671994473c78dbe402be07a9cde38974acc30e8536b5c2b065746,876
C:\cassandra-scylla-benchmark\research-v3\results\short-v3\a_h1_h2-1m-n3-c1-read_single-r3-cassandra\attempt-20260906T151442798Z\baseline.json,c372910fbf4aff0029787ba43e7509f05e66e071914917a9e6ebeebbc495153b,215
C:\cassandra-scylla-benchmark\research-v3\results\short-v3\a_h1_h2-1m-n3-c1-read_single-r3-cassandra\attempt-20260906T151442798Z\resources.jsonl,6465c3846e8165d73fd44437b4b9f1ce08cc791f2658ece885262bb1a0cef492,111519
C:\cassandra-scylla-benchmark\research-v3\results\short-v3\a_h1_h2-1m-n3-c8-concurrent_write-r1-cassandra\attempt-20260906T152844789Z\result.json,68c87bd0cb4020c0e431a17193d5a474ee99d2296718dc311c3cdbcfc6f43b57,2765
C:\cassandra-scylla-benchmark\research-v3\results\short-v3\a_h1_h2-1m-n3-c8-concurrent_write-r1-cassandra\attempt-20260906T152844789Z\result.csv,a31bb8dd83501341348fd3141cc7038c132c7d9be01c2ba141d403f3befd5f97,809
C:\cassandra-scylla-benchmark\research-v3\results\short-v3\a_h1_h2-1m-n3-c8-concurrent_write-r1-cassandra\attempt-20260906T152844789Z\effective-config.json,b811e83210d259f2db9694bf1dd0a4ff7256ec4891e89abd3d9ea358b302dd29,898
C:\cassandra-scylla-benchmark\research-v3\results\short-v3\a_h1_h2-1m-n3-c8-concurrent_write-r1-cassandra\attempt-20260906T152844789Z\baseline.json,27025fdbc280a55b9d9acd423998810f3994d9af66f776b5f3a627ca1539734b,215
C:\cassandra-scylla-benchmark\research-v3\results\short-v3\a_h1_h2-1m-n3-c8-concurrent_write-r1-cassandra\attempt-20260906T152844789Z\resources.jsonl,363d0ef83f5ce32f5bed9c19d074d70180b5293a14582a03657feb74fd15f070,147619
C:\cassandra-scylla-benchmark\research-v3\results\short-v3\a_h1_h2-1m-n3-c8-concurrent_write-r2-cassandra\attempt-20260906T154711544Z\result.json,bd0c205cda115743c83272185ae49d8af5cdee2554b6eb34c1880168fb0c7161,2765
C:\cassandra-scylla-benchmark\research-v3\results\short-v3\a_h1_h2-1m-n3-c8-concurrent_write-r2-cassandra\attempt-20260906T154711544Z\result.csv,2cdd5cc15f1ba8a37bae63faa6a6037bd3a2dfa3d97536d46d074130ddf1ad6f,809
C:\cassandra-scylla-benchmark\research-v3\results\short-v3\a_h1_h2-1m-n3-c8-concurrent_write-r2-cassandra\attempt-20260906T154711544Z\effective-config.json,b521a74ee76d2cdd8ff0c887f24e7c38ed69ccee0687b4482e955b3debb48189,898
C:\cassandra-scylla-benchmark\research-v3\results\short-v3\a_h1_h2-1m-n3-c8-concurrent_write-r2-cassandra\attempt-20260906T154711544Z\baseline.json,d0e33d5ce771e09ff1729ecc2e6ab8f5a74dea57f56206205eea03830ad7cb9f,215
C:\cassandra-scylla-benchmark\research-v3\results\short-v3\a_h1_h2-1m-n3-c8-concurrent_write-r2-cassandra\attempt-20260906T154711544Z\resources.jsonl,00de053435d03c41886145ebf335b62b1e49ea43c96864ca1a34f402a3e6aa1a,155429
C:\cassandra-scylla-benchmark\research-v3\results\short-v3\a_h1_h2-1m-n3-c8-concurrent_write-r3-cassandra\attempt-20260906T160635100Z\result.json,1424c708aba6bcaa4090a5f50751d7c1b34ce91e71753e7bda617493f0dd61db,2766
C:\cassandra-scylla-benchmark\research-v3\results\short-v3\a_h1_h2-1m-n3-c8-concurrent_write-r3-cassandra\attempt-20260906T160635100Z\result.csv,c5165e781b6944e815d58a247bfb6461dee4ce7c142391abe61261874b644a55,810
C:\cassandra-scylla-benchmark\research-v3\results\short-v3\a_h1_h2-1m-n3-c8-concurrent_write-r3-cassandra\attempt-20260906T160635100Z\effective-config.json,e6c789864f5934170eea5a35b742467dce8a386878cde740760f281c215ad6f9,898
C:\cassandra-scylla-benchmark\research-v3\results\short-v3\a_h1_h2-1m-n3-c8-concurrent_write-r3-cassandra\attempt-20260906T160635100Z\baseline.json,62d975a3e736ec76ad70a8ecc445dc148b884f18a1beef985a789cb4881f5d18,215
C:\cassandra-scylla-benchmark\research-v3\results\short-v3\a_h1_h2-1m-n3-c8-concurrent_write-r3-cassandra\attempt-20260906T160635100Z\resources.jsonl,db0cfcba77643ff63b00e83512d9731b5c4773a7b1f4b4d0b5f9689604da7a01,146672
C:\cassandra-scylla-benchmark\research-v3\results\short-v3\a_h1_h2-1m-n3-c8-read_single-r1-cassandra\attempt-20260906T162452924Z\result.json,9e2508f0bba6306d40c29f87b0e72aa3d301489e5b96d2347cc4c3e86d8167d8,2760
C:\cassandra-scylla-benchmark\research-v3\results\short-v3\a_h1_h2-1m-n3-c8-read_single-r1-cassandra\attempt-20260906T162452924Z\result.csv,4aebdc203f78ff79239087fb464af04b1c26f28075b4c744ff7a831611915187,791
C:\cassandra-scylla-benchmark\research-v3\results\short-v3\a_h1_h2-1m-n3-c8-read_single-r1-cassandra\attempt-20260906T162452924Z\effective-config.json,9ae413822f7fadbf0281587d6c30cb583350f8f2aee3521767957db1f2caa1d8,876
C:\cassandra-scylla-benchmark\research-v3\results\short-v3\a_h1_h2-1m-n3-c8-read_single-r1-cassandra\attempt-20260906T162452924Z\baseline.json,27ef08312a6db0e10a172850a974f7cebb00e02fb7cb5671ed4157c8944116b2,215
C:\cassandra-scylla-benchmark\research-v3\results\short-v3\a_h1_h2-1m-n3-c8-read_single-r1-cassandra\attempt-20260906T162452924Z\resources.jsonl,71e950295d077c00cbd4f1ecf3138f63ec88942760c59c2a8b99430a8c2a2315,89595
C:\cassandra-scylla-benchmark\research-v3\results\short-v3\a_h1_h2-1m-n3-c8-read_single-r2-cassandra\attempt-20260906T163620313Z\result.json,fe51330aa31c340777043ece421d27ce0a0a4185433aa7bfe6263e2abab8b11d,2763
C:\cassandra-scylla-benchmark\research-v3\results\short-v3\a_h1_h2-1m-n3-c8-read_single-r2-cassandra\attempt-20260906T163620313Z\result.csv,3a5b50abfd4f3bf5e3cc43f37a61846abf251fec049638929845cd1f45923e67,794
C:\cassandra-scylla-benchmark\research-v3\results\short-v3\a_h1_h2-1m-n3-c8-read_single-r2-cassandra\attempt-20260906T163620313Z\effective-config.json,f0bf209db6855e7ab4aa33cc968d3180beb117303837b7765195324772733c1a,876
C:\cassandra-scylla-benchmark\research-v3\results\short-v3\a_h1_h2-1m-n3-c8-read_single-r2-cassandra\attempt-20260906T163620313Z\baseline.json,36991d867eea9042ad668041bc28fe71a7650c054ea570aee08fbf6e8de26eb1,215
C:\cassandra-scylla-benchmark\research-v3\results\short-v3\a_h1_h2-1m-n3-c8-read_single-r2-cassandra\attempt-20260906T163620313Z\resources.jsonl,250b8e6e45169968bcd44e1d82130f71b98660e7756593f83ce846433e980941,91166
C:\cassandra-scylla-benchmark\research-v3\results\short-v3\a_h1_h2-1m-n3-c8-read_single-r3-cassandra\attempt-20260906T164802810Z\result.json,0db4e9045ad47594d6b947adbb63a3010e4dc933a6945c5874c91677af3f43f8,2763
C:\cassandra-scylla-benchmark\research-v3\results\short-v3\a_h1_h2-1m-n3-c8-read_single-r3-cassandra\attempt-20260906T164802810Z\result.csv,e7c6f6b41e2d10272e81f97a1eeb138f1aa5271c8e8866efa08ada6758c8bc06,794
C:\cassandra-scylla-benchmark\research-v3\results\short-v3\a_h1_h2-1m-n3-c8-read_single-r3-cassandra\attempt-20260906T164802810Z\effective-config.json,c44b8c5024db1d528302e85b985d184e78b13244913a42d9eefa806616b9e279,876
C:\cassandra-scylla-benchmark\research-v3\results\short-v3\a_h1_h2-1m-n3-c8-read_single-r3-cassandra\attempt-20260906T164802810Z\baseline.json,a23fe2b085472e8f9563704295fa98fc82e03922df41f9778c08a896df52cde2,215
C:\cassandra-scylla-benchmark\research-v3\results\short-v3\a_h1_h2-1m-n3-c8-read_single-r3-cassandra\attempt-20260906T164802810Z\resources.jsonl,33bc2c2cb2349bd54423490856918dd8787581f79ed2ddd4338e133ced1aa192,89608
C:\cassandra-scylla-benchmark\research-v3\results\short-v3\a_h1_h2-1m-n3-c32-concurrent_write-r1-cassandra\attempt-20260906T165928646Z\result.json,86babd0a51666b7f639d52a72b0daabb0ac1587bb30a53c73429a6e45b8e65f7,2768
C:\cassandra-scylla-benchmark\research-v3\results\short-v3\a_h1_h2-1m-n3-c32-concurrent_write-r1-cassandra\attempt-20260906T165928646Z\result.csv,c669cdedb52f644196340bf86351d28cfd927e197c95b90a9d7ecaf2fad8ac58,813
C:\cassandra-scylla-benchmark\research-v3\results\short-v3\a_h1_h2-1m-n3-c32-concurrent_write-r1-cassandra\attempt-20260906T165928646Z\effective-config.json,1577d662a55d18e6d7a25a74cccd5b26c801135f5974c9e455e6a64ae642428b,901
C:\cassandra-scylla-benchmark\research-v3\results\short-v3\a_h1_h2-1m-n3-c32-concurrent_write-r1-cassandra\attempt-20260906T165928646Z\baseline.json,27ef08312a6db0e10a172850a974f7cebb00e02fb7cb5671ed4157c8944116b2,215
C:\cassandra-scylla-benchmark\research-v3\results\short-v3\a_h1_h2-1m-n3-c32-concurrent_write-r1-cassandra\attempt-20260906T165928646Z\resources.jsonl,e529d4d8da8fa53084a61389312e3a2d5e367aaf87a3d74ebd316e6ff041122d,145736
C:\cassandra-scylla-benchmark\research-v3\results\short-v3\a_h1_h2-1m-n3-c32-concurrent_write-r2-cassandra\attempt-20260906T171739406Z\result.json,00646e549d17ef551326277153cd5fd04293368b741d88e67e883a3075d23b34,2770
C:\cassandra-scylla-benchmark\research-v3\results\short-v3\a_h1_h2-1m-n3-c32-concurrent_write-r2-cassandra\attempt-20260906T171739406Z\result.csv,0a2e5247506f336cfb82fc84636d1b70d3b7dc72161defb11058375691caf0da,812
C:\cassandra-scylla-benchmark\research-v3\results\short-v3\a_h1_h2-1m-n3-c32-concurrent_write-r2-cassandra\attempt-20260906T171739406Z\effective-config.json,073bfa33fb5ac005a8bc6802772fb322ba6a06cbcb621c815641cc5f2101de57,901
C:\cassandra-scylla-benchmark\research-v3\results\short-v3\a_h1_h2-1m-n3-c32-concurrent_write-r2-cassandra\attempt-20260906T171739406Z\baseline.json,eefb4495e9303539037c9979b3aef47c2adb6538c6a280ca3c100cd5c28d5894,215
C:\cassandra-scylla-benchmark\research-v3\results\short-v3\a_h1_h2-1m-n3-c32-concurrent_write-r2-cassandra\attempt-20260906T171739406Z\resources.jsonl,caa2eddd122f788503ed43f59530830179c9015a02ecf9f0b2fe47423fc87283,145628
C:\cassandra-scylla-benchmark\research-v3\results\short-v3\a_h1_h2-1m-n3-c32-concurrent_write-r3-cassandra\attempt-20260906T173550108Z\result.json,023331cffafe5870f4d2e883b1afd93fb8b4467cf985236025955c1d877da365,2767
C:\cassandra-scylla-benchmark\research-v3\results\short-v3\a_h1_h2-1m-n3-c32-concurrent_write-r3-cassandra\attempt-20260906T173550108Z\result.csv,c4ebc207defd7da03512ffe4254982e6f209e7495173e25b5e44cfb666523b60,809
C:\cassandra-scylla-benchmark\research-v3\results\short-v3\a_h1_h2-1m-n3-c32-concurrent_write-r3-cassandra\attempt-20260906T173550108Z\effective-config.json,6f19d7f7fc1602f74b918099685cd772b888ba0a6e54b9a8410c53336db4251a,901
C:\cassandra-scylla-benchmark\research-v3\results\short-v3\a_h1_h2-1m-n3-c32-concurrent_write-r3-cassandra\attempt-20260906T173550108Z\baseline.json,c372910fbf4aff0029787ba43e7509f05e66e071914917a9e6ebeebbc495153b,215
C:\cassandra-scylla-benchmark\research-v3\results\short-v3\a_h1_h2-1m-n3-c32-concurrent_write-r3-cassandra\attempt-20260906T173550108Z\resources.jsonl,de1f4149767a338779737996dff3696ad2c637e7876a49030d672ee87b120a1a,145746
C:\cassandra-scylla-benchmark\research-v3\results\short-v3\a_h1_h2-1m-n3-c32-read_single-r1-cassandra\attempt-20260906T175403775Z\result.json,b5e4a67ff9e5e65852b60c21c8c3b6ee4176b9e11d799df440383ccf1bd84280,2773
C:\cassandra-scylla-benchmark\research-v3\results\short-v3\a_h1_h2-1m-n3-c32-read_single-r1-cassandra\attempt-20260906T175403775Z\result.csv,330b4b9cee91eaa3c2b8f783687ae33236ceb4730efe9e7171135d07e0f3bb80,802
C:\cassandra-scylla-benchmark\research-v3\results\short-v3\a_h1_h2-1m-n3-c32-read_single-r1-cassandra\attempt-20260906T175403775Z\effective-config.json,172164881d04313d5b29d11f6c4a6484581b884f968e01ebf33a158583119c06,879
C:\cassandra-scylla-benchmark\research-v3\results\short-v3\a_h1_h2-1m-n3-c32-read_single-r1-cassandra\attempt-20260906T175403775Z\baseline.json,27ef08312a6db0e10a172850a974f7cebb00e02fb7cb5671ed4157c8944116b2,215
C:\cassandra-scylla-benchmark\research-v3\results\short-v3\a_h1_h2-1m-n3-c32-read_single-r1-cassandra\attempt-20260906T175403775Z\resources.jsonl,b670a4811ba96e76b8217b81b1b1696b90840491ec6e1fed2c755b3117e76b5f,89647
C:\cassandra-scylla-benchmark\research-v3\results\short-v3\a_h1_h2-1m-n3-c32-read_single-r2-cassandra\attempt-20260906T180524211Z\result.json,19f4c328737723634c8211ec91c7670b72b917f1585f2782097c8e7421bf8999,2768
C:\cassandra-scylla-benchmark\research-v3\results\short-v3\a_h1_h2-1m-n3-c32-read_single-r2-cassandra\attempt-20260906T180524211Z\result.csv,e1b472c8c0685f664ba9193ff50ed6a95fc269cf653f5ef83bf4d78e939c9e48,801
C:\cassandra-scylla-benchmark\research-v3\results\short-v3\a_h1_h2-1m-n3-c32-read_single-r2-cassandra\attempt-20260906T180524211Z\effective-config.json,4741eec63675ef1378756d7cbdf2b5f712940b4a8a48e9b417e2be5f51ca853c,879
C:\cassandra-scylla-benchmark\research-v3\results\short-v3\a_h1_h2-1m-n3-c32-read_single-r2-cassandra\attempt-20260906T180524211Z\baseline.json,d0e33d5ce771e09ff1729ecc2e6ab8f5a74dea57f56206205eea03830ad7cb9f,215
C:\cassandra-scylla-benchmark\research-v3\results\short-v3\a_h1_h2-1m-n3-c32-read_single-r2-cassandra\attempt-20260906T180524211Z\resources.jsonl,fd83217c6a51964eeefe247345d3990bf8fe839a0db5dfe063c4879f12a238d1,89626
C:\cassandra-scylla-benchmark\research-v3\results\short-v3\a_h1_h2-1m-n3-c32-read_single-r3-cassandra\attempt-20260906T181642837Z\result.json,bd3d48301ffa3ce9984291c428e5cbd70c439672a016f4844a28967f653cfaf8,2766
C:\cassandra-scylla-benchmark\research-v3\results\short-v3\a_h1_h2-1m-n3-c32-read_single-r3-cassandra\attempt-20260906T181642837Z\result.csv,a7eceae0d0c358a842b1b328f6a22a873dca9e4f603c0092ea8ec69a29b34d8a,797
C:\cassandra-scylla-benchmark\research-v3\results\short-v3\a_h1_h2-1m-n3-c32-read_single-r3-cassandra\attempt-20260906T181642837Z\effective-config.json,290891369e6c93da8bcbe2db7ee01b5164b1c7409da6efe9c14a0b02866ae337,879
C:\cassandra-scylla-benchmark\research-v3\results\short-v3\a_h1_h2-1m-n3-c32-read_single-r3-cassandra\attempt-20260906T181642837Z\baseline.json,d5c6b19fda19ae6f23889bf4e779335b7ee5a4e2b934c7094735359bbdc68428,215
C:\cassandra-scylla-benchmark\research-v3\results\short-v3\a_h1_h2-1m-n3-c32-read_single-r3-cassandra\attempt-20260906T181642837Z\resources.jsonl,266a50a870dc1767508de75e54eee032b341fd4dba0ba8d9051d92686cedadf9,88661
C:\cassandra-scylla-benchmark\research-v3\results\short-v3\a_h1_h2-1m-n3-c128-concurrent_write-r1-cassandra\attempt-20260906T182802129Z\result.json,7066c3a52ea25350f6b1e5394811bfeb7fbb182fdbfa0276a19bf0bc34662cb8,2781
C:\cassandra-scylla-benchmark\research-v3\results\short-v3\a_h1_h2-1m-n3-c128-concurrent_write-r1-cassandra\attempt-20260906T182802129Z\result.csv,b211b39b3a16d8937e91e7b70ea238598c5e2358eb4b998191b9b2346a1c11cd,820
C:\cassandra-scylla-benchmark\research-v3\results\short-v3\a_h1_h2-1m-n3-c128-concurrent_write-r1-cassandra\attempt-20260906T182802129Z\effective-config.json,8df3726bba1b3994de1d827e3438e50d676101e0bec8ade1a3d22539e521e173,904
C:\cassandra-scylla-benchmark\research-v3\results\short-v3\a_h1_h2-1m-n3-c128-concurrent_write-r1-cassandra\attempt-20260906T182802129Z\baseline.json,3333547b910d15b27392251479bc37fad83e347e024c7622ca8b53728d17c377,215
C:\cassandra-scylla-benchmark\research-v3\results\short-v3\a_h1_h2-1m-n3-c128-concurrent_write-r1-cassandra\attempt-20260906T182802129Z\resources.jsonl,5e13eced65f25ef79cc6b06501371c4fa116e3b2aa575799ebeed652ea684970,147634
C:\cassandra-scylla-benchmark\research-v3\results\short-v3\a_h1_h2-1m-n3-c128-concurrent_write-r2-cassandra\attempt-20260906T184635888Z\result.json,b68e261e405ab321730480eba57efd8746d87c34f1071c8b6e3e1e324d83feff,2778
C:\cassandra-scylla-benchmark\research-v3\results\short-v3\a_h1_h2-1m-n3-c128-concurrent_write-r2-cassandra\attempt-20260906T184635888Z\result.csv,a31421551d22c50f3ad1e265c8c2de9b7142d744c2c1ae361b12a12675031ce2,820
C:\cassandra-scylla-benchmark\research-v3\results\short-v3\a_h1_h2-1m-n3-c128-concurrent_write-r2-cassandra\attempt-20260906T184635888Z\effective-config.json,1a8ae7a5af7c75aac410408cdc80550af94235aa5808c1837b23e53eebd5a29e,904
C:\cassandra-scylla-benchmark\research-v3\results\short-v3\a_h1_h2-1m-n3-c128-concurrent_write-r2-cassandra\attempt-20260906T184635888Z\baseline.json,d0e33d5ce771e09ff1729ecc2e6ab8f5a74dea57f56206205eea03830ad7cb9f,215
C:\cassandra-scylla-benchmark\research-v3\results\short-v3\a_h1_h2-1m-n3-c128-concurrent_write-r2-cassandra\attempt-20260906T184635888Z\resources.jsonl,7b7ea53ebd103b15698018000f6377d28dfe01e2f31f3d6e03fead934c9e3f03,147627
C:\cassandra-scylla-benchmark\research-v3\results\short-v3\a_h1_h2-1m-n3-c128-concurrent_write-r3-cassandra\attempt-20260906T190502169Z\result.json,3cb675fcc8a75be98709c5c023d958cf788f5f517f757940187edc670409d7fc,2780
C:\cassandra-scylla-benchmark\research-v3\results\short-v3\a_h1_h2-1m-n3-c128-concurrent_write-r3-cassandra\attempt-20260906T190502169Z\result.csv,58e51449b7df9cac5b2879f8daca4798d4949f52adfd13642475fdf0a735a5a0,819
C:\cassandra-scylla-benchmark\research-v3\results\short-v3\a_h1_h2-1m-n3-c128-concurrent_write-r3-cassandra\attempt-20260906T190502169Z\effective-config.json,b0e04183c3c023641773a97247cbed2a874fa4c58f0463afd6f40aed742020a0,904
C:\cassandra-scylla-benchmark\research-v3\results\short-v3\a_h1_h2-1m-n3-c128-concurrent_write-r3-cassandra\attempt-20260906T190502169Z\baseline.json,c372910fbf4aff0029787ba43e7509f05e66e071914917a9e6ebeebbc495153b,215
C:\cassandra-scylla-benchmark\research-v3\results\short-v3\a_h1_h2-1m-n3-c128-concurrent_write-r3-cassandra\attempt-20260906T190502169Z\resources.jsonl,182ac2cad8cae51e5c09316c648111b0cc7191ed2b9a1782889ea367b06dfb67,146631
C:\cassandra-scylla-benchmark\research-v3\results\short-v3\a_h1_h2-1m-n3-c128-read_single-r1-cassandra\attempt-20260906T192320069Z\result.json,39cd510d1dcc9fb5fccd624c6908541ad4989f6950a56c7176e10adc6a5d97af,2777
C:\cassandra-scylla-benchmark\research-v3\results\short-v3\a_h1_h2-1m-n3-c128-read_single-r1-cassandra\attempt-20260906T192320069Z\result.csv,fe972c4023f36eb69c4fa36dd7bd81b6b4ca05631fd92cf312c9831a24a5b45c,805
C:\cassandra-scylla-benchmark\research-v3\results\short-v3\a_h1_h2-1m-n3-c128-read_single-r1-cassandra\attempt-20260906T192320069Z\effective-config.json,6bb68b62e878732deb96edfcf42670428ddda35579dc2808de1cfcbd653aec5f,882
C:\cassandra-scylla-benchmark\research-v3\results\short-v3\a_h1_h2-1m-n3-c128-read_single-r1-cassandra\attempt-20260906T192320069Z\baseline.json,b83d9cd034d4006a5991e67c1a653f577f6f1d2755a13365cd38fa2672db7e71,215
C:\cassandra-scylla-benchmark\research-v3\results\short-v3\a_h1_h2-1m-n3-c128-read_single-r1-cassandra\attempt-20260906T192320069Z\resources.jsonl,330aef4a17448c23dfc4e8958ba1f56e7ed8e88a6bfad840dc98c6d94cf9dba3,90211
C:\cassandra-scylla-benchmark\research-v3\results\short-v3\a_h1_h2-1m-n3-c128-read_single-r2-cassandra\attempt-20260906T193446173Z\result.json,4e9b78877b39a39f1b78867a14cf0e4f16fa22e6ca680d2a9c485937b1e25a6f,2775
C:\cassandra-scylla-benchmark\research-v3\results\short-v3\a_h1_h2-1m-n3-c128-read_single-r2-cassandra\attempt-20260906T193446173Z\result.csv,c38c98c999c535c634894d7183e67e7bf44c8b1eab47192e2a9a869666a38e12,803
C:\cassandra-scylla-benchmark\research-v3\results\short-v3\a_h1_h2-1m-n3-c128-read_single-r2-cassandra\attempt-20260906T193446173Z\effective-config.json,80b225575eeab1c4e61c182c9a3b9bd8daea53bcc5619c6cf1d285a20fc4d362,882
C:\cassandra-scylla-benchmark\research-v3\results\short-v3\a_h1_h2-1m-n3-c128-read_single-r2-cassandra\attempt-20260906T193446173Z\baseline.json,93ab67acf65cd6a045c04096e57b2f1da9dd6291831729e5677d3ca4d7cdd780,215
C:\cassandra-scylla-benchmark\research-v3\results\short-v3\a_h1_h2-1m-n3-c128-read_single-r2-cassandra\attempt-20260906T193446173Z\resources.jsonl,69497c3379a70c19c33161b2ccdeaf9e8d8ca2c571df34cfdcbb01840816e341,89558
C:\cassandra-scylla-benchmark\research-v3\results\short-v3\a_h1_h2-1m-n3-c128-read_single-r3-cassandra\attempt-20260906T194612563Z\result.json,e949bcc5ef8f029194c851354020ff806b64be2efb17c8a73c0ec1bdff5b4ff2,2773
C:\cassandra-scylla-benchmark\research-v3\results\short-v3\a_h1_h2-1m-n3-c128-read_single-r3-cassandra\attempt-20260906T194612563Z\result.csv,f077b78aefd1d728516729d1162eeadeff03d412899b357faa6c3097f50fa3dc,802
C:\cassandra-scylla-benchmark\research-v3\results\short-v3\a_h1_h2-1m-n3-c128-read_single-r3-cassandra\attempt-20260906T194612563Z\effective-config.json,ed5b5f2dcda962bac12f5522932d1dbdc68040269bc40fadd6034ee82df53dcf,882
C:\cassandra-scylla-benchmark\research-v3\results\short-v3\a_h1_h2-1m-n3-c128-read_single-r3-cassandra\attempt-20260906T194612563Z\baseline.json,262899ec7fcc57f53868fc1d2c3e7fc376fb08f5101b790bcbb3097d2360cfb9,215
C:\cassandra-scylla-benchmark\research-v3\results\short-v3\a_h1_h2-1m-n3-c128-read_single-r3-cassandra\attempt-20260906T194612563Z\resources.jsonl,77ed43f8644f32c6d23b42ec893b83ff10ecaecfe3b3c3cfd42442cac28ec031,90578
C:\cassandra-scylla-benchmark\research-v3\results\short-v3\a_h1_h2-10m-n3-c1-concurrent_write-r1-cassandra\attempt-20260906T195738799Z\result.json,d538559a9eed72e6814c4015ff0849cb45f505e5bdb017550dae204e9d27021e,2768
C:\cassandra-scylla-benchmark\research-v3\results\short-v3\a_h1_h2-10m-n3-c1-concurrent_write-r1-cassandra\attempt-20260906T195738799Z\result.csv,8a4bcee78e86802af4e0523a25cef2619c1f51504be6045be7d31ecbe33b3d28,811
C:\cassandra-scylla-benchmark\research-v3\results\short-v3\a_h1_h2-10m-n3-c1-concurrent_write-r1-cassandra\attempt-20260906T195738799Z\effective-config.json,7d671ddbbec7e9fefb52def3e9d14c616ec175180fdbcc66387ab874f17c6479,901
C:\cassandra-scylla-benchmark\research-v3\results\short-v3\a_h1_h2-10m-n3-c1-concurrent_write-r1-cassandra\attempt-20260906T195738799Z\baseline.json,f0f690f41ff7f792cc928b7c1a830a3afd324590ed979f8fae53c6cf8e74871d,216
C:\cassandra-scylla-benchmark\research-v3\results\short-v3\a_h1_h2-10m-n3-c1-concurrent_write-r1-cassandra\attempt-20260906T195738799Z\resources.jsonl,6e9b036f79471dc0073bb2f3dc2c6c2fad477d64112a8cfe5d386846b279357e,1121125
C:\cassandra-scylla-benchmark\research-v3\results\short-v3\a_h1_h2-10m-n3-c1-concurrent_write-r2-cassandra\attempt-20260906T221612855Z\result.json,cc048d5ceef1bb4e7406c8d2ec2f58558d801da785f5f92ae5cfa319327800dd,2761
C:\cassandra-scylla-benchmark\research-v3\results\short-v3\a_h1_h2-10m-n3-c1-concurrent_write-r2-cassandra\attempt-20260906T221612855Z\result.csv,ab7d60bafe2792fbbae100191a37e62625cc6c10556343dc54d897045350151e,801
C:\cassandra-scylla-benchmark\research-v3\results\short-v3\a_h1_h2-10m-n3-c1-concurrent_write-r2-cassandra\attempt-20260906T221612855Z\effective-config.json,ed4fd5328299bd328f390fe76c06afc01340ddf08fd55de61097648ebff2808b,901
C:\cassandra-scylla-benchmark\research-v3\results\short-v3\a_h1_h2-10m-n3-c1-concurrent_write-r2-cassandra\attempt-20260906T221612855Z\baseline.json,ed78180316600ad2d6ce9d7602ec7ec43a17ce0b36a21dc67c5093152722cb3c,216
C:\cassandra-scylla-benchmark\research-v3\results\short-v3\a_h1_h2-10m-n3-c1-concurrent_write-r2-cassandra\attempt-20260906T221612855Z\resources.jsonl,c05c63fdfd55b6be26674a9735321a2e78c2966618a992b051ff2d0e13cea4fe,1115074
C:\cassandra-scylla-benchmark\research-v3\results\short-v3\a_h1_h2-10m-n3-c1-concurrent_write-r3-cassandra\attempt-20260907T003349703Z\result.json,a27c7584a8e3138ebd4fa1ec0f4da005d2eb5cf0b75415da36b6d2f39ee07c28,2757
C:\cassandra-scylla-benchmark\research-v3\results\short-v3\a_h1_h2-10m-n3-c1-concurrent_write-r3-cassandra\attempt-20260907T003349703Z\result.csv,329e924202cea3fd071c00979776380bf42543cb09ed89a0ae00f85478d7ddd5,800
C:\cassandra-scylla-benchmark\research-v3\results\short-v3\a_h1_h2-10m-n3-c1-concurrent_write-r3-cassandra\attempt-20260907T003349703Z\effective-config.json,3577a21b167ec3dbd2b51258566c0881f40ce18fb9cb843987c9ae718ed174a7,901
C:\cassandra-scylla-benchmark\research-v3\results\short-v3\a_h1_h2-10m-n3-c1-concurrent_write-r3-cassandra\attempt-20260907T003349703Z\baseline.json,b40c63a9776e946f828315c0bfaedda3aa91a094560e6694baf555740f818579,216
C:\cassandra-scylla-benchmark\research-v3\results\short-v3\a_h1_h2-10m-n3-c1-concurrent_write-r3-cassandra\attempt-20260907T003349703Z\resources.jsonl,7601bbd7a489e506cf351dfc66623bfc96ac52c097ecb9d34f0238d9cb702b74,1118625
C:\cassandra-scylla-benchmark\research-v3\results\short-v3\a_h1_h2-10m-n3-c1-read_single-r1-cassandra\attempt-20260907T025200409Z\result.json,be430e1d20b07d170fdffc12eaa5a2e96e70c945cc907378b30fce5603872e46,2765
C:\cassandra-scylla-benchmark\research-v3\results\short-v3\a_h1_h2-10m-n3-c1-read_single-r1-cassandra\attempt-20260907T025200409Z\result.csv,d5521dbbfad7903bb9694c53eb89d45c7beaa03b88cf18a5a94f41658c132471,793
C:\cassandra-scylla-benchmark\research-v3\results\short-v3\a_h1_h2-10m-n3-c1-read_single-r1-cassandra\attempt-20260907T025200409Z\effective-config.json,66bd71ba1e784253c8d6dc431888dd9e4ff8885bf30b27053ee751c35f9e2bec,879
C:\cassandra-scylla-benchmark\research-v3\results\short-v3\a_h1_h2-10m-n3-c1-read_single-r1-cassandra\attempt-20260907T025200409Z\baseline.json,aaab8ed3112207556c5a178afde7a6e8bb6f5c946f78730546b5616739dec0be,216
C:\cassandra-scylla-benchmark\research-v3\results\short-v3\a_h1_h2-10m-n3-c1-read_single-r1-cassandra\attempt-20260907T025200409Z\resources.jsonl,27fdc38832d30448b3d57a01b2151045c64b6e716e224ed2b41c524caab7e4b3,602033
C:\cassandra-scylla-benchmark\research-v3\results\short-v3\a_h1_h2-10m-n3-c1-read_single-r2-cassandra\attempt-20260907T040642848Z\result.json,c0bfb411972f885b01919e778e54385b61e2299834b58f91590b2af8faa8ecb1,2755
C:\cassandra-scylla-benchmark\research-v3\results\short-v3\a_h1_h2-10m-n3-c1-read_single-r2-cassandra\attempt-20260907T040642848Z\result.csv,c73c1c36d4bb573e08a4502ceefa7edb130cee338de6f6d5f4876bf662749697,783
C:\cassandra-scylla-benchmark\research-v3\results\short-v3\a_h1_h2-10m-n3-c1-read_single-r2-cassandra\attempt-20260907T040642848Z\effective-config.json,40825c03179a1aef856cc944c95f2150ab4cfbc38c378acc9d0a3ad5f7d5c90d,879
C:\cassandra-scylla-benchmark\research-v3\results\short-v3\a_h1_h2-10m-n3-c1-read_single-r2-cassandra\attempt-20260907T040642848Z\baseline.json,7836d3acbad1e4ca40c173d0b1303c8fe8f59c011734c4740d088cba6e2f021e,216
C:\cassandra-scylla-benchmark\research-v3\results\short-v3\a_h1_h2-10m-n3-c1-read_single-r2-cassandra\attempt-20260907T040642848Z\resources.jsonl,343c437891a8242400300fe0253cb63bc0457971baf8800a840d919388e70c1c,536535
C:\cassandra-scylla-benchmark\research-v3\results\short-v3\a_h1_h2-10m-n3-c1-read_single-r3-cassandra\attempt-20260907T051302935Z\result.json,c9a4aedac9024d7a6497b61240c9a95db44dd527d5cd89e3895e748912b99fa0,2757
C:\cassandra-scylla-benchmark\research-v3\results\short-v3\a_h1_h2-10m-n3-c1-read_single-r3-cassandra\attempt-20260907T051302935Z\result.csv,7fe02e593c28d5b168db6501459d88c1d31a82300c2e6f30337b70945709d2a1,785
C:\cassandra-scylla-benchmark\research-v3\results\short-v3\a_h1_h2-10m-n3-c1-read_single-r3-cassandra\attempt-20260907T051302935Z\effective-config.json,e2e242ef968a8585c77fbcb8a20f3abbd8a151d469c47ef2bea29368e2b74dcb,879
C:\cassandra-scylla-benchmark\research-v3\results\short-v3\a_h1_h2-10m-n3-c1-read_single-r3-cassandra\attempt-20260907T051302935Z\baseline.json,19f9a527c22d2d05c7014f73f4153757c42c8f26954eff8f2555dffa68ca6079,216
C:\cassandra-scylla-benchmark\research-v3\results\short-v3\a_h1_h2-10m-n3-c1-read_single-r3-cassandra\attempt-20260907T051302935Z\resources.jsonl,8787723609db8c7336dafbb3e21f0f88b49baee4f155a09736c01a6dbe88f649,564116
C:\cassandra-scylla-benchmark\research-v3\results\short-v3\a_h1_h2-10m-n3-c8-concurrent_write-r1-cassandra\attempt-20260907T062253101Z\result.json,4f22fb0bea1cf44d373fcf96c9a3aaa05cadc48ef0f46c0313c82195d412567a,2771
C:\cassandra-scylla-benchmark\research-v3\results\short-v3\a_h1_h2-10m-n3-c8-concurrent_write-r1-cassandra\attempt-20260907T062253101Z\result.csv,fae08f9e8b0bd8329225ad03495457f3c741340548b5cbc34d115a40044abd66,811
C:\cassandra-scylla-benchmark\research-v3\results\short-v3\a_h1_h2-10m-n3-c8-concurrent_write-r1-cassandra\attempt-20260907T062253101Z\effective-config.json,fb87a264cd8a837fbf4ec721d373c978d6b6c6548947894d95821e607cded104,901
C:\cassandra-scylla-benchmark\research-v3\results\short-v3\a_h1_h2-10m-n3-c8-concurrent_write-r1-cassandra\attempt-20260907T062253101Z\baseline.json,aaab8ed3112207556c5a178afde7a6e8bb6f5c946f78730546b5616739dec0be,216
C:\cassandra-scylla-benchmark\research-v3\results\short-v3\a_h1_h2-10m-n3-c8-concurrent_write-r1-cassandra\attempt-20260907T062253101Z\resources.jsonl,1f5dfa18ad305387fe810be37920d62bb1510ede69d8f853551b6ed7cdd8dfcf,1063192
C:\cassandra-scylla-benchmark\research-v3\results\short-v3\a_h1_h2-10m-n3-c8-concurrent_write-r2-cassandra\attempt-20260907T083419463Z\result.json,02fae8a4e07a51619eb9721bad24cd0e8c35abe2dc5ce26ac7a85fde7d1dee85,2768
C:\cassandra-scylla-benchmark\research-v3\results\short-v3\a_h1_h2-10m-n3-c8-concurrent_write-r2-cassandra\attempt-20260907T083419463Z\result.csv,247f4f08c9c9cbd795cf072c831f2c2735276d18ae5e54faaf61245803a33522,811
C:\cassandra-scylla-benchmark\research-v3\results\short-v3\a_h1_h2-10m-n3-c8-concurrent_write-r2-cassandra\attempt-20260907T083419463Z\effective-config.json,b5a59b536c745c6d64cabd6968c16a223effe8485710e4fdcbf1d5a1581573e3,901
C:\cassandra-scylla-benchmark\research-v3\results\short-v3\a_h1_h2-10m-n3-c8-concurrent_write-r2-cassandra\attempt-20260907T083419463Z\baseline.json,5e88e41093869894cdc1b7f66d10a7880f37434e9a83e5d407c4eb491003c6e8,216
C:\cassandra-scylla-benchmark\research-v3\results\short-v3\a_h1_h2-10m-n3-c8-concurrent_write-r2-cassandra\attempt-20260907T083419463Z\resources.jsonl,7c0ee77ec39b161d925d183c663d7ab4f8c5d8250238fc12e8b698594847a448,1087010
C:\cassandra-scylla-benchmark\research-v3\results\short-v3\a_h1_h2-10m-n3-c8-concurrent_write-r3-cassandra\attempt-20260907T104835242Z\result.json,87ddc5b9839eec6f4bfeac75fa4509148c2506d949211cdf25cefce67592e279,2768
C:\cassandra-scylla-benchmark\research-v3\results\short-v3\a_h1_h2-10m-n3-c8-concurrent_write-r3-cassandra\attempt-20260907T104835242Z\result.csv,8439c64431ed759f32b805b800d412726271528d9242c20cdff5fb825372ef7a,811
C:\cassandra-scylla-benchmark\research-v3\results\short-v3\a_h1_h2-10m-n3-c8-concurrent_write-r3-cassandra\attempt-20260907T104835242Z\effective-config.json,18a3d9f969a65153579c33a3008c76aaad1b1de9dcb785b8736324d9aec2f777,901
C:\cassandra-scylla-benchmark\research-v3\results\short-v3\a_h1_h2-10m-n3-c8-concurrent_write-r3-cassandra\attempt-20260907T104835242Z\baseline.json,ddd034fd4c04ccc78521794b471f5c47ac1c6a7ee692f7560f20ff09d668cadc,216
C:\cassandra-scylla-benchmark\research-v3\results\short-v3\a_h1_h2-10m-n3-c8-concurrent_write-r3-cassandra\attempt-20260907T104835242Z\resources.jsonl,fa74eda2b33389d55ed538b8f697d0a67ce7e5aaf97d03c8bed91036c4ebd151,1106435
C:\cassandra-scylla-benchmark\research-v3\results\short-v3\a_h1_h2-10m-n3-c8-read_single-r1-cassandra\attempt-20260907T130523414Z\result.json,508803ee90cdcb7cb876f8ae35e59bebfc6c78f42310540498e62297af3edca9,2769
C:\cassandra-scylla-benchmark\research-v3\results\short-v3\a_h1_h2-10m-n3-c8-read_single-r1-cassandra\attempt-20260907T130523414Z\result.csv,395b0093dcac7dea51dd41ef1c5936b9c188babeb167f35540b723e2d82a9844,796
C:\cassandra-scylla-benchmark\research-v3\results\short-v3\a_h1_h2-10m-n3-c8-read_single-r1-cassandra\attempt-20260907T130523414Z\effective-config.json,f3c558f4223920500961732f96510cbaf2d6284a7382667d95d98ecc37223032,879
C:\cassandra-scylla-benchmark\research-v3\results\short-v3\a_h1_h2-10m-n3-c8-read_single-r1-cassandra\attempt-20260907T130523414Z\baseline.json,f0f690f41ff7f792cc928b7c1a830a3afd324590ed979f8fae53c6cf8e74871d,216
C:\cassandra-scylla-benchmark\research-v3\results\short-v3\a_h1_h2-10m-n3-c8-read_single-r1-cassandra\attempt-20260907T130523414Z\resources.jsonl,c58d7289cae88294ae7e20d3aaa7b1013153547d58f3e58b67198a7d59bd4c9a,560699
C:\cassandra-scylla-benchmark\research-v3\results\short-v3\a_h1_h2-10m-n3-c8-read_single-r2-cassandra\attempt-20260907T141452163Z\result.json,3e4e913a98efb5e0682854244a8ead9923a21956c498cdcd0f406de38ecac9e1,2769
C:\cassandra-scylla-benchmark\research-v3\results\short-v3\a_h1_h2-10m-n3-c8-read_single-r2-cassandra\attempt-20260907T141452163Z\result.csv,59ac4fcb1d60f77821763f42dd27a71578d078f7feab5eaa0d97cde5137a65cd,796
C:\cassandra-scylla-benchmark\research-v3\results\short-v3\a_h1_h2-10m-n3-c8-read_single-r2-cassandra\attempt-20260907T141452163Z\effective-config.json,1f18d9f1bbd8a073d87daa5aea1789ef07738c96b7354423ce6cfce6877e7969,879
C:\cassandra-scylla-benchmark\research-v3\results\short-v3\a_h1_h2-10m-n3-c8-read_single-r2-cassandra\attempt-20260907T141452163Z\baseline.json,7836d3acbad1e4ca40c173d0b1303c8fe8f59c011734c4740d088cba6e2f021e,216
C:\cassandra-scylla-benchmark\research-v3\results\short-v3\a_h1_h2-10m-n3-c8-read_single-r2-cassandra\attempt-20260907T141452163Z\resources.jsonl,30e3af164325f1b1068716f1e59b057e18d1115b1c1824cdaebbd3b3ac5ed9a2,563688
C:\cassandra-scylla-benchmark\research-v3\results\short-v3\a_h1_h2-10m-n3-c8-read_single-r3-cassandra\attempt-20260907T152448246Z\result.json,e570470f11337f030ba688b70180489469801e8a6dc4e74dcc3a978e4d06758c,2767
C:\cassandra-scylla-benchmark\research-v3\results\short-v3\a_h1_h2-10m-n3-c8-read_single-r3-cassandra\attempt-20260907T152448246Z\result.csv,d15068944e302e7af4712f04a75214a24d4fcfaa5c9f2ca933224c5efdea4424,797
C:\cassandra-scylla-benchmark\research-v3\results\short-v3\a_h1_h2-10m-n3-c8-read_single-r3-cassandra\attempt-20260907T152448246Z\effective-config.json,63a2ca22fcebf0c8174cccd6afadb6352a70398b1509d377c36c0b3390f4a8b2,879
C:\cassandra-scylla-benchmark\research-v3\results\short-v3\a_h1_h2-10m-n3-c8-read_single-r3-cassandra\attempt-20260907T152448246Z\baseline.json,ddd034fd4c04ccc78521794b471f5c47ac1c6a7ee692f7560f20ff09d668cadc,216
C:\cassandra-scylla-benchmark\research-v3\results\short-v3\a_h1_h2-10m-n3-c8-read_single-r3-cassandra\attempt-20260907T152448246Z\resources.jsonl,4487cca8fd845aeebce24e31b7fa934483a367303c8226a64252c945cb2015d6,560493
C:\cassandra-scylla-benchmark\research-v3\results\short-v3\a_h1_h2-10m-n3-c32-concurrent_write-r1-cassandra\attempt-20260907T163415435Z\result.json,b8c71b2fa192f65571c2dc691d83c9259e44f329a5b5566c8197d7d32297cddf,2775
C:\cassandra-scylla-benchmark\research-v3\results\short-v3\a_h1_h2-10m-n3-c32-concurrent_write-r1-cassandra\attempt-20260907T163415435Z\result.csv,5edc7198c43331bf1e87d1d9092d36794a9196908120405d58465f9f7e7d491b,813
C:\cassandra-scylla-benchmark\research-v3\results\short-v3\a_h1_h2-10m-n3-c32-concurrent_write-r1-cassandra\attempt-20260907T163415435Z\effective-config.json,f60e3031998c8d43e5187a5a3546f609cb5f484871c6ac1bde7a33eb568b1fca,904
C:\cassandra-scylla-benchmark\research-v3\results\short-v3\a_h1_h2-10m-n3-c32-concurrent_write-r1-cassandra\attempt-20260907T163415435Z\baseline.json,46da35b9a997a2427169dbbcd626d504dc2724a676cc5d548c33130ad3957fbe,216
C:\cassandra-scylla-benchmark\research-v3\results\short-v3\a_h1_h2-10m-n3-c32-concurrent_write-r1-cassandra\attempt-20260907T163415435Z\resources.jsonl,6d8e3e21e30ee853de08fe18fec89f58debabeb3534518620fa3e42f3a68a49b,1094076
C:\cassandra-scylla-benchmark\research-v3\results\short-v3\a_h1_h2-10m-n3-c32-concurrent_write-r2-cassandra\attempt-20260907T184919689Z\result.json,a2da6e6fef401a8fb5d1d5b94abc602d792fe1d7d482db7a921e10ecf38ee4b8,2777
C:\cassandra-scylla-benchmark\research-v3\results\short-v3\a_h1_h2-10m-n3-c32-concurrent_write-r2-cassandra\attempt-20260907T184919689Z\result.csv,f22aac8533f79f9363a2e173186e3c9d8a624bfabd6c0beccbf8139ea790594a,815
C:\cassandra-scylla-benchmark\research-v3\results\short-v3\a_h1_h2-10m-n3-c32-concurrent_write-r2-cassandra\attempt-20260907T184919689Z\effective-config.json,064e9456c0526e66404a29d6e2ce4317f294c1347ba60e101ca57dc350e4c5e9,904
C:\cassandra-scylla-benchmark\research-v3\results\short-v3\a_h1_h2-10m-n3-c32-concurrent_write-r2-cassandra\attempt-20260907T184919689Z\baseline.json,7836d3acbad1e4ca40c173d0b1303c8fe8f59c011734c4740d088cba6e2f021e,216
C:\cassandra-scylla-benchmark\research-v3\results\short-v3\a_h1_h2-10m-n3-c32-concurrent_write-r2-cassandra\attempt-20260907T184919689Z\resources.jsonl,cd1188ee7597e7875b191815d77e4709ae71202318d55c2917862dcbe0ee986e,1091130
C:\cassandra-scylla-benchmark\research-v3\results\short-v3\a_h1_h2-10m-n3-c32-concurrent_write-r3-cassandra\attempt-20260907T210400602Z\result.json,68680c08d52ba58308d9ae426a7f4468d96d85d98f2eb58777520168721e42e6,2777
C:\cassandra-scylla-benchmark\research-v3\results\short-v3\a_h1_h2-10m-n3-c32-concurrent_write-r3-cassandra\attempt-20260907T210400602Z\result.csv,5f2295580cee4181a6ca56797fd472a4e20f4cbe9d59c49df1fff04e70057899,815
C:\cassandra-scylla-benchmark\research-v3\results\short-v3\a_h1_h2-10m-n3-c32-concurrent_write-r3-cassandra\attempt-20260907T210400602Z\effective-config.json,8debd9a8b155f06361f9929f83e8e57a1adae44c7354a0f41210ee9758ec6342,904
C:\cassandra-scylla-benchmark\research-v3\results\short-v3\a_h1_h2-10m-n3-c32-concurrent_write-r3-cassandra\attempt-20260907T210400602Z\baseline.json,f47285bed6dee0f4a72470b833a6484792e10e89ef8800a2f861d81d33e0d6c7,216
C:\cassandra-scylla-benchmark\research-v3\results\short-v3\a_h1_h2-10m-n3-c32-concurrent_write-r3-cassandra\attempt-20260907T210400602Z\resources.jsonl,d77a7ba041df8de15b6280cf60291ab96b5aa449659fdb24056e04823340f0b9,1087104
C:\cassandra-scylla-benchmark\research-v3\results\short-v3\a_h1_h2-10m-n3-c32-read_single-r1-cassandra\attempt-20260907T231812726Z\result.json,20176d8d217a4b29894ae2d343cfda346de2f6733e065e87c5ef7499820c645e,2777
C:\cassandra-scylla-benchmark\research-v3\results\short-v3\a_h1_h2-10m-n3-c32-read_single-r1-cassandra\attempt-20260907T231812726Z\result.csv,bdae4c9cbc1b9132fc00d680ab198cc439e88369bc85363fac69c0ef86f4e5b7,802
C:\cassandra-scylla-benchmark\research-v3\results\short-v3\a_h1_h2-10m-n3-c32-read_single-r1-cassandra\attempt-20260907T231812726Z\effective-config.json,d606c9c3fd76ad029a7205c0df6e94915251f5758ce41023960745a3e8cace3d,882
C:\cassandra-scylla-benchmark\research-v3\results\short-v3\a_h1_h2-10m-n3-c32-read_single-r1-cassandra\attempt-20260907T231812726Z\baseline.json,75eca74a102a38a1f203db96c33d773e63693dd6c2f1537742aaa0f8b5c79063,216
C:\cassandra-scylla-benchmark\research-v3\results\short-v3\a_h1_h2-10m-n3-c32-read_single-r1-cassandra\attempt-20260907T231812726Z\resources.jsonl,1f834a619fe85c9cb1da23a32b77ddfa5b80aca5e6972e76fab8b6f575063b57,555969
C:\cassandra-scylla-benchmark\research-v3\results\short-v3\a_h1_h2-10m-n3-c32-read_single-r2-cassandra\attempt-20260908T002712007Z\result.json,0e190952c1ff97ae775e9735db770a6824fb9b1a5eb990c452b7e49a6c3572e1,2779
C:\cassandra-scylla-benchmark\research-v3\results\short-v3\a_h1_h2-10m-n3-c32-read_single-r2-cassandra\attempt-20260908T002712007Z\result.csv,3cc36990a1448a51e969462743b109d6a125373fb9f4a2a3c652966383216c52,804
C:\cassandra-scylla-benchmark\research-v3\results\short-v3\a_h1_h2-10m-n3-c32-read_single-r2-cassandra\attempt-20260908T002712007Z\effective-config.json,e681180c5535cd298fea23eb6b61201940c91fd6caf9911c9f8995049c2d9941,882
C:\cassandra-scylla-benchmark\research-v3\results\short-v3\a_h1_h2-10m-n3-c32-read_single-r2-cassandra\attempt-20260908T002712007Z\baseline.json,5e88e41093869894cdc1b7f66d10a7880f37434e9a83e5d407c4eb491003c6e8,216
C:\cassandra-scylla-benchmark\research-v3\results\short-v3\a_h1_h2-10m-n3-c32-read_single-r2-cassandra\attempt-20260908T002712007Z\resources.jsonl,ab3d9fec64054b8be87c48da5d7b065c7a13699f65ece35cb2c858a5f650ae8b,560690
C:\cassandra-scylla-benchmark\research-v3\results\short-v3\a_h1_h2-10m-n3-c32-read_single-r3-cassandra\attempt-20260908T013637415Z\result.json,2d6ade8696e35fdfaa273b85333251f41dc684a7163af652cca3262ca5fe8a9f,2777
C:\cassandra-scylla-benchmark\research-v3\results\short-v3\a_h1_h2-10m-n3-c32-read_single-r3-cassandra\attempt-20260908T013637415Z\result.csv,afb7ca4945c7214a591429f02e54cffbade72dfc2ea476ad5100678709ab21d6,803
C:\cassandra-scylla-benchmark\research-v3\results\short-v3\a_h1_h2-10m-n3-c32-read_single-r3-cassandra\attempt-20260908T013637415Z\effective-config.json,33c417640f864272215c66561b5fc50c7c9e0daef7917c29ca1a6e522a0bbf44,882
C:\cassandra-scylla-benchmark\research-v3\results\short-v3\a_h1_h2-10m-n3-c32-read_single-r3-cassandra\attempt-20260908T013637415Z\baseline.json,f47285bed6dee0f4a72470b833a6484792e10e89ef8800a2f861d81d33e0d6c7,216
C:\cassandra-scylla-benchmark\research-v3\results\short-v3\a_h1_h2-10m-n3-c32-read_single-r3-cassandra\attempt-20260908T013637415Z\resources.jsonl,892ce6420d198d66f88a17504e7540632fc9990925e20de83efdcb0239791d17,556824
C:\cassandra-scylla-benchmark\research-v3\results\short-v3\a_h1_h2-10m-n3-c128-concurrent_write-r1-cassandra\attempt-20260908T024535494Z\result.json,4e2fcca2d3d404827e4c018e082cd6340c18b4712c626948159761954efc69d8,2784
C:\cassandra-scylla-benchmark\research-v3\results\short-v3\a_h1_h2-10m-n3-c128-concurrent_write-r1-cassandra\attempt-20260908T024535494Z\result.csv,0c12b98d15335517ce53721b8ae78444378514b5ae87d2a999a3721f86a24dfc,820
C:\cassandra-scylla-benchmark\research-v3\results\short-v3\a_h1_h2-10m-n3-c128-concurrent_write-r1-cassandra\attempt-20260908T024535494Z\effective-config.json,8d06f0eb2502748073a77c73d64ffc8fc872307b08d61dc59526dc5403af38a4,907
C:\cassandra-scylla-benchmark\research-v3\results\short-v3\a_h1_h2-10m-n3-c128-concurrent_write-r1-cassandra\attempt-20260908T024535494Z\baseline.json,ef48e1f354b6d89dfa9008de07e7dcab61d57b954f4dd6d3cf93c89e46b1b018,216
C:\cassandra-scylla-benchmark\research-v3\results\short-v3\a_h1_h2-10m-n3-c128-concurrent_write-r1-cassandra\attempt-20260908T024535494Z\resources.jsonl,4af32422b2f9a952fd0f1b652623d2064655ae0eda0ad891b5f1c966a537c59e,1089186
C:\cassandra-scylla-benchmark\research-v3\results\short-v3\a_h1_h2-10m-n3-c128-concurrent_write-r2-cassandra\attempt-20260908T050005172Z\result.json,8972a23c46a582de6bb3ebcd74bbd700ee8ec4cc4dd00e21efe1edcbaac8309b,2788
C:\cassandra-scylla-benchmark\research-v3\results\short-v3\a_h1_h2-10m-n3-c128-concurrent_write-r2-cassandra\attempt-20260908T050005172Z\result.csv,9b460988d708f69df07ea9b51b647118e2d667075e227faffbc04a065b3bbb3e,823
C:\cassandra-scylla-benchmark\research-v3\results\short-v3\a_h1_h2-10m-n3-c128-concurrent_write-r2-cassandra\attempt-20260908T050005172Z\effective-config.json,c3c7faf2b4a79688edc250076a59b4dd1210d2005b336ad299c87bb923f86b85,907
C:\cassandra-scylla-benchmark\research-v3\results\short-v3\a_h1_h2-10m-n3-c128-concurrent_write-r2-cassandra\attempt-20260908T050005172Z\baseline.json,5e88e41093869894cdc1b7f66d10a7880f37434e9a83e5d407c4eb491003c6e8,216
C:\cassandra-scylla-benchmark\research-v3\results\short-v3\a_h1_h2-10m-n3-c128-concurrent_write-r2-cassandra\attempt-20260908T050005172Z\resources.jsonl,247b7da390f33eafbaa6d9130b61533e88fc939e8fb3a7d60618904d70a325bf,1070600
C:\cassandra-scylla-benchmark\research-v3\results\short-v3\a_h1_h2-10m-n3-c128-concurrent_write-r3-cassandra\attempt-20260908T071226683Z\result.json,7fc2b64bcb4867f1770fe4f10bef58a16b9e2f03fdb47533cc5fc5f1c4eb41e1,2787
C:\cassandra-scylla-benchmark\research-v3\results\short-v3\a_h1_h2-10m-n3-c128-concurrent_write-r3-cassandra\attempt-20260908T071226683Z\result.csv,c959ba2310e10d1e0af247c51de46c38f6f9fbc285268bb7e6ad435f752af59b,822
C:\cassandra-scylla-benchmark\research-v3\results\short-v3\a_h1_h2-10m-n3-c128-concurrent_write-r3-cassandra\attempt-20260908T071226683Z\effective-config.json,7558715bb0bd0ce01e535bc3935eada94b2ded51f7b3252a0b8709ed99d44af9,907
C:\cassandra-scylla-benchmark\research-v3\results\short-v3\a_h1_h2-10m-n3-c128-concurrent_write-r3-cassandra\attempt-20260908T071226683Z\baseline.json,d2e09ed448e5f4c0a0b45ab1091960c0284c8083dce1716bf71a5c9b5b1e7670,216
C:\cassandra-scylla-benchmark\research-v3\results\short-v3\a_h1_h2-10m-n3-c128-concurrent_write-r3-cassandra\attempt-20260908T071226683Z\resources.jsonl,218464e2ed9e4b1b85910ae3dbf1a0276ba5890c12966bb7ccbfa3ac0d0d6e1b,1073456
C:\cassandra-scylla-benchmark\research-v3\results\short-v3\a_h1_h2-10m-n3-c128-read_single-r1-cassandra\attempt-20260908T092452452Z\result.json,15f67ec1c27de353e1e91895abbcf4a3e6336c315bcc2312a9d9ae0c7eed4e3b,2777
C:\cassandra-scylla-benchmark\research-v3\results\short-v3\a_h1_h2-10m-n3-c128-read_single-r1-cassandra\attempt-20260908T092452452Z\result.csv,f259861b366f0f933bc5272fbc3a7c24cd462caf9824e608ec0662b0f05f32de,801
C:\cassandra-scylla-benchmark\research-v3\results\short-v3\a_h1_h2-10m-n3-c128-read_single-r1-cassandra\attempt-20260908T092452452Z\effective-config.json,836a895fdde4e6306bce7b0114a8aa86c11d196719dd7007b6d2fcc2f3395a15,885
C:\cassandra-scylla-benchmark\research-v3\results\short-v3\a_h1_h2-10m-n3-c128-read_single-r1-cassandra\attempt-20260908T092452452Z\baseline.json,8ea1b07016ae4074c718e157646aa73e2a83f72381457a2b23423842b56c913f,216
C:\cassandra-scylla-benchmark\research-v3\results\short-v3\a_h1_h2-10m-n3-c128-read_single-r1-cassandra\attempt-20260908T092452452Z\resources.jsonl,ffd685e23a6ed9e7145707c760a7ccf4d265d0ab4bf3f3c86d3edb1c35507bb6,560509
C:\cassandra-scylla-benchmark\research-v3\results\short-v3\a_h1_h2-10m-n3-c128-read_single-r2-cassandra\attempt-20260908T103412989Z\result.json,ab8412f20d818ab36eaf28c5ef6304432ae795f127e4603354b4404fd5cb29d3,2779
C:\cassandra-scylla-benchmark\research-v3\results\short-v3\a_h1_h2-10m-n3-c128-read_single-r2-cassandra\attempt-20260908T103412989Z\result.csv,a0ee809ca930461280479b2b2e23a932e3711345811156397f1ffd0f111a40ea,803
C:\cassandra-scylla-benchmark\research-v3\results\short-v3\a_h1_h2-10m-n3-c128-read_single-r2-cassandra\attempt-20260908T103412989Z\effective-config.json,d2dec653ab68447adca6f3c649d31cdaaa659d2f5daa04c8f74b6b8661e4cc09,885
C:\cassandra-scylla-benchmark\research-v3\results\short-v3\a_h1_h2-10m-n3-c128-read_single-r2-cassandra\attempt-20260908T103412989Z\baseline.json,ed78180316600ad2d6ce9d7602ec7ec43a17ce0b36a21dc67c5093152722cb3c,216
C:\cassandra-scylla-benchmark\research-v3\results\short-v3\a_h1_h2-10m-n3-c128-read_single-r2-cassandra\attempt-20260908T103412989Z\resources.jsonl,04e1ebb23b114c4db4718e77623bf2335c8456b13a6a6458c188dce723e2dc56,561045
C:\cassandra-scylla-benchmark\research-v3\results\short-v3\a_h1_h2-10m-n3-c128-read_single-r3-cassandra\attempt-20260908T114333097Z\result.json,e5d211cf7b2ec18300e24f47c194afa989a20268fdac1dd038144c935a90cea0,2781
C:\cassandra-scylla-benchmark\research-v3\results\short-v3\a_h1_h2-10m-n3-c128-read_single-r3-cassandra\attempt-20260908T114333097Z\result.csv,f3bd61147f369899857e4fd4967dcb8c4ee1879d450364f74808abaddbcc1652,805
C:\cassandra-scylla-benchmark\research-v3\results\short-v3\a_h1_h2-10m-n3-c128-read_single-r3-cassandra\attempt-20260908T114333097Z\effective-config.json,8dd02004ae1566b2c311fa1d5412f058669fbfd5e0c9cbca35ebbee842a26a7a,885
C:\cassandra-scylla-benchmark\research-v3\results\short-v3\a_h1_h2-10m-n3-c128-read_single-r3-cassandra\attempt-20260908T114333097Z\baseline.json,b40c63a9776e946f828315c0bfaedda3aa91a094560e6694baf555740f818579,216
C:\cassandra-scylla-benchmark\research-v3\results\short-v3\a_h1_h2-10m-n3-c128-read_single-r3-cassandra\attempt-20260908T114333097Z\resources.jsonl,7de65a66f916a318065af432cd501d35a2e56952e03eb4464ac2ba95f51faac6,559162
C:\cassandra-scylla-benchmark\research-v3\results\short-v3\b_h3-1m-n3-c8-concurrent_write-r1-cassandra\attempt-20260908T125245672Z\result.json,a709466615d945c664067e1f41ef294d65c5775f77bd5e02b21de6ff222cf14c,2751
C:\cassandra-scylla-benchmark\research-v3\results\short-v3\b_h3-1m-n3-c8-concurrent_write-r1-cassandra\attempt-20260908T125245672Z\result.csv,aaeab30b915fec18eed067f53c13cc327d705ff9299b0ea2b1b866a8eb01ab15,804
C:\cassandra-scylla-benchmark\research-v3\results\short-v3\b_h3-1m-n3-c8-concurrent_write-r1-cassandra\attempt-20260908T125245672Z\effective-config.json,b4471e9c9b829e2e24b9eac74a3fd0c622dfa426d500e99a8a6c14a3e942f4ab,886
C:\cassandra-scylla-benchmark\research-v3\results\short-v3\b_h3-1m-n3-c8-concurrent_write-r1-cassandra\attempt-20260908T125245672Z\baseline.json,27ef08312a6db0e10a172850a974f7cebb00e02fb7cb5671ed4157c8944116b2,215
C:\cassandra-scylla-benchmark\research-v3\results\short-v3\b_h3-1m-n3-c8-concurrent_write-r1-cassandra\attempt-20260908T125245672Z\resources.jsonl,083cf757fc8de680cb0357b0f27ada014c4491b3c4e25c9efaee05b09d2b0790,109542
C:\cassandra-scylla-benchmark\research-v3\results\short-v3\b_h3-1m-n3-c8-concurrent_write-r2-cassandra\attempt-20260908T130641065Z\result.json,1544ef6e2e9f3b5109763fa313e95e5ab6644a328c8da9348d12286980920a93,2751
C:\cassandra-scylla-benchmark\research-v3\results\short-v3\b_h3-1m-n3-c8-concurrent_write-r2-cassandra\attempt-20260908T130641065Z\result.csv,6d6f7b9bd0f511bdf266e800498ab4437d3e2fcb34ff8b633344eeb0eb6c1715,804
C:\cassandra-scylla-benchmark\research-v3\results\short-v3\b_h3-1m-n3-c8-concurrent_write-r2-cassandra\attempt-20260908T130641065Z\effective-config.json,28ef713e98b3b177b2b4c8f917b855f521442a89fa22eeb90f5859d031575688,886
C:\cassandra-scylla-benchmark\research-v3\results\short-v3\b_h3-1m-n3-c8-concurrent_write-r2-cassandra\attempt-20260908T130641065Z\baseline.json,77c516b34dc9ffabe79e1cfb70028707fb55fccb7bf2e9fe49dcb5795db89eeb,215
C:\cassandra-scylla-benchmark\research-v3\results\short-v3\b_h3-1m-n3-c8-concurrent_write-r2-cassandra\attempt-20260908T130641065Z\resources.jsonl,1df1964367f2918bcde64518f334abd20cafa26f02709409ffdf5ba9956cf08a,109924
C:\cassandra-scylla-benchmark\research-v3\results\short-v3\b_h3-1m-n3-c8-concurrent_write-r3-cassandra\attempt-20260908T132029125Z\result.json,c9787d1766f5706213e7bc3d942d254082f8c3835aa43fdd3640b85c025c7edc,2753
C:\cassandra-scylla-benchmark\research-v3\results\short-v3\b_h3-1m-n3-c8-concurrent_write-r3-cassandra\attempt-20260908T132029125Z\result.csv,ffabbe6d6ac6489331bcb2ff15f7dbfa28e8bd677583e7695422075e287062dc,806
C:\cassandra-scylla-benchmark\research-v3\results\short-v3\b_h3-1m-n3-c8-concurrent_write-r3-cassandra\attempt-20260908T132029125Z\effective-config.json,1bfe4b57ecb4b48a79f1ceec50312cf7053e8b266ce3a7151db0843683d299ad,886
C:\cassandra-scylla-benchmark\research-v3\results\short-v3\b_h3-1m-n3-c8-concurrent_write-r3-cassandra\attempt-20260908T132029125Z\baseline.json,c372910fbf4aff0029787ba43e7509f05e66e071914917a9e6ebeebbc495153b,215
C:\cassandra-scylla-benchmark\research-v3\results\short-v3\b_h3-1m-n3-c8-concurrent_write-r3-cassandra\attempt-20260908T132029125Z\resources.jsonl,e0b82226599c7d42f35c3ef4dee2cee9b3514817f62e56def4cd17ad9dea454c,110066
C:\cassandra-scylla-benchmark\research-v3\results\short-v3\b_h3-1m-n3-c8-read_single-r1-cassandra\attempt-20260908T133419605Z\result.json,fc12fe410b825116e198c616afcbd7d0f7d649d07b357b0f0f89affb03d29687,2749
C:\cassandra-scylla-benchmark\research-v3\results\short-v3\b_h3-1m-n3-c8-read_single-r1-cassandra\attempt-20260908T133419605Z\result.csv,2a149b5e74ce30cfc2801235ad36913c956ffe292c5c6113eda525be01d1d12f,790
C:\cassandra-scylla-benchmark\research-v3\results\short-v3\b_h3-1m-n3-c8-read_single-r1-cassandra\attempt-20260908T133419605Z\effective-config.json,4af6cf8fc3496c170f46ad3c3dc4ac8c7437e82b028231e96fb991f247540412,864
C:\cassandra-scylla-benchmark\research-v3\results\short-v3\b_h3-1m-n3-c8-read_single-r1-cassandra\attempt-20260908T133419605Z\baseline.json,96b8af4b2b7cb1210ccf3d9ae85cb4acb65a1dfc43a87a6fc67cd537c5b18752,215
C:\cassandra-scylla-benchmark\research-v3\results\short-v3\b_h3-1m-n3-c8-read_single-r1-cassandra\attempt-20260908T133419605Z\resources.jsonl,86b432e7dc448fb0bce0a7b11e56a0aa6d8782b31f957f1329d3432becc8517b,71336
C:\cassandra-scylla-benchmark\research-v3\results\short-v3\b_h3-1m-n3-c8-read_single-r2-cassandra\attempt-20260908T134331585Z\result.json,5639be4a58b79d8cb7e095a32cd8e3bcbace4e489d76f3a5ec8852266b79fc24,2746
C:\cassandra-scylla-benchmark\research-v3\results\short-v3\b_h3-1m-n3-c8-read_single-r2-cassandra\attempt-20260908T134331585Z\result.csv,0ba5925fc909cac3659163aeb4d6e2b58fc55d9d92785e53c3545ae1c67591ae,786
C:\cassandra-scylla-benchmark\research-v3\results\short-v3\b_h3-1m-n3-c8-read_single-r2-cassandra\attempt-20260908T134331585Z\effective-config.json,76237b5c2686408dae7ddbac030b4bbd48a572be40bc1d5653c0d6f25bc3a161,864
C:\cassandra-scylla-benchmark\research-v3\results\short-v3\b_h3-1m-n3-c8-read_single-r2-cassandra\attempt-20260908T134331585Z\baseline.json,ecd0f02c7495f02f16bf59f637a564047b280ef5f1888f887643cc65ea6e2cc0,215
C:\cassandra-scylla-benchmark\research-v3\results\short-v3\b_h3-1m-n3-c8-read_single-r2-cassandra\attempt-20260908T134331585Z\resources.jsonl,6df5f91d748b0442f593341fd5462ea383d9f9e1ae40901a52d227fbbf396523,71314
C:\cassandra-scylla-benchmark\research-v3\results\short-v3\b_h3-1m-n3-c8-read_single-r3-cassandra\attempt-20260908T135241847Z\result.json,0c9e4b4342ca6aef2fb932b1537d4fb5b63df59d8828b3432b9e2f1463f596f0,2749
C:\cassandra-scylla-benchmark\research-v3\results\short-v3\b_h3-1m-n3-c8-read_single-r3-cassandra\attempt-20260908T135241847Z\result.csv,271e055cdcd691bd3c429ef8f98a7a7df2402dfac083722858c7355be0e11b18,789
C:\cassandra-scylla-benchmark\research-v3\results\short-v3\b_h3-1m-n3-c8-read_single-r3-cassandra\attempt-20260908T135241847Z\effective-config.json,82907c5db14587841464e203aac867ebc4c46832e526128f99594ae0c25eaf81,864
C:\cassandra-scylla-benchmark\research-v3\results\short-v3\b_h3-1m-n3-c8-read_single-r3-cassandra\attempt-20260908T135241847Z\baseline.json,79ec17e571546a3686ecdf913c8e73ffc50fdf4087d4db808d70022936fa72c8,215
C:\cassandra-scylla-benchmark\research-v3\results\short-v3\b_h3-1m-n3-c8-read_single-r3-cassandra\attempt-20260908T135241847Z\resources.jsonl,7ee8173bdc2c709dd8a87504305d0c562e8bf69389e250640f16a6e1843e2066,71312
C:\cassandra-scylla-benchmark\research-v3\results\short-v3\b_h3-1m-n3-c32-concurrent_write-r1-cassandra\attempt-20260908T140152123Z\result.json,64753d368f3a75e04c109a8deaaeda2d9bcbf03aa7df0333f909949633ba411a,2757
C:\cassandra-scylla-benchmark\research-v3\results\short-v3\b_h3-1m-n3-c32-concurrent_write-r1-cassandra\attempt-20260908T140152123Z\result.csv,42ecb346bb6f48183036e801b2ef865169b06b7011d6690e6b675586a75cd0f9,807
C:\cassandra-scylla-benchmark\research-v3\results\short-v3\b_h3-1m-n3-c32-concurrent_write-r1-cassandra\attempt-20260908T140152123Z\effective-config.json,8f029b5668ddd71395c6cc13d09ba60a1f7b7d3c30a008054bf9036e3fcd6040,889
C:\cassandra-scylla-benchmark\research-v3\results\short-v3\b_h3-1m-n3-c32-concurrent_write-r1-cassandra\attempt-20260908T140152123Z\baseline.json,27025fdbc280a55b9d9acd423998810f3994d9af66f776b5f3a627ca1539734b,215
C:\cassandra-scylla-benchmark\research-v3\results\short-v3\b_h3-1m-n3-c32-concurrent_write-r1-cassandra\attempt-20260908T140152123Z\resources.jsonl,bbb0fc8887091569eb33712d7568c1979ed6cef61b76b2778fa2553e2df3046f,110029
C:\cassandra-scylla-benchmark\research-v3\results\short-v3\b_h3-1m-n3-c32-concurrent_write-r2-cassandra\attempt-20260908T141541072Z\result.json,b31c968402178d4923f4d6a8dbf441cc98a00cd8da28411068fef084c8488cb1,2759
C:\cassandra-scylla-benchmark\research-v3\results\short-v3\b_h3-1m-n3-c32-concurrent_write-r2-cassandra\attempt-20260908T141541072Z\result.csv,78f72ce80b01a97aeaca408718ed37ae08d721ebdd7dfd404e30c468e84b68f5,809
C:\cassandra-scylla-benchmark\research-v3\results\short-v3\b_h3-1m-n3-c32-concurrent_write-r2-cassandra\attempt-20260908T141541072Z\effective-config.json,dda941aa0666a33e4bef0cdd93a36f8d663464e6f5b46ecb88d37bc9504770ff,889
C:\cassandra-scylla-benchmark\research-v3\results\short-v3\b_h3-1m-n3-c32-concurrent_write-r2-cassandra\attempt-20260908T141541072Z\baseline.json,d0e33d5ce771e09ff1729ecc2e6ab8f5a74dea57f56206205eea03830ad7cb9f,215
C:\cassandra-scylla-benchmark\research-v3\results\short-v3\b_h3-1m-n3-c32-concurrent_write-r2-cassandra\attempt-20260908T141541072Z\resources.jsonl,dfd139bac6b59af7537a1fe68d3979e17369a94fd8a47ee56e6087eaca35db3c,110062
C:\cassandra-scylla-benchmark\research-v3\results\short-v3\b_h3-1m-n3-c32-concurrent_write-r3-cassandra\attempt-20260908T142931588Z\result.json,b6d63e7b42bd95e5dd1c4ce3a21047cd7965f823423e602ca90e37c8de29d001,2759
C:\cassandra-scylla-benchmark\research-v3\results\short-v3\b_h3-1m-n3-c32-concurrent_write-r3-cassandra\attempt-20260908T142931588Z\result.csv,fdeebe5d55a8b4258eff4a54d1598d9b97596f4746c6e9e2479144f4fc1c5824,809
C:\cassandra-scylla-benchmark\research-v3\results\short-v3\b_h3-1m-n3-c32-concurrent_write-r3-cassandra\attempt-20260908T142931588Z\effective-config.json,a21c1cec93dfcf2c211c9523a314e99eda2abc1d4e6732dba030d458f19c7d46,889
C:\cassandra-scylla-benchmark\research-v3\results\short-v3\b_h3-1m-n3-c32-concurrent_write-r3-cassandra\attempt-20260908T142931588Z\baseline.json,79ec17e571546a3686ecdf913c8e73ffc50fdf4087d4db808d70022936fa72c8,215
C:\cassandra-scylla-benchmark\research-v3\results\short-v3\b_h3-1m-n3-c32-concurrent_write-r3-cassandra\attempt-20260908T142931588Z\resources.jsonl,4ebde3f9336fb7dc42f02c34a4aaf520195595b2835ce9b2c96c0f89ae2a3ebd,109456
C:\cassandra-scylla-benchmark\research-v3\results\short-v3\b_h3-1m-n3-c32-read_single-r1-cassandra\attempt-20260908T144322207Z\result.json,8b5b3b563eb7a3e5afbe4fd994e02e19623eaebcb1d55f44cc0491482765617f,2753
C:\cassandra-scylla-benchmark\research-v3\results\short-v3\b_h3-1m-n3-c32-read_single-r1-cassandra\attempt-20260908T144322207Z\result.csv,5d79d6ec8f1d41db0b4f3235dbc9f8078b8478b69215b982c3eb43792ccfd516,792
C:\cassandra-scylla-benchmark\research-v3\results\short-v3\b_h3-1m-n3-c32-read_single-r1-cassandra\attempt-20260908T144322207Z\effective-config.json,2f6be6a323cea418718184b15d7292e835b6cc0df000e376c3e2507c4a94c911,867
C:\cassandra-scylla-benchmark\research-v3\results\short-v3\b_h3-1m-n3-c32-read_single-r1-cassandra\attempt-20260908T144322207Z\baseline.json,27ef08312a6db0e10a172850a974f7cebb00e02fb7cb5671ed4157c8944116b2,215
C:\cassandra-scylla-benchmark\research-v3\results\short-v3\b_h3-1m-n3-c32-read_single-r1-cassandra\attempt-20260908T144322207Z\resources.jsonl,4b102bf7c68f7b3832838fe58c3d7783048f9b4517eea9d18458cbac755ccffa,72014
C:\cassandra-scylla-benchmark\research-v3\results\short-v3\b_h3-1m-n3-c32-read_single-r2-cassandra\attempt-20260908T145234091Z\result.json,0df19bd3036e44a419268c69eade917a4a000de8b53115f2b16158f3d7e22d9e,2755
C:\cassandra-scylla-benchmark\research-v3\results\short-v3\b_h3-1m-n3-c32-read_single-r2-cassandra\attempt-20260908T145234091Z\result.csv,069db98297a68607f539d5d5727417d65abccebf43ae26f2c864d36d9088a73d,794
C:\cassandra-scylla-benchmark\research-v3\results\short-v3\b_h3-1m-n3-c32-read_single-r2-cassandra\attempt-20260908T145234091Z\effective-config.json,a0dde1cb30fb8948e730d9e9c07755a587d37a3ea0ab3fb6d562aec1ed5e04c6,867
C:\cassandra-scylla-benchmark\research-v3\results\short-v3\b_h3-1m-n3-c32-read_single-r2-cassandra\attempt-20260908T145234091Z\baseline.json,720b8f5909b000e32e3df4d082623095961de715c87583f7034d494430f0d5c1,215
C:\cassandra-scylla-benchmark\research-v3\results\short-v3\b_h3-1m-n3-c32-read_single-r2-cassandra\attempt-20260908T145234091Z\resources.jsonl,d622ee17f7e5e964d0685bc34e403960ad6075b1079a968f0f7e280821c68487,72278
C:\cassandra-scylla-benchmark\research-v3\results\short-v3\b_h3-1m-n3-c32-read_single-r3-cassandra\attempt-20260908T150144357Z\result.json,051afd0251ac53819da20c8600e543396ed2bdca7215f8ace66dc2d8ded8dab8,2748
C:\cassandra-scylla-benchmark\research-v3\results\short-v3\b_h3-1m-n3-c32-read_single-r3-cassandra\attempt-20260908T150144357Z\result.csv,9b7c9bb6556d5917a41d433bf694a3826b194a05e0c4f35f8ab5680aada926a6,791
C:\cassandra-scylla-benchmark\research-v3\results\short-v3\b_h3-1m-n3-c32-read_single-r3-cassandra\attempt-20260908T150144357Z\effective-config.json,48d800cd2e97055103c9eec8f7267698f72131379129652c8fb1c7c720e941d6,867
C:\cassandra-scylla-benchmark\research-v3\results\short-v3\b_h3-1m-n3-c32-read_single-r3-cassandra\attempt-20260908T150144357Z\baseline.json,d5c6b19fda19ae6f23889bf4e779335b7ee5a4e2b934c7094735359bbdc68428,215
C:\cassandra-scylla-benchmark\research-v3\results\short-v3\b_h3-1m-n3-c32-read_single-r3-cassandra\attempt-20260908T150144357Z\resources.jsonl,6868c9b897533317611faa7f7b09fbbf44adec634b3c04d39dc95fd88aa8a1ad,71331
C:\cassandra-scylla-benchmark\research-v3\results\short-v3\c_h4-1m-n3-c32-balanced-r1-cassandra\attempt-20260908T151054791Z\result.json,9f80778ab03724b5443ce73eb2c22bea6e888b5364ef4636248050a297edbc5e,2805
C:\cassandra-scylla-benchmark\research-v3\results\short-v3\c_h4-1m-n3-c32-balanced-r1-cassandra\attempt-20260908T151054791Z\result.csv,64bf50267a06e714f16d1e9080e1e1c76a60fead7585351bb31fd124a4edd275,861
C:\cassandra-scylla-benchmark\research-v3\results\short-v3\c_h4-1m-n3-c32-balanced-r1-cassandra\attempt-20260908T151054791Z\effective-config.json,5523fffeb41baec55e186c604f204d7d004364a6061527f72cd556cb5371cec1,862
C:\cassandra-scylla-benchmark\research-v3\results\short-v3\c_h4-1m-n3-c32-balanced-r1-cassandra\attempt-20260908T151054791Z\baseline.json,27ef08312a6db0e10a172850a974f7cebb00e02fb7cb5671ed4157c8944116b2,215
C:\cassandra-scylla-benchmark\research-v3\results\short-v3\c_h4-1m-n3-c32-balanced-r1-cassandra\attempt-20260908T151054791Z\resources.jsonl,b567c9df4ae2fa9d2ddc0f93812fb772bbecc0226c2c65db39a9830150039b15,147716
C:\cassandra-scylla-benchmark\research-v3\results\short-v3\c_h4-1m-n3-c32-balanced-r2-cassandra\attempt-20260908T152928121Z\result.json,75129f2a39ac50ac6613279aac1846d6a181f64c29265524748657bf6aa05cf5,2804
C:\cassandra-scylla-benchmark\research-v3\results\short-v3\c_h4-1m-n3-c32-balanced-r2-cassandra\attempt-20260908T152928121Z\result.csv,1192cda3917c49efd8b7d4bfa60744bce58ffecb60007fb82061b29c9af07129,861
C:\cassandra-scylla-benchmark\research-v3\results\short-v3\c_h4-1m-n3-c32-balanced-r2-cassandra\attempt-20260908T152928121Z\effective-config.json,a476ac6b22e90ec8b118155bd3b7327ac541fc623182400e4435a0149626c95f,862
C:\cassandra-scylla-benchmark\research-v3\results\short-v3\c_h4-1m-n3-c32-balanced-r2-cassandra\attempt-20260908T152928121Z\baseline.json,36991d867eea9042ad668041bc28fe71a7650c054ea570aee08fbf6e8de26eb1,215
C:\cassandra-scylla-benchmark\research-v3\results\short-v3\c_h4-1m-n3-c32-balanced-r2-cassandra\attempt-20260908T152928121Z\resources.jsonl,684f911a963583c0c8b908bd60993e87001db83988458793620d35f7193017b3,146493
C:\cassandra-scylla-benchmark\research-v3\results\short-v3\c_h4-1m-n3-c32-balanced-r3-cassandra\attempt-20260908T154756101Z\result.json,5e198bf8adca52c7c6138907f69947b4c9728af17265e0eca7d9e8393ef7ba73,2805
C:\cassandra-scylla-benchmark\research-v3\results\short-v3\c_h4-1m-n3-c32-balanced-r3-cassandra\attempt-20260908T154756101Z\result.csv,efefa868d785d9625d46903ca9866a6e4e6c59aca6bdfcd8b0acffd601930d69,860
C:\cassandra-scylla-benchmark\research-v3\results\short-v3\c_h4-1m-n3-c32-balanced-r3-cassandra\attempt-20260908T154756101Z\effective-config.json,f42e468f7a42fdf3769655078d5230b7061ddc412c25d46d62d32e4c490b9381,862
C:\cassandra-scylla-benchmark\research-v3\results\short-v3\c_h4-1m-n3-c32-balanced-r3-cassandra\attempt-20260908T154756101Z\baseline.json,a23fe2b085472e8f9563704295fa98fc82e03922df41f9778c08a896df52cde2,215
C:\cassandra-scylla-benchmark\research-v3\results\short-v3\c_h4-1m-n3-c32-balanced-r3-cassandra\attempt-20260908T154756101Z\resources.jsonl,fec43d9a6ea92acffb48913c4746892e7c42fc14ce9c018176c216a3f978609b,146778
C:\cassandra-scylla-benchmark\research-v3\results\short-v3\c_h4-1m-n3-c32-read_heavy-r1-cassandra\attempt-20260908T160622433Z\result.json,3a3f83a74d69f4d3edc5c0dd335a8f4f88b4a32872a70838486d6f39e61415d8,2810
C:\cassandra-scylla-benchmark\research-v3\results\short-v3\c_h4-1m-n3-c32-read_heavy-r1-cassandra\attempt-20260908T160622433Z\result.csv,42e1f24f36f6fe7fe756c5322135aa789f2b9e60604d64ce641e608f981c2b1e,864
C:\cassandra-scylla-benchmark\research-v3\results\short-v3\c_h4-1m-n3-c32-read_heavy-r1-cassandra\attempt-20260908T160622433Z\effective-config.json,5ba7d3ba23f953bc8c470e7ec847422b284ff699e03cbc3b86d17f1051eb1361,868
C:\cassandra-scylla-benchmark\research-v3\results\short-v3\c_h4-1m-n3-c32-read_heavy-r1-cassandra\attempt-20260908T160622433Z\baseline.json,27025fdbc280a55b9d9acd423998810f3994d9af66f776b5f3a627ca1539734b,215
C:\cassandra-scylla-benchmark\research-v3\results\short-v3\c_h4-1m-n3-c32-read_heavy-r1-cassandra\attempt-20260908T160622433Z\resources.jsonl,38095273f919183f40a294d9c7f376d9329481f5cddd06232af1cddea8711c95,146574
C:\cassandra-scylla-benchmark\research-v3\results\short-v3\c_h4-1m-n3-c32-read_heavy-r2-cassandra\attempt-20260908T162443437Z\result.json,7db24809ca3a3227525de318873f4e0c6ba91efacd4f8653d7c6c39c41734752,2812
C:\cassandra-scylla-benchmark\research-v3\results\short-v3\c_h4-1m-n3-c32-read_heavy-r2-cassandra\attempt-20260908T162443437Z\result.csv,58d413c226dfb0e8e3a8a66793b39a56c7e6d4ba2ad5e9ed6f8ae774a8150ce7,865
C:\cassandra-scylla-benchmark\research-v3\results\short-v3\c_h4-1m-n3-c32-read_heavy-r2-cassandra\attempt-20260908T162443437Z\effective-config.json,1be86a16df87bc65cefe0a131c51225422f17072118fd4d99504fe114dcd8f18,868
C:\cassandra-scylla-benchmark\research-v3\results\short-v3\c_h4-1m-n3-c32-read_heavy-r2-cassandra\attempt-20260908T162443437Z\baseline.json,77c516b34dc9ffabe79e1cfb70028707fb55fccb7bf2e9fe49dcb5795db89eeb,215
C:\cassandra-scylla-benchmark\research-v3\results\short-v3\c_h4-1m-n3-c32-read_heavy-r2-cassandra\attempt-20260908T162443437Z\resources.jsonl,3c8ed9273b3086feae1d14d6e6ff4a24b6c7baafb3bfaaa9cfbc549a336fb700,154375
C:\cassandra-scylla-benchmark\research-v3\results\short-v3\c_h4-1m-n3-c32-read_heavy-r3-cassandra\attempt-20260908T164401160Z\result.json,5408185767b46b75718256805b539b7ae0d56c60cf06ca2ce21152d63b7bfc3c,2814
C:\cassandra-scylla-benchmark\research-v3\results\short-v3\c_h4-1m-n3-c32-read_heavy-r3-cassandra\attempt-20260908T164401160Z\result.csv,6529c802e8c2c9b2100950ded7c38b4c273d2eed42e092bdce1d8c661ff0dbbc,866
C:\cassandra-scylla-benchmark\research-v3\results\short-v3\c_h4-1m-n3-c32-read_heavy-r3-cassandra\attempt-20260908T164401160Z\effective-config.json,fe7b575fba5fb242b4eca9eea67baa47c64d7bc740481580fbf96a1ce5cefec7,868
C:\cassandra-scylla-benchmark\research-v3\results\short-v3\c_h4-1m-n3-c32-read_heavy-r3-cassandra\attempt-20260908T164401160Z\baseline.json,d5c6b19fda19ae6f23889bf4e779335b7ee5a4e2b934c7094735359bbdc68428,215
C:\cassandra-scylla-benchmark\research-v3\results\short-v3\c_h4-1m-n3-c32-read_heavy-r3-cassandra\attempt-20260908T164401160Z\resources.jsonl,2d0102a9939ce02bb2a5af7c8f1ed130ab07a2a2108b33f56ff5ffa60d59666c,147638
C:\cassandra-scylla-benchmark\research-v3\results\short-v3\c_h4-1m-n3-c32-write_heavy-r1-cassandra\attempt-20260908T170227356Z\result.json,cbf0e450b07e8c7bfa7050abb332bea3339f3354bf2d49341ed618eaa847b5f6,2812
C:\cassandra-scylla-benchmark\research-v3\results\short-v3\c_h4-1m-n3-c32-write_heavy-r1-cassandra\attempt-20260908T170227356Z\result.csv,d1eb75871f8aa1c9b01adc4f829848bd5129903a85adcfb7c594dfbb0b4633a1,866
C:\cassandra-scylla-benchmark\research-v3\results\short-v3\c_h4-1m-n3-c32-write_heavy-r1-cassandra\attempt-20260908T170227356Z\effective-config.json,b72eb91d5e9549d9758c1cca4a8966e818d60fcff7fe530cebe7d6ab65539f1f,871
C:\cassandra-scylla-benchmark\research-v3\results\short-v3\c_h4-1m-n3-c32-write_heavy-r1-cassandra\attempt-20260908T170227356Z\baseline.json,3333547b910d15b27392251479bc37fad83e347e024c7622ca8b53728d17c377,215
C:\cassandra-scylla-benchmark\research-v3\results\short-v3\c_h4-1m-n3-c32-write_heavy-r1-cassandra\attempt-20260908T170227356Z\resources.jsonl,f94ec34caa9c226f3ab979ca57d59ba8f173d08d33fa89a1b40b73e3b6bdf3fd,147592
C:\cassandra-scylla-benchmark\research-v3\results\short-v3\c_h4-1m-n3-c32-write_heavy-r2-cassandra\attempt-20260908T172055468Z\result.json,d4f8f796e70b069d34e82c488f0a166c2b48aadd38d196c809bd0dabf30d2f16,2813
C:\cassandra-scylla-benchmark\research-v3\results\short-v3\c_h4-1m-n3-c32-write_heavy-r2-cassandra\attempt-20260908T172055468Z\result.csv,f9e52aad6e35506710aff03560326181a87c2707be0259e0a06069dd81e74665,867
C:\cassandra-scylla-benchmark\research-v3\results\short-v3\c_h4-1m-n3-c32-write_heavy-r2-cassandra\attempt-20260908T172055468Z\effective-config.json,4135169796969e2c31cf01771e3eb7fbadf1179c856cf3bcafdcc476f5212807,871
C:\cassandra-scylla-benchmark\research-v3\results\short-v3\c_h4-1m-n3-c32-write_heavy-r2-cassandra\attempt-20260908T172055468Z\baseline.json,2abbc6ba591a55415e644d774bb490f0b6947c8ccd119614bebf7e6d4cc8fcca,215
C:\cassandra-scylla-benchmark\research-v3\results\short-v3\c_h4-1m-n3-c32-write_heavy-r2-cassandra\attempt-20260908T172055468Z\resources.jsonl,5f545a48586c2ca75a3504a61d3d27d4ffec069a285c0c94657893e5dbea2250,147591
C:\cassandra-scylla-benchmark\research-v3\results\short-v3\c_h4-1m-n3-c32-write_heavy-r3-cassandra\attempt-20260908T173924498Z\result.json,e9816016832b06cf04147d3be2124c17b221c51500017264781c33c7fd12fd07,2814
C:\cassandra-scylla-benchmark\research-v3\results\short-v3\c_h4-1m-n3-c32-write_heavy-r3-cassandra\attempt-20260908T173924498Z\result.csv,8323f17a6845911eb94269520eb98544efb3b8561636b02eec8bb0d9f86b84e4,867
C:\cassandra-scylla-benchmark\research-v3\results\short-v3\c_h4-1m-n3-c32-write_heavy-r3-cassandra\attempt-20260908T173924498Z\effective-config.json,af1b153daaef0a4a3c6339aa3d28fd88cf5783c99f9577061d5cb106e70f46cf,871
C:\cassandra-scylla-benchmark\research-v3\results\short-v3\c_h4-1m-n3-c32-write_heavy-r3-cassandra\attempt-20260908T173924498Z\baseline.json,79ec17e571546a3686ecdf913c8e73ffc50fdf4087d4db808d70022936fa72c8,215
C:\cassandra-scylla-benchmark\research-v3\results\short-v3\c_h4-1m-n3-c32-write_heavy-r3-cassandra\attempt-20260908T173924498Z\resources.jsonl,28223b933196d2a0523e56b907ddf166823befccaf2e936096f1502dc03d3bbb,148618
C:\cassandra-scylla-benchmark\research-v3\results\short-v3\c_h4-10m-n3-c32-balanced-r1-cassandra\attempt-20260908T175806814Z\result.json,46effb808089c521d3191f59cd6e0b8d83f84dd239f015fc60b4165a68e06c12,2815
C:\cassandra-scylla-benchmark\research-v3\results\short-v3\c_h4-10m-n3-c32-balanced-r1-cassandra\attempt-20260908T175806814Z\result.csv,1561df89e38687883276c9864b72e8939150da35bb029f54dbb2ff3d2a9eb338,866
C:\cassandra-scylla-benchmark\research-v3\results\short-v3\c_h4-10m-n3-c32-balanced-r1-cassandra\attempt-20260908T175806814Z\effective-config.json,3af9f6e04755499dd985101139746395d5d51d4071c1b8f647aebffca9fd48c1,865
C:\cassandra-scylla-benchmark\research-v3\results\short-v3\c_h4-10m-n3-c32-balanced-r1-cassandra\attempt-20260908T175806814Z\baseline.json,ef48e1f354b6d89dfa9008de07e7dcab61d57b954f4dd6d3cf93c89e46b1b018,216
C:\cassandra-scylla-benchmark\research-v3\results\short-v3\c_h4-10m-n3-c32-balanced-r1-cassandra\attempt-20260908T175806814Z\resources.jsonl,429058c1a7cb1a1ab1c8a801cb57f0ec3fef890dd0fa3261ccb87050d2453ff4,1100490
C:\cassandra-scylla-benchmark\research-v3\results\short-v3\c_h4-10m-n3-c32-balanced-r2-cassandra\attempt-20260908T201355607Z\result.json,b681a2fced54850a26db0dc1b7973fbeb8a4419e6a489d62f89dcbd645ddf0ed,2799
C:\cassandra-scylla-benchmark\research-v3\results\short-v3\c_h4-10m-n3-c32-balanced-r2-cassandra\attempt-20260908T201355607Z\result.csv,85102a42b3dac8fe251aab6b269995a4980aef4d8c78d8fd937500f1f7c28749,865
C:\cassandra-scylla-benchmark\research-v3\results\short-v3\c_h4-10m-n3-c32-balanced-r2-cassandra\attempt-20260908T201355607Z\effective-config.json,5659cacfe71227fd09233de2f797f97bc19025ee4d94d5ac0f0ab64b8d313e2b,865
C:\cassandra-scylla-benchmark\research-v3\results\short-v3\c_h4-10m-n3-c32-balanced-r2-cassandra\attempt-20260908T201355607Z\baseline.json,ed78180316600ad2d6ce9d7602ec7ec43a17ce0b36a21dc67c5093152722cb3c,216
C:\cassandra-scylla-benchmark\research-v3\results\short-v3\c_h4-10m-n3-c32-balanced-r2-cassandra\attempt-20260908T201355607Z\resources.jsonl,d625d355579d8602b842afc435589362d282b797046242f21a614910c52a68b2,1113566
C:\cassandra-scylla-benchmark\research-v3\results\short-v3\c_h4-10m-n3-c32-balanced-r3-cassandra\attempt-20260908T223135120Z\result.json,f088a89564980ea11de324114cff9822b6f609ce28c96e6f31d9555154651468,2814
C:\cassandra-scylla-benchmark\research-v3\results\short-v3\c_h4-10m-n3-c32-balanced-r3-cassandra\attempt-20260908T223135120Z\result.csv,d7a4cd2468a41ee64b3820a39d32be28075f59355ca3050d2d0ca23928e37c2a,865
C:\cassandra-scylla-benchmark\research-v3\results\short-v3\c_h4-10m-n3-c32-balanced-r3-cassandra\attempt-20260908T223135120Z\effective-config.json,a559a8f650549839ee908e1413e4549b1d122400c633f752a679082567f684ee,865
C:\cassandra-scylla-benchmark\research-v3\results\short-v3\c_h4-10m-n3-c32-balanced-r3-cassandra\attempt-20260908T223135120Z\baseline.json,c0e1e2635b9b07bf2675f24639fbcf95b48aca621d75515d5418b14de8c4ac40,216
C:\cassandra-scylla-benchmark\research-v3\results\short-v3\c_h4-10m-n3-c32-balanced-r3-cassandra\attempt-20260908T223135120Z\resources.jsonl,26156958cb73f108e04eaeed6cbe57c183ecc9085938b1435c1d115c7d6cc005,1100430
C:\cassandra-scylla-benchmark\research-v3\results\short-v3\c_h4-10m-n3-c32-read_heavy-r1-cassandra\attempt-20260909T004757257Z\result.json,171bb7ea33fc550a22b755ce3db678a6eeca6452d35adfbe4b7f1364ab8e0430,2818
C:\cassandra-scylla-benchmark\research-v3\results\short-v3\c_h4-10m-n3-c32-read_heavy-r1-cassandra\attempt-20260909T004757257Z\result.csv,87ac0b64e9e5245ca0f08d35fd98e751dc8b98217b48d7760c3e66bf52bc3940,867
C:\cassandra-scylla-benchmark\research-v3\results\short-v3\c_h4-10m-n3-c32-read_heavy-r1-cassandra\attempt-20260909T004757257Z\effective-config.json,8d15d320719a7c5dcef02b24b94b97d419b8134c07667fffd29e7eb8f9401967,871
C:\cassandra-scylla-benchmark\research-v3\results\short-v3\c_h4-10m-n3-c32-read_heavy-r1-cassandra\attempt-20260909T004757257Z\baseline.json,8ea1b07016ae4074c718e157646aa73e2a83f72381457a2b23423842b56c913f,216
C:\cassandra-scylla-benchmark\research-v3\results\short-v3\c_h4-10m-n3-c32-read_heavy-r1-cassandra\attempt-20260909T004757257Z\resources.jsonl,6f94f3de1b11aa9cf8b83154cb122f1c156d3386a4ba393c61617b491789083e,1098753
C:\cassandra-scylla-benchmark\research-v3\results\short-v3\c_h4-10m-n3-c32-read_heavy-r2-cassandra\attempt-20260909T030421944Z\result.json,5f3bac53fb02521edaff6a8dbbcc591b8c02cc0a6b1d520d4f079fdf3c061511,2821
C:\cassandra-scylla-benchmark\research-v3\results\short-v3\c_h4-10m-n3-c32-read_heavy-r2-cassandra\attempt-20260909T030421944Z\result.csv,b89de9032556de5e87f0be2bc68afb2637421ed2ffa917ced08eb6dd654fc157,869
C:\cassandra-scylla-benchmark\research-v3\results\short-v3\c_h4-10m-n3-c32-read_heavy-r2-cassandra\attempt-20260909T030421944Z\effective-config.json,6cad657544d3e157398b846cd42354f7263bb8395184b4c4579df27f2e7a00a9,871
C:\cassandra-scylla-benchmark\research-v3\results\short-v3\c_h4-10m-n3-c32-read_heavy-r2-cassandra\attempt-20260909T030421944Z\baseline.json,5e88e41093869894cdc1b7f66d10a7880f37434e9a83e5d407c4eb491003c6e8,216
C:\cassandra-scylla-benchmark\research-v3\results\short-v3\c_h4-10m-n3-c32-read_heavy-r2-cassandra\attempt-20260909T030421944Z\resources.jsonl,2461d4c2e6a145d8ec99417d2a64ad18058197b9843f02364a8e442a4750a606,1258714
C:\cassandra-scylla-benchmark\research-v3\results\short-v3\c_h4-10m-n3-c32-read_heavy-r3-cassandra\attempt-20260909T054053023Z\result.json,0f4cdb7f35c2dc7a9e43baa2ce47459930998d5f0c745c98a36cd7fad9513aa1,2819
C:\cassandra-scylla-benchmark\research-v3\results\short-v3\c_h4-10m-n3-c32-read_heavy-r3-cassandra\attempt-20260909T054053023Z\result.csv,665e66bf8d864de5198a773858dc8548e320a7892c7de9aa03cbfb6ab3be2deb,867
C:\cassandra-scylla-benchmark\research-v3\results\short-v3\c_h4-10m-n3-c32-read_heavy-r3-cassandra\attempt-20260909T054053023Z\effective-config.json,e68cece6f1478cdc7e1b448ce0d722243d1221c340bf6d1c7915530c0fcdac42,871
C:\cassandra-scylla-benchmark\research-v3\results\short-v3\c_h4-10m-n3-c32-read_heavy-r3-cassandra\attempt-20260909T054053023Z\baseline.json,ddd034fd4c04ccc78521794b471f5c47ac1c6a7ee692f7560f20ff09d668cadc,216
C:\cassandra-scylla-benchmark\research-v3\results\short-v3\c_h4-10m-n3-c32-read_heavy-r3-cassandra\attempt-20260909T054053023Z\resources.jsonl,2f652b1c507262525667eadd486fe84a9c7387ae2da4d0b1c7fed1bed55209c9,1171629
C:\cassandra-scylla-benchmark\research-v3\results\short-v3\c_h4-10m-n3-c32-write_heavy-r1-cassandra\attempt-20260909T080626744Z\result.json,92cc6ae9ed350428833384ee1ff023d1180aae9ce30c32e8c1138f459e1ec74e,2814
C:\cassandra-scylla-benchmark\research-v3\results\short-v3\c_h4-10m-n3-c32-write_heavy-r1-cassandra\attempt-20260909T080626744Z\result.csv,664001b2ddf9f263a57fd56d4429e94b1cc91e448c4420307f77e5917db09ae4,866
C:\cassandra-scylla-benchmark\research-v3\results\short-v3\c_h4-10m-n3-c32-write_heavy-r1-cassandra\attempt-20260909T080626744Z\effective-config.json,7fcf27a509bc02b86b3700c2d3a43ca9df9263ece6525111f2faaff9a86d8587,874
C:\cassandra-scylla-benchmark\research-v3\results\short-v3\c_h4-10m-n3-c32-write_heavy-r1-cassandra\attempt-20260909T080626744Z\baseline.json,aaab8ed3112207556c5a178afde7a6e8bb6f5c946f78730546b5616739dec0be,216
C:\cassandra-scylla-benchmark\research-v3\results\short-v3\c_h4-10m-n3-c32-write_heavy-r1-cassandra\attempt-20260909T080626744Z\resources.jsonl,b088ac5866a1b5b5e70182261304f841514f38f6ea3929a4e3190a56b31cecfe,1119928
C:\cassandra-scylla-benchmark\research-v3\results\short-v3\c_h4-10m-n3-c32-write_heavy-r2-cassandra\attempt-20260909T102520442Z\result.json,cb086744aa089170f4bb7e9f9b393754275c3aaaba8055a4d3ac7f27e52c9fe8,2819
C:\cassandra-scylla-benchmark\research-v3\results\short-v3\c_h4-10m-n3-c32-write_heavy-r2-cassandra\attempt-20260909T102520442Z\result.csv,703698c9321eed76c95d507c003191d19fa2a310ded8f81300ca2905c8b54efe,869
C:\cassandra-scylla-benchmark\research-v3\results\short-v3\c_h4-10m-n3-c32-write_heavy-r2-cassandra\attempt-20260909T102520442Z\effective-config.json,24f469ab1b8ec427b03d23a2e3d34cec2f80c3e1ac7644c7f4eb6290d75b338b,874
C:\cassandra-scylla-benchmark\research-v3\results\short-v3\c_h4-10m-n3-c32-write_heavy-r2-cassandra\attempt-20260909T102520442Z\baseline.json,4f0cea500b47acd0e7b90e17872c811fb8bd158f169486374e2181c5cb0c65e4,216
C:\cassandra-scylla-benchmark\research-v3\results\short-v3\c_h4-10m-n3-c32-write_heavy-r2-cassandra\attempt-20260909T102520442Z\resources.jsonl,f89095be54f203d8d5602c67e604c157ed4e43ca61b2fda3f8e3fdb1e3d820cf,1112107
C:\cassandra-scylla-benchmark\research-v3\results\short-v3\c_h4-10m-n3-c32-write_heavy-r3-cassandra\attempt-20260909T124317004Z\result.json,c7cb7c0748e89b72523bdbf1dad584d9e7de27ef4f33ca64efcbd343c4b61eae,2820
C:\cassandra-scylla-benchmark\research-v3\results\short-v3\c_h4-10m-n3-c32-write_heavy-r3-cassandra\attempt-20260909T124317004Z\result.csv,933ba75cdb9932f1e8d545d2552cbbbf5b020999fa59d61698b6be4087bbb8e4,869
C:\cassandra-scylla-benchmark\research-v3\results\short-v3\c_h4-10m-n3-c32-write_heavy-r3-cassandra\attempt-20260909T124317004Z\effective-config.json,c3bbf80d1d35f3d3f56523b797fcc152f261df51f093251b4866fe766d703175,874
C:\cassandra-scylla-benchmark\research-v3\results\short-v3\c_h4-10m-n3-c32-write_heavy-r3-cassandra\attempt-20260909T124317004Z\baseline.json,c0e1e2635b9b07bf2675f24639fbcf95b48aca621d75515d5418b14de8c4ac40,216
C:\cassandra-scylla-benchmark\research-v3\results\short-v3\c_h4-10m-n3-c32-write_heavy-r3-cassandra\attempt-20260909T124317004Z\resources.jsonl,10c8f31bd37931fb7cc5c8fea932b60acf132f9e1c85127a6a74a3b0d76c001b,1115954
C:\cassandra-scylla-benchmark\research-v3\results\short-v3\b_h3-1m-n1-c8-concurrent_write-r1-scylla\attempt-20260909T150201031Z\result.json,252279d5434d79df4ac83331c1265a5eeb56ca68091248b3d9c954cdb037978a,2741
C:\cassandra-scylla-benchmark\research-v3\results\short-v3\b_h3-1m-n1-c8-concurrent_write-r1-scylla\attempt-20260909T150201031Z\result.csv,388a4a9763f1a2cb1b75c583744c5596733a3ca53a7307cec1b5a2a481039774,797
C:\cassandra-scylla-benchmark\research-v3\results\short-v3\b_h3-1m-n1-c8-concurrent_write-r1-scylla\attempt-20260909T150201031Z\effective-config.json,3863fb3143bcfdcdbd8e1efebece3c052e8010f2191f73b5e97257d34451dc9b,877
C:\cassandra-scylla-benchmark\research-v3\results\short-v3\b_h3-1m-n1-c8-concurrent_write-r1-scylla\attempt-20260909T150201031Z\baseline.json,17bd46639441a3c449d36557cbbc60c509121bbed0be17ef04405c44b940a656,215
C:\cassandra-scylla-benchmark\research-v3\results\short-v3\b_h3-1m-n1-c8-concurrent_write-r1-scylla\attempt-20260909T150201031Z\resources.jsonl,96402e2d80ab4b5cd8110477aa75e2f88373fe5cd47203ca6e8496e2af026848,37861
C:\cassandra-scylla-benchmark\research-v3\results\short-v3\b_h3-1m-n1-c8-concurrent_write-r2-scylla\attempt-20260909T151201496Z\result.json,4ee811d337591d6f15c691679dfa972b8f2b81a79aa45d83ba20ba1735bbc7b0,2742
C:\cassandra-scylla-benchmark\research-v3\results\short-v3\b_h3-1m-n1-c8-concurrent_write-r2-scylla\attempt-20260909T151201496Z\result.csv,39569bfea899e565c3e9f4ad2bba840b5ac4e1df68bc183b0b5d1419f1843ed7,798
C:\cassandra-scylla-benchmark\research-v3\results\short-v3\b_h3-1m-n1-c8-concurrent_write-r2-scylla\attempt-20260909T151201496Z\effective-config.json,704b8c919a24a0bfda2cd33be61ce4f9713e02e69e04f4bad9a4a7375e1c36fa,877
C:\cassandra-scylla-benchmark\research-v3\results\short-v3\b_h3-1m-n1-c8-concurrent_write-r2-scylla\attempt-20260909T151201496Z\baseline.json,93ab67acf65cd6a045c04096e57b2f1da9dd6291831729e5677d3ca4d7cdd780,215
C:\cassandra-scylla-benchmark\research-v3\results\short-v3\b_h3-1m-n1-c8-concurrent_write-r2-scylla\attempt-20260909T151201496Z\resources.jsonl,deebb72f0e5b5629134972054de4139507130d4927b256829cd7f25b53077b92,37366
C:\cassandra-scylla-benchmark\research-v3\results\short-v3\b_h3-1m-n1-c8-concurrent_write-r3-scylla\attempt-20260909T152141808Z\result.json,6f94dad3ec8db20eb76723d4a4908746cedac1544f2070f97755f695a47117b9,2741
C:\cassandra-scylla-benchmark\research-v3\results\short-v3\b_h3-1m-n1-c8-concurrent_write-r3-scylla\attempt-20260909T152141808Z\result.csv,286b97915cd8e7d1114fa80d25e071a1fbb0c62902237fb983c66e89795a3749,797
C:\cassandra-scylla-benchmark\research-v3\results\short-v3\b_h3-1m-n1-c8-concurrent_write-r3-scylla\attempt-20260909T152141808Z\effective-config.json,56875abc80a806b366477630871c94a83c6204ed07e70fcc2456fdfa1861ff33,877
C:\cassandra-scylla-benchmark\research-v3\results\short-v3\b_h3-1m-n1-c8-concurrent_write-r3-scylla\attempt-20260909T152141808Z\baseline.json,62d975a3e736ec76ad70a8ecc445dc148b884f18a1beef985a789cb4881f5d18,215
C:\cassandra-scylla-benchmark\research-v3\results\short-v3\b_h3-1m-n1-c8-concurrent_write-r3-scylla\attempt-20260909T152141808Z\resources.jsonl,be5cadab9b0ef8626dc7696b28a184b614655270d12c6c5ee1b8b52088a767ce,37371
C:\cassandra-scylla-benchmark\research-v3\results\short-v3\b_h3-1m-n1-c8-read_single-r1-scylla\attempt-20260909T153115840Z\result.json,d41efff4e95768259c1b69b57e8c9d0e45e40f19599f8156cdb88d714b864ec2,2738
C:\cassandra-scylla-benchmark\research-v3\results\short-v3\b_h3-1m-n1-c8-read_single-r1-scylla\attempt-20260909T153115840Z\result.csv,9a343b46df405855448307e7f83148c0c326f03a3b1415076901ac9dea5a79fc,782
C:\cassandra-scylla-benchmark\research-v3\results\short-v3\b_h3-1m-n1-c8-read_single-r1-scylla\attempt-20260909T153115840Z\effective-config.json,29e3e31fc97b378af0c24df717b44f41cf1e996f6012a113c1384c7448b5de01,855
C:\cassandra-scylla-benchmark\research-v3\results\short-v3\b_h3-1m-n1-c8-read_single-r1-scylla\attempt-20260909T153115840Z\baseline.json,17bd46639441a3c449d36557cbbc60c509121bbed0be17ef04405c44b940a656,215
C:\cassandra-scylla-benchmark\research-v3\results\short-v3\b_h3-1m-n1-c8-read_single-r1-scylla\attempt-20260909T153115840Z\resources.jsonl,6f93e84b8ccde1009e03c81f3834ff39497827af04a722b396eaf87aa6d5c21e,27102
C:\cassandra-scylla-benchmark\research-v3\results\short-v3\b_h3-1m-n1-c8-read_single-r2-scylla\attempt-20260909T153812570Z\result.json,3ef9f7a6d49a5ec43c0d3f2a4b23c3552d184958de96e49f6499ad59eefe1dc3,2735
C:\cassandra-scylla-benchmark\research-v3\results\short-v3\b_h3-1m-n1-c8-read_single-r2-scylla\attempt-20260909T153812570Z\result.csv,ef9db1d5337619f5084ac32a7f40e222e590c3681fa2ee1839681864f46f73d3,782
C:\cassandra-scylla-benchmark\research-v3\results\short-v3\b_h3-1m-n1-c8-read_single-r2-scylla\attempt-20260909T153812570Z\effective-config.json,78c02c6651494c2234ee9a1d8e56e688400a4475cdabb67315c7685d8fdeb20b,855
C:\cassandra-scylla-benchmark\research-v3\results\short-v3\b_h3-1m-n1-c8-read_single-r2-scylla\attempt-20260909T153812570Z\baseline.json,d0e33d5ce771e09ff1729ecc2e6ab8f5a74dea57f56206205eea03830ad7cb9f,215
C:\cassandra-scylla-benchmark\research-v3\results\short-v3\b_h3-1m-n1-c8-read_single-r2-scylla\attempt-20260909T153812570Z\resources.jsonl,def52c7c922fefc788b954e37d969b066258c431d912e58f22a233eee6c50480,27065
C:\cassandra-scylla-benchmark\research-v3\results\short-v3\b_h3-1m-n1-c8-read_single-r3-scylla\attempt-20260909T154510187Z\result.json,15ad61f62e0aca109a72d3d6adbb4055f4fbcd772edf59826215a53444e58116,2740
C:\cassandra-scylla-benchmark\research-v3\results\short-v3\b_h3-1m-n1-c8-read_single-r3-scylla\attempt-20260909T154510187Z\result.csv,8245c03a6bed56dfe45a8c99351b3b1e106b9faa9ea21ee278aeba245acf4f79,783
C:\cassandra-scylla-benchmark\research-v3\results\short-v3\b_h3-1m-n1-c8-read_single-r3-scylla\attempt-20260909T154510187Z\effective-config.json,785c0ad3991f9c6c947240b8c2e194150b6e94d1a59ad8ecae788f805f4cc432,855
C:\cassandra-scylla-benchmark\research-v3\results\short-v3\b_h3-1m-n1-c8-read_single-r3-scylla\attempt-20260909T154510187Z\baseline.json,62d975a3e736ec76ad70a8ecc445dc148b884f18a1beef985a789cb4881f5d18,215
C:\cassandra-scylla-benchmark\research-v3\results\short-v3\b_h3-1m-n1-c8-read_single-r3-scylla\attempt-20260909T154510187Z\resources.jsonl,20294a080e2c46192b6e9fdafc862c96fedb9becbacbb248dad812a733eeedf7,27098
C:\cassandra-scylla-benchmark\research-v3\results\short-v3\b_h3-1m-n1-c32-concurrent_write-r1-scylla\attempt-20260909T155206804Z\result.json,36cc7133985d345de057c1c63cfa59faa3b98837c3a47424e487bce4bb5c7375,2747
C:\cassandra-scylla-benchmark\research-v3\results\short-v3\b_h3-1m-n1-c32-concurrent_write-r1-scylla\attempt-20260909T155206804Z\result.csv,6931da5c890c5b6c126fd2eaea1577f7d91a2fa9eb7ae9346a222ea63f303992,800
C:\cassandra-scylla-benchmark\research-v3\results\short-v3\b_h3-1m-n1-c32-concurrent_write-r1-scylla\attempt-20260909T155206804Z\effective-config.json,95c9abc0716d0fbdeff6bfca435827cbb7e337afc68105c954d64a78cdab45e4,880
C:\cassandra-scylla-benchmark\research-v3\results\short-v3\b_h3-1m-n1-c32-concurrent_write-r1-scylla\attempt-20260909T155206804Z\baseline.json,17bd46639441a3c449d36557cbbc60c509121bbed0be17ef04405c44b940a656,215
C:\cassandra-scylla-benchmark\research-v3\results\short-v3\b_h3-1m-n1-c32-concurrent_write-r1-scylla\attempt-20260909T155206804Z\resources.jsonl,fe94c54a1b35967af9e15cbdcd01c5d6d8fc9a56698df0cc4f8e6e9db7662788,37913
C:\cassandra-scylla-benchmark\research-v3\results\short-v3\b_h3-1m-n1-c32-concurrent_write-r2-scylla\attempt-20260909T160146284Z\result.json,d653425c3ea6041d9ef81f72010e16ed65111136a4f1892b24cbbf197bd274ec,2747
C:\cassandra-scylla-benchmark\research-v3\results\short-v3\b_h3-1m-n1-c32-concurrent_write-r2-scylla\attempt-20260909T160146284Z\result.csv,de4690027958764ec53e98a14ce7e91085d8558aa5c38e44454d4006570f6fb7,800
C:\cassandra-scylla-benchmark\research-v3\results\short-v3\b_h3-1m-n1-c32-concurrent_write-r2-scylla\attempt-20260909T160146284Z\effective-config.json,2e85f716c9969d24980c5e60a1a53c3e38052ee372d7f75bb0cff55561081892,880
C:\cassandra-scylla-benchmark\research-v3\results\short-v3\b_h3-1m-n1-c32-concurrent_write-r2-scylla\attempt-20260909T160146284Z\baseline.json,d0e33d5ce771e09ff1729ecc2e6ab8f5a74dea57f56206205eea03830ad7cb9f,215
C:\cassandra-scylla-benchmark\research-v3\results\short-v3\b_h3-1m-n1-c32-concurrent_write-r2-scylla\attempt-20260909T160146284Z\resources.jsonl,6d9df0a26334707e87d33ad936e96372c4614bc9a6ad4c0641d7551837542172,37899
C:\cassandra-scylla-benchmark\research-v3\results\short-v3\b_h3-1m-n1-c32-concurrent_write-r3-scylla\attempt-20260909T161126686Z\result.json,673b7f4da09d66a9ee5b0539f2bb8ce2daf0d3b19ae2bcf0d327a33b8c498513,2749
C:\cassandra-scylla-benchmark\research-v3\results\short-v3\b_h3-1m-n1-c32-concurrent_write-r3-scylla\attempt-20260909T161126686Z\result.csv,f8da5ed985b2a9d06393cd8f0fd5e476aa89335822c2b2a59c6a0d64a447b195,802
C:\cassandra-scylla-benchmark\research-v3\results\short-v3\b_h3-1m-n1-c32-concurrent_write-r3-scylla\attempt-20260909T161126686Z\effective-config.json,80f577ca8ad24d67eadbf1df06bb3cfed082050018d0973461826b9643cfcc5f,880
C:\cassandra-scylla-benchmark\research-v3\results\short-v3\b_h3-1m-n1-c32-concurrent_write-r3-scylla\attempt-20260909T161126686Z\baseline.json,a23fe2b085472e8f9563704295fa98fc82e03922df41f9778c08a896df52cde2,215
C:\cassandra-scylla-benchmark\research-v3\results\short-v3\b_h3-1m-n1-c32-concurrent_write-r3-scylla\attempt-20260909T161126686Z\resources.jsonl,5e5de7c2277c72c157264ca8a71397360b1e20641a5c5825f4be75f9de4777bb,37929
C:\cassandra-scylla-benchmark\research-v3\results\short-v3\b_h3-1m-n1-c32-read_single-r1-scylla\attempt-20260909T162105801Z\result.json,cc0162d352ca21afcc571bd880e8d5362b1c84db662cff7725239ee1a96507fc,2744
C:\cassandra-scylla-benchmark\research-v3\results\short-v3\b_h3-1m-n1-c32-read_single-r1-scylla\attempt-20260909T162105801Z\result.csv,b7eb6e2804982718800920e1730b0a2c3afe10d13a49a0a678c53a4962384020,783
C:\cassandra-scylla-benchmark\research-v3\results\short-v3\b_h3-1m-n1-c32-read_single-r1-scylla\attempt-20260909T162105801Z\effective-config.json,30a4560c7d6e8f3548e2ab76dada5f59d98f6d2083efb492ac056d10a209c024,858
C:\cassandra-scylla-benchmark\research-v3\results\short-v3\b_h3-1m-n1-c32-read_single-r1-scylla\attempt-20260909T162105801Z\baseline.json,3333547b910d15b27392251479bc37fad83e347e024c7622ca8b53728d17c377,215
C:\cassandra-scylla-benchmark\research-v3\results\short-v3\b_h3-1m-n1-c32-read_single-r1-scylla\attempt-20260909T162105801Z\resources.jsonl,3f9f986f759f83715b9ad4ab06c07e6117eb223928746bf4725b613671470c0e,27171
C:\cassandra-scylla-benchmark\research-v3\results\short-v3\b_h3-1m-n1-c32-read_single-r2-scylla\attempt-20260909T162802171Z\result.json,138b77b75476a8c00916eaeddd711f7b6d30191675def3a4edb42591b3686690,2750
C:\cassandra-scylla-benchmark\research-v3\results\short-v3\b_h3-1m-n1-c32-read_single-r2-scylla\attempt-20260909T162802171Z\result.csv,ed28a47c85cc932734cec5e74e487d48cd529ef88823e9860ed54bdeb01f8ea0,789
C:\cassandra-scylla-benchmark\research-v3\results\short-v3\b_h3-1m-n1-c32-read_single-r2-scylla\attempt-20260909T162802171Z\effective-config.json,d2048d0b18bd1115190e471b52a07ad2118504032bd2a28199b505ae59978c2e,858
C:\cassandra-scylla-benchmark\research-v3\results\short-v3\b_h3-1m-n1-c32-read_single-r2-scylla\attempt-20260909T162802171Z\baseline.json,8b2a84e37a0cc7f7da0443c14a286d90f4f2e2cb7c27cc5c8a52a9ecc2a7d2ea,215
C:\cassandra-scylla-benchmark\research-v3\results\short-v3\b_h3-1m-n1-c32-read_single-r2-scylla\attempt-20260909T162802171Z\resources.jsonl,f9060747d8b44507eb1490a374a15f00a11a96df25dab14f38deac2f96c041b6,27161
C:\cassandra-scylla-benchmark\research-v3\results\short-v3\b_h3-1m-n1-c32-read_single-r3-scylla\attempt-20260909T163458743Z\result.json,1d55d6dd1d6fecf1e4fd6e8bae499c35a632604ad0124547b66d3211e497b9bb,2741
C:\cassandra-scylla-benchmark\research-v3\results\short-v3\b_h3-1m-n1-c32-read_single-r3-scylla\attempt-20260909T163458743Z\result.csv,67199a4849d662badbc8e63ce7b25fece4250422140c2f67ad5bd3aec50470e0,784
C:\cassandra-scylla-benchmark\research-v3\results\short-v3\b_h3-1m-n1-c32-read_single-r3-scylla\attempt-20260909T163458743Z\effective-config.json,48eb03fb77e9a008e6c31f57a7d76e7d1da9bca1e1f272e067948b33b1a163ea,858
C:\cassandra-scylla-benchmark\research-v3\results\short-v3\b_h3-1m-n1-c32-read_single-r3-scylla\attempt-20260909T163458743Z\baseline.json,acf61a3f9eff639eb8351b6733e5733cd8c06fd94546d3f14d514225db90928d,215
C:\cassandra-scylla-benchmark\research-v3\results\short-v3\b_h3-1m-n1-c32-read_single-r3-scylla\attempt-20260909T163458743Z\resources.jsonl,7c6d44db7d39af43fc9517129fdb7ad289cc46c78e342504838abcff834c3f4a,27112
C:\cassandra-scylla-benchmark\research-v3\results\short-v3\b_h3-1m-n2-c8-concurrent_write-r1-scylla\attempt-20260909T164201538Z\result.json,d2c0a7dec64e599820da306aa3bea84ff4522569239edf8b23ef3330070d6413,2737
C:\cassandra-scylla-benchmark\research-v3\results\short-v3\b_h3-1m-n2-c8-concurrent_write-r1-scylla\attempt-20260909T164201538Z\result.csv,f92516852078ae8cc219eb75bdf23bcaa07cbf337ae054364ea50663f020e941,796
C:\cassandra-scylla-benchmark\research-v3\results\short-v3\b_h3-1m-n2-c8-concurrent_write-r1-scylla\attempt-20260909T164201538Z\effective-config.json,7a108b9fd4299e531dcd2fe3cc8000058f0c00e64a050b45a27ecd6218292d4b,877
C:\cassandra-scylla-benchmark\research-v3\results\short-v3\b_h3-1m-n2-c8-concurrent_write-r1-scylla\attempt-20260909T164201538Z\baseline.json,3333547b910d15b27392251479bc37fad83e347e024c7622ca8b53728d17c377,215
C:\cassandra-scylla-benchmark\research-v3\results\short-v3\b_h3-1m-n2-c8-concurrent_write-r1-scylla\attempt-20260909T164201538Z\resources.jsonl,922db294d01fa3822f65248db3bab3ea3bc259c20f87ce66cc020b833cc7c4d0,66155
C:\cassandra-scylla-benchmark\research-v3\results\short-v3\b_h3-1m-n2-c8-concurrent_write-r2-scylla\attempt-20260909T165403766Z\result.json,ee34bd12ef76b6e6f6448c244c25eeef13d16e08a4522f8947074a0953a50866,2741
C:\cassandra-scylla-benchmark\research-v3\results\short-v3\b_h3-1m-n2-c8-concurrent_write-r2-scylla\attempt-20260909T165403766Z\result.csv,01f471af80618815c28d2d0d269b4088f3d8118b792f069e12939c108bece8d1,800
C:\cassandra-scylla-benchmark\research-v3\results\short-v3\b_h3-1m-n2-c8-concurrent_write-r2-scylla\attempt-20260909T165403766Z\effective-config.json,04a66396d873adca3fceef2f9c54cad2e1f2ae0da83213fed92a5f2ba905e33e,877
C:\cassandra-scylla-benchmark\research-v3\results\short-v3\b_h3-1m-n2-c8-concurrent_write-r2-scylla\attempt-20260909T165403766Z\baseline.json,77c516b34dc9ffabe79e1cfb70028707fb55fccb7bf2e9fe49dcb5795db89eeb,215
C:\cassandra-scylla-benchmark\research-v3\results\short-v3\b_h3-1m-n2-c8-concurrent_write-r2-scylla\attempt-20260909T165403766Z\resources.jsonl,b23ffe7b68aeceb1b1d5586d12e59a5e61728c5ed87f202ca2785dbf593474c7,65605
C:\cassandra-scylla-benchmark\research-v3\results\short-v3\b_h3-1m-n2-c8-concurrent_write-r3-scylla\attempt-20260909T170522963Z\result.json,9e7d5e396a768a9f9cf68c0792eb4b18311e49a97077a7593fe6d0b376a48370,2743
C:\cassandra-scylla-benchmark\research-v3\results\short-v3\b_h3-1m-n2-c8-concurrent_write-r3-scylla\attempt-20260909T170522963Z\result.csv,665edae990bab84b1f0c157e432c0d65e424c35b0f1502e0eb2313c0b95f1e85,799
C:\cassandra-scylla-benchmark\research-v3\results\short-v3\b_h3-1m-n2-c8-concurrent_write-r3-scylla\attempt-20260909T170522963Z\effective-config.json,cf391db1c491f8ae2cedf61be0d937511b54314c952108c35a7867e9324f73f3,877
C:\cassandra-scylla-benchmark\research-v3\results\short-v3\b_h3-1m-n2-c8-concurrent_write-r3-scylla\attempt-20260909T170522963Z\baseline.json,a23fe2b085472e8f9563704295fa98fc82e03922df41f9778c08a896df52cde2,215
C:\cassandra-scylla-benchmark\research-v3\results\short-v3\b_h3-1m-n2-c8-concurrent_write-r3-scylla\attempt-20260909T170522963Z\resources.jsonl,bd2e7035e487c6901f80dc54316f10ed55b3b2df8ff6f3f82105c6248c99bf8f,65864
C:\cassandra-scylla-benchmark\research-v3\results\short-v3\b_h3-1m-n2-c8-read_single-r1-scylla\attempt-20260909T171641867Z\result.json,af9518a954be412ccddc2b7fa5aa4110b5b9d19130e10885569bc50643c09e36,2740
C:\cassandra-scylla-benchmark\research-v3\results\short-v3\b_h3-1m-n2-c8-read_single-r1-scylla\attempt-20260909T171641867Z\result.csv,e38291b4a88c69025a96953052f1c9ce58a9e73c936642fc3531c37a0ce494fc,784
C:\cassandra-scylla-benchmark\research-v3\results\short-v3\b_h3-1m-n2-c8-read_single-r1-scylla\attempt-20260909T171641867Z\effective-config.json,487b030cbf6abf581caf564dad99e2798643b5a961c7b0e190f08df1e266c54e,855
C:\cassandra-scylla-benchmark\research-v3\results\short-v3\b_h3-1m-n2-c8-read_single-r1-scylla\attempt-20260909T171641867Z\baseline.json,27025fdbc280a55b9d9acd423998810f3994d9af66f776b5f3a627ca1539734b,215
C:\cassandra-scylla-benchmark\research-v3\results\short-v3\b_h3-1m-n2-c8-read_single-r1-scylla\attempt-20260909T171641867Z\resources.jsonl,213df7e641dbf51701016a8f892207e99f21f2b74fecbd9e99486efbadfebc5f,46577
C:\cassandra-scylla-benchmark\research-v3\results\short-v3\b_h3-1m-n2-c8-read_single-r2-scylla\attempt-20260909T172445885Z\result.json,fdd22fc6763e3ec17b30c3af17c7302db393e0584f78e46b6a7ffd7abff52b2e,2735
C:\cassandra-scylla-benchmark\research-v3\results\short-v3\b_h3-1m-n2-c8-read_single-r2-scylla\attempt-20260909T172445885Z\result.csv,aa037e34ff55140a1f00e67ff711b0d583ea087a090c615ab8e8a7f933ba3e0e,781
C:\cassandra-scylla-benchmark\research-v3\results\short-v3\b_h3-1m-n2-c8-read_single-r2-scylla\attempt-20260909T172445885Z\effective-config.json,02f95cbc04eee2ee8465e6ed8e3e2d472a4e8ae1e0409ec9cc172ef99d51099a,855
C:\cassandra-scylla-benchmark\research-v3\results\short-v3\b_h3-1m-n2-c8-read_single-r2-scylla\attempt-20260909T172445885Z\baseline.json,82f581bcee9feebab36b079a582d5139349d509c3431533b79f8145cff44c93b,215
C:\cassandra-scylla-benchmark\research-v3\results\short-v3\b_h3-1m-n2-c8-read_single-r2-scylla\attempt-20260909T172445885Z\resources.jsonl,11e565e8787586b2d9a2ec651986ed398a221c6c8516cb9f385984b3d29c9dc9,44426
C:\cassandra-scylla-benchmark\research-v3\results\short-v3\b_h3-1m-n2-c8-read_single-r3-scylla\attempt-20260909T173228566Z\result.json,2622eeade1866a1f9754c5712771829194af134bfd88b03ad57741c762495e8e,2734
C:\cassandra-scylla-benchmark\research-v3\results\short-v3\b_h3-1m-n2-c8-read_single-r3-scylla\attempt-20260909T173228566Z\result.csv,6d02cfae3fd82b3b0b6f2297fe3e977aa49ffef6122003c407cda6a230dc1e5d,781
C:\cassandra-scylla-benchmark\research-v3\results\short-v3\b_h3-1m-n2-c8-read_single-r3-scylla\attempt-20260909T173228566Z\effective-config.json,948c13338ec20b57f88d0d8a251a9420e88bcae862748aa5a807540a975852dd,855
C:\cassandra-scylla-benchmark\research-v3\results\short-v3\b_h3-1m-n2-c8-read_single-r3-scylla\attempt-20260909T173228566Z\baseline.json,62d975a3e736ec76ad70a8ecc445dc148b884f18a1beef985a789cb4881f5d18,215
C:\cassandra-scylla-benchmark\research-v3\results\short-v3\b_h3-1m-n2-c8-read_single-r3-scylla\attempt-20260909T173228566Z\resources.jsonl,9c1aab20012ffebd3536c9626ac780f2da44e2d0372c9a8ff6f5053483aa62e8,45218
C:\cassandra-scylla-benchmark\research-v3\results\short-v3\b_h3-1m-n2-c32-concurrent_write-r1-scylla\attempt-20260909T174015468Z\result.json,5181893be811d3ed9017e51116bc888e2ca140c932f279673a1bba842bdb9032,2750
C:\cassandra-scylla-benchmark\research-v3\results\short-v3\b_h3-1m-n2-c32-concurrent_write-r1-scylla\attempt-20260909T174015468Z\result.csv,c5ee34dcc8680ec84e2ab23a5f8926f0a82fcd167f85c6e5a928c92eea6c607c,803
C:\cassandra-scylla-benchmark\research-v3\results\short-v3\b_h3-1m-n2-c32-concurrent_write-r1-scylla\attempt-20260909T174015468Z\effective-config.json,2e42832f265e008594a0979ed0ce848fafcb886cedf192bef742b819faabf660,880
C:\cassandra-scylla-benchmark\research-v3\results\short-v3\b_h3-1m-n2-c32-concurrent_write-r1-scylla\attempt-20260909T174015468Z\baseline.json,96b8af4b2b7cb1210ccf3d9ae85cb4acb65a1dfc43a87a6fc67cd537c5b18752,215
C:\cassandra-scylla-benchmark\research-v3\results\short-v3\b_h3-1m-n2-c32-concurrent_write-r1-scylla\attempt-20260909T174015468Z\resources.jsonl,b8bdce4af78bb0d4e2e82a3aef7506ab2a1ffa186f5b2337cbcea56d561fed90,66014
C:\cassandra-scylla-benchmark\research-v3\results\short-v3\b_h3-1m-n2-c32-concurrent_write-r2-scylla\attempt-20260909T175130522Z\result.json,d12a3a1911d19c1680c89649501c9a1c00acfd757dda6b24960e87957c91f55d,2746
C:\cassandra-scylla-benchmark\research-v3\results\short-v3\b_h3-1m-n2-c32-concurrent_write-r2-scylla\attempt-20260909T175130522Z\result.csv,e6e78497372e614976bfd73c5aee40dd9f9dda7d1352934c85a257e7041d52ec,799
C:\cassandra-scylla-benchmark\research-v3\results\short-v3\b_h3-1m-n2-c32-concurrent_write-r2-scylla\attempt-20260909T175130522Z\effective-config.json,8b0425770d40437e3df85e1e8b3847ff356d45cf92934c851a51715a53ab1d7f,880
C:\cassandra-scylla-benchmark\research-v3\results\short-v3\b_h3-1m-n2-c32-concurrent_write-r2-scylla\attempt-20260909T175130522Z\baseline.json,d0e33d5ce771e09ff1729ecc2e6ab8f5a74dea57f56206205eea03830ad7cb9f,215
C:\cassandra-scylla-benchmark\research-v3\results\short-v3\b_h3-1m-n2-c32-concurrent_write-r2-scylla\attempt-20260909T175130522Z\resources.jsonl,6378c8ebf28eb3bad72f11f847c49f42844aa5a8840c140a16541095b391f99c,64604
C:\cassandra-scylla-benchmark\research-v3\results\short-v3\b_h3-1m-n2-c32-concurrent_write-r3-scylla\attempt-20260909T180243670Z\result.json,4e06548880cacc75bcd2abd673a84e941e1cee9278240aca85fa9dab21360c29,2746
C:\cassandra-scylla-benchmark\research-v3\results\short-v3\b_h3-1m-n2-c32-concurrent_write-r3-scylla\attempt-20260909T180243670Z\result.csv,6c7117afea303dd1dc7dae6fa2677eb796ba4c6d5158b85e50edf2e245a5c4e7,799
C:\cassandra-scylla-benchmark\research-v3\results\short-v3\b_h3-1m-n2-c32-concurrent_write-r3-scylla\attempt-20260909T180243670Z\effective-config.json,7d54e117331800cbe8e98b811768c640c6b4bc03916dd3347487fa330534dd9c,880
C:\cassandra-scylla-benchmark\research-v3\results\short-v3\b_h3-1m-n2-c32-concurrent_write-r3-scylla\attempt-20260909T180243670Z\baseline.json,62d975a3e736ec76ad70a8ecc445dc148b884f18a1beef985a789cb4881f5d18,215
C:\cassandra-scylla-benchmark\research-v3\results\short-v3\b_h3-1m-n2-c32-concurrent_write-r3-scylla\attempt-20260909T180243670Z\resources.jsonl,212d9a1f540db15765a2f7772586c2786856f334072ef7c073be2a0316422ee2,65320
C:\cassandra-scylla-benchmark\research-v3\results\short-v3\b_h3-1m-n2-c32-read_single-r1-scylla\attempt-20260909T181402353Z\result.json,adf19221abeccc63c25d738bf2d62a9a44153f98392ffb246e21f670822acf0b,2743
C:\cassandra-scylla-benchmark\research-v3\results\short-v3\b_h3-1m-n2-c32-read_single-r1-scylla\attempt-20260909T181402353Z\result.csv,a2bbf82292cfb125df5cf5cc4217cd347825bc02686f78acabbd0921ced851a5,784
C:\cassandra-scylla-benchmark\research-v3\results\short-v3\b_h3-1m-n2-c32-read_single-r1-scylla\attempt-20260909T181402353Z\effective-config.json,7f393fd75415b5f3c663a3c26b22645330fa920c91dfdfd5d19f824381c26c43,858
C:\cassandra-scylla-benchmark\research-v3\results\short-v3\b_h3-1m-n2-c32-read_single-r1-scylla\attempt-20260909T181402353Z\baseline.json,a3306aaec46e148fa3b6840bfe05c1718b8c54900e3d2c5b4b7733452feaa036,215
C:\cassandra-scylla-benchmark\research-v3\results\short-v3\b_h3-1m-n2-c32-read_single-r1-scylla\attempt-20260909T181402353Z\resources.jsonl,f77ee9abe7039c3cf90b0d81a4bfec2db709dacb3624bc35cfb18d7743f6fc52,45302
C:\cassandra-scylla-benchmark\research-v3\results\short-v3\b_h3-1m-n2-c32-read_single-r2-scylla\attempt-20260909T182151477Z\result.json,3e3143a7429f0c181c50ec1c6b3ddba2571565217d6887ecf1ea2bfd650aff63,2746
C:\cassandra-scylla-benchmark\research-v3\results\short-v3\b_h3-1m-n2-c32-read_single-r2-scylla\attempt-20260909T182151477Z\result.csv,697f474f740771bcce2388134d1719df34ed19649f3d338a0a29e79b7d0aaa3a,786
C:\cassandra-scylla-benchmark\research-v3\results\short-v3\b_h3-1m-n2-c32-read_single-r2-scylla\attempt-20260909T182151477Z\effective-config.json,0e1f765f5c7b72ba61dbb4c753fb6afe4fc6375bc481654921a19dc7ccab0b49,858
C:\cassandra-scylla-benchmark\research-v3\results\short-v3\b_h3-1m-n2-c32-read_single-r2-scylla\attempt-20260909T182151477Z\baseline.json,720b8f5909b000e32e3df4d082623095961de715c87583f7034d494430f0d5c1,215
C:\cassandra-scylla-benchmark\research-v3\results\short-v3\b_h3-1m-n2-c32-read_single-r2-scylla\attempt-20260909T182151477Z\resources.jsonl,92ca81e54d74184d0afffe9f326bbcfae072d672dc8904a3945eec94db60e1e2,44614
C:\cassandra-scylla-benchmark\research-v3\results\short-v3\b_h3-1m-n2-c32-read_single-r3-scylla\attempt-20260909T182942912Z\result.json,cad3db9dd80abe44143345eee619f44e990a7e15a309ad089dbe63787d9d9382,2746
C:\cassandra-scylla-benchmark\research-v3\results\short-v3\b_h3-1m-n2-c32-read_single-r3-scylla\attempt-20260909T182942912Z\result.csv,efb0f5136050fadbd9f0fadc214357a33c23fedb96a3e01c5fea01e513f47079,786
C:\cassandra-scylla-benchmark\research-v3\results\short-v3\b_h3-1m-n2-c32-read_single-r3-scylla\attempt-20260909T182942912Z\effective-config.json,1ec6caf8725f10ec64e0ce067a4b043dfe26bf31ff343d9ecde331ade772969d,858
C:\cassandra-scylla-benchmark\research-v3\results\short-v3\b_h3-1m-n2-c32-read_single-r3-scylla\attempt-20260909T182942912Z\baseline.json,62d975a3e736ec76ad70a8ecc445dc148b884f18a1beef985a789cb4881f5d18,215
C:\cassandra-scylla-benchmark\research-v3\results\short-v3\b_h3-1m-n2-c32-read_single-r3-scylla\attempt-20260909T182942912Z\resources.jsonl,694d18478994912c364bafbdf35d015a33b7f7c78ff8718962520d32639b150f,49464
C:\cassandra-scylla-benchmark\research-v3\results\short-v3\a_h1_h2-1m-n3-c1-concurrent_write-r1-scylla\attempt-20260909T183834662Z\result.json,0240ce0abd07632e058d0e4b254e1c1891fece2f55c95afb8743418a0c867013,2753
C:\cassandra-scylla-benchmark\research-v3\results\short-v3\a_h1_h2-1m-n3-c1-concurrent_write-r1-scylla\attempt-20260909T183834662Z\result.csv,20b87bffa3e81c58abf06df29750701960be7fc9a44e512386c068d19fb791a5,800
C:\cassandra-scylla-benchmark\research-v3\results\short-v3\a_h1_h2-1m-n3-c1-concurrent_write-r1-scylla\attempt-20260909T183834662Z\effective-config.json,95791505a87bdf3634c0512e05b87d954fc3b6270df09eb074a35db6e6508fcc,889
C:\cassandra-scylla-benchmark\research-v3\results\short-v3\a_h1_h2-1m-n3-c1-concurrent_write-r1-scylla\attempt-20260909T183834662Z\baseline.json,f61d5ff06832460f7a69f91699a70ee3f7a716b645e743e8ec86f97a112c5e84,215
C:\cassandra-scylla-benchmark\research-v3\results\short-v3\a_h1_h2-1m-n3-c1-concurrent_write-r1-scylla\attempt-20260909T183834662Z\resources.jsonl,5b3cb13af9464e2c5c658ec79c95fd68ff9ae1fdb4ec417841ad173007bbd61a,105795
C:\cassandra-scylla-benchmark\research-v3\results\short-v3\a_h1_h2-1m-n3-c1-concurrent_write-r2-scylla\attempt-20260909T185207829Z\result.json,3be38c7ee91091cd2f60b489a816417b8cfc0759a10f4e047f4d029ab8125c4c,2751
C:\cassandra-scylla-benchmark\research-v3\results\short-v3\a_h1_h2-1m-n3-c1-concurrent_write-r2-scylla\attempt-20260909T185207829Z\result.csv,b4b76b6f96fe7b6055aa7ee3742e465437373abfa41695b6e468dcb5acedc8a8,798
C:\cassandra-scylla-benchmark\research-v3\results\short-v3\a_h1_h2-1m-n3-c1-concurrent_write-r2-scylla\attempt-20260909T185207829Z\effective-config.json,8544afb10fe023b3974b96d4233b0a94eae6151953033a2e756d57b01870285f,889
C:\cassandra-scylla-benchmark\research-v3\results\short-v3\a_h1_h2-1m-n3-c1-concurrent_write-r2-scylla\attempt-20260909T185207829Z\baseline.json,eefb4495e9303539037c9979b3aef47c2adb6538c6a280ca3c100cd5c28d5894,215
C:\cassandra-scylla-benchmark\research-v3\results\short-v3\a_h1_h2-1m-n3-c1-concurrent_write-r2-scylla\attempt-20260909T185207829Z\resources.jsonl,5cdacd43d60a51f38696766f447903c966b50aa3571a3f82e3a84ce197abc7a7,105540
C:\cassandra-scylla-benchmark\research-v3\results\short-v3\a_h1_h2-1m-n3-c1-concurrent_write-r3-scylla\attempt-20260909T190517196Z\result.json,22061657333a105db45ed98dd4f6209481fcae51d19288ace21d67d6498f303d,2750
C:\cassandra-scylla-benchmark\research-v3\results\short-v3\a_h1_h2-1m-n3-c1-concurrent_write-r3-scylla\attempt-20260909T190517196Z\result.csv,6f90b4f0c45d386f35bfb42c7fd345d77e85694a1512a75b9b361f0006fc3829,800
C:\cassandra-scylla-benchmark\research-v3\results\short-v3\a_h1_h2-1m-n3-c1-concurrent_write-r3-scylla\attempt-20260909T190517196Z\effective-config.json,8b7f2a29a02fb102c25e25fba8211b5988786dd74d9aa79406aca597d52132f5,889
C:\cassandra-scylla-benchmark\research-v3\results\short-v3\a_h1_h2-1m-n3-c1-concurrent_write-r3-scylla\attempt-20260909T190517196Z\baseline.json,c372910fbf4aff0029787ba43e7509f05e66e071914917a9e6ebeebbc495153b,215
C:\cassandra-scylla-benchmark\research-v3\results\short-v3\a_h1_h2-1m-n3-c1-concurrent_write-r3-scylla\attempt-20260909T190517196Z\resources.jsonl,1805ee990d720cbb0161f13c1bf5f0864fb8fba70097a1745446a2fd51686559,105572
C:\cassandra-scylla-benchmark\research-v3\results\short-v3\a_h1_h2-1m-n3-c1-read_single-r1-scylla\attempt-20260909T191824852Z\result.json,35847e46d74ed2eb6662806bd441b993e2fcca1d3df981f7aa250a061aeef124,2747
C:\cassandra-scylla-benchmark\research-v3\results\short-v3\a_h1_h2-1m-n3-c1-read_single-r1-scylla\attempt-20260909T191824852Z\result.csv,4ca8981c5079aa66637e49ef5124d5471030e9877c6587f24152f90ddb8ebcf1,785
C:\cassandra-scylla-benchmark\research-v3\results\short-v3\a_h1_h2-1m-n3-c1-read_single-r1-scylla\attempt-20260909T191824852Z\effective-config.json,9a3ea37912ca0e53cefe7b30492276fee3b05f6a6de4e4f127aae703318ab3b7,867
C:\cassandra-scylla-benchmark\research-v3\results\short-v3\a_h1_h2-1m-n3-c1-read_single-r1-scylla\attempt-20260909T191824852Z\baseline.json,3333547b910d15b27392251479bc37fad83e347e024c7622ca8b53728d17c377,215
C:\cassandra-scylla-benchmark\research-v3\results\short-v3\a_h1_h2-1m-n3-c1-read_single-r1-scylla\attempt-20260909T191824852Z\resources.jsonl,f7d602bd44457183ee88dce9ddeec5b7b3c42d1dadb9583c4adbb83c5395945b,69968
C:\cassandra-scylla-benchmark\research-v3\results\short-v3\a_h1_h2-1m-n3-c1-read_single-r2-scylla\attempt-20260909T192707875Z\result.json,1b9c3e1c5546984887ff30ddccaaa1cb18b96b5f9a54f6fb3a0633e4f0c2df60,2749
C:\cassandra-scylla-benchmark\research-v3\results\short-v3\a_h1_h2-1m-n3-c1-read_single-r2-scylla\attempt-20260909T192707875Z\result.csv,ce55cca8f04d96b18b205be5d524ba43689cd152cd2110f2e25c5950ae399700,787
C:\cassandra-scylla-benchmark\research-v3\results\short-v3\a_h1_h2-1m-n3-c1-read_single-r2-scylla\attempt-20260909T192707875Z\effective-config.json,67852fd8feabc4d0d8448eafb28ace79882745abf5065c63e99c467b5cf7f2b3,867
C:\cassandra-scylla-benchmark\research-v3\results\short-v3\a_h1_h2-1m-n3-c1-read_single-r2-scylla\attempt-20260909T192707875Z\baseline.json,d0e33d5ce771e09ff1729ecc2e6ab8f5a74dea57f56206205eea03830ad7cb9f,215
C:\cassandra-scylla-benchmark\research-v3\results\short-v3\a_h1_h2-1m-n3-c1-read_single-r2-scylla\attempt-20260909T192707875Z\resources.jsonl,952d2221b60a0e69a2fb209dedf4f1f35c1c2b5336f8a4dda922bdf45b0990f2,69933
C:\cassandra-scylla-benchmark\research-v3\results\short-v3\a_h1_h2-1m-n3-c1-read_single-r3-scylla\attempt-20260909T193552601Z\result.json,eafa2b871f265f21425dc8f52681c26461dfd7368099713f52ba1461e47ab56f,2750
C:\cassandra-scylla-benchmark\research-v3\results\short-v3\a_h1_h2-1m-n3-c1-read_single-r3-scylla\attempt-20260909T193552601Z\result.csv,3162b0d006616e73e985af29c1870893eb9a029da6aca5953461b6ab7d3733f1,785
C:\cassandra-scylla-benchmark\research-v3\results\short-v3\a_h1_h2-1m-n3-c1-read_single-r3-scylla\attempt-20260909T193552601Z\effective-config.json,cef3042225017526f338a9109857e6ebaa8992bdd050044a3bc67981086a622b,867
C:\cassandra-scylla-benchmark\research-v3\results\short-v3\a_h1_h2-1m-n3-c1-read_single-r3-scylla\attempt-20260909T193552601Z\baseline.json,a23fe2b085472e8f9563704295fa98fc82e03922df41f9778c08a896df52cde2,215
C:\cassandra-scylla-benchmark\research-v3\results\short-v3\a_h1_h2-1m-n3-c1-read_single-r3-scylla\attempt-20260909T193552601Z\resources.jsonl,25fed53711b01e11e424ea74527fe6c8aa51f70712e491e5c7e2a9bb42af9970,69843
C:\cassandra-scylla-benchmark\research-v3\results\short-v3\a_h1_h2-1m-n3-c8-concurrent_write-r1-scylla\attempt-20260909T194436754Z\result.json,fbf3d252a0ef5a2aa05f585d257ffb26bd0d012dc91bc68d0353b997dc2a4d30,2756
C:\cassandra-scylla-benchmark\research-v3\results\short-v3\a_h1_h2-1m-n3-c8-concurrent_write-r1-scylla\attempt-20260909T194436754Z\result.csv,7d46905c694f3804e70ec48bb4b8e50ab0db1e9a3c96b0f7daff4117890dfd2e,803
C:\cassandra-scylla-benchmark\research-v3\results\short-v3\a_h1_h2-1m-n3-c8-concurrent_write-r1-scylla\attempt-20260909T194436754Z\effective-config.json,a9ad2ea77682bdcc5d7b02398b6a9d5bebe92d4f86dd61dfdfb0ae04dd9af98d,889
C:\cassandra-scylla-benchmark\research-v3\results\short-v3\a_h1_h2-1m-n3-c8-concurrent_write-r1-scylla\attempt-20260909T194436754Z\baseline.json,17bd46639441a3c449d36557cbbc60c509121bbed0be17ef04405c44b940a656,215
C:\cassandra-scylla-benchmark\research-v3\results\short-v3\a_h1_h2-1m-n3-c8-concurrent_write-r1-scylla\attempt-20260909T194436754Z\resources.jsonl,a1f8c62159c918390207b5fad3217fa7b55410821b70efb7b5e52c6f448d5e51,105575
C:\cassandra-scylla-benchmark\research-v3\results\short-v3\a_h1_h2-1m-n3-c8-concurrent_write-r2-scylla\attempt-20260909T195748686Z\result.json,32dee861f57ba7846bf6decd4e22a6a2cc2473c19e1529c6001e80de30d84651,2756
C:\cassandra-scylla-benchmark\research-v3\results\short-v3\a_h1_h2-1m-n3-c8-concurrent_write-r2-scylla\attempt-20260909T195748686Z\result.csv,3860659727c8dd419d3b96cccbe4c6ccf11a61ab76217aee221d5f97023fe8a2,803
C:\cassandra-scylla-benchmark\research-v3\results\short-v3\a_h1_h2-1m-n3-c8-concurrent_write-r2-scylla\attempt-20260909T195748686Z\effective-config.json,9910158d8cdee9ea45f44a6a0af196d14ea1e22ee5f86a55993e8b98abf633e1,889
C:\cassandra-scylla-benchmark\research-v3\results\short-v3\a_h1_h2-1m-n3-c8-concurrent_write-r2-scylla\attempt-20260909T195748686Z\baseline.json,77c516b34dc9ffabe79e1cfb70028707fb55fccb7bf2e9fe49dcb5795db89eeb,215
C:\cassandra-scylla-benchmark\research-v3\results\short-v3\a_h1_h2-1m-n3-c8-concurrent_write-r2-scylla\attempt-20260909T195748686Z\resources.jsonl,d665c5b8d9398cf63715f967f6a3adfb5809551fa86d2a60ecba9500f5b5497e,105554
C:\cassandra-scylla-benchmark\research-v3\results\short-v3\a_h1_h2-1m-n3-c8-concurrent_write-r3-scylla\attempt-20260909T201059186Z\result.json,3cef7ad0ed7b69f21d94561db09860811be816fd1610b6ce2eeaed1fbc0c6ebc,2755
C:\cassandra-scylla-benchmark\research-v3\results\short-v3\a_h1_h2-1m-n3-c8-concurrent_write-r3-scylla\attempt-20260909T201059186Z\result.csv,64d483a700acb910caf7fe879b3e9a277cd409c0ddd403fed6662981f5f33f97,802
C:\cassandra-scylla-benchmark\research-v3\results\short-v3\a_h1_h2-1m-n3-c8-concurrent_write-r3-scylla\attempt-20260909T201059186Z\effective-config.json,55be6ecea771494644f3f8428ac57f39fda9e5394ed34ab4033d1217357fc044,889
C:\cassandra-scylla-benchmark\research-v3\results\short-v3\a_h1_h2-1m-n3-c8-concurrent_write-r3-scylla\attempt-20260909T201059186Z\baseline.json,62d975a3e736ec76ad70a8ecc445dc148b884f18a1beef985a789cb4881f5d18,215
C:\cassandra-scylla-benchmark\research-v3\results\short-v3\a_h1_h2-1m-n3-c8-concurrent_write-r3-scylla\attempt-20260909T201059186Z\resources.jsonl,047ea156fbeda84066b3bca4a07ca830c0afb6a8ccc3387cd7835b6f877200e3,104658
C:\cassandra-scylla-benchmark\research-v3\results\short-v3\a_h1_h2-1m-n3-c8-read_single-r1-scylla\attempt-20260909T202404330Z\result.json,f28d6639d7d163d294d4999db7c950b902b46b80c4594396fda57a2b1b0a8512,2750
C:\cassandra-scylla-benchmark\research-v3\results\short-v3\a_h1_h2-1m-n3-c8-read_single-r1-scylla\attempt-20260909T202404330Z\result.csv,5daec7b110d10f1be97575ae86401f44c602e4623f131fe05e08bb70c8977bf9,784
C:\cassandra-scylla-benchmark\research-v3\results\short-v3\a_h1_h2-1m-n3-c8-read_single-r1-scylla\attempt-20260909T202404330Z\effective-config.json,81bf8f3d923f83072e64d0042b521caf05cbad2c2083b74a7e82e83ae534cf84,867
C:\cassandra-scylla-benchmark\research-v3\results\short-v3\a_h1_h2-1m-n3-c8-read_single-r1-scylla\attempt-20260909T202404330Z\baseline.json,17bd46639441a3c449d36557cbbc60c509121bbed0be17ef04405c44b940a656,215
C:\cassandra-scylla-benchmark\research-v3\results\short-v3\a_h1_h2-1m-n3-c8-read_single-r1-scylla\attempt-20260909T202404330Z\resources.jsonl,64eb2d0429e43a0546b055d2134e8216bc9351dfc99c5a3f214c588f07e1ed69,69989
C:\cassandra-scylla-benchmark\research-v3\results\short-v3\a_h1_h2-1m-n3-c8-read_single-r2-scylla\attempt-20260909T203251758Z\result.json,074b88be0ad7bbd6ae53034e8c7ea323ae778369a0dcb0be469dc848eeee1b14,2752
C:\cassandra-scylla-benchmark\research-v3\results\short-v3\a_h1_h2-1m-n3-c8-read_single-r2-scylla\attempt-20260909T203251758Z\result.csv,6ad3ce7568ce16de021869913bbf46c914d0c0f061d305b951a122fdba6ab485,786
C:\cassandra-scylla-benchmark\research-v3\results\short-v3\a_h1_h2-1m-n3-c8-read_single-r2-scylla\attempt-20260909T203251758Z\effective-config.json,d7b93a2d2f7bfb745122fbcb4924ee9ec3eee87b8a384ad708e894ccffaa6124,867
C:\cassandra-scylla-benchmark\research-v3\results\short-v3\a_h1_h2-1m-n3-c8-read_single-r2-scylla\attempt-20260909T203251758Z\baseline.json,d0e33d5ce771e09ff1729ecc2e6ab8f5a74dea57f56206205eea03830ad7cb9f,215
C:\cassandra-scylla-benchmark\research-v3\results\short-v3\a_h1_h2-1m-n3-c8-read_single-r2-scylla\attempt-20260909T203251758Z\resources.jsonl,2db261bf37c84998adf69f2fee048c1506d71629006f37ff608d34fb1c32ac88,69955
C:\cassandra-scylla-benchmark\research-v3\results\short-v3\a_h1_h2-1m-n3-c8-read_single-r3-scylla\attempt-20260909T204139349Z\result.json,7088dd1991f36c1f0449ef744c141b198c0f31c490cb4f1083f110280734952c,2746
C:\cassandra-scylla-benchmark\research-v3\results\short-v3\a_h1_h2-1m-n3-c8-read_single-r3-scylla\attempt-20260909T204139349Z\result.csv,03e2a9a4398f3d9e00305e85cce44100b7383b44681a74e90503338b3d12cce0,786
C:\cassandra-scylla-benchmark\research-v3\results\short-v3\a_h1_h2-1m-n3-c8-read_single-r3-scylla\attempt-20260909T204139349Z\effective-config.json,e7fc9df9a86228af3b56fba8a83e28718ad909c963c806e42b3b56caf116abc0,867
C:\cassandra-scylla-benchmark\research-v3\results\short-v3\a_h1_h2-1m-n3-c8-read_single-r3-scylla\attempt-20260909T204139349Z\baseline.json,a23fe2b085472e8f9563704295fa98fc82e03922df41f9778c08a896df52cde2,215
C:\cassandra-scylla-benchmark\research-v3\results\short-v3\a_h1_h2-1m-n3-c8-read_single-r3-scylla\attempt-20260909T204139349Z\resources.jsonl,198ac9ed9cd863c7fde33ac6147633d115869aedb065735ede0d8ab8157891f5,70907
C:\cassandra-scylla-benchmark\research-v3\results\short-v3\a_h1_h2-1m-n3-c32-concurrent_write-r1-scylla\attempt-20260909T205035040Z\result.json,d9a53636630b8d176f173cc10e6bfd357683ad3e22e729cc1b355ae2207da499,2759
C:\cassandra-scylla-benchmark\research-v3\results\short-v3\a_h1_h2-1m-n3-c32-concurrent_write-r1-scylla\attempt-20260909T205035040Z\result.csv,3c5767b2ae1fd0a5bcaba710f379747be33d29b5f5f915a73ef6d9120c68f484,803
C:\cassandra-scylla-benchmark\research-v3\results\short-v3\a_h1_h2-1m-n3-c32-concurrent_write-r1-scylla\attempt-20260909T205035040Z\effective-config.json,9452accc32bd6333b1931ea19760edff2eb2cfe3076c06ef304a3481cfa9cf65,892
C:\cassandra-scylla-benchmark\research-v3\results\short-v3\a_h1_h2-1m-n3-c32-concurrent_write-r1-scylla\attempt-20260909T205035040Z\baseline.json,96b8af4b2b7cb1210ccf3d9ae85cb4acb65a1dfc43a87a6fc67cd537c5b18752,215
C:\cassandra-scylla-benchmark\research-v3\results\short-v3\a_h1_h2-1m-n3-c32-concurrent_write-r1-scylla\attempt-20260909T205035040Z\resources.jsonl,cbe34b922fe451b18e0419b119924b49e2ea6459c10ce134f5688e588e85fe86,106630
C:\cassandra-scylla-benchmark\research-v3\results\short-v3\a_h1_h2-1m-n3-c32-concurrent_write-r2-scylla\attempt-20260909T210353202Z\result.json,f868d5f0eff1f663087e0b36220d5463064ef73ddca8b9cab84cc11cab461ce7,2754
C:\cassandra-scylla-benchmark\research-v3\results\short-v3\a_h1_h2-1m-n3-c32-concurrent_write-r2-scylla\attempt-20260909T210353202Z\result.csv,a39b88f405edeb02480bb44822e56df0b8a7f953b2b8932dad8a7b496a42a357,804
C:\cassandra-scylla-benchmark\research-v3\results\short-v3\a_h1_h2-1m-n3-c32-concurrent_write-r2-scylla\attempt-20260909T210353202Z\effective-config.json,6ffa54593a6d59e75b288855205698f2f89bb8fd396e2a8b5b833be88157e1d0,892
C:\cassandra-scylla-benchmark\research-v3\results\short-v3\a_h1_h2-1m-n3-c32-concurrent_write-r2-scylla\attempt-20260909T210353202Z\baseline.json,36991d867eea9042ad668041bc28fe71a7650c054ea570aee08fbf6e8de26eb1,215
C:\cassandra-scylla-benchmark\research-v3\results\short-v3\a_h1_h2-1m-n3-c32-concurrent_write-r2-scylla\attempt-20260909T210353202Z\resources.jsonl,decfb2d9b4eedc029e2c169a635e87f3d3d36a53a5d39f3dbd3bfc71150d46ab,104519
C:\cassandra-scylla-benchmark\research-v3\results\short-v3\a_h1_h2-1m-n3-c32-concurrent_write-r3-scylla\attempt-20260909T211656614Z\result.json,07dfc0de6633361a209edf613379d5d6517b7d55bdf310567f0b30284e26f7ac,2762
C:\cassandra-scylla-benchmark\research-v3\results\short-v3\a_h1_h2-1m-n3-c32-concurrent_write-r3-scylla\attempt-20260909T211656614Z\result.csv,c48328f864d36b0406569c58bd03aad5c431db63f5b786a1e52677139592fd3d,806
C:\cassandra-scylla-benchmark\research-v3\results\short-v3\a_h1_h2-1m-n3-c32-concurrent_write-r3-scylla\attempt-20260909T211656614Z\effective-config.json,4eb349c03f4bd979f08d3030f4053bdc8d54e8e0582f30410e33f8d9a292cd3f,892
C:\cassandra-scylla-benchmark\research-v3\results\short-v3\a_h1_h2-1m-n3-c32-concurrent_write-r3-scylla\attempt-20260909T211656614Z\baseline.json,c372910fbf4aff0029787ba43e7509f05e66e071914917a9e6ebeebbc495153b,215
C:\cassandra-scylla-benchmark\research-v3\results\short-v3\a_h1_h2-1m-n3-c32-concurrent_write-r3-scylla\attempt-20260909T211656614Z\resources.jsonl,361e8001f408ad39226cd3c6a8f59efee5d12cd023be96173a1f732e5e6cf15d,105351
C:\cassandra-scylla-benchmark\research-v3\results\short-v3\a_h1_h2-1m-n3-c32-read_single-r1-scylla\attempt-20260909T213007624Z\result.json,620e0150543186655aca76125f2c5a76aa310ff67b42062a697c641d0ddd1307,2758
C:\cassandra-scylla-benchmark\research-v3\results\short-v3\a_h1_h2-1m-n3-c32-read_single-r1-scylla\attempt-20260909T213007624Z\result.csv,a92e11b4b8bb5a400c3385d959f9c2aebf400dedccd804cd94d23e7293d9fa66,789
C:\cassandra-scylla-benchmark\research-v3\results\short-v3\a_h1_h2-1m-n3-c32-read_single-r1-scylla\attempt-20260909T213007624Z\effective-config.json,b6762762dc3336939634fda091d60e213e996127c3ede602e460ff4c078f45cf,870
C:\cassandra-scylla-benchmark\research-v3\results\short-v3\a_h1_h2-1m-n3-c32-read_single-r1-scylla\attempt-20260909T213007624Z\baseline.json,3333547b910d15b27392251479bc37fad83e347e024c7622ca8b53728d17c377,215
C:\cassandra-scylla-benchmark\research-v3\results\short-v3\a_h1_h2-1m-n3-c32-read_single-r1-scylla\attempt-20260909T213007624Z\resources.jsonl,9549f72bbf594d21c591268d14a8945463b21094bb3771e0104096c3a7a183bb,69755
C:\cassandra-scylla-benchmark\research-v3\results\short-v3\a_h1_h2-1m-n3-c32-read_single-r2-scylla\attempt-20260909T213855413Z\result.json,49105ebf2829dbbe58019be8276a7df15b3c2bb62f907c1ab2d3951e5dcadab5,2757
C:\cassandra-scylla-benchmark\research-v3\results\short-v3\a_h1_h2-1m-n3-c32-read_single-r2-scylla\attempt-20260909T213855413Z\result.csv,14a28b13e393c5814913e2da75770a5bf4a3b4e3536c8dd8d3d11ee7a4b99f26,788
C:\cassandra-scylla-benchmark\research-v3\results\short-v3\a_h1_h2-1m-n3-c32-read_single-r2-scylla\attempt-20260909T213855413Z\effective-config.json,a1e97ecddaf99b538a368b9add63b9826b3edb3a3862a2f358e5ac9ebc92847b,870
C:\cassandra-scylla-benchmark\research-v3\results\short-v3\a_h1_h2-1m-n3-c32-read_single-r2-scylla\attempt-20260909T213855413Z\baseline.json,8b2a84e37a0cc7f7da0443c14a286d90f4f2e2cb7c27cc5c8a52a9ecc2a7d2ea,215
C:\cassandra-scylla-benchmark\research-v3\results\short-v3\a_h1_h2-1m-n3-c32-read_single-r2-scylla\attempt-20260909T213855413Z\resources.jsonl,ad959702f7d234397df21db1da719f938ffb9ff4dea87a19ad9d10b02d34a1ce,69808
C:\cassandra-scylla-benchmark\research-v3\results\short-v3\a_h1_h2-1m-n3-c32-read_single-r3-scylla\attempt-20260909T214744659Z\result.json,d5c25ab8f56ff989d4bc144f5ceb9c35179b73f72457b9e31a50935eec02b64e,2755
C:\cassandra-scylla-benchmark\research-v3\results\short-v3\a_h1_h2-1m-n3-c32-read_single-r3-scylla\attempt-20260909T214744659Z\result.csv,afa75503b62e0f4ab6b117e691a50b5dcdffe8dcf8d3d6758c327559c36a4afd,791
C:\cassandra-scylla-benchmark\research-v3\results\short-v3\a_h1_h2-1m-n3-c32-read_single-r3-scylla\attempt-20260909T214744659Z\effective-config.json,30596b638ae49d1c2ee1f3e30540e8e7edeb49007e97015d30ba9ce39369016b,870
C:\cassandra-scylla-benchmark\research-v3\results\short-v3\a_h1_h2-1m-n3-c32-read_single-r3-scylla\attempt-20260909T214744659Z\baseline.json,4e71b2b62a5f7eb9012102f9abdafbae922a5fd5e5195dbc899963a2ac042bb4,215
C:\cassandra-scylla-benchmark\research-v3\results\short-v3\a_h1_h2-1m-n3-c32-read_single-r3-scylla\attempt-20260909T214744659Z\resources.jsonl,71a00d05e6ad34c629bbcf5644c63314905e2aa6953403507aeb23f01161a740,69782
C:\cassandra-scylla-benchmark\research-v3\results\short-v3\a_h1_h2-1m-n3-c128-concurrent_write-r1-scylla\attempt-20260909T215632273Z\result.json,5f7b2aebbd9ff108a7f2755c903de058643a68e2c8ea11a6b5bc444b49294af5,2765
C:\cassandra-scylla-benchmark\research-v3\results\short-v3\a_h1_h2-1m-n3-c128-concurrent_write-r1-scylla\attempt-20260909T215632273Z\result.csv,aae18773f608c86aa162ecb68808990eae8845502bdfa8524aeb94ceeecdd888,807
C:\cassandra-scylla-benchmark\research-v3\results\short-v3\a_h1_h2-1m-n3-c128-concurrent_write-r1-scylla\attempt-20260909T215632273Z\effective-config.json,5ab8509e1bccbc4381083d00d089d7462419677e4eea70c361b2223012493196,895
C:\cassandra-scylla-benchmark\research-v3\results\short-v3\a_h1_h2-1m-n3-c128-concurrent_write-r1-scylla\attempt-20260909T215632273Z\baseline.json,48f9657cd29396487bbec6fab90f975141a803b70826b9494559e3c25010709d,215
C:\cassandra-scylla-benchmark\research-v3\results\short-v3\a_h1_h2-1m-n3-c128-concurrent_write-r1-scylla\attempt-20260909T215632273Z\resources.jsonl,c58a442e45c46f0e06e6f4daeae1ce39e0914b2fc1bae1a4b6cf7b6e5846ae60,105261
C:\cassandra-scylla-benchmark\research-v3\results\short-v3\a_h1_h2-1m-n3-c128-concurrent_write-r2-scylla\attempt-20260909T220948438Z\result.json,4c2ed457723bfaadd0bcc9c35f3cbcb9163cf8c89ebffdc92647596d116aab17,2767
C:\cassandra-scylla-benchmark\research-v3\results\short-v3\a_h1_h2-1m-n3-c128-concurrent_write-r2-scylla\attempt-20260909T220948438Z\result.csv,dccf84424f74be421fc3198253047f44edf91e73544f638e33ff1112efd6f8a4,809
C:\cassandra-scylla-benchmark\research-v3\results\short-v3\a_h1_h2-1m-n3-c128-concurrent_write-r2-scylla\attempt-20260909T220948438Z\effective-config.json,83947a87a44f6b3584ad026531773441b5fdb7f4f08e67c6d3a12d1c76f45820,895
C:\cassandra-scylla-benchmark\research-v3\results\short-v3\a_h1_h2-1m-n3-c128-concurrent_write-r2-scylla\attempt-20260909T220948438Z\baseline.json,eefb4495e9303539037c9979b3aef47c2adb6538c6a280ca3c100cd5c28d5894,215
C:\cassandra-scylla-benchmark\research-v3\results\short-v3\a_h1_h2-1m-n3-c128-concurrent_write-r2-scylla\attempt-20260909T220948438Z\resources.jsonl,892a1a5dee5f8427137b4762796babf7bbc4a9547bc91032f3eff8dd4f5179fd,105302
C:\cassandra-scylla-benchmark\research-v3\results\short-v3\a_h1_h2-1m-n3-c128-concurrent_write-r3-scylla\attempt-20260909T222259114Z\result.json,f4214d7120d3848627dcd138dfd82d87a24f54a941ab7392d720bccff8570a99,2764
C:\cassandra-scylla-benchmark\research-v3\results\short-v3\a_h1_h2-1m-n3-c128-concurrent_write-r3-scylla\attempt-20260909T222259114Z\result.csv,9af84736aadfc2321f9d52b5f141a651aa2e16f3a898ea0d9edc162801bb613b,809
C:\cassandra-scylla-benchmark\research-v3\results\short-v3\a_h1_h2-1m-n3-c128-concurrent_write-r3-scylla\attempt-20260909T222259114Z\effective-config.json,390fda09072600ebb019dae9fc4ff814988bdbaf8bd46b841fb5b81803ac101a,895
C:\cassandra-scylla-benchmark\research-v3\results\short-v3\a_h1_h2-1m-n3-c128-concurrent_write-r3-scylla\attempt-20260909T222259114Z\baseline.json,acf61a3f9eff639eb8351b6733e5733cd8c06fd94546d3f14d514225db90928d,215
C:\cassandra-scylla-benchmark\research-v3\results\short-v3\a_h1_h2-1m-n3-c128-concurrent_write-r3-scylla\attempt-20260909T222259114Z\resources.jsonl,32f7890c08871aa3068da307f715771b6d11db2242bf4a7f5ea0f650e722fcff,106206
C:\cassandra-scylla-benchmark\research-v3\results\short-v3\a_h1_h2-1m-n3-c128-read_single-r1-scylla\attempt-20260909T223619576Z\result.json,a6e22de465758f6d8ca6465765a6b9eedf86b5a3b2f01ec78e401c32aae344de,2768
C:\cassandra-scylla-benchmark\research-v3\results\short-v3\a_h1_h2-1m-n3-c128-read_single-r1-scylla\attempt-20260909T223619576Z\result.csv,70be55c411cb07ac7768eb161800332994fce5a5e065deabe1a2042a0366a43a,796
C:\cassandra-scylla-benchmark\research-v3\results\short-v3\a_h1_h2-1m-n3-c128-read_single-r1-scylla\attempt-20260909T223619576Z\effective-config.json,0cd8b4d922ea7d58d66f175977f075fea8677809b30c37aa12f4c54c54982c22,873
C:\cassandra-scylla-benchmark\research-v3\results\short-v3\a_h1_h2-1m-n3-c128-read_single-r1-scylla\attempt-20260909T223619576Z\baseline.json,27025fdbc280a55b9d9acd423998810f3994d9af66f776b5f3a627ca1539734b,215
C:\cassandra-scylla-benchmark\research-v3\results\short-v3\a_h1_h2-1m-n3-c128-read_single-r1-scylla\attempt-20260909T223619576Z\resources.jsonl,b2973e8a6bcf778e2c9985197aefdd956012e9d359cc5f17c61b7d5a0f329a5b,68784
C:\cassandra-scylla-benchmark\research-v3\results\short-v3\a_h1_h2-1m-n3-c128-read_single-r2-scylla\attempt-20260909T224507934Z\result.json,67dcf96192a12ed532798b6937a19489ff191e636acc3e9dd4fc9c8b99c9d033,2761
C:\cassandra-scylla-benchmark\research-v3\results\short-v3\a_h1_h2-1m-n3-c128-read_single-r2-scylla\attempt-20260909T224507934Z\result.csv,1bcafdd41c2ce4a6d750991662210bb70ce959c78273e5a74da6931aef66fb8b,792
C:\cassandra-scylla-benchmark\research-v3\results\short-v3\a_h1_h2-1m-n3-c128-read_single-r2-scylla\attempt-20260909T224507934Z\effective-config.json,fe797ca65c4a10e1cf60e20b04c8de430ff0dcbdf8548923091c97bafbfd5429,873
C:\cassandra-scylla-benchmark\research-v3\results\short-v3\a_h1_h2-1m-n3-c128-read_single-r2-scylla\attempt-20260909T224507934Z\baseline.json,eefb4495e9303539037c9979b3aef47c2adb6538c6a280ca3c100cd5c28d5894,215
C:\cassandra-scylla-benchmark\research-v3\results\short-v3\a_h1_h2-1m-n3-c128-read_single-r2-scylla\attempt-20260909T224507934Z\resources.jsonl,7c70531bf669e7e142570689405dc59401922bbe2564ca29f0f3dc92a12ed49e,68828
C:\cassandra-scylla-benchmark\research-v3\results\short-v3\a_h1_h2-1m-n3-c128-read_single-r3-scylla\attempt-20260909T225350145Z\result.json,2df72a7ad6048c0f29e223b08789ac72cfd47bb3402ec235fd912f0fc2e1103e,2762
C:\cassandra-scylla-benchmark\research-v3\results\short-v3\a_h1_h2-1m-n3-c128-read_single-r3-scylla\attempt-20260909T225350145Z\result.csv,6a5e824de54a1b8bcbd6a634f78299e5eafbb1a38b053c89ed9347d976553776,792
C:\cassandra-scylla-benchmark\research-v3\results\short-v3\a_h1_h2-1m-n3-c128-read_single-r3-scylla\attempt-20260909T225350145Z\effective-config.json,2248adc42b8645a82bbe958d67603d7d9f419a309728dac3c5153977f0da4642,873
C:\cassandra-scylla-benchmark\research-v3\results\short-v3\a_h1_h2-1m-n3-c128-read_single-r3-scylla\attempt-20260909T225350145Z\baseline.json,a23fe2b085472e8f9563704295fa98fc82e03922df41f9778c08a896df52cde2,215
C:\cassandra-scylla-benchmark\research-v3\results\short-v3\a_h1_h2-1m-n3-c128-read_single-r3-scylla\attempt-20260909T225350145Z\resources.jsonl,1882ac922ac4cd18054ea9a0988430568853ba421eb2e377751e0381149db13e,69705
C:\cassandra-scylla-benchmark\research-v3\results\short-v3\a_h1_h2-10m-n3-c1-concurrent_write-r1-scylla\attempt-20260909T230237665Z\result.json,12a4210d03d04d277eb14b4ac72d22ac1fdbd4bd382eb9c80c53e39da802c3b1,2752
C:\cassandra-scylla-benchmark\research-v3\results\short-v3\a_h1_h2-10m-n3-c1-concurrent_write-r1-scylla\attempt-20260909T230237665Z\result.csv,a8949a08b16ac401ee1c3d0aa1d83bf2385afde0aec0aa5c00bb65db07542c10,801
C:\cassandra-scylla-benchmark\research-v3\results\short-v3\a_h1_h2-10m-n3-c1-concurrent_write-r1-scylla\attempt-20260909T230237665Z\effective-config.json,62728079448155b1660bc3b9b291594901992b7add008524d116eac2b6316a3e,892
C:\cassandra-scylla-benchmark\research-v3\results\short-v3\a_h1_h2-10m-n3-c1-concurrent_write-r1-scylla\attempt-20260909T230237665Z\baseline.json,aaab8ed3112207556c5a178afde7a6e8bb6f5c946f78730546b5616739dec0be,216
C:\cassandra-scylla-benchmark\research-v3\results\short-v3\a_h1_h2-10m-n3-c1-concurrent_write-r1-scylla\attempt-20260909T230237665Z\resources.jsonl,cd8ea83a5ff95e415e1ab50e3d1341bdb6d15a0326a0abd252334dd3963b6dde,695280
C:\cassandra-scylla-benchmark\research-v3\results\short-v3\a_h1_h2-10m-n3-c1-concurrent_write-r2-scylla\attempt-20260910T002850599Z\result.json,da8931da6891450e11791f89ad353e01f1adab52dc700cdbce248edd937ca946,2759
C:\cassandra-scylla-benchmark\research-v3\results\short-v3\a_h1_h2-10m-n3-c1-concurrent_write-r2-scylla\attempt-20260910T002850599Z\result.csv,ea4c38546881d526b1c64f22e78b20f8d4ea4496a457657cd1709f0f415b1578,802
C:\cassandra-scylla-benchmark\research-v3\results\short-v3\a_h1_h2-10m-n3-c1-concurrent_write-r2-scylla\attempt-20260910T002850599Z\effective-config.json,6fb58a0164503f81fe9adc5ff359cec3e9ce1b5288fcb06fdf66e4c470421626,892
C:\cassandra-scylla-benchmark\research-v3\results\short-v3\a_h1_h2-10m-n3-c1-concurrent_write-r2-scylla\attempt-20260910T002850599Z\baseline.json,7836d3acbad1e4ca40c173d0b1303c8fe8f59c011734c4740d088cba6e2f021e,216
C:\cassandra-scylla-benchmark\research-v3\results\short-v3\a_h1_h2-10m-n3-c1-concurrent_write-r2-scylla\attempt-20260910T002850599Z\resources.jsonl,ff02d663f3f19c546fcc4c87f49223f8e3d36f536311b57fbc3665b5abe91338,699893
C:\cassandra-scylla-benchmark\research-v3\results\short-v3\a_h1_h2-10m-n3-c1-concurrent_write-r3-scylla\attempt-20260910T055624360Z\result.json,24ba8be427d48766efc109d1db3110b0c3dc21fcfd78e24f252efcec452e514a,2757
C:\cassandra-scylla-benchmark\research-v3\results\short-v3\a_h1_h2-10m-n3-c1-concurrent_write-r3-scylla\attempt-20260910T055624360Z\result.csv,cfedd7254f6e9fdd0550f22c836180d4bcfb881cefdeb0c5d489ddad8499cbf6,800
C:\cassandra-scylla-benchmark\research-v3\results\short-v3\a_h1_h2-10m-n3-c1-concurrent_write-r3-scylla\attempt-20260910T055624360Z\effective-config.json,c3b1252c543dff37cb8aa6a455005f094350573b9c31291024af939887ba1326,892
C:\cassandra-scylla-benchmark\research-v3\results\short-v3\a_h1_h2-10m-n3-c1-concurrent_write-r3-scylla\attempt-20260910T055624360Z\baseline.json,2fdcbf500af61be7895745f8e85419c70a8906611870abd7a8e9304e4b7a7fad,216
C:\cassandra-scylla-benchmark\research-v3\results\short-v3\a_h1_h2-10m-n3-c1-concurrent_write-r3-scylla\attempt-20260910T055624360Z\resources.jsonl,e540689ecf3ac41982a79b225a0403b8ffecdcdd7837e734c42bde3df7aca43a,632410
C:\cassandra-scylla-benchmark\research-v3\results\short-v3\a_h1_h2-10m-n3-c1-read_single-r1-scylla\attempt-20260910T071524915Z\result.json,8561c321a7a73fbd0accc20d0d52bf1c53352553ff7237bbde7a1d5505ed7793,2754
C:\cassandra-scylla-benchmark\research-v3\results\short-v3\a_h1_h2-10m-n3-c1-read_single-r1-scylla\attempt-20260910T071524915Z\result.csv,13e35572955ee11f04e39c218824426a0e3e953a5a841e28d947ee438e9af1c9,785
C:\cassandra-scylla-benchmark\research-v3\results\short-v3\a_h1_h2-10m-n3-c1-read_single-r1-scylla\attempt-20260910T071524915Z\effective-config.json,2e02417afbe504ccec22a8978ca78ab58cbf189d9166bf896dcb92edd8b75331,870
C:\cassandra-scylla-benchmark\research-v3\results\short-v3\a_h1_h2-10m-n3-c1-read_single-r1-scylla\attempt-20260910T071524915Z\baseline.json,46da35b9a997a2427169dbbcd626d504dc2724a676cc5d548c33130ad3957fbe,216
C:\cassandra-scylla-benchmark\research-v3\results\short-v3\a_h1_h2-10m-n3-c1-read_single-r1-scylla\attempt-20260910T071524915Z\resources.jsonl,5fe681bccc04179386eddfe7acdf8643123ac90dfe47b21eb9914b923808e1eb,324862
C:\cassandra-scylla-benchmark\research-v3\results\short-v3\a_h1_h2-10m-n3-c1-read_single-r2-scylla\attempt-20260910T075544111Z\result.json,dc0b92263268ac9f247a187bc9a7e4722d11b503ab0b970be9a7af5c4533a847,2754
C:\cassandra-scylla-benchmark\research-v3\results\short-v3\a_h1_h2-10m-n3-c1-read_single-r2-scylla\attempt-20260910T075544111Z\result.csv,45b73da0f93b96491d6e68da5c6db8cead812b963ba78b517d241fc67016aa9e,785
C:\cassandra-scylla-benchmark\research-v3\results\short-v3\a_h1_h2-10m-n3-c1-read_single-r2-scylla\attempt-20260910T075544111Z\effective-config.json,d5bb15fc107ca71e9dde47619b7b97c302a5c725597e3e2a36759e75c73ee792,870
C:\cassandra-scylla-benchmark\research-v3\results\short-v3\a_h1_h2-10m-n3-c1-read_single-r2-scylla\attempt-20260910T075544111Z\baseline.json,7836d3acbad1e4ca40c173d0b1303c8fe8f59c011734c4740d088cba6e2f021e,216
C:\cassandra-scylla-benchmark\research-v3\results\short-v3\a_h1_h2-10m-n3-c1-read_single-r2-scylla\attempt-20260910T075544111Z\resources.jsonl,305182d5d3b267dcf92f56a11c55bfac1f19702ab043acec84aeb7e8f0b6ab1d,326760
C:\cassandra-scylla-benchmark\research-v3\results\short-v3\a_h1_h2-10m-n3-c1-read_single-r3-scylla\attempt-20260910T083623150Z\result.json,d7a2c8833a0d678187fe19ee0bb0d1cf058c4fbeb5314a8272800a3a5fbe83c2,2756
C:\cassandra-scylla-benchmark\research-v3\results\short-v3\a_h1_h2-10m-n3-c1-read_single-r3-scylla\attempt-20260910T083623150Z\result.csv,e72f1d8a36215ab6da0e6ff6097ed04dea1ebf3c96e6b2961ad87bf74eec721b,787
C:\cassandra-scylla-benchmark\research-v3\results\short-v3\a_h1_h2-10m-n3-c1-read_single-r3-scylla\attempt-20260910T083623150Z\effective-config.json,20847cab8a1e0c084a4488f12fc16521c9f02b05b444f8d68abb2f3328a3bcc5,870
C:\cassandra-scylla-benchmark\research-v3\results\short-v3\a_h1_h2-10m-n3-c1-read_single-r3-scylla\attempt-20260910T083623150Z\baseline.json,191c397297c8f25b9d28b51726a6d543b8c5e2e8744448c1366604366a35f6f7,216
C:\cassandra-scylla-benchmark\research-v3\results\short-v3\a_h1_h2-10m-n3-c1-read_single-r3-scylla\attempt-20260910T083623150Z\resources.jsonl,e7de99b6bd604a61c54366c92f560af2b031eac77907e87e8970a27058f5905e,357719
C:\cassandra-scylla-benchmark\research-v3\results\short-v3\a_h1_h2-10m-n3-c8-concurrent_write-r1-scylla\attempt-20260910T092043540Z\result.json,498f57e4569b8bc3c59bce989f67e4e77ec38e2a9dc2d4c78e3fa45b9d10c188,2759
C:\cassandra-scylla-benchmark\research-v3\results\short-v3\a_h1_h2-10m-n3-c8-concurrent_write-r1-scylla\attempt-20260910T092043540Z\result.csv,7f9775b0b63bfcf1edc4ed09b4b9253f7d379cc0c630c1b294e9e7a36c38e5a3,802
C:\cassandra-scylla-benchmark\research-v3\results\short-v3\a_h1_h2-10m-n3-c8-concurrent_write-r1-scylla\attempt-20260910T092043540Z\effective-config.json,9086cddd760348ea8aa5064986be95a36539df3c3fa8fe14d0e40e1180e05ef7,892
C:\cassandra-scylla-benchmark\research-v3\results\short-v3\a_h1_h2-10m-n3-c8-concurrent_write-r1-scylla\attempt-20260910T092043540Z\baseline.json,ef48e1f354b6d89dfa9008de07e7dcab61d57b954f4dd6d3cf93c89e46b1b018,216
C:\cassandra-scylla-benchmark\research-v3\results\short-v3\a_h1_h2-10m-n3-c8-concurrent_write-r1-scylla\attempt-20260910T092043540Z\resources.jsonl,02e5b23d4d6ae4601acfcbc7f7145fc4b3cec097bbe41dd3e178b55e44e35b0b,657674
C:\cassandra-scylla-benchmark\research-v3\results\short-v3\a_h1_h2-10m-n3-c8-concurrent_write-r2-scylla\attempt-20260910T104215967Z\result.json,53f7ce1fe9ac38bc2f18cea79fe1ef32e778436cd3d3b7b1402265572bd1eef3,2754
C:\cassandra-scylla-benchmark\research-v3\results\short-v3\a_h1_h2-10m-n3-c8-concurrent_write-r2-scylla\attempt-20260910T104215967Z\result.csv,b5719281dd4023ad948428a13b27bf04721e55b2d8612b7110c973c9306ee912,800
C:\cassandra-scylla-benchmark\research-v3\results\short-v3\a_h1_h2-10m-n3-c8-concurrent_write-r2-scylla\attempt-20260910T104215967Z\effective-config.json,660cc9c47acd68c7270e8673e1c71246492e2b343b982656f016cc66d7296a78,892
C:\cassandra-scylla-benchmark\research-v3\results\short-v3\a_h1_h2-10m-n3-c8-concurrent_write-r2-scylla\attempt-20260910T104215967Z\baseline.json,4f0cea500b47acd0e7b90e17872c811fb8bd158f169486374e2181c5cb0c65e4,216
C:\cassandra-scylla-benchmark\research-v3\results\short-v3\a_h1_h2-10m-n3-c8-concurrent_write-r2-scylla\attempt-20260910T104215967Z\resources.jsonl,b4e29752aa1c4a57b1c03090005fdf553d3b5d5716fc2bb6bafe08c8870f1622,690943
C:\cassandra-scylla-benchmark\research-v3\results\short-v3\a_h1_h2-10m-n3-c8-concurrent_write-r3-scylla\attempt-20260910T120800904Z\result.json,1390fea5990098042659a01e670cd3b35dd001b71510837f047b17dd01c8946a,2760
C:\cassandra-scylla-benchmark\research-v3\results\short-v3\a_h1_h2-10m-n3-c8-concurrent_write-r3-scylla\attempt-20260910T120800904Z\result.csv,86f8cdba4aa0fd72b74dd8e9a062115ffad3f687e6bebb9220bc3d729b27eab9,803
C:\cassandra-scylla-benchmark\research-v3\results\short-v3\a_h1_h2-10m-n3-c8-concurrent_write-r3-scylla\attempt-20260910T120800904Z\effective-config.json,5562bb24b9ee86e7e916b46d201e7c678e71477d8433232eb7a2298a44eb0128,892
C:\cassandra-scylla-benchmark\research-v3\results\short-v3\a_h1_h2-10m-n3-c8-concurrent_write-r3-scylla\attempt-20260910T120800904Z\baseline.json,ddd034fd4c04ccc78521794b471f5c47ac1c6a7ee692f7560f20ff09d668cadc,216
C:\cassandra-scylla-benchmark\research-v3\results\short-v3\a_h1_h2-10m-n3-c8-concurrent_write-r3-scylla\attempt-20260910T120800904Z\resources.jsonl,793d6570a9db44822309db5d28cf443b7c7c4141a95fbc5fbf3c00b07cc8f2db,618694
C:\cassandra-scylla-benchmark\research-v3\results\short-v3\a_h1_h2-10m-n3-c8-read_single-r1-scylla\attempt-20260910T132441905Z\result.json,c3c2a3da0028699c778b568eda20131b7c7a0a511e5fc9e7d5e17aec69daa6f1,2751
C:\cassandra-scylla-benchmark\research-v3\results\short-v3\a_h1_h2-10m-n3-c8-read_single-r1-scylla\attempt-20260910T132441905Z\result.csv,78f2df08a3e4f13dc04c83b36b90a67bbf383594e820be99ccabbef20971b583,785
C:\cassandra-scylla-benchmark\research-v3\results\short-v3\a_h1_h2-10m-n3-c8-read_single-r1-scylla\attempt-20260910T132441905Z\effective-config.json,da63616ef0bc003ff2957e76528b5ae8a751f22b914fd62a529e0c16e54c062e,870
C:\cassandra-scylla-benchmark\research-v3\results\short-v3\a_h1_h2-10m-n3-c8-read_single-r1-scylla\attempt-20260910T132441905Z\baseline.json,8ea1b07016ae4074c718e157646aa73e2a83f72381457a2b23423842b56c913f,216
C:\cassandra-scylla-benchmark\research-v3\results\short-v3\a_h1_h2-10m-n3-c8-read_single-r1-scylla\attempt-20260910T132441905Z\resources.jsonl,57f7f71ca0c5206d3eba0a367795fe8d4e5ec68ef83dc75cdcc565e0af6ff17d,320241
C:\cassandra-scylla-benchmark\research-v3\results\short-v3\a_h1_h2-10m-n3-c8-read_single-r2-scylla\attempt-20260910T180805383Z\result.json,ff09910147fc139d11cadeadd0142ebe4b5c036162e9917e2be5a9b0ab00339a,2760
C:\cassandra-scylla-benchmark\research-v3\results\short-v3\a_h1_h2-10m-n3-c8-read_single-r2-scylla\attempt-20260910T180805383Z\result.csv,3e95495fb140cdf47b2ed6cb9a4bc00ec93df584f48e80b9c283289ca7e705f3,790
C:\cassandra-scylla-benchmark\research-v3\results\short-v3\a_h1_h2-10m-n3-c8-read_single-r2-scylla\attempt-20260910T180805383Z\effective-config.json,1d749afe2345f156e13a651aea8dfe15523f6bd82a8d4c55dbe2db779d70e25e,870
C:\cassandra-scylla-benchmark\research-v3\results\short-v3\a_h1_h2-10m-n3-c8-read_single-r2-scylla\attempt-20260910T180805383Z\baseline.json,caa3455dec1afd01344ab3cf6c579481ad2031898acc5dff35e9352a3131e460,216
C:\cassandra-scylla-benchmark\research-v3\results\short-v3\a_h1_h2-10m-n3-c8-read_single-r2-scylla\attempt-20260910T180805383Z\resources.jsonl,5623f39c7eee83595f227179cd4c1984c3283d69b22f7ed9e5b271fe17c15a56,339250
C:\cassandra-scylla-benchmark\research-v3\results\short-v3\a_h1_h2-10m-n3-c8-read_single-r3-scylla\attempt-20260910T185110131Z\result.json,328d78fe92a586af077d2073522c56e35b94a74441e4578c1dcca71330cd172f,2756
C:\cassandra-scylla-benchmark\research-v3\results\short-v3\a_h1_h2-10m-n3-c8-read_single-r3-scylla\attempt-20260910T185110131Z\result.csv,4c9c9372d5fbc190080f9c03fa1573dc2611977ff7bc07a27bfca3c220a776c4,787
C:\cassandra-scylla-benchmark\research-v3\results\short-v3\a_h1_h2-10m-n3-c8-read_single-r3-scylla\attempt-20260910T185110131Z\effective-config.json,3f56503ae248936bc53f586eab273229076d46839386253ef4022c2c5fd74520,870
C:\cassandra-scylla-benchmark\research-v3\results\short-v3\a_h1_h2-10m-n3-c8-read_single-r3-scylla\attempt-20260910T185110131Z\baseline.json,d2e09ed448e5f4c0a0b45ab1091960c0284c8083dce1716bf71a5c9b5b1e7670,216
C:\cassandra-scylla-benchmark\research-v3\results\short-v3\a_h1_h2-10m-n3-c8-read_single-r3-scylla\attempt-20260910T185110131Z\resources.jsonl,103982747b815eb812fa68d38148bb9a3852a75c5367e0bd399ab5f14321d9aa,339534
C:\cassandra-scylla-benchmark\research-v3\results\short-v3\a_h1_h2-10m-n3-c32-concurrent_write-r1-scylla\attempt-20260910T193326751Z\result.json,a41b9428b84de46a1e55949294a137007432fb5d9e3b0b73ffce4d4b338ab27e,2769
C:\cassandra-scylla-benchmark\research-v3\results\short-v3\a_h1_h2-10m-n3-c32-concurrent_write-r1-scylla\attempt-20260910T193326751Z\result.csv,382227aa2c56ec163ae9b92428f0c74f7735f2bb37b659f709a2a4b6246f2ef5,809
C:\cassandra-scylla-benchmark\research-v3\results\short-v3\a_h1_h2-10m-n3-c32-concurrent_write-r1-scylla\attempt-20260910T193326751Z\effective-config.json,107114afd939703726d04d7d3bf24c9dace510b273635fc01e02f1fbce98b3c2,895
C:\cassandra-scylla-benchmark\research-v3\results\short-v3\a_h1_h2-10m-n3-c32-concurrent_write-r1-scylla\attempt-20260910T193326751Z\baseline.json,61ea8ab477a9537b3a7db6d5bc7d118ebfd18a168df2c7bf1fd2bd962c648683,216
C:\cassandra-scylla-benchmark\research-v3\results\short-v3\a_h1_h2-10m-n3-c32-concurrent_write-r1-scylla\attempt-20260910T193326751Z\resources.jsonl,baed8d6f1476088e99cd7e4cd73ffa0792f1db4e8fc373f178557ad7075f4fec,634784
C:\cassandra-scylla-benchmark\research-v3\results\short-v3\a_h1_h2-10m-n3-c32-concurrent_write-r2-scylla\attempt-20260910T205211741Z\result.json,06dbdec4a3aae04d76b03d046bb79e066f4a26aa7266c85da49bd8ada7a9082e,2768
C:\cassandra-scylla-benchmark\research-v3\results\short-v3\a_h1_h2-10m-n3-c32-concurrent_write-r2-scylla\attempt-20260910T205211741Z\result.csv,938d573c5b75c154adaec45074b67127f2119930b51f31e3317997cf782b2439,808
C:\cassandra-scylla-benchmark\research-v3\results\short-v3\a_h1_h2-10m-n3-c32-concurrent_write-r2-scylla\attempt-20260910T205211741Z\effective-config.json,d20038bac087b085c9c24cf79fff4ca6f4fce03bf14f5166bbf5210c5781d351,895
C:\cassandra-scylla-benchmark\research-v3\results\short-v3\a_h1_h2-10m-n3-c32-concurrent_write-r2-scylla\attempt-20260910T205211741Z\baseline.json,7836d3acbad1e4ca40c173d0b1303c8fe8f59c011734c4740d088cba6e2f021e,216
C:\cassandra-scylla-benchmark\research-v3\results\short-v3\a_h1_h2-10m-n3-c32-concurrent_write-r2-scylla\attempt-20260910T205211741Z\resources.jsonl,4bed564f6f5e93c4527e976a40467028ec87899d05839600e38531f29bcebb96,635477
C:\cassandra-scylla-benchmark\research-v3\results\short-v3\a_h1_h2-10m-n3-c32-concurrent_write-r3-scylla\attempt-20260910T221055413Z\result.json,63c681b351d75ea31ad01ebdb9d79a1e3cb843670429d427c8542ff470214798,2765
C:\cassandra-scylla-benchmark\research-v3\results\short-v3\a_h1_h2-10m-n3-c32-concurrent_write-r3-scylla\attempt-20260910T221055413Z\result.csv,18f6b465a0bc972fb1b9ba312114c04fac2f39cd96930a647be946899c5d334a,805
C:\cassandra-scylla-benchmark\research-v3\results\short-v3\a_h1_h2-10m-n3-c32-concurrent_write-r3-scylla\attempt-20260910T221055413Z\effective-config.json,1e47b2a2032a5d4b06473e8b4c120bad57ed290143267d42a7ae8d82a9aa6680,895
C:\cassandra-scylla-benchmark\research-v3\results\short-v3\a_h1_h2-10m-n3-c32-concurrent_write-r3-scylla\attempt-20260910T221055413Z\baseline.json,19f9a527c22d2d05c7014f73f4153757c42c8f26954eff8f2555dffa68ca6079,216
C:\cassandra-scylla-benchmark\research-v3\results\short-v3\a_h1_h2-10m-n3-c32-concurrent_write-r3-scylla\attempt-20260910T221055413Z\resources.jsonl,1372216a9af50821500ca43ee99adf6f9ef573562d06b85a3914c283142e6097,630706
C:\cassandra-scylla-benchmark\research-v3\results\short-v3\a_h1_h2-10m-n3-c32-read_single-r1-scylla\attempt-20260910T232902524Z\result.json,ade9ac51c6c4be046b6fd3b8e589b7fde237ec1d11799c051e16df75291bef3e,2764
C:\cassandra-scylla-benchmark\research-v3\results\short-v3\a_h1_h2-10m-n3-c32-read_single-r1-scylla\attempt-20260910T232902524Z\result.csv,cbdd9472c5c4a14b396ed19b62726a24bdda0125daaf24535826e8aad4d3f937,791
C:\cassandra-scylla-benchmark\research-v3\results\short-v3\a_h1_h2-10m-n3-c32-read_single-r1-scylla\attempt-20260910T232902524Z\effective-config.json,378a872c49fb99f0d1b47dbdaf48779743810009e23a86d270ccf0ddd43062db,873
C:\cassandra-scylla-benchmark\research-v3\results\short-v3\a_h1_h2-10m-n3-c32-read_single-r1-scylla\attempt-20260910T232902524Z\baseline.json,f0f690f41ff7f792cc928b7c1a830a3afd324590ed979f8fae53c6cf8e74871d,216
C:\cassandra-scylla-benchmark\research-v3\results\short-v3\a_h1_h2-10m-n3-c32-read_single-r1-scylla\attempt-20260910T232902524Z\resources.jsonl,62b709367a76993e7e4d48979ca5be8c55f7026ab1096c7774280b317dc35cd4,331649
C:\cassandra-scylla-benchmark\research-v3\results\short-v3\a_h1_h2-10m-n3-c32-read_single-r2-scylla\attempt-20260911T001016660Z\result.json,6614854bfa9fe4e1a4b37ad9fe92d7a60bc055bc6039f718fdfb879ee8a6deb4,2762
C:\cassandra-scylla-benchmark\research-v3\results\short-v3\a_h1_h2-10m-n3-c32-read_single-r2-scylla\attempt-20260911T001016660Z\result.csv,26b18caf6909bd45582740a23372d818d1962f30d982f03e1285942f30aff354,789
C:\cassandra-scylla-benchmark\research-v3\results\short-v3\a_h1_h2-10m-n3-c32-read_single-r2-scylla\attempt-20260911T001016660Z\effective-config.json,ed6e7091af44109c51114f246783bf0213c0e1fac6b72a20738e1a11f48fae16,873
C:\cassandra-scylla-benchmark\research-v3\results\short-v3\a_h1_h2-10m-n3-c32-read_single-r2-scylla\attempt-20260911T001016660Z\baseline.json,50297459e7cb3cd96b2ba700c6dbcad57d4491e261d72784ed334236b92304d9,216
C:\cassandra-scylla-benchmark\research-v3\results\short-v3\a_h1_h2-10m-n3-c32-read_single-r2-scylla\attempt-20260911T001016660Z\resources.jsonl,f67ac42e21f337b1cc0dceaed1cfbd0f807648e4b7e9f6b6f2b251a9c76172cb,332485
C:\cassandra-scylla-benchmark\research-v3\results\short-v3\a_h1_h2-10m-n3-c32-read_single-r3-scylla\attempt-20260911T005135402Z\result.json,665cbc83b3274d81c50f3f9f5da25ae00c25b197cbccabb4664579a3e3903d64,2766
C:\cassandra-scylla-benchmark\research-v3\results\short-v3\a_h1_h2-10m-n3-c32-read_single-r3-scylla\attempt-20260911T005135402Z\result.csv,b20e83ccd38b67caf05099470ca3bf1a2725496fb754f37e35a4726cb5927859,793
C:\cassandra-scylla-benchmark\research-v3\results\short-v3\a_h1_h2-10m-n3-c32-read_single-r3-scylla\attempt-20260911T005135402Z\effective-config.json,4b4ec6260361379d77eb82d1e782b77895f13f7bdb5aff7dfea9eed9607cadea,873
C:\cassandra-scylla-benchmark\research-v3\results\short-v3\a_h1_h2-10m-n3-c32-read_single-r3-scylla\attempt-20260911T005135402Z\baseline.json,d2e09ed448e5f4c0a0b45ab1091960c0284c8083dce1716bf71a5c9b5b1e7670,216
C:\cassandra-scylla-benchmark\research-v3\results\short-v3\a_h1_h2-10m-n3-c32-read_single-r3-scylla\attempt-20260911T005135402Z\resources.jsonl,ee7601e78dc5d857b7a8054814c81a389298b7aa7b3d9c85059b8e6f0406316e,332726
C:\cassandra-scylla-benchmark\research-v3\results\short-v3\a_h1_h2-10m-n3-c128-concurrent_write-r1-scylla\attempt-20260911T013303846Z\result.json,b1c92f3fa62c52fc38c8fb9f82a10e23af355d8cf9f84b5276d73d2e4c9d994f,2770
C:\cassandra-scylla-benchmark\research-v3\results\short-v3\a_h1_h2-10m-n3-c128-concurrent_write-r1-scylla\attempt-20260911T013303846Z\result.csv,1e22afca1042aa28eb054e9dd0789fb8c5dcdde452a1e89465af0b63734aa388,811
C:\cassandra-scylla-benchmark\research-v3\results\short-v3\a_h1_h2-10m-n3-c128-concurrent_write-r1-scylla\attempt-20260911T013303846Z\effective-config.json,bc07d714bdf9e2f8b283767bb8846ce991aa6e5a2ab5f690a2f1a3b20a6a7d01,898
C:\cassandra-scylla-benchmark\research-v3\results\short-v3\a_h1_h2-10m-n3-c128-concurrent_write-r1-scylla\attempt-20260911T013303846Z\baseline.json,34387ecfd52ccd76e8116d2b46555b49243d522934201bbb86cd96f45c3ab8cb,216
C:\cassandra-scylla-benchmark\research-v3\results\short-v3\a_h1_h2-10m-n3-c128-concurrent_write-r1-scylla\attempt-20260911T013303846Z\resources.jsonl,481cb4a29fa8db07cbc6e792a1f140065bf390478d078824e8b2c4890bae500c,630709
C:\cassandra-scylla-benchmark\research-v3\results\short-v3\a_h1_h2-10m-n3-c128-concurrent_write-r2-scylla\attempt-20260911T054830202Z\result.json,bdc92d213a520d653c5c413cc4403771c2598529ed340ccee08a3c340e7522b6,2771
C:\cassandra-scylla-benchmark\research-v3\results\short-v3\a_h1_h2-10m-n3-c128-concurrent_write-r2-scylla\attempt-20260911T054830202Z\result.csv,bd04cdc07ae2413587b9ae21d74ae235c4657420412b6c31ba486696f8b104b4,809
C:\cassandra-scylla-benchmark\research-v3\results\short-v3\a_h1_h2-10m-n3-c128-concurrent_write-r2-scylla\attempt-20260911T054830202Z\effective-config.json,599c3bf82ccf53b77f98a8f724c960cedc9225380204e55672851f26f4655581,898
C:\cassandra-scylla-benchmark\research-v3\results\short-v3\a_h1_h2-10m-n3-c128-concurrent_write-r2-scylla\attempt-20260911T054830202Z\baseline.json,7836d3acbad1e4ca40c173d0b1303c8fe8f59c011734c4740d088cba6e2f021e,216
C:\cassandra-scylla-benchmark\research-v3\results\short-v3\a_h1_h2-10m-n3-c128-concurrent_write-r2-scylla\attempt-20260911T054830202Z\resources.jsonl,45f646bb1bdd9af4e80157e78bc72ac64a8578ac3310744dd5aa706e9e3ef7ae,641290
C:\cassandra-scylla-benchmark\research-v3\results\short-v3\a_h1_h2-10m-n3-c128-concurrent_write-r3-scylla\attempt-20260911T070855345Z\result.json,d745058cec75ce19b91a2b6a6e0014c11c9ec0f91c791e41019cae671ab65dc7,2771
C:\cassandra-scylla-benchmark\research-v3\results\short-v3\a_h1_h2-10m-n3-c128-concurrent_write-r3-scylla\attempt-20260911T070855345Z\result.csv,9ceae947fd0985c9851e21b277074a817da7e740cce197b1d96a755f9906f7c7,809
C:\cassandra-scylla-benchmark\research-v3\results\short-v3\a_h1_h2-10m-n3-c128-concurrent_write-r3-scylla\attempt-20260911T070855345Z\effective-config.json,fe00eb69ecc7742601a7c03a0d14af32b5e6d5fbb7a0d2a8fc3d206ef0352f7c,898
C:\cassandra-scylla-benchmark\research-v3\results\short-v3\a_h1_h2-10m-n3-c128-concurrent_write-r3-scylla\attempt-20260911T070855345Z\baseline.json,b40c63a9776e946f828315c0bfaedda3aa91a094560e6694baf555740f818579,216
C:\cassandra-scylla-benchmark\research-v3\results\short-v3\a_h1_h2-10m-n3-c128-concurrent_write-r3-scylla\attempt-20260911T070855345Z\resources.jsonl,6787b7e02a1dcf517c529be02137aed20ea7d893c239c327c0e18f2dfba052fb,635593
C:\cassandra-scylla-benchmark\research-v3\results\short-v3\a_h1_h2-10m-n3-c128-read_single-r1-scylla\attempt-20260911T082747740Z\result.json,a6d1cdae20e7b03d8c5ad0e9329d185b520bc09a5d2e380bcd6b144443c73fea,2770
C:\cassandra-scylla-benchmark\research-v3\results\short-v3\a_h1_h2-10m-n3-c128-read_single-r1-scylla\attempt-20260911T082747740Z\result.csv,d9f5dc959608165d5d292a74d0fd257dcf81383ff84ec047d1b5447c715bddce,795
C:\cassandra-scylla-benchmark\research-v3\results\short-v3\a_h1_h2-10m-n3-c128-read_single-r1-scylla\attempt-20260911T082747740Z\effective-config.json,c2d505b7b09ab1ca37ce547650c29ed75db282ab87d7c5b0642b3271844fa2d8,876
C:\cassandra-scylla-benchmark\research-v3\results\short-v3\a_h1_h2-10m-n3-c128-read_single-r1-scylla\attempt-20260911T082747740Z\baseline.json,f0f690f41ff7f792cc928b7c1a830a3afd324590ed979f8fae53c6cf8e74871d,216
C:\cassandra-scylla-benchmark\research-v3\results\short-v3\a_h1_h2-10m-n3-c128-read_single-r1-scylla\attempt-20260911T082747740Z\resources.jsonl,b76f4878b39e9ec1a55180badd9faa7290ddb22f4a31a809b0542e68c066474c,327740
C:\cassandra-scylla-benchmark\research-v3\results\short-v3\a_h1_h2-10m-n3-c128-read_single-r2-scylla\attempt-20260911T090840896Z\result.json,c1b1f7d1acf6ce7fa19ebbcc1c3253b2e3adc0408ed02764d0b524efce386fda,2769
C:\cassandra-scylla-benchmark\research-v3\results\short-v3\a_h1_h2-10m-n3-c128-read_single-r2-scylla\attempt-20260911T090840896Z\result.csv,f3c6f32f8b85f274ed888c1abc25cf2d0a3d35d95da4e1c312f5917582f87b12,796
C:\cassandra-scylla-benchmark\research-v3\results\short-v3\a_h1_h2-10m-n3-c128-read_single-r2-scylla\attempt-20260911T090840896Z\effective-config.json,96554537b9e1bfbc70d10b37fdf8387fd6896fed8d8c486a72ebcff53b53392f,876
C:\cassandra-scylla-benchmark\research-v3\results\short-v3\a_h1_h2-10m-n3-c128-read_single-r2-scylla\attempt-20260911T090840896Z\baseline.json,ed78180316600ad2d6ce9d7602ec7ec43a17ce0b36a21dc67c5093152722cb3c,216
C:\cassandra-scylla-benchmark\research-v3\results\short-v3\a_h1_h2-10m-n3-c128-read_single-r2-scylla\attempt-20260911T090840896Z\resources.jsonl,68dd93d3d89389717e86f0d5ac3f28a1e484d15ae8067556ca5b66db502d6227,335530
C:\cassandra-scylla-benchmark\research-v3\results\short-v3\a_h1_h2-10m-n3-c128-read_single-r3-scylla\attempt-20260911T095022008Z\result.json,3bbfa96c815f0bc8e51ecedd7712de5e83755451ec2ac08d77c5998b3bb01333,2772
C:\cassandra-scylla-benchmark\research-v3\results\short-v3\a_h1_h2-10m-n3-c128-read_single-r3-scylla\attempt-20260911T095022008Z\result.csv,75803885475bdae82680cb752afec39d047118909df9ee600b837f23f86a3b1b,796
C:\cassandra-scylla-benchmark\research-v3\results\short-v3\a_h1_h2-10m-n3-c128-read_single-r3-scylla\attempt-20260911T095022008Z\effective-config.json,8ceda2d2747470d9fb4256bd362ce624c7aaa058ce658396b4f825f0be780005,876
C:\cassandra-scylla-benchmark\research-v3\results\short-v3\a_h1_h2-10m-n3-c128-read_single-r3-scylla\attempt-20260911T095022008Z\baseline.json,b40c63a9776e946f828315c0bfaedda3aa91a094560e6694baf555740f818579,216
C:\cassandra-scylla-benchmark\research-v3\results\short-v3\a_h1_h2-10m-n3-c128-read_single-r3-scylla\attempt-20260911T095022008Z\resources.jsonl,0832b659b087de25caa7ccc1d17ffc41f6427442db4967d4a54ecadfb476446f,326996
C:\cassandra-scylla-benchmark\research-v3\results\short-v3\b_h3-1m-n3-c8-concurrent_write-r1-scylla\attempt-20260911T103106206Z\result.json,44d7d8ddd3219785f02b17084742f143e187df8243b1bf699339f6b73bf00cd0,2739
C:\cassandra-scylla-benchmark\research-v3\results\short-v3\b_h3-1m-n3-c8-concurrent_write-r1-scylla\attempt-20260911T103106206Z\result.csv,7b80a3e6f2824d66b80504d7c2dfba3eb681da50b31bd3e2bc1f6155443716d3,795
C:\cassandra-scylla-benchmark\research-v3\results\short-v3\b_h3-1m-n3-c8-concurrent_write-r1-scylla\attempt-20260911T103106206Z\effective-config.json,1124653cebdc959cdb61cc67a8809d1598cff17c0efd17641230695e377f2014,877
C:\cassandra-scylla-benchmark\research-v3\results\short-v3\b_h3-1m-n3-c8-concurrent_write-r1-scylla\attempt-20260911T103106206Z\baseline.json,96b8af4b2b7cb1210ccf3d9ae85cb4acb65a1dfc43a87a6fc67cd537c5b18752,215
C:\cassandra-scylla-benchmark\research-v3\results\short-v3\b_h3-1m-n3-c8-concurrent_write-r1-scylla\attempt-20260911T103106206Z\resources.jsonl,e5face492aae034f6cb26005750dda16df27b65a9b3d1434c66d82acd455943d,91883
C:\cassandra-scylla-benchmark\research-v3\results\short-v3\b_h3-1m-n3-c8-concurrent_write-r2-scylla\attempt-20260911T104239317Z\result.json,cb627f26cd8887d3bfb2ad5cd834347afbb0dd41b05aa4b32227d7014461cd55,2739
C:\cassandra-scylla-benchmark\research-v3\results\short-v3\b_h3-1m-n3-c8-concurrent_write-r2-scylla\attempt-20260911T104239317Z\result.csv,2eeaabca28bfc683b95ad9da47aded240f6d020742f4bb65a1ecc4a3b721b17d,795
C:\cassandra-scylla-benchmark\research-v3\results\short-v3\b_h3-1m-n3-c8-concurrent_write-r2-scylla\attempt-20260911T104239317Z\effective-config.json,2d266adf37ffd2957d5b77947c0c1e0cedbbff483a35a3c41c311ac97a8c7375,877
C:\cassandra-scylla-benchmark\research-v3\results\short-v3\b_h3-1m-n3-c8-concurrent_write-r2-scylla\attempt-20260911T104239317Z\baseline.json,36991d867eea9042ad668041bc28fe71a7650c054ea570aee08fbf6e8de26eb1,215
C:\cassandra-scylla-benchmark\research-v3\results\short-v3\b_h3-1m-n3-c8-concurrent_write-r2-scylla\attempt-20260911T104239317Z\resources.jsonl,54162de607b87b7ef8dde33413c602a6e22c0f3960cabdc1698ed5dd7279cc9c,91024
C:\cassandra-scylla-benchmark\research-v3\results\short-v3\b_h3-1m-n3-c8-concurrent_write-r3-scylla\attempt-20260911T105405102Z\result.json,88bf017188dc038c5dd703aaaebe8f8475081d4fa0f175264b0410bdba5c23fb,2738
C:\cassandra-scylla-benchmark\research-v3\results\short-v3\b_h3-1m-n3-c8-concurrent_write-r3-scylla\attempt-20260911T105405102Z\result.csv,131fe7bf833b048bb1b6eddf85256cf30549d8e7e7647eb3e72216e76a4624aa,797
C:\cassandra-scylla-benchmark\research-v3\results\short-v3\b_h3-1m-n3-c8-concurrent_write-r3-scylla\attempt-20260911T105405102Z\effective-config.json,557af790a3d8ac9d0967166d9cb105921e0bb64a6f6717830f20e274e7ac07d8,877
C:\cassandra-scylla-benchmark\research-v3\results\short-v3\b_h3-1m-n3-c8-concurrent_write-r3-scylla\attempt-20260911T105405102Z\baseline.json,c372910fbf4aff0029787ba43e7509f05e66e071914917a9e6ebeebbc495153b,215
C:\cassandra-scylla-benchmark\research-v3\results\short-v3\b_h3-1m-n3-c8-concurrent_write-r3-scylla\attempt-20260911T105405102Z\resources.jsonl,c6ded2038c302a7701be761876af9b89e3ec0bb3ed2c868b46bf0c5d21941431,90072
C:\cassandra-scylla-benchmark\research-v3\results\short-v3\b_h3-1m-n3-c8-read_single-r1-scylla\attempt-20260911T110530126Z\result.json,684d89d6a20318d681fd6858c9af7ad03b5b6a8e18d6790fce0f90679eeeb8ea,2736
C:\cassandra-scylla-benchmark\research-v3\results\short-v3\b_h3-1m-n3-c8-read_single-r1-scylla\attempt-20260911T110530126Z\result.csv,9bc7c584608b2a9438d3cf6ffae8593bcbd9ed734db6294dffbe03149f88929d,780
C:\cassandra-scylla-benchmark\research-v3\results\short-v3\b_h3-1m-n3-c8-read_single-r1-scylla\attempt-20260911T110530126Z\effective-config.json,72de715f48042be09ce2505e50e09d26e8d4a3214789c40fb40d0c9211ed6cc9,855
C:\cassandra-scylla-benchmark\research-v3\results\short-v3\b_h3-1m-n3-c8-read_single-r1-scylla\attempt-20260911T110530126Z\baseline.json,17bd46639441a3c449d36557cbbc60c509121bbed0be17ef04405c44b940a656,215
C:\cassandra-scylla-benchmark\research-v3\results\short-v3\b_h3-1m-n3-c8-read_single-r1-scylla\attempt-20260911T110530126Z\resources.jsonl,220e4bc65f4f8c2a55be06cf39f3379fd4e2be83a7806dff3db073db9a4f8cf8,62244
C:\cassandra-scylla-benchmark\research-v3\results\short-v3\b_h3-1m-n3-c8-read_single-r2-scylla\attempt-20260911T111320165Z\result.json,4fa9aeba6022b041ce3a1303e66ce86e2461acf47c58713576faa11807a47a71,2736
C:\cassandra-scylla-benchmark\research-v3\results\short-v3\b_h3-1m-n3-c8-read_single-r2-scylla\attempt-20260911T111320165Z\result.csv,72842efe53d0cc9e0ea9ae171616c0c86157e72c15c9deec94b97b5615647ce7,780
C:\cassandra-scylla-benchmark\research-v3\results\short-v3\b_h3-1m-n3-c8-read_single-r2-scylla\attempt-20260911T111320165Z\effective-config.json,d4b3de815f77a8d30643d3a22b28bc1c3ec23ac1cecf941997b95eb7d6a79da4,855
C:\cassandra-scylla-benchmark\research-v3\results\short-v3\b_h3-1m-n3-c8-read_single-r2-scylla\attempt-20260911T111320165Z\baseline.json,8b2a84e37a0cc7f7da0443c14a286d90f4f2e2cb7c27cc5c8a52a9ecc2a7d2ea,215
C:\cassandra-scylla-benchmark\research-v3\results\short-v3\b_h3-1m-n3-c8-read_single-r2-scylla\attempt-20260911T111320165Z\resources.jsonl,ec81081e1543a4d7ac51f396e04140529d044781623344c458c618e63558e3cc,61936
C:\cassandra-scylla-benchmark\research-v3\results\short-v3\b_h3-1m-n3-c8-read_single-r3-scylla\attempt-20260911T112112243Z\result.json,af9331e63f92a532168e5e541a3fd8a9c84b19a11b90ee4a72917928ba0043b6,2736
C:\cassandra-scylla-benchmark\research-v3\results\short-v3\b_h3-1m-n3-c8-read_single-r3-scylla\attempt-20260911T112112243Z\result.csv,7fe157f43b2691c982bc87cb54f13e054170857d840570f952ee9e7382597881,780
C:\cassandra-scylla-benchmark\research-v3\results\short-v3\b_h3-1m-n3-c8-read_single-r3-scylla\attempt-20260911T112112243Z\effective-config.json,b253442f53be4f40802468e61bce83dec5ce61f84582cff733a592fd77f2d6b3,855
C:\cassandra-scylla-benchmark\research-v3\results\short-v3\b_h3-1m-n3-c8-read_single-r3-scylla\attempt-20260911T112112243Z\baseline.json,62d975a3e736ec76ad70a8ecc445dc148b884f18a1beef985a789cb4881f5d18,215
C:\cassandra-scylla-benchmark\research-v3\results\short-v3\b_h3-1m-n3-c8-read_single-r3-scylla\attempt-20260911T112112243Z\resources.jsonl,a7523a4a1a25bb9c54b799b5cc0ed1bc672db2318036117dc2e672aa0fea1c27,62145
C:\cassandra-scylla-benchmark\research-v3\results\short-v3\b_h3-1m-n3-c32-concurrent_write-r1-scylla\attempt-20260911T112905190Z\result.json,004df2185a36a76cd9da73e6f5d3cea0fcbe40e288609757b03f6ac2a1c8dfb9,2749
C:\cassandra-scylla-benchmark\research-v3\results\short-v3\b_h3-1m-n3-c32-concurrent_write-r1-scylla\attempt-20260911T112905190Z\result.csv,5a4b465422c3557be8c73ee9841f5c719ec8b677d179c9269cbf263058436736,802
C:\cassandra-scylla-benchmark\research-v3\results\short-v3\b_h3-1m-n3-c32-concurrent_write-r1-scylla\attempt-20260911T112905190Z\effective-config.json,bbc7b69f482b2e38fd546a6a1d3fe17ec8f4968edfba43e90acc0a5d7061a035,880
C:\cassandra-scylla-benchmark\research-v3\results\short-v3\b_h3-1m-n3-c32-concurrent_write-r1-scylla\attempt-20260911T112905190Z\baseline.json,27ef08312a6db0e10a172850a974f7cebb00e02fb7cb5671ed4157c8944116b2,215
C:\cassandra-scylla-benchmark\research-v3\results\short-v3\b_h3-1m-n3-c32-concurrent_write-r1-scylla\attempt-20260911T112905190Z\resources.jsonl,a8fd3b4928e587873fdef288e34bffb82449bee46da411df1ab7559192ccc580,99658
C:\cassandra-scylla-benchmark\research-v3\results\short-v3\b_h3-1m-n3-c32-concurrent_write-r2-scylla\attempt-20260911T114140579Z\result.json,2354431fee4f47f71628b8cc54393db4265981a6195bb8c4fbf345b2ea322182,2746
C:\cassandra-scylla-benchmark\research-v3\results\short-v3\b_h3-1m-n3-c32-concurrent_write-r2-scylla\attempt-20260911T114140579Z\result.csv,5f91f4ca6748ea977a4f92d87405eef506de719d0134bd9fdbf0c1dde4beb417,799
C:\cassandra-scylla-benchmark\research-v3\results\short-v3\b_h3-1m-n3-c32-concurrent_write-r2-scylla\attempt-20260911T114140579Z\effective-config.json,b7f11804afcb1d096e0b22320b1dd6f8757f9d287dd560e786660eb8c825e942,880
C:\cassandra-scylla-benchmark\research-v3\results\short-v3\b_h3-1m-n3-c32-concurrent_write-r2-scylla\attempt-20260911T114140579Z\baseline.json,ecd0f02c7495f02f16bf59f637a564047b280ef5f1888f887643cc65ea6e2cc0,215
C:\cassandra-scylla-benchmark\research-v3\results\short-v3\b_h3-1m-n3-c32-concurrent_write-r2-scylla\attempt-20260911T114140579Z\resources.jsonl,3a7e869f13e1ac457768b67a228241540eb4fdd1766802664e3c8f82d5028a0a,93649
C:\cassandra-scylla-benchmark\research-v3\results\short-v3\b_h3-1m-n3-c32-concurrent_write-r3-scylla\attempt-20260911T115327501Z\result.json,d8a1049474afc308034be62bb5d1e6a1ca542ac23029cf1eab1b0e849e17e3bc,2748
C:\cassandra-scylla-benchmark\research-v3\results\short-v3\b_h3-1m-n3-c32-concurrent_write-r3-scylla\attempt-20260911T115327501Z\result.csv,3b2cdd4444abceecf60cf260526505041c84704eeeb67ad2282df4ee3ff1c22f,801
C:\cassandra-scylla-benchmark\research-v3\results\short-v3\b_h3-1m-n3-c32-concurrent_write-r3-scylla\attempt-20260911T115327501Z\effective-config.json,267afb08af0758279231db701bb74b729ca99f4548062fd4086699b801d6adb1,880
C:\cassandra-scylla-benchmark\research-v3\results\short-v3\b_h3-1m-n3-c32-concurrent_write-r3-scylla\attempt-20260911T115327501Z\baseline.json,a23fe2b085472e8f9563704295fa98fc82e03922df41f9778c08a896df52cde2,215
C:\cassandra-scylla-benchmark\research-v3\results\short-v3\b_h3-1m-n3-c32-concurrent_write-r3-scylla\attempt-20260911T115327501Z\resources.jsonl,6aa9da1ab88f7bf239cb55ad54b57d505556808191fd7baf339e39df9c3bfaf5,92041
C:\cassandra-scylla-benchmark\research-v3\results\short-v3\b_h3-1m-n3-c32-read_single-r1-scylla\attempt-20260911T120506738Z\result.json,0e9e9553466a0f2b3c72cc930dbfd1e3a89ebe46ce2604681db1951cce6630a8,2743
C:\cassandra-scylla-benchmark\research-v3\results\short-v3\b_h3-1m-n3-c32-read_single-r1-scylla\attempt-20260911T120506738Z\result.csv,99868ff35d9ff81caf737cf6ead0dc397d0500b51a3810df8386d0d2eb9971bd,786
C:\cassandra-scylla-benchmark\research-v3\results\short-v3\b_h3-1m-n3-c32-read_single-r1-scylla\attempt-20260911T120506738Z\effective-config.json,f52ee06f778a29b919e472c07dce76aa707f33d759d7760b4305f276940421cd,858
C:\cassandra-scylla-benchmark\research-v3\results\short-v3\b_h3-1m-n3-c32-read_single-r1-scylla\attempt-20260911T120506738Z\baseline.json,27025fdbc280a55b9d9acd423998810f3994d9af66f776b5f3a627ca1539734b,215
C:\cassandra-scylla-benchmark\research-v3\results\short-v3\b_h3-1m-n3-c32-read_single-r1-scylla\attempt-20260911T120506738Z\resources.jsonl,58503ad944994f4aeed1dfeeeeaafb57b7ca9f76f67b666900b03274a99b58dc,62310
C:\cassandra-scylla-benchmark\research-v3\results\short-v3\b_h3-1m-n3-c32-read_single-r2-scylla\attempt-20260911T121304272Z\result.json,0bf784d10ae03b8a00ba55407a5e9c9763ebaa8647bed5a4d06612bece3636aa,2741
C:\cassandra-scylla-benchmark\research-v3\results\short-v3\b_h3-1m-n3-c32-read_single-r2-scylla\attempt-20260911T121304272Z\result.csv,1a5bcc91a6c30b3ef63803b4446bf72f058c0d2a80b6c67ae0fac2258fa70f15,784
C:\cassandra-scylla-benchmark\research-v3\results\short-v3\b_h3-1m-n3-c32-read_single-r2-scylla\attempt-20260911T121304272Z\effective-config.json,f90db7330bce4fc1afd6c55c3f743031f02e72e1a0128de19d9ba901bbcf213b,858
C:\cassandra-scylla-benchmark\research-v3\results\short-v3\b_h3-1m-n3-c32-read_single-r2-scylla\attempt-20260911T121304272Z\baseline.json,eefb4495e9303539037c9979b3aef47c2adb6538c6a280ca3c100cd5c28d5894,215
C:\cassandra-scylla-benchmark\research-v3\results\short-v3\b_h3-1m-n3-c32-read_single-r2-scylla\attempt-20260911T121304272Z\resources.jsonl,bcb154b9469dea226ec615b61a398129be01d9fa101b5a717db4e695c823c0f5,62142
C:\cassandra-scylla-benchmark\research-v3\results\short-v3\b_h3-1m-n3-c32-read_single-r3-scylla\attempt-20260911T122057262Z\result.json,c58605832e6f32db0a73d1a232306b3b9cf11a8b0864f2079118fc279513e500,2742
C:\cassandra-scylla-benchmark\research-v3\results\short-v3\b_h3-1m-n3-c32-read_single-r3-scylla\attempt-20260911T122057262Z\result.csv,61493f00985b351e71e3dc7f2307f79293ed2b9b67b54a63655a76ba0d576d69,783
C:\cassandra-scylla-benchmark\research-v3\results\short-v3\b_h3-1m-n3-c32-read_single-r3-scylla\attempt-20260911T122057262Z\effective-config.json,9ed4632bb9f14e70e7bbb4e6d641a43d4d7f980e04b13f24df1b405c83559338,858
C:\cassandra-scylla-benchmark\research-v3\results\short-v3\b_h3-1m-n3-c32-read_single-r3-scylla\attempt-20260911T122057262Z\baseline.json,d5c6b19fda19ae6f23889bf4e779335b7ee5a4e2b934c7094735359bbdc68428,215
C:\cassandra-scylla-benchmark\research-v3\results\short-v3\b_h3-1m-n3-c32-read_single-r3-scylla\attempt-20260911T122057262Z\resources.jsonl,f95ef629c6c5957c82f9d6bc7ce9f62308710b844ca374fd9d99b9e3b9948362,62102
C:\cassandra-scylla-benchmark\research-v3\results\short-v3\c_h4-1m-n3-c32-balanced-r1-scylla\attempt-20260911T122850413Z\result.json,0953f0ae58b42265083a5f52b2742824cc710513a6be1f71cc8ee52c194748a3,2776
C:\cassandra-scylla-benchmark\research-v3\results\short-v3\c_h4-1m-n3-c32-balanced-r1-scylla\attempt-20260911T122850413Z\result.csv,8ba5f91a477070734c75995e4c67ad80c65d147b0a0b140f0104773f7b0b33ab,849
C:\cassandra-scylla-benchmark\research-v3\results\short-v3\c_h4-1m-n3-c32-balanced-r1-scylla\attempt-20260911T122850413Z\effective-config.json,b4e108ed12895b6a3b2af2060ed48267cd8006ee8c339b4ddf4e2af6b6e3a08c,853
C:\cassandra-scylla-benchmark\research-v3\results\short-v3\c_h4-1m-n3-c32-balanced-r1-scylla\attempt-20260911T122850413Z\baseline.json,27025fdbc280a55b9d9acd423998810f3994d9af66f776b5f3a627ca1539734b,215
C:\cassandra-scylla-benchmark\research-v3\results\short-v3\c_h4-1m-n3-c32-balanced-r1-scylla\attempt-20260911T122850413Z\resources.jsonl,1e8d60e13c1d98d8ee034f40d6eeda8cc91935f0cad2e587742a677fa301b82f,97721
C:\cassandra-scylla-benchmark\research-v3\results\short-v3\c_h4-1m-n3-c32-balanced-r2-scylla\attempt-20260911T124106358Z\result.json,bf247c39a845485b58357830783c4247ab327fee2e3f4fe06041f90574247c73,2791
C:\cassandra-scylla-benchmark\research-v3\results\short-v3\c_h4-1m-n3-c32-balanced-r2-scylla\attempt-20260911T124106358Z\result.csv,1dacd137bbc06cf52b099674dd492e3b8b0c76842b7e4b50c2b13203c1ee43ca,850
C:\cassandra-scylla-benchmark\research-v3\results\short-v3\c_h4-1m-n3-c32-balanced-r2-scylla\attempt-20260911T124106358Z\effective-config.json,29ac4bbc530ba142d2d89a99d95e69c94f5088bbc2bb610d54d0ed6f2372ba45,853
C:\cassandra-scylla-benchmark\research-v3\results\short-v3\c_h4-1m-n3-c32-balanced-r2-scylla\attempt-20260911T124106358Z\baseline.json,d0e33d5ce771e09ff1729ecc2e6ab8f5a74dea57f56206205eea03830ad7cb9f,215
C:\cassandra-scylla-benchmark\research-v3\results\short-v3\c_h4-1m-n3-c32-balanced-r2-scylla\attempt-20260911T124106358Z\resources.jsonl,35fe49229cabb1bb57f42a24d9a88b37398f5a887764190d88565b05a6bf784e,97905
C:\cassandra-scylla-benchmark\research-v3\results\short-v3\c_h4-1m-n3-c32-balanced-r3-scylla\attempt-20260911T125324278Z\result.json,701d61ae2210f4cc4e88951bd2930b0f31d61f78316b9265120c524caad92345,2778
C:\cassandra-scylla-benchmark\research-v3\results\short-v3\c_h4-1m-n3-c32-balanced-r3-scylla\attempt-20260911T125324278Z\result.csv,1005cf489ad3f6dcbc05f06c47c8dab014f37f95e8fc70c4681ac8a2d9150e4d,852
C:\cassandra-scylla-benchmark\research-v3\results\short-v3\c_h4-1m-n3-c32-balanced-r3-scylla\attempt-20260911T125324278Z\effective-config.json,1013e6c0a468aa7c5c11ca23cfc31a8b630302b4bfc0bd321e344015fc38e942,853
C:\cassandra-scylla-benchmark\research-v3\results\short-v3\c_h4-1m-n3-c32-balanced-r3-scylla\attempt-20260911T125324278Z\baseline.json,a23fe2b085472e8f9563704295fa98fc82e03922df41f9778c08a896df52cde2,215
C:\cassandra-scylla-benchmark\research-v3\results\short-v3\c_h4-1m-n3-c32-balanced-r3-scylla\attempt-20260911T125324278Z\resources.jsonl,31ea75866c9ddadf9321c6ca003d1d51394380b0bbc2b3bc7b9daf83d0b3c4b6,99842
C:\cassandra-scylla-benchmark\research-v3\results\short-v3\c_h4-1m-n3-c32-read_heavy-r1-scylla\attempt-20260911T130554758Z\result.json,334499024bd75d68d229cc052398711828cbe825072e1217617aaa95ec83cdb6,2797
C:\cassandra-scylla-benchmark\research-v3\results\short-v3\c_h4-1m-n3-c32-read_heavy-r1-scylla\attempt-20260911T130554758Z\result.csv,25180e83a92b08845395918e1ac130baa40ff3d0fbfdf232c30887f3f0dd7f81,853
C:\cassandra-scylla-benchmark\research-v3\results\short-v3\c_h4-1m-n3-c32-read_heavy-r1-scylla\attempt-20260911T130554758Z\effective-config.json,8d2d8d89eb43978912443def3e15111f6097f510b99c09b90fe342794d158ff8,859
C:\cassandra-scylla-benchmark\research-v3\results\short-v3\c_h4-1m-n3-c32-read_heavy-r1-scylla\attempt-20260911T130554758Z\baseline.json,27ef08312a6db0e10a172850a974f7cebb00e02fb7cb5671ed4157c8944116b2,215
C:\cassandra-scylla-benchmark\research-v3\results\short-v3\c_h4-1m-n3-c32-read_heavy-r1-scylla\attempt-20260911T130554758Z\resources.jsonl,aa0ea971c1f5c7140c763a9e30508ded54b01142a0deed692a358ae553ce7856,97042
C:\cassandra-scylla-benchmark\research-v3\results\short-v3\c_h4-1m-n3-c32-read_heavy-r2-scylla\attempt-20260911T131809430Z\result.json,0d8620c9dc8719c64ded34e95716e0428471a615e4392271e5454426b8e401da,2796
C:\cassandra-scylla-benchmark\research-v3\results\short-v3\c_h4-1m-n3-c32-read_heavy-r2-scylla\attempt-20260911T131809430Z\result.csv,5aa308c8051a1fe87781795981c883fe86b2abddc44f26b4469991465749fa9a,853
C:\cassandra-scylla-benchmark\research-v3\results\short-v3\c_h4-1m-n3-c32-read_heavy-r2-scylla\attempt-20260911T131809430Z\effective-config.json,204822c59d4b66a2d44ef9cd3f9360211cb873570ebd069ef3a29af631854c67,859
C:\cassandra-scylla-benchmark\research-v3\results\short-v3\c_h4-1m-n3-c32-read_heavy-r2-scylla\attempt-20260911T131809430Z\baseline.json,eefb4495e9303539037c9979b3aef47c2adb6538c6a280ca3c100cd5c28d5894,215
C:\cassandra-scylla-benchmark\research-v3\results\short-v3\c_h4-1m-n3-c32-read_heavy-r2-scylla\attempt-20260911T131809430Z\resources.jsonl,ae97ab844d7943c84e67e199dd943fd9a17ac82242aee696cd0c7fcd350a043e,97039
C:\cassandra-scylla-benchmark\research-v3\results\short-v3\c_h4-1m-n3-c32-read_heavy-r3-scylla\attempt-20260911T133025579Z\result.json,c834c0d384ac4ea9b4f69f2e66953f1e36b2c7173200e138f33747db321d1881,2799
C:\cassandra-scylla-benchmark\research-v3\results\short-v3\c_h4-1m-n3-c32-read_heavy-r3-scylla\attempt-20260911T133025579Z\result.csv,576c5c148ed2f79b66939f91982659ff2cd1259cebe7cbce84914d297a945769,854
C:\cassandra-scylla-benchmark\research-v3\results\short-v3\c_h4-1m-n3-c32-read_heavy-r3-scylla\attempt-20260911T133025579Z\effective-config.json,07afc097ac02537d2a5dbc6f0c23aeaacb0fda6e1053fc5a18072274695a4b89,859
C:\cassandra-scylla-benchmark\research-v3\results\short-v3\c_h4-1m-n3-c32-read_heavy-r3-scylla\attempt-20260911T133025579Z\baseline.json,262899ec7fcc57f53868fc1d2c3e7fc376fb08f5101b790bcbb3097d2360cfb9,215
C:\cassandra-scylla-benchmark\research-v3\results\short-v3\c_h4-1m-n3-c32-read_heavy-r3-scylla\attempt-20260911T133025579Z\resources.jsonl,0b0f7ba7805c52289563c02ca706a22afa8bd58fb41c97eb06e8df0a6229049b,98044
C:\cassandra-scylla-benchmark\research-v3\results\short-v3\c_h4-1m-n3-c32-write_heavy-r1-scylla\attempt-20260911T134238772Z\result.json,e827620f62d7a8063589116191a8f1466613e72f66cd3d35558615907f058ffe,2801
C:\cassandra-scylla-benchmark\research-v3\results\short-v3\c_h4-1m-n3-c32-write_heavy-r1-scylla\attempt-20260911T134238772Z\result.csv,e43a238db5a9e64f05b5f5bcd2513b14f1ae06bc5d94d8318e834ff66be4ba6a,855
C:\cassandra-scylla-benchmark\research-v3\results\short-v3\c_h4-1m-n3-c32-write_heavy-r1-scylla\attempt-20260911T134238772Z\effective-config.json,10d9e6919c90adf2d0c04c1b038b1b389ab8f8dda54a7225a6f2609c2ad16e2b,862
C:\cassandra-scylla-benchmark\research-v3\results\short-v3\c_h4-1m-n3-c32-write_heavy-r1-scylla\attempt-20260911T134238772Z\baseline.json,96b8af4b2b7cb1210ccf3d9ae85cb4acb65a1dfc43a87a6fc67cd537c5b18752,215
C:\cassandra-scylla-benchmark\research-v3\results\short-v3\c_h4-1m-n3-c32-write_heavy-r1-scylla\attempt-20260911T134238772Z\resources.jsonl,be55c8bf8a686b52c81cd81c3d56864a72c4c11ba308398e7902016b309c95e5,96874
C:\cassandra-scylla-benchmark\research-v3\results\short-v3\c_h4-1m-n3-c32-write_heavy-r2-scylla\attempt-20260911T135456603Z\result.json,e3f9f83b70e76fc3b1ecc492763546f2045602e30133ef14f5d6307bca7fe140,2801
C:\cassandra-scylla-benchmark\research-v3\results\short-v3\c_h4-1m-n3-c32-write_heavy-r2-scylla\attempt-20260911T135456603Z\result.csv,f57fc7ba8428daf7e423b8a92c6ea2a7b2686979b133ea1818730d2fbbe5d070,855
C:\cassandra-scylla-benchmark\research-v3\results\short-v3\c_h4-1m-n3-c32-write_heavy-r2-scylla\attempt-20260911T135456603Z\effective-config.json,c243f22a3e9ee83aff272ea1b03757e4eefcc8c163b0df5d89d6b30a4c8f2208,862
C:\cassandra-scylla-benchmark\research-v3\results\short-v3\c_h4-1m-n3-c32-write_heavy-r2-scylla\attempt-20260911T135456603Z\baseline.json,720b8f5909b000e32e3df4d082623095961de715c87583f7034d494430f0d5c1,215
C:\cassandra-scylla-benchmark\research-v3\results\short-v3\c_h4-1m-n3-c32-write_heavy-r2-scylla\attempt-20260911T135456603Z\resources.jsonl,5d90a28d5067a100db49f2fa6421392806cd6b3ca1db2744f2d42019fee58c42,96800
C:\cassandra-scylla-benchmark\research-v3\results\short-v3\c_h4-1m-n3-c32-write_heavy-r3-scylla\attempt-20260911T140704423Z\result.json,5408a6a56dbe60f568466851b1ffa467bc693d360a097344a4d6936613498470,2799
C:\cassandra-scylla-benchmark\research-v3\results\short-v3\c_h4-1m-n3-c32-write_heavy-r3-scylla\attempt-20260911T140704423Z\result.csv,1019d303ad34fb948cacf15fb253c02162430b02f8d9e51904784fee1e9bf956,854
C:\cassandra-scylla-benchmark\research-v3\results\short-v3\c_h4-1m-n3-c32-write_heavy-r3-scylla\attempt-20260911T140704423Z\effective-config.json,852b13ff86ec275bc817b12298aeb003042e2e6de0d486dfdbbe251ac7efb8ac,862
C:\cassandra-scylla-benchmark\research-v3\results\short-v3\c_h4-1m-n3-c32-write_heavy-r3-scylla\attempt-20260911T140704423Z\baseline.json,c372910fbf4aff0029787ba43e7509f05e66e071914917a9e6ebeebbc495153b,215
C:\cassandra-scylla-benchmark\research-v3\results\short-v3\c_h4-1m-n3-c32-write_heavy-r3-scylla\attempt-20260911T140704423Z\resources.jsonl,555c1ad6b0710a19511c87fee25bf78501ed17cb8e604f19ae81635fa799d211,97972
C:\cassandra-scylla-benchmark\research-v3\results\short-v3\c_h4-10m-n3-c32-balanced-r1-scylla\attempt-20260911T141920322Z\result.json,d75dc42fa68693ed427a49e707b57ba4e48352bed55d35e036f92abc0f60c2c3,2794
C:\cassandra-scylla-benchmark\research-v3\results\short-v3\c_h4-10m-n3-c32-balanced-r1-scylla\attempt-20260911T141920322Z\result.csv,3f0b01f22330b23a7c369647ec938443dddf9eee77d2a268db5eead4f63d2283,851
C:\cassandra-scylla-benchmark\research-v3\results\short-v3\c_h4-10m-n3-c32-balanced-r1-scylla\attempt-20260911T141920322Z\effective-config.json,85d6bc69e79a20e19433c7553fd3ecc505d01714227d06082e471a0ecf106d13,856
C:\cassandra-scylla-benchmark\research-v3\results\short-v3\c_h4-10m-n3-c32-balanced-r1-scylla\attempt-20260911T141920322Z\baseline.json,f0f690f41ff7f792cc928b7c1a830a3afd324590ed979f8fae53c6cf8e74871d,216
C:\cassandra-scylla-benchmark\research-v3\results\short-v3\c_h4-10m-n3-c32-balanced-r1-scylla\attempt-20260911T141920322Z\resources.jsonl,faf15505c914ba0b7f56c6db34a0baec79093881aaa4383750c220b5e6f068ca,622049
C:\cassandra-scylla-benchmark\research-v3\results\short-v3\c_h4-10m-n3-c32-balanced-r2-scylla\attempt-20260911T153633189Z\result.json,b829a6aa6cff945ea7c024fd84d050f8ff57e97f011ddb47832acee763f8f4bd,2800
C:\cassandra-scylla-benchmark\research-v3\results\short-v3\c_h4-10m-n3-c32-balanced-r2-scylla\attempt-20260911T153633189Z\result.csv,4ddaf8912eee30e99c02a017e31aeed3cf1361b1002c50d9114041fd26f3effc,854
C:\cassandra-scylla-benchmark\research-v3\results\short-v3\c_h4-10m-n3-c32-balanced-r2-scylla\attempt-20260911T153633189Z\effective-config.json,cede09a30dfcc0774c1f701030bc7d2da2cbf47a61c43c1fa29f8e28d11002fd,856
C:\cassandra-scylla-benchmark\research-v3\results\short-v3\c_h4-10m-n3-c32-balanced-r2-scylla\attempt-20260911T153633189Z\baseline.json,caa3455dec1afd01344ab3cf6c579481ad2031898acc5dff35e9352a3131e460,216
C:\cassandra-scylla-benchmark\research-v3\results\short-v3\c_h4-10m-n3-c32-balanced-r2-scylla\attempt-20260911T153633189Z\resources.jsonl,e9b4767280347a63335f80b91c9b588b2c2ce940318a80e559b4dc41ad432dc4,621283
C:\cassandra-scylla-benchmark\research-v3\results\short-v3\c_h4-10m-n3-c32-balanced-r3-scylla\attempt-20260911T165336146Z\result.json,16099f7c2ec4eed4b2ddf3e52881f46ff2e5b985acef9dc17a4bb0a6273c8ec4,2797
C:\cassandra-scylla-benchmark\research-v3\results\short-v3\c_h4-10m-n3-c32-balanced-r3-scylla\attempt-20260911T165336146Z\result.csv,d0fbc393266fa8cd72c768f63c3753543a1ac2df68c3153b49d61045835047af,851
C:\cassandra-scylla-benchmark\research-v3\results\short-v3\c_h4-10m-n3-c32-balanced-r3-scylla\attempt-20260911T165336146Z\effective-config.json,95ea8e63a134a65534a2c40f323cff9b8cb91909ad4569b9da74d3a2735b4df2,856
C:\cassandra-scylla-benchmark\research-v3\results\short-v3\c_h4-10m-n3-c32-balanced-r3-scylla\attempt-20260911T165336146Z\baseline.json,191c397297c8f25b9d28b51726a6d543b8c5e2e8744448c1366604366a35f6f7,216
C:\cassandra-scylla-benchmark\research-v3\results\short-v3\c_h4-10m-n3-c32-balanced-r3-scylla\attempt-20260911T165336146Z\resources.jsonl,16ac913b61cc366db5e83219559ae09d9bd386b89bb269f0a2ae2ddaf8d6867a,615619
C:\cassandra-scylla-benchmark\research-v3\results\short-v3\c_h4-10m-n3-c32-read_heavy-r1-scylla\attempt-20260911T180956138Z\result.json,e184231d1972fe551f3acba9c91f401f420af985c6715981d8aaf354db55840c,2800
C:\cassandra-scylla-benchmark\research-v3\results\short-v3\c_h4-10m-n3-c32-read_heavy-r1-scylla\attempt-20260911T180956138Z\result.csv,939e87f0afab9f3fd17e9dd6c51bf1818d08acae8ffcfcdfd3661ca566cacf02,855
C:\cassandra-scylla-benchmark\research-v3\results\short-v3\c_h4-10m-n3-c32-read_heavy-r1-scylla\attempt-20260911T180956138Z\effective-config.json,b884a3ce40741c985a81b6924c05917fc75c87c45cc34450c1fb6547e3343579,862
C:\cassandra-scylla-benchmark\research-v3\results\short-v3\c_h4-10m-n3-c32-read_heavy-r1-scylla\attempt-20260911T180956138Z\baseline.json,f0f690f41ff7f792cc928b7c1a830a3afd324590ed979f8fae53c6cf8e74871d,216
C:\cassandra-scylla-benchmark\research-v3\results\short-v3\c_h4-10m-n3-c32-read_heavy-r1-scylla\attempt-20260911T180956138Z\resources.jsonl,8d5a77f87979c044d158d28fb6798b4dcd875ee1e2e9c5d45ac2932f16a39375,632185
C:\cassandra-scylla-benchmark\research-v3\results\short-v3\c_h4-10m-n3-c32-read_heavy-r2-scylla\attempt-20260911T192819099Z\result.json,d6c4e938c9d7f65f2d4d83471d5fb5df8b4d5308f4eab8dfc6b12444f1ddc3af,2803
C:\cassandra-scylla-benchmark\research-v3\results\short-v3\c_h4-10m-n3-c32-read_heavy-r2-scylla\attempt-20260911T192819099Z\result.csv,921cbe55399a8fc90ca814b2091d7b910becf89fc044d65a42d3bf3000a1f412,855
C:\cassandra-scylla-benchmark\research-v3\results\short-v3\c_h4-10m-n3-c32-read_heavy-r2-scylla\attempt-20260911T192819099Z\effective-config.json,937933b4ba82f4226f7aff454937d29cdf61088491dd509cfbabd14dac66d96b,862
C:\cassandra-scylla-benchmark\research-v3\results\short-v3\c_h4-10m-n3-c32-read_heavy-r2-scylla\attempt-20260911T192819099Z\baseline.json,5e88e41093869894cdc1b7f66d10a7880f37434e9a83e5d407c4eb491003c6e8,216
C:\cassandra-scylla-benchmark\research-v3\results\short-v3\c_h4-10m-n3-c32-read_heavy-r2-scylla\attempt-20260911T192819099Z\resources.jsonl,73f09846c6eab2831322e23d3e1032f66417a479d708d833d717b9d8572ad67e,618289
C:\cassandra-scylla-benchmark\research-v3\results\short-v3\c_h4-10m-n3-c32-read_heavy-r3-scylla\attempt-20260911T204505802Z\result.json,0d378a23d1e78233ada3bd187d29db5e36e7444146286e796a6d0048729f4b89,2804
C:\cassandra-scylla-benchmark\research-v3\results\short-v3\c_h4-10m-n3-c32-read_heavy-r3-scylla\attempt-20260911T204505802Z\result.csv,c75bb158f19bc5e486224b828c4f327e654f456c71b37081bc3032d53ee1f205,855
C:\cassandra-scylla-benchmark\research-v3\results\short-v3\c_h4-10m-n3-c32-read_heavy-r3-scylla\attempt-20260911T204505802Z\effective-config.json,14eb66ba963ccc1a1991c817a94fcc3723327676404b667594ab3316e1087c35,862
C:\cassandra-scylla-benchmark\research-v3\results\short-v3\c_h4-10m-n3-c32-read_heavy-r3-scylla\attempt-20260911T204505802Z\baseline.json,b40c63a9776e946f828315c0bfaedda3aa91a094560e6694baf555740f818579,216
C:\cassandra-scylla-benchmark\research-v3\results\short-v3\c_h4-10m-n3-c32-read_heavy-r3-scylla\attempt-20260911T204505802Z\resources.jsonl,4f08ecd77f00fb35a59291d6261ede783151952001d11fccb3f6ff763870031f,618424
C:\cassandra-scylla-benchmark\research-v3\results\short-v3\c_h4-10m-n3-c32-write_heavy-r1-scylla\attempt-20260911T220214475Z\result.json,0a3ec4e5908dcf632b73f7709cb74c0d586442a8d19147baac72a1bcfaa41442,2808
C:\cassandra-scylla-benchmark\research-v3\results\short-v3\c_h4-10m-n3-c32-write_heavy-r1-scylla\attempt-20260911T220214475Z\result.csv,1ad84302a77525ab8b262ccf01e1684f5d12306bea4d25920e30c194dbd55808,858
C:\cassandra-scylla-benchmark\research-v3\results\short-v3\c_h4-10m-n3-c32-write_heavy-r1-scylla\attempt-20260911T220214475Z\effective-config.json,cdf3b862487f5422d94c5e0bf88973372874334e67dae5673931f1683081a950,865
C:\cassandra-scylla-benchmark\research-v3\results\short-v3\c_h4-10m-n3-c32-write_heavy-r1-scylla\attempt-20260911T220214475Z\baseline.json,f0f690f41ff7f792cc928b7c1a830a3afd324590ed979f8fae53c6cf8e74871d,216
C:\cassandra-scylla-benchmark\research-v3\results\short-v3\c_h4-10m-n3-c32-write_heavy-r1-scylla\attempt-20260911T220214475Z\resources.jsonl,d4777569d451ebebb5018b23a3c3d211791b6a31f2a38cf6cd6e6b00fcc410b9,616994
C:\cassandra-scylla-benchmark\research-v3\results\short-v3\c_h4-10m-n3-c32-write_heavy-r2-scylla\attempt-20260911T231924343Z\result.json,59ba091362695e7eeaf0ad10f947ed1c0b5464f29040e679eefd160fe4233dcd,2804
C:\cassandra-scylla-benchmark\research-v3\results\short-v3\c_h4-10m-n3-c32-write_heavy-r2-scylla\attempt-20260911T231924343Z\result.csv,e770ab50c25212a39ae1fa49d1aff39352ee2ee6bc7cb9b58eb08dd98d4d6fed,857
C:\cassandra-scylla-benchmark\research-v3\results\short-v3\c_h4-10m-n3-c32-write_heavy-r2-scylla\attempt-20260911T231924343Z\effective-config.json,f7db349febcc80139932f0745d9f0d2c10e46a6625f7755b80901436550c0fe6,865
C:\cassandra-scylla-benchmark\research-v3\results\short-v3\c_h4-10m-n3-c32-write_heavy-r2-scylla\attempt-20260911T231924343Z\baseline.json,5e88e41093869894cdc1b7f66d10a7880f37434e9a83e5d407c4eb491003c6e8,216
C:\cassandra-scylla-benchmark\research-v3\results\short-v3\c_h4-10m-n3-c32-write_heavy-r2-scylla\attempt-20260911T231924343Z\resources.jsonl,eac564f87fe7b4c4dc9aee4e27223e51db0f2b9dc9085f9d8116e9cdd100936a,615161
C:\cassandra-scylla-benchmark\research-v3\results\short-v3\c_h4-10m-n3-c32-write_heavy-r3-scylla\attempt-20260912T003615382Z\result.json,52bb99744d46ce984bcecad649213282931c5356a9b298a2d23165cd3249a764,2808
C:\cassandra-scylla-benchmark\research-v3\results\short-v3\c_h4-10m-n3-c32-write_heavy-r3-scylla\attempt-20260912T003615382Z\result.csv,d66e0c1a85644e508c835fd1d0c02f2ec6118d36dc5ba54a9345d8fa347d09ba,859
C:\cassandra-scylla-benchmark\research-v3\results\short-v3\c_h4-10m-n3-c32-write_heavy-r3-scylla\attempt-20260912T003615382Z\effective-config.json,0ba87666a18c7a99554ab84a2965a767b20e8ec50cf11af86ff54f4a655e575d,865
C:\cassandra-scylla-benchmark\research-v3\results\short-v3\c_h4-10m-n3-c32-write_heavy-r3-scylla\attempt-20260912T003615382Z\baseline.json,b40c63a9776e946f828315c0bfaedda3aa91a094560e6694baf555740f818579,216
C:\cassandra-scylla-benchmark\research-v3\results\short-v3\c_h4-10m-n3-c32-write_heavy-r3-scylla\attempt-20260912T003615382Z\resources.jsonl,ffc82965884a8c240c946d6499610694b2ae3e4938fbb77fdea503ff3fe3894e,616565
