id,at,cpu_percent_sum,memory_gib_sum,client_memory_gib,client_cpu_seconds
b_h3-1m-n1-c8-concurrent_write-r1-cassandra,2026-09-06T09:34:39.4850869Z,231.24,2.527,0.7640380859375,251.734375
b_h3-1m-n1-c8-concurrent_write-r1-cassandra,2026-09-06T09:34:46.4455238Z,232.69,2.527,0.7663040161132812,252.78125
b_h3-1m-n1-c8-concurrent_write-r1-cassandra,2026-09-06T09:34:52.7034239Z,236.14,2.525,0.7663040161132812,254.71875
b_h3-1m-n1-c8-concurrent_write-r1-cassandra,2026-09-06T09:34:58.9922031Z,232.63,2.525,0.7685394287109375,256.609375
b_h3-1m-n1-c8-concurrent_write-r1-cassandra,2026-09-06T09:35:06.2032795Z,214.81,2.525,0.7686843872070312,258.578125
b_h3-1m-n1-c8-concurrent_write-r1-cassandra,2026-09-06T09:35:12.4422403Z,231.09,2.525,0.7686843872070312,260.71875
b_h3-1m-n1-c8-concurrent_write-r1-cassandra,2026-09-06T09:35:18.6809955Z,234.06,2.525,0.7686843872070312,262.515625
b_h3-1m-n1-c8-concurrent_write-r1-cassandra,2026-09-06T09:35:24.9479596Z,226.46,2.525,0.7686882019042969,264.203125
b_h3-1m-n1-c8-concurrent_write-r1-cassandra,2026-09-06T09:35:31.1992938Z,235.43,2.525,0.7686882019042969,265.640625
b_h3-1m-n1-c8-concurrent_write-r1-cassandra,2026-09-06T09:35:37.4485497Z,234.05,2.525,0.7686920166015625,267.703125
b_h3-1m-n1-c8-concurrent_write-r1-cassandra,2026-09-06T09:35:43.6999253Z,235.62,2.525,0.7686920166015625,269.40625
b_h3-1m-n1-c8-concurrent_write-r1-cassandra,2026-09-06T09:35:49.9557360Z,241.11,2.525,0.7686614990234375,271.3125
b_h3-1m-n1-c8-concurrent_write-r1-cassandra,2026-09-06T09:35:57.1843801Z,245.19,2.525,0.7686614990234375,273.5625
b_h3-1m-n1-c8-concurrent_write-r1-cassandra,2026-09-06T09:36:03.4514521Z,226.73,2.526,0.7686614990234375,275.40625
b_h3-1m-n1-c8-concurrent_write-r1-cassandra,2026-09-06T09:36:09.6881880Z,234.67,2.525,0.7686691284179688,277.3125
b_h3-1m-n1-c8-concurrent_write-r1-cassandra,2026-09-06T09:36:16.2071531Z,236.85,2.525,0.7686691284179688,279.4375
b_h3-1m-n1-c8-concurrent_write-r1-cassandra,2026-09-06T09:36:22.4650821Z,236.9,2.525,0.7686691284179688,281.265625
b_h3-1m-n1-c8-concurrent_write-r1-cassandra,2026-09-06T09:36:28.7203406Z,233.22,2.525,0.7686691284179688,283.359375
b_h3-1m-n1-c8-concurrent_write-r1-cassandra,2026-09-06T09:36:34.9728020Z,228.38,2.526,0.7686691284179688,284.875
b_h3-1m-n1-c8-concurrent_write-r1-cassandra,2026-09-06T09:36:41.2363804Z,238.44,2.525,0.7686691284179688,287
b_h3-1m-n1-c8-concurrent_write-r1-cassandra,2026-09-06T09:36:47.4783697Z,231.81,2.526,0.7686691284179688,288.53125
b_h3-1m-n1-c8-concurrent_write-r1-cassandra,2026-09-06T09:36:53.7368545Z,238.16,2.526,0.7686691284179688,290.21875
b_h3-1m-n1-c8-concurrent_write-r1-cassandra,2026-09-06T09:36:59.9959682Z,230.51,2.526,0.7686691284179688,291.90625
b_h3-1m-n1-c8-concurrent_write-r1-cassandra,2026-09-06T09:37:06.2772940Z,239.66,2.526,0.7686691284179688,293.875
b_h3-1m-n1-c8-concurrent_write-r1-cassandra,2026-09-06T09:37:12.5260828Z,237.55,2.525,0.7686691284179688,295.828125
b_h3-1m-n1-c8-concurrent_write-r1-cassandra,2026-09-06T09:37:18.7729049Z,234.26,2.526,0.7686691284179688,297.328125
b_h3-1m-n1-c8-concurrent_write-r1-cassandra,2026-09-06T09:37:24.9842746Z,210.35,2.534,0.7686691284179688,298.484375
b_h3-1m-n1-c8-concurrent_write-r1-cassandra,2026-09-06T09:37:31.2098116Z,226.06,2.532,0.769073486328125,300.03125
b_h3-1m-n1-c8-concurrent_write-r2-cassandra,2026-09-06T09:47:07.5835095Z,235.13,2.535,0.7634849548339844,249.484375
b_h3-1m-n1-c8-concurrent_write-r2-cassandra,2026-09-06T09:47:13.8208106Z,233.85,2.536,0.7634849548339844,250.859375
b_h3-1m-n1-c8-concurrent_write-r2-cassandra,2026-09-06T09:47:20.0566340Z,237.59,2.535,0.7652969360351562,252.4375
b_h3-1m-n1-c8-concurrent_write-r2-cassandra,2026-09-06T09:47:26.6921881Z,237.63,2.536,0.7629165649414062,254.375
b_h3-1m-n1-c8-concurrent_write-r2-cassandra,2026-09-06T09:47:32.9363326Z,242.5,2.544,0.7629165649414062,256
b_h3-1m-n1-c8-concurrent_write-r2-cassandra,2026-09-06T09:47:39.1905725Z,242.58,2.544,0.7629165649414062,257.71875
b_h3-1m-n1-c8-concurrent_write-r2-cassandra,2026-09-06T09:47:45.4165364Z,221.65,2.544,0.7629508972167969,259.796875
b_h3-1m-n1-c8-concurrent_write-r2-cassandra,2026-09-06T09:47:51.6638387Z,233.97,2.544,0.7633514404296875,262.015625
b_h3-1m-n1-c8-concurrent_write-r2-cassandra,2026-09-06T09:47:57.9091641Z,234.69,2.544,0.7638206481933594,263.453125
b_h3-1m-n1-c8-concurrent_write-r2-cassandra,2026-09-06T09:48:04.1452825Z,239.07,2.544,0.7638206481933594,265.21875
b_h3-1m-n1-c8-concurrent_write-r2-cassandra,2026-09-06T09:48:10.3804030Z,237.83,2.544,0.7659912109375,266.984375
b_h3-1m-n1-c8-concurrent_write-r2-cassandra,2026-09-06T09:48:16.7193870Z,232.54,2.544,0.7668571472167969,268.65625
b_h3-1m-n1-c8-concurrent_write-r2-cassandra,2026-09-06T09:48:22.9693381Z,238.52,2.544,0.7668571472167969,270.6875
b_h3-1m-n1-c8-concurrent_write-r2-cassandra,2026-09-06T09:48:29.2045273Z,234.42,2.544,0.7668571472167969,272.03125
b_h3-1m-n1-c8-concurrent_write-r2-cassandra,2026-09-06T09:48:35.4393558Z,226.84,2.544,0.7668571472167969,273.75
b_h3-1m-n1-c8-concurrent_write-r2-cassandra,2026-09-06T09:48:41.6787147Z,240.17,2.544,0.7668571472167969,275.6875
b_h3-1m-n1-c8-concurrent_write-r2-cassandra,2026-09-06T09:48:47.9083288Z,229.93,2.544,0.7668571472167969,277.375
b_h3-1m-n1-c8-concurrent_write-r2-cassandra,2026-09-06T09:48:54.1613321Z,230.6,2.544,0.7668266296386719,279.140625
b_h3-1m-n1-c8-concurrent_write-r2-cassandra,2026-09-06T09:49:00.4076967Z,229.6,2.544,0.7668266296386719,280.84375
b_h3-1m-n1-c8-concurrent_write-r2-cassandra,2026-09-06T09:49:06.9179876Z,239.07,2.545,0.7668266296386719,282.421875
b_h3-1m-n1-c8-concurrent_write-r2-cassandra,2026-09-06T09:49:13.1622915Z,236.83,2.545,0.7668266296386719,284.078125
b_h3-1m-n1-c8-concurrent_write-r2-cassandra,2026-09-06T09:49:19.4074551Z,234.53,2.545,0.7668266296386719,286.046875
b_h3-1m-n1-c8-concurrent_write-r2-cassandra,2026-09-06T09:49:25.6528300Z,228.5,2.545,0.7668266296386719,288.1875
b_h3-1m-n1-c8-concurrent_write-r2-cassandra,2026-09-06T09:49:31.8857709Z,240.85,2.545,0.7668266296386719,289.890625
b_h3-1m-n1-c8-concurrent_write-r2-cassandra,2026-09-06T09:49:38.0933345Z,218.93,2.546,0.7668266296386719,290.953125
b_h3-1m-n1-c8-concurrent_write-r2-cassandra,2026-09-06T09:49:44.3084246Z,224.31,2.544,0.7668266296386719,292.140625
b_h3-1m-n1-c8-concurrent_write-r2-cassandra,2026-09-06T09:49:50.5499097Z,238.3,2.541,0.7668266296386719,294
b_h3-1m-n1-c8-concurrent_write-r2-cassandra,2026-09-06T09:49:56.8283596Z,238.07,2.541,0.7668266296386719,295.890625
b_h3-1m-n1-c8-concurrent_write-r2-cassandra,2026-09-06T09:50:03.0702951Z,238.62,2.541,0.7668266296386719,297.40625
b_h3-1m-n1-c8-concurrent_write-r3-cassandra,2026-09-06T09:59:39.4930854Z,230.72,2.544,0.7633552551269531,256.71875
b_h3-1m-n1-c8-concurrent_write-r3-cassandra,2026-09-06T09:59:45.7390564Z,224.25,2.544,0.7648773193359375,258.484375
b_h3-1m-n1-c8-concurrent_write-r3-cassandra,2026-09-06T09:59:51.9669782Z,239.83,2.544,0.7699241638183594,260.359375
b_h3-1m-n1-c8-concurrent_write-r3-cassandra,2026-09-06T09:59:58.2803132Z,229.88,2.544,0.7715721130371094,261.921875
b_h3-1m-n1-c8-concurrent_write-r3-cassandra,2026-09-06T10:00:04.5113974Z,239.43,2.543,0.7715721130371094,263.421875
b_h3-1m-n1-c8-concurrent_write-r3-cassandra,2026-09-06T10:00:10.7514966Z,236.22,2.544,0.7715721130371094,265.34375
b_h3-1m-n1-c8-concurrent_write-r3-cassandra,2026-09-06T10:00:17.3046193Z,230.29,2.544,0.7717170715332031,267.703125
b_h3-1m-n1-c8-concurrent_write-r3-cassandra,2026-09-06T10:00:23.5461692Z,239.69,2.544,0.7717170715332031,269.703125
b_h3-1m-n1-c8-concurrent_write-r3-cassandra,2026-09-06T10:00:29.8120616Z,231.52,2.544,0.7717247009277344,271.578125
b_h3-1m-n1-c8-concurrent_write-r3-cassandra,2026-09-06T10:00:36.0404321Z,222.13,2.544,0.7717628479003906,273.328125
b_h3-1m-n1-c8-concurrent_write-r3-cassandra,2026-09-06T10:00:42.2808263Z,240.42,2.544,0.7717628479003906,275.25
b_h3-1m-n1-c8-concurrent_write-r3-cassandra,2026-09-06T10:00:48.5208589Z,235.35,2.544,0.7721710205078125,276.9375
b_h3-1m-n1-c8-concurrent_write-r3-cassandra,2026-09-06T10:00:54.7610097Z,233.07,2.544,0.7721748352050781,278.421875
b_h3-1m-n1-c8-concurrent_write-r3-cassandra,2026-09-06T10:01:01.0150958Z,239.48,2.544,0.7721748352050781,280.09375
b_h3-1m-n1-c8-concurrent_write-r3-cassandra,2026-09-06T10:01:07.3928462Z,232.44,2.544,0.7721900939941406,281.921875
b_h3-1m-n1-c8-concurrent_write-r3-cassandra,2026-09-06T10:01:13.6353636Z,232.47,2.544,0.7721900939941406,283.1875
b_h3-1m-n1-c8-concurrent_write-r3-cassandra,2026-09-06T10:01:19.8744797Z,237.91,2.544,0.7721900939941406,284.921875
b_h3-1m-n1-c8-concurrent_write-r3-cassandra,2026-09-06T10:01:26.1239874Z,232.97,2.544,0.7721595764160156,286.65625
b_h3-1m-n1-c8-concurrent_write-r3-cassandra,2026-09-06T10:01:32.3594917Z,237.44,2.544,0.7721672058105469,288.21875
b_h3-1m-n1-c8-concurrent_write-r3-cassandra,2026-09-06T10:01:38.6034733Z,237.17,2.544,0.7721672058105469,290.1875
b_h3-1m-n1-c8-concurrent_write-r3-cassandra,2026-09-06T10:01:44.8336626Z,233.13,2.544,0.7722282409667969,291.78125
b_h3-1m-n1-c8-concurrent_write-r3-cassandra,2026-09-06T10:01:51.0595648Z,238.08,2.545,0.7722282409667969,293.625
b_h3-1m-n1-c8-concurrent_write-r3-cassandra,2026-09-06T10:01:57.3765916Z,233.86,2.544,0.7722320556640625,295.75
b_h3-1m-n1-c8-concurrent_write-r3-cassandra,2026-09-06T10:02:03.5988129Z,223.19,2.545,0.7722320556640625,297.53125
b_h3-1m-n1-c8-concurrent_write-r3-cassandra,2026-09-06T10:02:09.8121232Z,219.21,2.547,0.7722320556640625,298.734375
b_h3-1m-n1-c8-concurrent_write-r3-cassandra,2026-09-06T10:02:16.0330622Z,228.49,2.546,0.7722320556640625,300.3125
b_h3-1m-n1-c8-concurrent_write-r3-cassandra,2026-09-06T10:02:22.2773055Z,234.17,2.545,0.7722320556640625,301.71875
b_h3-1m-n1-c8-concurrent_write-r3-cassandra,2026-09-06T10:02:28.5164117Z,239.7,2.545,0.7722434997558594,303.65625
b_h3-1m-n1-c8-read_single-r1-cassandra,2026-09-06T10:08:01.2262015Z,232.47,2.571,0.7587547302246094,150.4375
b_h3-1m-n1-c8-read_single-r1-cassandra,2026-09-06T10:08:07.6335527Z,223.57,2.571,0.7587203979492188,151.90625
b_h3-1m-n1-c8-read_single-r1-cassandra,2026-09-06T10:08:13.8591371Z,221.71,2.579,0.7605094909667969,153.578125
b_h3-1m-n1-c8-read_single-r1-cassandra,2026-09-06T10:08:20.0908733Z,231.71,2.579,0.7642822265625,155.59375
b_h3-1m-n1-c8-read_single-r1-cassandra,2026-09-06T10:08:26.3202920Z,222.79,2.58,0.7589683532714844,157.109375
b_h3-1m-n1-c8-read_single-r1-cassandra,2026-09-06T10:08:32.5556565Z,236.52,2.579,0.7589683532714844,159
b_h3-1m-n1-c8-read_single-r1-cassandra,2026-09-06T10:08:38.7972471Z,226.61,2.579,0.7589683532714844,161.046875
b_h3-1m-n1-c8-read_single-r1-cassandra,2026-09-06T10:08:45.0396941Z,231.36,2.58,0.7596664428710938,162.875
b_h3-1m-n1-c8-read_single-r1-cassandra,2026-09-06T10:08:51.2763318Z,228.5,2.579,0.7620658874511719,164.734375
b_h3-1m-n1-c8-read_single-r1-cassandra,2026-09-06T10:08:57.6660881Z,237.24,2.579,0.7592849731445312,166.65625
b_h3-1m-n1-c8-read_single-r1-cassandra,2026-09-06T10:09:03.8838854Z,227.08,2.579,0.7593536376953125,168.234375
b_h3-1m-n1-c8-read_single-r1-cassandra,2026-09-06T10:09:10.1299907Z,231.3,2.579,0.7612762451171875,169.8125
b_h3-1m-n1-c8-read_single-r1-cassandra,2026-09-06T10:09:16.3674343Z,226.55,2.579,0.7586746215820312,171.6875
b_h3-1m-n1-c8-read_single-r1-cassandra,2026-09-06T10:09:22.6121814Z,222.74,2.579,0.7623100280761719,173.5625
b_h3-1m-n1-c8-read_single-r1-cassandra,2026-09-06T10:09:28.8385326Z,230.71,2.58,0.7623100280761719,175.65625
b_h3-1m-n1-c8-read_single-r1-cassandra,2026-09-06T10:09:35.0669603Z,231.79,2.579,0.7622833251953125,177.28125
b_h3-1m-n1-c8-read_single-r1-cassandra,2026-09-06T10:09:41.3076420Z,233.74,2.579,0.7659797668457031,178.953125
b_h3-1m-n1-c8-read_single-r1-cassandra,2026-09-06T10:09:47.7290732Z,236.86,2.579,0.7660102844238281,180.828125
b_h3-1m-n1-c8-read_single-r1-cassandra,2026-09-06T10:09:53.9668188Z,230.31,2.579,0.7660102844238281,182.671875
b_h3-1m-n1-c8-read_single-r1-cassandra,2026-09-06T10:10:00.2029683Z,229.59,2.579,0.7660102844238281,184.15625
b_h3-1m-n1-c8-read_single-r1-cassandra,2026-09-06T10:10:06.4331754Z,228.14,2.579,0.7660102844238281,185.65625
b_h3-1m-n1-c8-read_single-r1-cassandra,2026-09-06T10:10:12.6724127Z,224.76,2.58,0.7660102844238281,187.46875
b_h3-1m-n1-c8-read_single-r1-cassandra,2026-09-06T10:10:18.9070386Z,228.11,2.579,0.7660102844238281,189.34375
b_h3-1m-n1-c8-read_single-r1-cassandra,2026-09-06T10:10:25.1327107Z,229.88,2.579,0.7660102844238281,191.4375
b_h3-1m-n1-c8-read_single-r1-cassandra,2026-09-06T10:10:31.3702437Z,235.69,2.579,0.7679023742675781,193.28125
b_h3-1m-n1-c8-read_single-r1-cassandra,2026-09-06T10:10:37.7357273Z,228.75,2.58,0.7679023742675781,195.125
b_h3-1m-n1-c8-read_single-r1-cassandra,2026-09-06T10:10:43.9751741Z,231.12,2.579,0.7679023742675781,196.625
b_h3-1m-n1-c8-read_single-r1-cassandra,2026-09-06T10:10:50.2054133Z,233.24,2.58,0.7679023742675781,198.359375
b_h3-1m-n1-c8-read_single-r1-cassandra,2026-09-06T10:10:56.4546037Z,221.19,2.58,0.7679023742675781,200.078125
b_h3-1m-n1-c8-read_single-r2-cassandra,2026-09-06T10:16:29.1731404Z,227.37,2.595,0.7589340209960938,150.296875
b_h3-1m-n1-c8-read_single-r2-cassandra,2026-09-06T10:16:35.4058210Z,233.66,2.594,0.7589035034179688,152.125
b_h3-1m-n1-c8-read_single-r2-cassandra,2026-09-06T10:16:41.6457930Z,232.54,2.594,0.7605323791503906,154.40625
b_h3-1m-n1-c8-read_single-r2-cassandra,2026-09-06T10:16:48.0326105Z,233.37,2.594,0.7643280029296875,156.34375
b_h3-1m-n1-c8-read_single-r2-cassandra,2026-09-06T10:16:54.2807400Z,233.65,2.594,0.7586021423339844,157.9375
b_h3-1m-n1-c8-read_single-r2-cassandra,2026-09-06T10:17:00.5124076Z,233.48,2.594,0.758880615234375,159.578125
b_h3-1m-n1-c8-read_single-r2-cassandra,2026-09-06T10:17:06.7382160Z,222.47,2.594,0.758880615234375,161.59375
b_h3-1m-n1-c8-read_single-r2-cassandra,2026-09-06T10:17:12.9680431Z,234.17,2.594,0.758880615234375,163.65625
b_h3-1m-n1-c8-read_single-r2-cassandra,2026-09-06T10:17:19.2238638Z,230.89,2.595,0.7601509094238281,165.46875
b_h3-1m-n1-c8-read_single-r2-cassandra,2026-09-06T10:17:25.4458125Z,224.75,2.607,0.7601509094238281,167.109375
b_h3-1m-n1-c8-read_single-r2-cassandra,2026-09-06T10:17:31.6856792Z,235.66,2.607,0.7601547241210938,169.234375
b_h3-1m-n1-c8-read_single-r2-cassandra,2026-09-06T10:17:38.0664934Z,234.02,2.607,0.761749267578125,171.03125
b_h3-1m-n1-c8-read_single-r2-cassandra,2026-09-06T10:17:44.3079272Z,231.4,2.606,0.7589225769042969,172.75
b_h3-1m-n1-c8-read_single-r2-cassandra,2026-09-06T10:17:50.5493251Z,232.07,2.607,0.758148193359375,174.328125
b_h3-1m-n1-c8-read_single-r2-cassandra,2026-09-06T10:17:56.7761902Z,231.06,2.606,0.7587623596191406,175.78125
b_h3-1m-n1-c8-read_single-r2-cassandra,2026-09-06T10:18:03.0142287Z,226.75,2.607,0.7593536376953125,177.53125
b_h3-1m-n1-c8-read_single-r2-cassandra,2026-09-06T10:18:09.2550360Z,230.23,2.607,0.7593536376953125,179.4375
b_h3-1m-n1-c8-read_single-r2-cassandra,2026-09-06T10:18:15.4878400Z,228.54,2.606,0.7593727111816406,181.265625
b_h3-1m-n1-c8-read_single-r2-cassandra,2026-09-06T10:18:21.7221666Z,236.94,2.606,0.7594337463378906,183.375
b_h3-1m-n1-c8-read_single-r2-cassandra,2026-09-06T10:18:28.1084269Z,230.52,2.606,0.7594337463378906,184.84375
b_h3-1m-n1-c8-read_single-r2-cassandra,2026-09-06T10:18:34.3329286Z,226.08,2.607,0.7594337463378906,186.78125
b_h3-1m-n1-c8-read_single-r2-cassandra,2026-09-06T10:18:40.5726010Z,233.02,2.606,0.7594337463378906,189.03125
b_h3-1m-n1-c8-read_single-r2-cassandra,2026-09-06T10:18:46.8161361Z,226.57,2.607,0.7594337463378906,190.828125
b_h3-1m-n1-c8-read_single-r2-cassandra,2026-09-06T10:18:53.0366872Z,224.26,2.607,0.7594337463378906,192.859375
b_h3-1m-n1-c8-read_single-r2-cassandra,2026-09-06T10:18:59.2814736Z,233.99,2.605,0.7594337463378906,194.3125
b_h3-1m-n1-c8-read_single-r2-cassandra,2026-09-06T10:19:05.5217488Z,223.24,2.605,0.7594337463378906,195.984375
b_h3-1m-n1-c8-read_single-r2-cassandra,2026-09-06T10:19:11.7463124Z,232.03,2.605,0.7612648010253906,197.375
b_h3-1m-n1-c8-read_single-r2-cassandra,2026-09-06T10:19:18.1648120Z,232.85,2.605,0.7612648010253906,199.125
b_h3-1m-n1-c8-read_single-r2-cassandra,2026-09-06T10:19:24.4149635Z,230.21,2.605,0.7612724304199219,200.796875
b_h3-1m-n1-c8-read_single-r3-cassandra,2026-09-06T10:24:57.1961707Z,221.85,2.582,0.759918212890625,148.9375
b_h3-1m-n1-c8-read_single-r3-cassandra,2026-09-06T10:25:03.4253382Z,225.87,2.582,0.7690925598144531,150.96875
b_h3-1m-n1-c8-read_single-r3-cassandra,2026-09-06T10:25:09.6764856Z,229.67,2.582,0.75927734375,152.734375
b_h3-1m-n1-c8-read_single-r3-cassandra,2026-09-06T10:25:15.8994608Z,232.15,2.582,0.7659950256347656,154.796875
b_h3-1m-n1-c8-read_single-r3-cassandra,2026-09-06T10:25:22.1317155Z,229.18,2.582,0.7597084045410156,156.296875
b_h3-1m-n1-c8-read_single-r3-cassandra,2026-09-06T10:25:28.4232081Z,233.7,2.583,0.7597618103027344,158.390625
b_h3-1m-n1-c8-read_single-r3-cassandra,2026-09-06T10:25:34.6591253Z,227.88,2.582,0.7597732543945312,160.859375
b_h3-1m-n1-c8-read_single-r3-cassandra,2026-09-06T10:25:40.8864623Z,224.76,2.582,0.7597923278808594,162.359375
b_h3-1m-n1-c8-read_single-r3-cassandra,2026-09-06T10:25:47.1186113Z,229.67,2.583,0.7599639892578125,164.203125
b_h3-1m-n1-c8-read_single-r3-cassandra,2026-09-06T10:25:53.3582272Z,227.95,2.582,0.7599639892578125,165.84375
b_h3-1m-n1-c8-read_single-r3-cassandra,2026-09-06T10:25:59.5887677Z,231.48,2.582,0.7599639892578125,167.125
b_h3-1m-n1-c8-read_single-r3-cassandra,2026-09-06T10:26:05.8298571Z,231.07,2.583,0.7602500915527344,169.140625
b_h3-1m-n1-c8-read_single-r3-cassandra,2026-09-06T10:26:12.0772652Z,225.52,2.582,0.7605133056640625,171.28125
b_h3-1m-n1-c8-read_single-r3-cassandra,2026-09-06T10:26:18.5020831Z,228.12,2.583,0.7605361938476562,173.46875
b_h3-1m-n1-c8-read_single-r3-cassandra,2026-09-06T10:26:24.7360866Z,226.03,2.582,0.7605743408203125,174.875
b_h3-1m-n1-c8-read_single-r3-cassandra,2026-09-06T10:26:30.9704551Z,228.13,2.582,0.7608299255371094,176.40625
b_h3-1m-n1-c8-read_single-r3-cassandra,2026-09-06T10:26:37.2020373Z,227.56,2.582,0.7608375549316406,177.84375
b_h3-1m-n1-c8-read_single-r3-cassandra,2026-09-06T10:26:43.4447149Z,232.06,2.582,0.7608375549316406,179.234375
b_h3-1m-n1-c8-read_single-r3-cassandra,2026-09-06T10:26:49.6895006Z,228.74,2.583,0.7608375549316406,180.84375
b_h3-1m-n1-c8-read_single-r3-cassandra,2026-09-06T10:26:55.9294806Z,233.51,2.582,0.7608375549316406,182.671875
b_h3-1m-n1-c8-read_single-r3-cassandra,2026-09-06T10:27:02.1718860Z,231.53,2.583,0.7608375549316406,184.296875
b_h3-1m-n1-c8-read_single-r3-cassandra,2026-09-06T10:27:08.5381083Z,236.81,2.582,0.7608375549316406,185.921875
b_h3-1m-n1-c8-read_single-r3-cassandra,2026-09-06T10:27:14.7795561Z,230.82,2.583,0.7608375549316406,187.78125
b_h3-1m-n1-c8-read_single-r3-cassandra,2026-09-06T10:27:21.0183348Z,225.8,2.582,0.7608375549316406,189.515625
b_h3-1m-n1-c8-read_single-r3-cassandra,2026-09-06T10:27:27.2416925Z,227.05,2.582,0.7608375549316406,191.15625
b_h3-1m-n1-c8-read_single-r3-cassandra,2026-09-06T10:27:33.4739831Z,230.18,2.583,0.7626609802246094,193.015625
b_h3-1m-n1-c8-read_single-r3-cassandra,2026-09-06T10:27:39.7054116Z,231.72,2.582,0.7627220153808594,195.15625
b_h3-1m-n1-c8-read_single-r3-cassandra,2026-09-06T10:27:45.9393197Z,223.92,2.583,0.7617645263671875,196.921875
b_h3-1m-n1-c8-read_single-r3-cassandra,2026-09-06T10:27:52.1943039Z,225.46,2.582,0.7617645263671875,198.703125
b_h3-1m-n1-c32-concurrent_write-r1-cassandra,2026-09-06T10:37:28.8473636Z,221.17,2.564,0.7644729614257812,259.609375
b_h3-1m-n1-c32-concurrent_write-r1-cassandra,2026-09-06T10:37:35.0712520Z,212.41,2.565,0.7721366882324219,262.265625
b_h3-1m-n1-c32-concurrent_write-r1-cassandra,2026-09-06T10:37:41.3119304Z,222.77,2.564,0.7640876770019531,264.765625
b_h3-1m-n1-c32-concurrent_write-r1-cassandra,2026-09-06T10:37:47.5250923Z,221.48,2.564,0.7676048278808594,267.15625
b_h3-1m-n1-c32-concurrent_write-r1-cassandra,2026-09-06T10:37:53.7327792Z,214.32,2.564,0.7677040100097656,269.546875
b_h3-1m-n1-c32-concurrent_write-r1-cassandra,2026-09-06T10:38:00.0357972Z,220.09,2.564,0.7677192687988281,272.640625
b_h3-1m-n1-c32-concurrent_write-r1-cassandra,2026-09-06T10:38:06.2814220Z,221.59,2.565,0.7823829650878906,275.625
b_h3-1m-n1-c32-concurrent_write-r1-cassandra,2026-09-06T10:38:12.5099108Z,219.24,2.565,0.7641181945800781,278.046875
b_h3-1m-n1-c32-concurrent_write-r1-cassandra,2026-09-06T10:38:19.0532795Z,213.15,2.566,0.7659797668457031,280.875
b_h3-1m-n1-c32-concurrent_write-r1-cassandra,2026-09-06T10:38:25.2600842Z,212.07,2.567,0.7662162780761719,282.90625
b_h3-1m-n1-c32-concurrent_write-r1-cassandra,2026-09-06T10:38:31.4762762Z,216.01,2.565,0.7662162780761719,285.1875
b_h3-1m-n1-c32-concurrent_write-r1-cassandra,2026-09-06T10:38:37.7103440Z,220.45,2.565,0.7662162780761719,287.71875
b_h3-1m-n1-c32-concurrent_write-r1-cassandra,2026-09-06T10:38:43.9355953Z,218.7,2.565,0.7662849426269531,290.5
b_h3-1m-n1-c32-concurrent_write-r1-cassandra,2026-09-06T10:38:50.1651382Z,225.77,2.565,0.7662849426269531,293.1875
b_h3-1m-n1-c32-concurrent_write-r1-cassandra,2026-09-06T10:38:56.3943613Z,219.08,2.566,0.7662849426269531,295.828125
b_h3-1m-n1-c32-concurrent_write-r1-cassandra,2026-09-06T10:39:02.6051676Z,210.23,2.566,0.7662849426269531,298.03125
b_h3-1m-n1-c32-concurrent_write-r1-cassandra,2026-09-06T10:39:09.0555814Z,215.99,2.565,0.7663536071777344,301.0625
b_h3-1m-n1-c32-concurrent_write-r1-cassandra,2026-09-06T10:39:15.2874445Z,224.37,2.565,0.7663230895996094,303.46875
b_h3-1m-n1-c32-concurrent_write-r1-cassandra,2026-09-06T10:39:21.5026267Z,221.62,2.566,0.7663230895996094,306.15625
b_h3-1m-n1-c32-concurrent_write-r1-cassandra,2026-09-06T10:39:27.7217093Z,215.66,2.565,0.7671165466308594,309.015625
b_h3-1m-n1-c32-concurrent_write-r1-cassandra,2026-09-06T10:39:33.9512352Z,217.8,2.566,0.7671165466308594,311.75
b_h3-1m-n1-c32-concurrent_write-r1-cassandra,2026-09-06T10:39:40.1819861Z,223.8,2.566,0.7671165466308594,314
b_h3-1m-n1-c32-concurrent_write-r1-cassandra,2026-09-06T10:39:46.3988011Z,212.4,2.567,0.7695045471191406,316.609375
b_h3-1m-n1-c32-concurrent_write-r1-cassandra,2026-09-06T10:39:52.6075676Z,224.99,2.567,0.7695045471191406,319.078125
b_h3-1m-n1-c32-concurrent_write-r1-cassandra,2026-09-06T10:39:59.1161682Z,221.13,2.567,0.7695045471191406,322.1875
b_h3-1m-n1-c32-concurrent_write-r1-cassandra,2026-09-06T10:40:05.3359537Z,222.5,2.567,0.7715530395507812,324.8125
b_h3-1m-n1-c32-concurrent_write-r1-cassandra,2026-09-06T10:40:11.5542642Z,216.16,2.567,0.7715530395507812,327.078125
b_h3-1m-n1-c32-concurrent_write-r1-cassandra,2026-09-06T10:40:17.7804765Z,222.81,2.567,0.7715530395507812,329.65625
b_h3-1m-n1-c32-concurrent_write-r1-cassandra,2026-09-06T10:40:24.0003779Z,220.4,2.567,0.7715530395507812,332.28125
b_h3-1m-n1-c32-concurrent_write-r2-cassandra,2026-09-06T10:50:06.6465441Z,219.73,2.544,0.7766838073730469,257.203125
b_h3-1m-n1-c32-concurrent_write-r2-cassandra,2026-09-06T10:50:12.8663930Z,213.35,2.544,0.7728233337402344,259.734375
b_h3-1m-n1-c32-concurrent_write-r2-cassandra,2026-09-06T10:50:19.6273760Z,225.2,2.545,0.7656517028808594,262.1875
b_h3-1m-n1-c32-concurrent_write-r2-cassandra,2026-09-06T10:50:25.8569975Z,217.65,2.545,0.7656517028808594,264.65625
b_h3-1m-n1-c32-concurrent_write-r2-cassandra,2026-09-06T10:50:32.0946343Z,221.82,2.545,0.7656517028808594,267.828125
b_h3-1m-n1-c32-concurrent_write-r2-cassandra,2026-09-06T10:50:38.3107524Z,225.31,2.545,0.7656822204589844,270.53125
b_h3-1m-n1-c32-concurrent_write-r2-cassandra,2026-09-06T10:50:44.5463014Z,216.96,2.545,0.7669715881347656,273.6875
b_h3-1m-n1-c32-concurrent_write-r2-cassandra,2026-09-06T10:50:50.7700432Z,219.37,2.545,0.7669715881347656,276.859375
b_h3-1m-n1-c32-concurrent_write-r2-cassandra,2026-09-06T10:50:56.9975145Z,215.37,2.546,0.7681922912597656,279.09375
b_h3-1m-n1-c32-concurrent_write-r2-cassandra,2026-09-06T10:51:03.2124810Z,214.96,2.547,0.7690467834472656,280.90625
b_h3-1m-n1-c32-concurrent_write-r2-cassandra,2026-09-06T10:51:09.6347975Z,210.6,2.546,0.7690467834472656,283.4375
b_h3-1m-n1-c32-concurrent_write-r2-cassandra,2026-09-06T10:51:15.8607785Z,215.83,2.545,0.76922607421875,286.40625
b_h3-1m-n1-c32-concurrent_write-r2-cassandra,2026-09-06T10:51:22.0941303Z,222.33,2.546,0.76922607421875,289.203125
b_h3-1m-n1-c32-concurrent_write-r2-cassandra,2026-09-06T10:51:28.3179337Z,222.35,2.546,0.76922607421875,291.53125
b_h3-1m-n1-c32-concurrent_write-r2-cassandra,2026-09-06T10:51:34.5484732Z,224.82,2.546,0.76922607421875,293.984375
b_h3-1m-n1-c32-concurrent_write-r2-cassandra,2026-09-06T10:51:40.7879431Z,220.1,2.547,0.7692298889160156,295.890625
b_h3-1m-n1-c32-concurrent_write-r2-cassandra,2026-09-06T10:51:47.0193579Z,223.44,2.547,0.7692298889160156,298.4375
b_h3-1m-n1-c32-concurrent_write-r2-cassandra,2026-09-06T10:51:53.2518815Z,221.64,2.547,0.7691993713378906,300.5625
b_h3-1m-n1-c32-concurrent_write-r2-cassandra,2026-09-06T10:51:59.6870506Z,223.9,2.546,0.7699356079101562,303.28125
b_h3-1m-n1-c32-concurrent_write-r2-cassandra,2026-09-06T10:52:05.9207696Z,226.55,2.546,0.7699356079101562,305.78125
b_h3-1m-n1-c32-concurrent_write-r2-cassandra,2026-09-06T10:52:12.1453008Z,223.33,2.546,0.7699356079101562,307.9375
b_h3-1m-n1-c32-concurrent_write-r2-cassandra,2026-09-06T10:52:18.3679421Z,218.87,2.547,0.77227783203125,310.296875
b_h3-1m-n1-c32-concurrent_write-r2-cassandra,2026-09-06T10:52:24.6049716Z,220.99,2.547,0.77227783203125,312.71875
b_h3-1m-n1-c32-concurrent_write-r2-cassandra,2026-09-06T10:52:30.8411576Z,214.69,2.547,0.77227783203125,315.5
b_h3-1m-n1-c32-concurrent_write-r2-cassandra,2026-09-06T10:52:37.0551064Z,220.16,2.547,0.77227783203125,318
b_h3-1m-n1-c32-concurrent_write-r2-cassandra,2026-09-06T10:52:43.2770835Z,225.17,2.547,0.7742996215820312,320.75
b_h3-1m-n1-c32-concurrent_write-r2-cassandra,2026-09-06T10:52:49.6943057Z,214.54,2.547,0.7742996215820312,323.25
b_h3-1m-n1-c32-concurrent_write-r2-cassandra,2026-09-06T10:52:55.9321884Z,222.1,2.548,0.7742996215820312,325.84375
b_h3-1m-n1-c32-concurrent_write-r2-cassandra,2026-09-06T10:53:02.1552951Z,208.62,2.548,0.7763099670410156,328.359375
b_h3-1m-n1-c32-concurrent_write-r3-cassandra,2026-09-06T11:02:44.7032693Z,221.33,2.553,0.7720909118652344,266.484375
b_h3-1m-n1-c32-concurrent_write-r3-cassandra,2026-09-06T11:02:51.1427874Z,221.94,2.554,0.7672195434570312,269.796875
b_h3-1m-n1-c32-concurrent_write-r3-cassandra,2026-09-06T11:02:57.3654125Z,227.57,2.554,0.7638130187988281,272.6875
b_h3-1m-n1-c32-concurrent_write-r3-cassandra,2026-09-06T11:03:03.5917665Z,223.82,2.554,0.7632980346679688,275.671875
b_h3-1m-n1-c32-concurrent_write-r3-cassandra,2026-09-06T11:03:10.1585489Z,208.26,2.554,0.7635612487792969,278.0625
b_h3-1m-n1-c32-concurrent_write-r3-cassandra,2026-09-06T11:03:16.3853452Z,222.27,2.554,0.7649154663085938,280.96875
b_h3-1m-n1-c32-concurrent_write-r3-cassandra,2026-09-06T11:03:22.6055715Z,223.02,2.554,0.7649154663085938,283.609375
b_h3-1m-n1-c32-concurrent_write-r3-cassandra,2026-09-06T11:03:28.8322013Z,224.92,2.555,0.7664146423339844,286.28125
b_h3-1m-n1-c32-concurrent_write-r3-cassandra,2026-09-06T11:03:35.0413544Z,212.18,2.554,0.7665977478027344,288.265625
b_h3-1m-n1-c32-concurrent_write-r3-cassandra,2026-09-06T11:03:41.2646369Z,212.91,2.557,0.7675514221191406,290.1875
b_h3-1m-n1-c32-concurrent_write-r3-cassandra,2026-09-06T11:03:47.4891479Z,221.65,2.554,0.7675514221191406,292.59375
b_h3-1m-n1-c32-concurrent_write-r3-cassandra,2026-09-06T11:03:53.7281273Z,218.6,2.554,0.7677383422851562,294.984375
b_h3-1m-n1-c32-concurrent_write-r3-cassandra,2026-09-06T11:04:00.1683937Z,221.22,2.554,0.7677383422851562,298
b_h3-1m-n1-c32-concurrent_write-r3-cassandra,2026-09-06T11:04:06.4044394Z,210.95,2.554,0.7677383422851562,300.953125
b_h3-1m-n1-c32-concurrent_write-r3-cassandra,2026-09-06T11:04:12.6407318Z,222.22,2.555,0.7677421569824219,303.703125
b_h3-1m-n1-c32-concurrent_write-r3-cassandra,2026-09-06T11:04:18.8639461Z,223.26,2.556,0.7677421569824219,306.234375
b_h3-1m-n1-c32-concurrent_write-r3-cassandra,2026-09-06T11:04:25.0899481Z,220.37,2.555,0.7677116394042969,308.515625
b_h3-1m-n1-c32-concurrent_write-r3-cassandra,2026-09-06T11:04:31.3275393Z,219.01,2.555,0.7677116394042969,311.234375
b_h3-1m-n1-c32-concurrent_write-r3-cassandra,2026-09-06T11:04:37.5471242Z,221.49,2.555,0.7684898376464844,313.9375
b_h3-1m-n1-c32-concurrent_write-r3-cassandra,2026-09-06T11:04:43.7817523Z,228.71,2.556,0.7684898376464844,316.40625
b_h3-1m-n1-c32-concurrent_write-r3-cassandra,2026-09-06T11:04:50.2241986Z,224.38,2.556,0.7684898376464844,319.203125
b_h3-1m-n1-c32-concurrent_write-r3-cassandra,2026-09-06T11:04:56.4348530Z,223.56,2.556,0.77081298828125,321.34375
b_h3-1m-n1-c32-concurrent_write-r3-cassandra,2026-09-06T11:05:02.6796126Z,224.42,2.556,0.77081298828125,323.984375
b_h3-1m-n1-c32-concurrent_write-r3-cassandra,2026-09-06T11:05:08.9182111Z,216.31,2.556,0.77081298828125,327.078125
b_h3-1m-n1-c32-concurrent_write-r3-cassandra,2026-09-06T11:05:15.1432373Z,213.63,2.555,0.77081298828125,329.859375
b_h3-1m-n1-c32-concurrent_write-r3-cassandra,2026-09-06T11:05:21.3753632Z,219.85,2.555,0.7728118896484375,332.265625
b_h3-1m-n1-c32-concurrent_write-r3-cassandra,2026-09-06T11:05:27.5726697Z,211.56,2.555,0.7728118896484375,334.390625
b_h3-1m-n1-c32-concurrent_write-r3-cassandra,2026-09-06T11:05:33.7981610Z,223.95,2.555,0.7728118896484375,337.140625
b_h3-1m-n1-c32-read_single-r1-cassandra,2026-09-06T11:11:06.6740686Z,211.21,2.576,0.7662544250488281,150.890625
b_h3-1m-n1-c32-read_single-r1-cassandra,2026-09-06T11:11:12.8957707Z,211.38,2.577,0.76898193359375,153.046875
b_h3-1m-n1-c32-read_single-r1-cassandra,2026-09-06T11:11:19.1261150Z,210.19,2.577,0.769134521484375,155.1875
b_h3-1m-n1-c32-read_single-r1-cassandra,2026-09-06T11:11:25.3516694Z,209.76,2.577,0.769195556640625,157.84375
b_h3-1m-n1-c32-read_single-r1-cassandra,2026-09-06T11:11:31.5651627Z,214.5,2.576,0.769195556640625,159.90625
b_h3-1m-n1-c32-read_single-r1-cassandra,2026-09-06T11:11:37.7930446Z,212.35,2.577,0.7691993713378906,161.921875
b_h3-1m-n1-c32-read_single-r1-cassandra,2026-09-06T11:11:44.0176401Z,212.72,2.577,0.7711067199707031,164
b_h3-1m-n1-c32-read_single-r1-cassandra,2026-09-06T11:11:50.4891843Z,211.12,2.576,0.7711372375488281,166.609375
b_h3-1m-n1-c32-read_single-r1-cassandra,2026-09-06T11:11:56.7063367Z,199.59,2.577,0.7712326049804688,168.328125
b_h3-1m-n1-c32-read_single-r1-cassandra,2026-09-06T11:12:02.9275051Z,208.43,2.576,0.7723159790039062,171.09375
b_h3-1m-n1-c32-read_single-r1-cassandra,2026-09-06T11:12:09.1508766Z,217.54,2.577,0.7728042602539062,173.890625
b_h3-1m-n1-c32-read_single-r1-cassandra,2026-09-06T11:12:15.3582751Z,208.77,2.576,0.7730941772460938,175.953125
b_h3-1m-n1-c32-read_single-r1-cassandra,2026-09-06T11:12:21.5689794Z,212.22,2.577,0.7658576965332031,178.53125
b_h3-1m-n1-c32-read_single-r1-cassandra,2026-09-06T11:12:27.7886456Z,211.06,2.576,0.7682533264160156,180.890625
b_h3-1m-n1-c32-read_single-r1-cassandra,2026-09-06T11:12:33.9919665Z,211.72,2.577,0.7682533264160156,183.3125
b_h3-1m-n1-c32-read_single-r1-cassandra,2026-09-06T11:12:40.5547011Z,208.94,2.576,0.768218994140625,185.515625
b_h3-1m-n1-c32-read_single-r1-cassandra,2026-09-06T11:12:46.7773163Z,213.86,2.577,0.768218994140625,187.828125
b_h3-1m-n1-c32-read_single-r1-cassandra,2026-09-06T11:12:52.9877789Z,214.03,2.577,0.7698745727539062,189.9375
b_h3-1m-n1-c32-read_single-r1-cassandra,2026-09-06T11:12:59.2092580Z,216.17,2.576,0.7698783874511719,192.5625
b_h3-1m-n1-c32-read_single-r1-cassandra,2026-09-06T11:13:05.4323707Z,215.02,2.576,0.7698783874511719,194.59375
b_h3-1m-n1-c32-read_single-r1-cassandra,2026-09-06T11:13:11.6392776Z,215.1,2.577,0.7698783874511719,196.34375
b_h3-1m-n1-c32-read_single-r1-cassandra,2026-09-06T11:13:17.8517903Z,211.32,2.576,0.7745018005371094,199.015625
b_h3-1m-n1-c32-read_single-r1-cassandra,2026-09-06T11:13:24.0764823Z,210.73,2.576,0.7745018005371094,201.28125
b_h3-1m-n1-c32-read_single-r1-cassandra,2026-09-06T11:13:30.5560153Z,212.51,2.577,0.7745018005371094,204
b_h3-1m-n1-c32-read_single-r1-cassandra,2026-09-06T11:13:36.7770151Z,211.9,2.576,0.7765388488769531,206.4375
b_h3-1m-n1-c32-read_single-r1-cassandra,2026-09-06T11:13:42.9972076Z,210.82,2.577,0.7765388488769531,209.0625
b_h3-1m-n1-c32-read_single-r1-cassandra,2026-09-06T11:13:49.2117680Z,215.05,2.577,0.7765388488769531,211.5
b_h3-1m-n1-c32-read_single-r1-cassandra,2026-09-06T11:13:55.4114265Z,211.77,2.576,0.7769355773925781,213.125
b_h3-1m-n1-c32-read_single-r1-cassandra,2026-09-06T11:14:01.6296107Z,209.64,2.577,0.7789115905761719,215.578125
b_h3-1m-n1-c32-read_single-r2-cassandra,2026-09-06T11:19:34.3837977Z,214.28,2.603,0.7605819702148438,153.390625
b_h3-1m-n1-c32-read_single-r2-cassandra,2026-09-06T11:19:40.8542918Z,210.07,2.604,0.7655868530273438,155.828125
b_h3-1m-n1-c32-read_single-r2-cassandra,2026-09-06T11:19:47.0853361Z,214.16,2.604,0.7612762451171875,157.984375
b_h3-1m-n1-c32-read_single-r2-cassandra,2026-09-06T11:19:53.3235870Z,212.43,2.604,0.7612800598144531,159.765625
b_h3-1m-n1-c32-read_single-r2-cassandra,2026-09-06T11:19:59.9006256Z,228.14,2.604,0.7612838745117188,161.0625
b_h3-1m-n1-c32-read_single-r2-cassandra,2026-09-06T11:20:06.1719309Z,213.94,2.604,0.7612838745117188,163.28125
b_h3-1m-n1-c32-read_single-r2-cassandra,2026-09-06T11:20:12.4147533Z,211.69,2.604,0.7613563537597656,165.5
b_h3-1m-n1-c32-read_single-r2-cassandra,2026-09-06T11:20:18.6320388Z,210.53,2.604,0.7622528076171875,167.390625
b_h3-1m-n1-c32-read_single-r2-cassandra,2026-09-06T11:20:24.8809982Z,211.07,2.604,0.7641677856445312,169.15625
b_h3-1m-n1-c32-read_single-r2-cassandra,2026-09-06T11:20:31.8428057Z,207.03,2.604,0.7642326354980469,171.5
b_h3-1m-n1-c32-read_single-r2-cassandra,2026-09-06T11:20:38.0550872Z,211.75,2.604,0.7642669677734375,173.8125
b_h3-1m-n1-c32-read_single-r2-cassandra,2026-09-06T11:20:44.2730083Z,210.47,2.604,0.7654190063476562,176.015625
b_h3-1m-n1-c32-read_single-r2-cassandra,2026-09-06T11:20:50.8563846Z,212.38,2.604,0.7654190063476562,178.28125
b_h3-1m-n1-c32-read_single-r2-cassandra,2026-09-06T11:20:57.0756341Z,210.92,2.604,0.7653846740722656,180.375
b_h3-1m-n1-c32-read_single-r2-cassandra,2026-09-06T11:21:03.2902225Z,214.26,2.604,0.7653846740722656,182.625
b_h3-1m-n1-c32-read_single-r2-cassandra,2026-09-06T11:21:09.5005668Z,211.42,2.604,0.7676353454589844,184.828125
b_h3-1m-n1-c32-read_single-r2-cassandra,2026-09-06T11:21:15.7364841Z,208.64,2.604,0.7676353454589844,186.828125
b_h3-1m-n1-c32-read_single-r2-cassandra,2026-09-06T11:21:21.9596376Z,209.6,2.604,0.7676353454589844,188.78125
b_h3-1m-n1-c32-read_single-r2-cassandra,2026-09-06T11:21:28.1850510Z,208.39,2.604,0.7676353454589844,191.265625
b_h3-1m-n1-c32-read_single-r2-cassandra,2026-09-06T11:21:34.4022372Z,209.83,2.604,0.7693328857421875,193.5
b_h3-1m-n1-c32-read_single-r2-cassandra,2026-09-06T11:21:40.8982510Z,215.16,2.603,0.7693328857421875,195.59375
b_h3-1m-n1-c32-read_single-r2-cassandra,2026-09-06T11:21:47.1157131Z,211.26,2.604,0.7693328857421875,197.859375
b_h3-1m-n1-c32-read_single-r2-cassandra,2026-09-06T11:21:53.3444686Z,213.21,2.604,0.7693328857421875,200.125
b_h3-1m-n1-c32-read_single-r2-cassandra,2026-09-06T11:21:59.5658146Z,209.74,2.604,0.77093505859375,202.3125
b_h3-1m-n1-c32-read_single-r2-cassandra,2026-09-06T11:22:05.7849062Z,217.26,2.604,0.77093505859375,204.890625
b_h3-1m-n1-c32-read_single-r2-cassandra,2026-09-06T11:22:11.9991213Z,207.64,2.604,0.77093505859375,207.046875
b_h3-1m-n1-c32-read_single-r2-cassandra,2026-09-06T11:22:18.2313364Z,211.18,2.604,0.77093505859375,209.28125
b_h3-1m-n1-c32-read_single-r2-cassandra,2026-09-06T11:22:24.4454946Z,210.47,2.604,0.77294921875,211.15625
b_h3-1m-n1-c32-read_single-r3-cassandra,2026-09-06T11:27:58.5295165Z,208.14,2.61,0.7651252746582031,158.296875
b_h3-1m-n1-c32-read_single-r3-cassandra,2026-09-06T11:28:04.7376294Z,212.22,2.611,0.7654457092285156,160.140625
b_h3-1m-n1-c32-read_single-r3-cassandra,2026-09-06T11:28:11.1977923Z,209.28,2.61,0.7604026794433594,162.6875
b_h3-1m-n1-c32-read_single-r3-cassandra,2026-09-06T11:28:17.4174235Z,215.67,2.61,0.7604598999023438,165.40625
b_h3-1m-n1-c32-read_single-r3-cassandra,2026-09-06T11:28:23.6364838Z,207.98,2.609,0.7604598999023438,167.828125
b_h3-1m-n1-c32-read_single-r3-cassandra,2026-09-06T11:28:29.8521205Z,211.4,2.61,0.7610130310058594,170
b_h3-1m-n1-c32-read_single-r3-cassandra,2026-09-06T11:28:36.0639305Z,211.82,2.61,0.7630691528320312,172.234375
b_h3-1m-n1-c32-read_single-r3-cassandra,2026-09-06T11:28:42.3033133Z,210.77,2.609,0.7630691528320312,175.171875
b_h3-1m-n1-c32-read_single-r3-cassandra,2026-09-06T11:28:48.5137049Z,212.74,2.61,0.7651138305664062,177.15625
b_h3-1m-n1-c32-read_single-r3-cassandra,2026-09-06T11:28:54.7254938Z,212.41,2.61,0.7651138305664062,179.125
b_h3-1m-n1-c32-read_single-r3-cassandra,2026-09-06T11:29:01.2439502Z,212.94,2.61,0.76702880859375,181.828125
b_h3-1m-n1-c32-read_single-r3-cassandra,2026-09-06T11:29:07.4584526Z,213.81,2.609,0.76702880859375,184.1875
b_h3-1m-n1-c32-read_single-r3-cassandra,2026-09-06T11:29:13.6832156Z,213.4,2.61,0.76702880859375,186.609375
b_h3-1m-n1-c32-read_single-r3-cassandra,2026-09-06T11:29:19.9062130Z,212.37,2.609,0.7693328857421875,188.71875
b_h3-1m-n1-c32-read_single-r3-cassandra,2026-09-06T11:29:26.1293104Z,210.48,2.609,0.7694129943847656,191.3125
b_h3-1m-n1-c32-read_single-r3-cassandra,2026-09-06T11:29:32.3442236Z,213.6,2.61,0.7694129943847656,193.46875
b_h3-1m-n1-c32-read_single-r3-cassandra,2026-09-06T11:29:38.5623310Z,214.24,2.609,0.7694129943847656,195.59375
b_h3-1m-n1-c32-read_single-r3-cassandra,2026-09-06T11:29:44.7855122Z,209.41,2.609,0.7711029052734375,198.234375
b_h3-1m-n1-c32-read_single-r3-cassandra,2026-09-06T11:29:51.2375187Z,211.49,2.61,0.7711029052734375,200.84375
b_h3-1m-n1-c32-read_single-r3-cassandra,2026-09-06T11:29:57.4425195Z,209.93,2.609,0.7711029052734375,203.078125
b_h3-1m-n1-c32-read_single-r3-cassandra,2026-09-06T11:30:03.6486565Z,212.63,2.609,0.7711029052734375,205.265625
b_h3-1m-n1-c32-read_single-r3-cassandra,2026-09-06T11:30:09.8538237Z,213.55,2.609,0.7728500366210938,207.734375
b_h3-1m-n1-c32-read_single-r3-cassandra,2026-09-06T11:30:16.0613148Z,212.24,2.61,0.7728500366210938,210.15625
b_h3-1m-n1-c32-read_single-r3-cassandra,2026-09-06T11:30:22.2833577Z,205.94,2.609,0.7728500366210938,212.359375
b_h3-1m-n1-c32-read_single-r3-cassandra,2026-09-06T11:30:28.5166033Z,208.19,2.61,0.7728500366210938,214.46875
b_h3-1m-n1-c32-read_single-r3-cassandra,2026-09-06T11:30:34.7385079Z,208.05,2.61,0.7748565673828125,216.46875
b_h3-1m-n1-c32-read_single-r3-cassandra,2026-09-06T11:30:41.2928811Z,211.95,2.61,0.7748565673828125,218.796875
b_h3-1m-n1-c32-read_single-r3-cassandra,2026-09-06T11:30:47.5071214Z,216.66,2.609,0.7748565673828125,221.109375
b_h3-1m-n1-c32-read_single-r3-cassandra,2026-09-06T11:30:53.7266142Z,212.1,2.61,0.7748565673828125,222.9375
b_h3-1m-n2-c8-concurrent_write-r1-cassandra,2026-09-06T11:44:07.1634398Z,336.49,5.037,0.7670364379882812,395.578125
b_h3-1m-n2-c8-concurrent_write-r1-cassandra,2026-09-06T11:44:13.4213730Z,311.53999999999996,5.036,0.7703933715820312,398.765625
b_h3-1m-n2-c8-concurrent_write-r1-cassandra,2026-09-06T11:44:20.6766641Z,314.57,5.038,0.7746543884277344,402.390625
b_h3-1m-n2-c8-concurrent_write-r1-cassandra,2026-09-06T11:44:27.1847590Z,314.15,5.042,0.7746543884277344,405.578125
b_h3-1m-n2-c8-concurrent_write-r1-cassandra,2026-09-06T11:44:34.4582781Z,307.76,5.041,0.7746772766113281,409.203125
b_h3-1m-n2-c8-concurrent_write-r1-cassandra,2026-09-06T11:44:41.7203213Z,280.31,5.041,0.7746772766113281,412.25
b_h3-1m-n2-c8-concurrent_write-r1-cassandra,2026-09-06T11:44:48.2094563Z,308.9,5.041,0.7746772766113281,415.078125
b_h3-1m-n2-c8-concurrent_write-r1-cassandra,2026-09-06T11:44:55.4779600Z,299.13,5.041,0.7746772766113281,418.546875
b_h3-1m-n2-c8-concurrent_write-r1-cassandra,2026-09-06T11:45:02.7391943Z,312.57,5.042,0.7746772766113281,422.40625
b_h3-1m-n2-c8-concurrent_write-r1-cassandra,2026-09-06T11:45:09.2245858Z,314.4,5.042,0.7746772766113281,425.125
b_h3-1m-n2-c8-concurrent_write-r1-cassandra,2026-09-06T11:45:16.4921517Z,300.99,5.041,0.7746467590332031,428.625
b_h3-1m-n2-c8-concurrent_write-r1-cassandra,2026-09-06T11:45:23.7781104Z,323.98,5.041,0.7746543884277344,432.046875
b_h3-1m-n2-c8-concurrent_write-r1-cassandra,2026-09-06T11:45:31.0461227Z,319.96000000000004,5.041,0.7750473022460938,435.5625
b_h3-1m-n2-c8-concurrent_write-r1-cassandra,2026-09-06T11:45:38.1982266Z,313.15999999999997,5.041,0.7750473022460938,438.859375
b_h3-1m-n2-c8-concurrent_write-r1-cassandra,2026-09-06T11:45:45.4646536Z,306.5,5.041,0.7750473022460938,442.09375
b_h3-1m-n2-c8-concurrent_write-r1-cassandra,2026-09-06T11:45:52.7263802Z,320.26,5.042,0.7750511169433594,445.546875
b_h3-1m-n2-c8-concurrent_write-r1-cassandra,2026-09-06T11:45:59.2652608Z,313.27,5.041,0.7750511169433594,448.625
b_h3-1m-n2-c8-concurrent_write-r1-cassandra,2026-09-06T11:46:06.5382107Z,271.6,5.042,0.7750511169433594,451.8125
b_h3-1m-n2-c8-concurrent_write-r1-cassandra,2026-09-06T11:46:13.8059737Z,309.46000000000004,5.042,0.7750587463378906,455.734375
b_h3-1m-n2-c8-concurrent_write-r1-cassandra,2026-09-06T11:46:21.0645716Z,380.96000000000004,5.0489999999999995,0.7750587463378906,458.546875
b_h3-1m-n2-c8-concurrent_write-r1-cassandra,2026-09-06T11:46:28.2558687Z,315.76,5.046,0.7750587463378906,461.78125
b_h3-1m-n2-c8-concurrent_write-r1-cassandra,2026-09-06T11:46:35.5121811Z,301.4,5.047000000000001,0.7750587463378906,464.828125
b_h3-1m-n2-c8-concurrent_write-r1-cassandra,2026-09-06T11:46:42.7775420Z,317.86,5.047000000000001,0.7750587463378906,468.390625
b_h3-1m-n2-c8-concurrent_write-r1-cassandra,2026-09-06T11:46:49.3351147Z,324.73,5.046,0.7750587463378906,471.140625
b_h3-1m-n2-c8-concurrent_write-r1-cassandra,2026-09-06T11:46:56.5998530Z,319.27,5.052,0.7750587463378906,474.59375
b_h3-1m-n2-c8-concurrent_write-r2-cassandra,2026-09-06T11:56:56.7347384Z,303.09000000000003,5.056,0.7666091918945312,390.234375
b_h3-1m-n2-c8-concurrent_write-r2-cassandra,2026-09-06T11:57:04.0004685Z,310.22,5.056,0.7666168212890625,393.546875
b_h3-1m-n2-c8-concurrent_write-r2-cassandra,2026-09-06T11:57:10.2597115Z,306.47,5.056,0.7723770141601562,396.3125
b_h3-1m-n2-c8-concurrent_write-r2-cassandra,2026-09-06T11:57:17.5318964Z,304.23,5.057,0.7667808532714844,399.890625
b_h3-1m-n2-c8-concurrent_write-r2-cassandra,2026-09-06T11:57:24.7990157Z,318.17999999999995,5.052,0.7704544067382812,403.234375
b_h3-1m-n2-c8-concurrent_write-r2-cassandra,2026-09-06T11:57:32.0698848Z,317.39,5.051,0.7677688598632812,406.78125
b_h3-1m-n2-c8-concurrent_write-r2-cassandra,2026-09-06T11:57:38.7081339Z,323.78999999999996,5.051,0.7677688598632812,410
b_h3-1m-n2-c8-concurrent_write-r2-cassandra,2026-09-06T11:57:45.9669967Z,304.53999999999996,5.05,0.7677688598632812,413.4375
b_h3-1m-n2-c8-concurrent_write-r2-cassandra,2026-09-06T11:57:53.2351148Z,317.81,5.051,0.7677688598632812,416.96875
b_h3-1m-n2-c8-concurrent_write-r2-cassandra,2026-09-06T11:57:59.7345808Z,307.67,5.051,0.7677688598632812,420.1875
b_h3-1m-n2-c8-concurrent_write-r2-cassandra,2026-09-06T11:58:05.9858660Z,274.07,5.052,0.7677688598632812,423.296875
b_h3-1m-n2-c8-concurrent_write-r2-cassandra,2026-09-06T11:58:13.2423430Z,301.85,5.052,0.7680435180664062,426.75
b_h3-1m-n2-c8-concurrent_write-r2-cassandra,2026-09-06T11:58:19.7456578Z,319.57,5.05,0.7680435180664062,429.59375
b_h3-1m-n2-c8-concurrent_write-r2-cassandra,2026-09-06T11:58:27.0145676Z,304.72,5.051,0.7699394226074219,432.875
b_h3-1m-n2-c8-concurrent_write-r2-cassandra,2026-09-06T11:58:34.2847908Z,318.2,5.051,0.7707328796386719,436.265625
b_h3-1m-n2-c8-concurrent_write-r2-cassandra,2026-09-06T11:58:41.5381241Z,312.94,5.051,0.7707328796386719,439.453125
b_h3-1m-n2-c8-concurrent_write-r2-cassandra,2026-09-06T11:58:48.7114626Z,312.65,5.051,0.7707328796386719,442.6875
b_h3-1m-n2-c8-concurrent_write-r2-cassandra,2026-09-06T11:58:54.9740171Z,314.45000000000005,5.052,0.7707328796386719,445.515625
b_h3-1m-n2-c8-concurrent_write-r2-cassandra,2026-09-06T11:59:02.2405856Z,283.05,5.051,0.7707328796386719,449
b_h3-1m-n2-c8-concurrent_write-r2-cassandra,2026-09-06T11:59:08.7423831Z,316.73,5.052,0.7707328796386719,451.90625
b_h3-1m-n2-c8-concurrent_write-r2-cassandra,2026-09-06T11:59:16.0163466Z,301.92,5.056,0.7707328796386719,455.40625
b_h3-1m-n2-c8-concurrent_write-r2-cassandra,2026-09-06T11:59:23.2754876Z,321.21000000000004,5.055,0.7707366943359375,458.40625
b_h3-1m-n2-c8-concurrent_write-r2-cassandra,2026-09-06T11:59:29.7906928Z,319.14,5.055,0.7707366943359375,461.25
b_h3-1m-n2-c8-concurrent_write-r2-cassandra,2026-09-06T11:59:37.0722269Z,305.44,5.055999999999999,0.7707366943359375,464.390625
b_h3-1m-n2-c8-concurrent_write-r2-cassandra,2026-09-06T11:59:44.3358528Z,329.72,5.055,0.7707557678222656,467.84375
b_h3-1m-n2-c8-concurrent_write-r2-cassandra,2026-09-06T11:59:51.6027768Z,318.55,5.054,0.7707557678222656,471.15625
b_h3-1m-n2-c8-concurrent_write-r3-cassandra,2026-09-06T12:09:40.2091082Z,327.37,5.068,0.7712898254394531,387.25
b_h3-1m-n2-c8-concurrent_write-r3-cassandra,2026-09-06T12:09:47.4840010Z,298.62,5.068,0.7714576721191406,390.9375
b_h3-1m-n2-c8-concurrent_write-r3-cassandra,2026-09-06T12:09:54.7467770Z,314.58000000000004,5.068,0.7664909362792969,394.859375
b_h3-1m-n2-c8-concurrent_write-r3-cassandra,2026-09-06T12:10:02.0050814Z,289.63,5.068,0.766510009765625,397.828125
b_h3-1m-n2-c8-concurrent_write-r3-cassandra,2026-09-06T12:10:09.2214437Z,305.05,5.068,0.7688522338867188,401.109375
b_h3-1m-n2-c8-concurrent_write-r3-cassandra,2026-09-06T12:10:16.4905966Z,301.53999999999996,5.068,0.7672615051269531,404.828125
b_h3-1m-n2-c8-concurrent_write-r3-cassandra,2026-09-06T12:10:23.7519042Z,315.65999999999997,5.068,0.7672615051269531,407.71875
b_h3-1m-n2-c8-concurrent_write-r3-cassandra,2026-09-06T12:10:30.2357750Z,321.36,5.068,0.767852783203125,410.4375
b_h3-1m-n2-c8-concurrent_write-r3-cassandra,2026-09-06T12:10:37.5134437Z,309.92999999999995,5.069,0.767852783203125,414.21875
b_h3-1m-n2-c8-concurrent_write-r3-cassandra,2026-09-06T12:10:44.7924236Z,312.78,5.068,0.767852783203125,417.484375
b_h3-1m-n2-c8-concurrent_write-r3-cassandra,2026-09-06T12:10:52.0435653Z,311.77,5.069,0.767852783203125,420.546875
b_h3-1m-n2-c8-concurrent_write-r3-cassandra,2026-09-06T12:10:59.2314757Z,314.11,5.068,0.7701263427734375,424.265625
b_h3-1m-n2-c8-concurrent_write-r3-cassandra,2026-09-06T12:11:06.4934138Z,307.97,5.069,0.7701263427734375,427.546875
b_h3-1m-n2-c8-concurrent_write-r3-cassandra,2026-09-06T12:11:13.7533235Z,309.37,5.069,0.7701263427734375,430.421875
b_h3-1m-n2-c8-concurrent_write-r3-cassandra,2026-09-06T12:11:20.2625745Z,320.32,5.069,0.770904541015625,433.578125
b_h3-1m-n2-c8-concurrent_write-r3-cassandra,2026-09-06T12:11:27.5307698Z,308.78,5.069,0.770904541015625,436.40625
b_h3-1m-n2-c8-concurrent_write-r3-cassandra,2026-09-06T12:11:34.8100296Z,319.07000000000005,5.069,0.770904541015625,439.703125
b_h3-1m-n2-c8-concurrent_write-r3-cassandra,2026-09-06T12:11:42.0808316Z,312.82,5.069,0.770904541015625,443.1875
b_h3-1m-n2-c8-concurrent_write-r3-cassandra,2026-09-06T12:11:49.2930340Z,325.58,5.069,0.770904541015625,446.515625
b_h3-1m-n2-c8-concurrent_write-r3-cassandra,2026-09-06T12:11:56.5801013Z,313.6,5.07,0.7709159851074219,449.875
b_h3-1m-n2-c8-concurrent_write-r3-cassandra,2026-09-06T12:12:03.8400474Z,333.19,5.07,0.7709159851074219,453.109375
b_h3-1m-n2-c8-concurrent_write-r3-cassandra,2026-09-06T12:12:10.2705943Z,316.07000000000005,5.07,0.7709159851074219,456.4375
b_h3-1m-n2-c8-concurrent_write-r3-cassandra,2026-09-06T12:12:17.5451636Z,312.87,5.07,0.7709159851074219,459.484375
b_h3-1m-n2-c8-concurrent_write-r3-cassandra,2026-09-06T12:12:23.8045944Z,327.97,5.069,0.7709159851074219,461.796875
b_h3-1m-n2-c8-concurrent_write-r3-cassandra,2026-09-06T12:12:30.3317250Z,331.66999999999996,5.069,0.7709312438964844,464.53125
b_h3-1m-n2-c8-read_single-r1-cassandra,2026-09-06T12:18:16.8176750Z,354.77,5.095000000000001,0.7632331848144531,231.265625
b_h3-1m-n2-c8-read_single-r1-cassandra,2026-09-06T12:18:24.0888739Z,334.38,5.086,0.7632026672363281,235.125
b_h3-1m-n2-c8-read_single-r1-cassandra,2026-09-06T12:18:30.5822581Z,330.13,5.085,0.7651596069335938,238.46875
b_h3-1m-n2-c8-read_single-r1-cassandra,2026-09-06T12:18:37.8514017Z,326.77,5.085,0.7636375427246094,242.046875
b_h3-1m-n2-c8-read_single-r1-cassandra,2026-09-06T12:18:44.1241798Z,329.43,5.085,0.7636375427246094,245.46875
b_h3-1m-n2-c8-read_single-r1-cassandra,2026-09-06T12:18:50.5635157Z,326.5,5.084,0.7644500732421875,248.828125
b_h3-1m-n2-c8-read_single-r1-cassandra,2026-09-06T12:18:57.8286392Z,327.09,5.085,0.7645301818847656,252.125
b_h3-1m-n2-c8-read_single-r1-cassandra,2026-09-06T12:19:05.0978143Z,344.14,5.086,0.7645301818847656,255.625
b_h3-1m-n2-c8-read_single-r1-cassandra,2026-09-06T12:19:12.3497735Z,342.01,5.085,0.7645301818847656,259.03125
b_h3-1m-n2-c8-read_single-r1-cassandra,2026-09-06T12:19:19.5827342Z,331.84000000000003,5.086,0.7645912170410156,263.203125
b_h3-1m-n2-c8-read_single-r1-cassandra,2026-09-06T12:19:26.8463059Z,326.09000000000003,5.085,0.7632293701171875,267.09375
b_h3-1m-n2-c8-read_single-r1-cassandra,2026-09-06T12:19:34.1010563Z,320.25,5.085,0.7632293701171875,270.25
b_h3-1m-n2-c8-read_single-r1-cassandra,2026-09-06T12:19:40.5726779Z,333.12,5.085,0.7633705139160156,273.953125
b_h3-1m-n2-c8-read_single-r1-cassandra,2026-09-06T12:19:47.8323799Z,341.15,5.1,0.766387939453125,277.5625
b_h3-1m-n2-c8-read_single-r1-cassandra,2026-09-06T12:19:55.1009732Z,335.44,5.1,0.766387939453125,280.890625
b_h3-1m-n2-c8-read_single-r1-cassandra,2026-09-06T12:20:02.3635788Z,332.27,5.1,0.766387939453125,284.234375
b_h3-1m-n2-c8-read_single-r1-cassandra,2026-09-06T12:20:09.5687528Z,337.24,5.1,0.766387939453125,287.625
b_h3-1m-n2-c8-read_single-r1-cassandra,2026-09-06T12:20:16.8448565Z,328.9,5.1,0.766387939453125,291.109375
b_h3-1m-n2-c8-read_single-r1-cassandra,2026-09-06T12:20:24.1028810Z,334.75,5.096,0.766387939453125,294.546875
b_h3-1m-n2-c8-read_single-r1-cassandra,2026-09-06T12:20:30.6165279Z,328.62,5.095,0.7682533264160156,297.640625
b_h3-1m-n2-c8-read_single-r1-cassandra,2026-09-06T12:20:37.8885157Z,323.96000000000004,5.096,0.7682571411132812,300.78125
b_h3-1m-n2-c8-read_single-r1-cassandra,2026-09-06T12:20:45.1665674Z,329.94,5.096,0.7682571411132812,304.046875
b_h3-1m-n2-c8-read_single-r1-cassandra,2026-09-06T12:20:52.4264117Z,334.49,5.095,0.7682609558105469,307.515625
b_h3-1m-n2-c8-read_single-r1-cassandra,2026-09-06T12:20:59.6520393Z,333.23,5.093,0.770111083984375,310.90625
b_h3-1m-n2-c8-read_single-r1-cassandra,2026-09-06T12:21:06.9122153Z,314.71000000000004,5.092,0.7701950073242188,314.75
b_h3-1m-n2-c8-read_single-r1-cassandra,2026-09-06T12:21:14.1755488Z,331.71000000000004,5.093,0.7701950073242188,317.84375
b_h3-1m-n2-c8-read_single-r2-cassandra,2026-09-06T12:26:57.0815407Z,313.73,5.115,0.7644844055175781,226.9375
b_h3-1m-n2-c8-read_single-r2-cassandra,2026-09-06T12:27:04.3481821Z,338.9,5.115,0.7633247375488281,230.34375
b_h3-1m-n2-c8-read_single-r2-cassandra,2026-09-06T12:27:10.8471317Z,331.68,5.115,0.763336181640625,233.421875
b_h3-1m-n2-c8-read_single-r2-cassandra,2026-09-06T12:27:18.1243646Z,325.61,5.115,0.763336181640625,236.25
b_h3-1m-n2-c8-read_single-r2-cassandra,2026-09-06T12:27:25.3840855Z,325.78,5.133,0.76495361328125,240
b_h3-1m-n2-c8-read_single-r2-cassandra,2026-09-06T12:27:32.6530544Z,328.34000000000003,5.1240000000000006,0.76495361328125,243.515625
b_h3-1m-n2-c8-read_single-r2-cassandra,2026-09-06T12:27:39.8630798Z,329.12,5.125,0.7650299072265625,246.953125
b_h3-1m-n2-c8-read_single-r2-cassandra,2026-09-06T12:27:47.1256488Z,328.04,5.116,0.7650299072265625,250.328125
b_h3-1m-n2-c8-read_single-r2-cassandra,2026-09-06T12:27:54.3948767Z,334.47,5.115,0.7650299072265625,253.953125
b_h3-1m-n2-c8-read_single-r2-cassandra,2026-09-06T12:28:00.9150689Z,345.67999999999995,5.116,0.7655143737792969,257.0625
b_h3-1m-n2-c8-read_single-r2-cassandra,2026-09-06T12:28:08.1861701Z,323.59000000000003,5.116,0.7657203674316406,260.375
b_h3-1m-n2-c8-read_single-r2-cassandra,2026-09-06T12:28:15.4605285Z,329.3,5.116,0.76568603515625,263.90625
b_h3-1m-n2-c8-read_single-r2-cassandra,2026-09-06T12:28:22.7333019Z,333.57000000000005,5.116,0.7665596008300781,267.25
b_h3-1m-n2-c8-read_single-r2-cassandra,2026-09-06T12:28:29.8913970Z,325.15999999999997,5.117,0.7674026489257812,270.234375
b_h3-1m-n2-c8-read_single-r2-cassandra,2026-09-06T12:28:37.1433724Z,330.6,5.116,0.763519287109375,274.15625
b_h3-1m-n2-c8-read_single-r2-cassandra,2026-09-06T12:28:44.4278759Z,329.89,5.117,0.7636070251464844,277.359375
b_h3-1m-n2-c8-read_single-r2-cassandra,2026-09-06T12:28:50.9306758Z,337.54999999999995,5.116,0.7636070251464844,280.875
b_h3-1m-n2-c8-read_single-r2-cassandra,2026-09-06T12:28:57.1979719Z,308.55,5.116,0.7655029296875,283.796875
b_h3-1m-n2-c8-read_single-r2-cassandra,2026-09-06T12:29:03.4702176Z,332.15999999999997,5.115,0.7655029296875,286.84375
b_h3-1m-n2-c8-read_single-r2-cassandra,2026-09-06T12:29:09.8880808Z,324.21000000000004,5.116,0.7655143737792969,289.53125
b_h3-1m-n2-c8-read_single-r2-cassandra,2026-09-06T12:29:17.1577982Z,320.37,5.117,0.7658767700195312,292.78125
b_h3-1m-n2-c8-read_single-r2-cassandra,2026-09-06T12:29:24.4146138Z,333.29999999999995,5.116,0.7692184448242188,296.125
b_h3-1m-n2-c8-read_single-r2-cassandra,2026-09-06T12:29:30.9496056Z,336.46,5.116,0.7692184448242188,299.5625
b_h3-1m-n2-c8-read_single-r2-cassandra,2026-09-06T12:29:38.2183777Z,331.71000000000004,5.116,0.7695121765136719,303.0625
b_h3-1m-n2-c8-read_single-r2-cassandra,2026-09-06T12:29:45.4947216Z,330.35,5.116,0.7708320617675781,306.859375
b_h3-1m-n2-c8-read_single-r3-cassandra,2026-09-06T12:35:34.6727236Z,333.08000000000004,5.106,0.7629165649414062,226.046875
b_h3-1m-n2-c8-read_single-r3-cassandra,2026-09-06T12:35:41.1549732Z,333.57,5.106,0.7629470825195312,229.0625
b_h3-1m-n2-c8-read_single-r3-cassandra,2026-09-06T12:35:48.4343648Z,334.5,5.106,0.7627067565917969,232.578125
b_h3-1m-n2-c8-read_single-r3-cassandra,2026-09-06T12:35:55.6973797Z,329.32000000000005,5.111,0.7622299194335938,235.90625
b_h3-1m-n2-c8-read_single-r3-cassandra,2026-09-06T12:36:02.9702595Z,321.97,5.111,0.7649459838867188,239.859375
b_h3-1m-n2-c8-read_single-r3-cassandra,2026-09-06T12:36:10.1616926Z,337.22,5.109999999999999,0.7650794982910156,242.796875
b_h3-1m-n2-c8-read_single-r3-cassandra,2026-09-06T12:36:17.4190858Z,330.96000000000004,5.109999999999999,0.7650794982910156,246.875
b_h3-1m-n2-c8-read_single-r3-cassandra,2026-09-06T12:36:24.6853370Z,334.68,5.104,0.7650794982910156,249.875
b_h3-1m-n2-c8-read_single-r3-cassandra,2026-09-06T12:36:31.2029409Z,331.83000000000004,5.104,0.7650833129882812,253.046875
b_h3-1m-n2-c8-read_single-r3-cassandra,2026-09-06T12:36:38.4693357Z,322.46000000000004,5.105,0.7650833129882812,256.53125
b_h3-1m-n2-c8-read_single-r3-cassandra,2026-09-06T12:36:45.7360515Z,340.36,5.104,0.7650833129882812,259.8125
b_h3-1m-n2-c8-read_single-r3-cassandra,2026-09-06T12:36:52.9989439Z,343.21000000000004,5.103,0.7653274536132812,263.40625
b_h3-1m-n2-c8-read_single-r3-cassandra,2026-09-06T12:37:00.1867798Z,329.37,5.103,0.7633895874023438,266.21875
b_h3-1m-n2-c8-read_single-r3-cassandra,2026-09-06T12:37:07.4498194Z,332.29999999999995,5.103,0.7634353637695312,269.25
b_h3-1m-n2-c8-read_single-r3-cassandra,2026-09-06T12:37:14.7111033Z,342.93,5.103,0.7631683349609375,273.296875
b_h3-1m-n2-c8-read_single-r3-cassandra,2026-09-06T12:37:21.2117300Z,333.98,5.102,0.7633323669433594,276.40625
b_h3-1m-n2-c8-read_single-r3-cassandra,2026-09-06T12:37:28.4936900Z,326.95,5.103,0.7633399963378906,279.71875
b_h3-1m-n2-c8-read_single-r3-cassandra,2026-09-06T12:37:35.7600869Z,333.84000000000003,5.103,0.7633399963378906,283.3125
b_h3-1m-n2-c8-read_single-r3-cassandra,2026-09-06T12:37:43.0196101Z,336.99,5.103,0.765228271484375,287.203125
b_h3-1m-n2-c8-read_single-r3-cassandra,2026-09-06T12:37:50.2084048Z,335.35,5.104,0.765228271484375,291.046875
b_h3-1m-n2-c8-read_single-r3-cassandra,2026-09-06T12:37:57.4754483Z,318.47,5.104,0.7655601501464844,294.421875
b_h3-1m-n2-c8-read_single-r3-cassandra,2026-09-06T12:38:04.7427926Z,327.48,5.103,0.7656974792480469,297.390625
b_h3-1m-n2-c8-read_single-r3-cassandra,2026-09-06T12:38:11.2686286Z,344.48,5.102,0.7663764953613281,301.015625
b_h3-1m-n2-c8-read_single-r3-cassandra,2026-09-06T12:38:18.5414750Z,325.87,5.104,0.7663764953613281,304.375
b_h3-1m-n2-c8-read_single-r3-cassandra,2026-09-06T12:38:25.8040753Z,336.32,5.104,0.7663764953613281,307.59375
b_h3-1m-n2-c32-concurrent_write-r1-cassandra,2026-09-06T12:48:11.6562364Z,383.27,5.0809999999999995,0.7826919555664062,412.84375
b_h3-1m-n2-c32-concurrent_write-r1-cassandra,2026-09-06T12:48:18.9364896Z,363.02,5.082,0.7759552001953125,418.703125
b_h3-1m-n2-c32-concurrent_write-r1-cassandra,2026-09-06T12:48:26.1741236Z,384.91999999999996,5.082,0.7766990661621094,424.09375
b_h3-1m-n2-c32-concurrent_write-r1-cassandra,2026-09-06T12:48:33.4446808Z,383.62,5.083,0.7767677307128906,429.546875
b_h3-1m-n2-c32-concurrent_write-r1-cassandra,2026-09-06T12:48:40.6995229Z,359.62,5.083,0.7768363952636719,435.28125
b_h3-1m-n2-c32-concurrent_write-r1-cassandra,2026-09-06T12:48:47.9819461Z,369.65999999999997,5.082,0.7816390991210938,441.4375
b_h3-1m-n2-c32-concurrent_write-r1-cassandra,2026-09-06T12:48:55.2507656Z,412.88,5.083,0.7690162658691406,446.09375
b_h3-1m-n2-c32-concurrent_write-r1-cassandra,2026-09-06T12:49:01.7039238Z,372.56,5.083,0.7698326110839844,450.796875
b_h3-1m-n2-c32-concurrent_write-r1-cassandra,2026-09-06T12:49:08.9780631Z,360.12,5.083,0.7722015380859375,455.6875
b_h3-1m-n2-c32-concurrent_write-r1-cassandra,2026-09-06T12:49:16.2551354Z,384.13,5.083,0.7722015380859375,461.46875
b_h3-1m-n2-c32-concurrent_write-r1-cassandra,2026-09-06T12:49:23.5565939Z,383.88,5.083,0.7728919982910156,466.296875
b_h3-1m-n2-c32-concurrent_write-r1-cassandra,2026-09-06T12:49:30.6824879Z,372.23,5.083,0.7728919982910156,471.109375
b_h3-1m-n2-c32-concurrent_write-r1-cassandra,2026-09-06T12:49:37.9585899Z,359.45,5.084,0.7728919982910156,477.03125
b_h3-1m-n2-c32-concurrent_write-r1-cassandra,2026-09-06T12:49:45.2358430Z,391.53,5.084,0.7728958129882812,482.125
b_h3-1m-n2-c32-concurrent_write-r1-cassandra,2026-09-06T12:49:51.8047316Z,373.09000000000003,5.084,0.7728958129882812,487.03125
b_h3-1m-n2-c32-concurrent_write-r1-cassandra,2026-09-06T12:49:59.0934137Z,364.59000000000003,5.084,0.7734870910644531,491.765625
b_h3-1m-n2-c32-concurrent_write-r1-cassandra,2026-09-06T12:50:06.3541243Z,382.41999999999996,5.084,0.7749443054199219,496.578125
b_h3-1m-n2-c32-concurrent_write-r1-cassandra,2026-09-06T12:50:13.6364081Z,377.74,5.084,0.7749443054199219,501.65625
b_h3-1m-n2-c32-concurrent_write-r1-cassandra,2026-09-06T12:50:20.7399242Z,381.56,5.085,0.7749481201171875,506.421875
b_h3-1m-n2-c32-concurrent_write-r1-cassandra,2026-09-06T12:50:28.0155058Z,363.44,5.085,0.7771339416503906,511.71875
b_h3-1m-n2-c32-concurrent_write-r1-cassandra,2026-09-06T12:50:35.2895005Z,367.38,5.085,0.7771339416503906,516.03125
b_h3-1m-n2-c32-concurrent_write-r1-cassandra,2026-09-06T12:50:41.7969008Z,375.1,5.085,0.7771339416503906,520.484375
b_h3-1m-n2-c32-concurrent_write-r1-cassandra,2026-09-06T12:50:49.0710730Z,358.34000000000003,5.084,0.7791519165039062,525
b_h3-1m-n2-c32-concurrent_write-r1-cassandra,2026-09-06T12:50:56.3328799Z,381.19,5.085,0.7791519165039062,530.34375
b_h3-1m-n2-c32-concurrent_write-r1-cassandra,2026-09-06T12:51:03.6151569Z,383.83000000000004,5.085,0.7791671752929688,535.09375
b_h3-1m-n2-c32-concurrent_write-r2-cassandra,2026-09-06T13:00:53.4869357Z,389.01,5.08,0.7688827514648438,415.765625
b_h3-1m-n2-c32-concurrent_write-r2-cassandra,2026-09-06T13:01:00.1183433Z,391.6,5.08,0.768798828125,420.578125
b_h3-1m-n2-c32-concurrent_write-r2-cassandra,2026-09-06T13:01:06.3921105Z,380.25,5.0809999999999995,0.7688102722167969,425.109375
b_h3-1m-n2-c32-concurrent_write-r2-cassandra,2026-09-06T13:01:13.6543939Z,345.38,5.0809999999999995,0.7688102722167969,430.59375
b_h3-1m-n2-c32-concurrent_write-r2-cassandra,2026-09-06T13:01:20.1196079Z,385.32,5.079,0.7688102722167969,435.671875
b_h3-1m-n2-c32-concurrent_write-r2-cassandra,2026-09-06T13:01:27.3884206Z,380.14,5.08,0.7688560485839844,441.234375
b_h3-1m-n2-c32-concurrent_write-r2-cassandra,2026-09-06T13:01:34.6618562Z,387.08000000000004,5.064,0.7687492370605469,447.375
b_h3-1m-n2-c32-concurrent_write-r2-cassandra,2026-09-06T13:01:41.1278345Z,377.17999999999995,5.068,0.7692451477050781,451.375
b_h3-1m-n2-c32-concurrent_write-r2-cassandra,2026-09-06T13:01:48.3995300Z,370.31,5.068,0.769561767578125,456.796875
b_h3-1m-n2-c32-concurrent_write-r2-cassandra,2026-09-06T13:01:55.6766593Z,353.58000000000004,5.069,0.7698135375976562,462.03125
b_h3-1m-n2-c32-concurrent_write-r2-cassandra,2026-09-06T13:02:02.1845927Z,359.97,5.068,0.7698135375976562,466.890625
b_h3-1m-n2-c32-concurrent_write-r2-cassandra,2026-09-06T13:02:09.4654959Z,362.91,5.068,0.7698135375976562,472.25
b_h3-1m-n2-c32-concurrent_write-r2-cassandra,2026-09-06T13:02:16.7378443Z,377.69,5.069,0.7698135375976562,477.578125
b_h3-1m-n2-c32-concurrent_write-r2-cassandra,2026-09-06T13:02:24.0311166Z,383.51,5.069,0.7698173522949219,481.984375
b_h3-1m-n2-c32-concurrent_write-r2-cassandra,2026-09-06T13:02:31.1839858Z,377.04999999999995,5.071,0.7698783874511719,487.125
b_h3-1m-n2-c32-concurrent_write-r2-cassandra,2026-09-06T13:02:38.4625677Z,363.28,5.071,0.7698478698730469,492.328125
b_h3-1m-n2-c32-concurrent_write-r2-cassandra,2026-09-06T13:02:45.7246852Z,377.6,5.071,0.7698478698730469,498.078125
b_h3-1m-n2-c32-concurrent_write-r2-cassandra,2026-09-06T13:02:52.2519275Z,391.85,5.072,0.7716178894042969,502.796875
b_h3-1m-n2-c32-concurrent_write-r2-cassandra,2026-09-06T13:02:59.5231889Z,359.24,5.071,0.7716178894042969,508.0625
b_h3-1m-n2-c32-concurrent_write-r2-cassandra,2026-09-06T13:03:06.7975844Z,370.76,5.07,0.7717132568359375,512.546875
b_h3-1m-n2-c32-concurrent_write-r2-cassandra,2026-09-06T13:03:14.0654161Z,394.47,5.071,0.7739830017089844,517.265625
b_h3-1m-n2-c32-concurrent_write-r2-cassandra,2026-09-06T13:03:21.2252971Z,347.78,5.07,0.7868385314941406,523.140625
b_h3-1m-n2-c32-concurrent_write-r2-cassandra,2026-09-06T13:03:28.4933210Z,370.26,5.07,0.7748374938964844,528.859375
b_h3-1m-n2-c32-concurrent_write-r2-cassandra,2026-09-06T13:03:35.7596063Z,384.0,5.07,0.7748641967773438,533.75
b_h3-1m-n2-c32-concurrent_write-r2-cassandra,2026-09-06T13:03:42.1811178Z,385.71000000000004,5.068,0.7748908996582031,538.0625
b_h3-1m-n2-c32-concurrent_write-r3-cassandra,2026-09-06T13:13:32.3084157Z,392.03,5.077,0.7695236206054688,418.96875
b_h3-1m-n2-c32-concurrent_write-r3-cassandra,2026-09-06T13:13:39.5385075Z,369.28,5.076,0.7687911987304688,424.15625
b_h3-1m-n2-c32-concurrent_write-r3-cassandra,2026-09-06T13:13:46.8300980Z,381.1,5.077,0.7708930969238281,429.1875
b_h3-1m-n2-c32-concurrent_write-r3-cassandra,2026-09-06T13:13:54.0921805Z,367.71000000000004,5.076,0.7709197998046875,434.03125
b_h3-1m-n2-c32-concurrent_write-r3-cassandra,2026-09-06T13:14:00.5563971Z,380.34000000000003,5.076,0.7709197998046875,439.046875
b_h3-1m-n2-c32-concurrent_write-r3-cassandra,2026-09-06T13:14:07.8383723Z,382.65999999999997,5.078,0.7709541320800781,444.734375
b_h3-1m-n2-c32-concurrent_write-r3-cassandra,2026-09-06T13:14:15.1189506Z,392.38,5.077,0.7713661193847656,449.1875
b_h3-1m-n2-c32-concurrent_write-r3-cassandra,2026-09-06T13:14:21.5919551Z,374.0,5.078,0.7714271545410156,453.171875
b_h3-1m-n2-c32-concurrent_write-r3-cassandra,2026-09-06T13:14:28.8677602Z,353.61,5.078,0.7714271545410156,458.875
b_h3-1m-n2-c32-concurrent_write-r3-cassandra,2026-09-06T13:14:36.1518518Z,381.39,5.078,0.7729225158691406,464.25
b_h3-1m-n2-c32-concurrent_write-r3-cassandra,2026-09-06T13:14:42.6608657Z,365.85,5.079000000000001,0.7738838195800781,468.59375
b_h3-1m-n2-c32-concurrent_write-r3-cassandra,2026-09-06T13:14:49.9636030Z,360.05,5.079000000000001,0.769500732421875,473.8125
b_h3-1m-n2-c32-concurrent_write-r3-cassandra,2026-09-06T13:14:57.2509105Z,380.48,5.079000000000001,0.76953125,478.921875
b_h3-1m-n2-c32-concurrent_write-r3-cassandra,2026-09-06T13:15:04.5266754Z,381.38,5.08,0.76953125,483.28125
b_h3-1m-n2-c32-concurrent_write-r3-cassandra,2026-09-06T13:15:11.6563165Z,372.48,5.08,0.7695465087890625,488.578125
b_h3-1m-n2-c32-concurrent_write-r3-cassandra,2026-09-06T13:15:18.9476644Z,358.59000000000003,5.08,0.7695159912109375,493.8125
b_h3-1m-n2-c32-concurrent_write-r3-cassandra,2026-09-06T13:15:26.2219996Z,374.11,5.08,0.7695159912109375,498.359375
b_h3-1m-n2-c32-concurrent_write-r3-cassandra,2026-09-06T13:15:32.6830813Z,381.18,5.08,0.7714653015136719,503.0625
b_h3-1m-n2-c32-concurrent_write-r3-cassandra,2026-09-06T13:15:39.9613094Z,367.62,5.08,0.7717323303222656,508.03125
b_h3-1m-n2-c32-concurrent_write-r3-cassandra,2026-09-06T13:15:47.2341714Z,397.03999999999996,5.08,0.7717323303222656,513.09375
b_h3-1m-n2-c32-concurrent_write-r3-cassandra,2026-09-06T13:15:54.5115977Z,388.7,5.08,0.7738876342773438,518.046875
b_h3-1m-n2-c32-concurrent_write-r3-cassandra,2026-09-06T13:16:01.6409111Z,376.79,5.079000000000001,0.7738876342773438,523.59375
b_h3-1m-n2-c32-concurrent_write-r3-cassandra,2026-09-06T13:16:08.9204643Z,356.85,5.079000000000001,0.7738876342773438,529.15625
b_h3-1m-n2-c32-concurrent_write-r3-cassandra,2026-09-06T13:16:16.1997660Z,381.88,5.079000000000001,0.775909423828125,534.734375
b_h3-1m-n2-c32-concurrent_write-r3-cassandra,2026-09-06T13:16:22.7539648Z,386.40999999999997,5.08,0.775909423828125,539.40625
b_h3-1m-n2-c32-read_single-r1-cassandra,2026-09-06T13:22:02.9937803Z,395.21,5.13,0.7803955078125,238.0625
b_h3-1m-n2-c32-read_single-r1-cassandra,2026-09-06T13:22:10.2757243Z,397.55,5.13,0.7662086486816406,243.03125
b_h3-1m-n2-c32-read_single-r1-cassandra,2026-09-06T13:22:17.5573619Z,421.34,5.13,0.7696075439453125,247.828125
b_h3-1m-n2-c32-read_single-r1-cassandra,2026-09-06T13:22:24.8410411Z,422.14,5.129,0.7696113586425781,253.09375
b_h3-1m-n2-c32-read_single-r1-cassandra,2026-09-06T13:22:32.0390075Z,412.48,5.13,0.7696762084960938,258.578125
b_h3-1m-n2-c32-read_single-r1-cassandra,2026-09-06T13:22:39.3204508Z,394.85,5.129,0.7708663940429688,264.015625
b_h3-1m-n2-c32-read_single-r1-cassandra,2026-09-06T13:22:46.6004121Z,414.72,5.13,0.7708702087402344,268.671875
b_h3-1m-n2-c32-read_single-r1-cassandra,2026-09-06T13:22:53.0501764Z,431.15999999999997,5.129,0.7710685729980469,273.296875
b_h3-1m-n2-c32-read_single-r1-cassandra,2026-09-06T13:23:00.3470270Z,406.25,5.13,0.7730331420898438,278.3125
b_h3-1m-n2-c32-read_single-r1-cassandra,2026-09-06T13:23:07.6176064Z,408.45,5.13,0.7700920104980469,282.8125
b_h3-1m-n2-c32-read_single-r1-cassandra,2026-09-06T13:23:14.8796962Z,419.88,5.13,0.7733268737792969,287.921875
b_h3-1m-n2-c32-read_single-r1-cassandra,2026-09-06T13:23:22.0141795Z,395.58,5.13,0.7717704772949219,293.09375
b_h3-1m-n2-c32-read_single-r1-cassandra,2026-09-06T13:23:29.3017910Z,401.51,5.129,0.7718353271484375,298.03125
b_h3-1m-n2-c32-read_single-r1-cassandra,2026-09-06T13:23:36.5906877Z,422.81,5.13,0.7719306945800781,303.4375
b_h3-1m-n2-c32-read_single-r1-cassandra,2026-09-06T13:23:43.0803265Z,411.53,5.129,0.7734260559082031,307.71875
b_h3-1m-n2-c32-read_single-r1-cassandra,2026-09-06T13:23:50.3468981Z,402.62,5.13,0.7785758972167969,313.328125
b_h3-1m-n2-c32-read_single-r1-cassandra,2026-09-06T13:23:57.6140480Z,409.96000000000004,5.13,0.7786827087402344,318.890625
b_h3-1m-n2-c32-read_single-r1-cassandra,2026-09-06T13:24:04.8773521Z,414.53,5.13,0.7806396484375,323.5625
b_h3-1m-n2-c32-read_single-r1-cassandra,2026-09-06T13:24:12.0703203Z,417.53,5.131,0.7806434631347656,328.90625
b_h3-1m-n2-c32-read_single-r1-cassandra,2026-09-06T13:24:19.3439660Z,391.55,5.13,0.7806434631347656,333.296875
b_h3-1m-n2-c32-read_single-r1-cassandra,2026-09-06T13:24:26.6370739Z,425.45000000000005,5.13,0.7825889587402344,338.21875
b_h3-1m-n2-c32-read_single-r1-cassandra,2026-09-06T13:24:33.1241873Z,409.26,5.129,0.7825889587402344,342.21875
b_h3-1m-n2-c32-read_single-r1-cassandra,2026-09-06T13:24:40.4017926Z,391.03,5.13,0.7825889587402344,346.5
b_h3-1m-n2-c32-read_single-r1-cassandra,2026-09-06T13:24:47.6841538Z,416.83000000000004,5.13,0.7845268249511719,351.546875
b_h3-1m-n2-c32-read_single-r1-cassandra,2026-09-06T13:24:54.9638677Z,410.24,5.118,0.7845268249511719,356.4375
b_h3-1m-n2-c32-read_single-r2-cassandra,2026-09-06T13:30:33.3455781Z,408.58,5.1530000000000005,0.7651100158691406,235.25
b_h3-1m-n2-c32-read_single-r2-cassandra,2026-09-06T13:30:40.6087010Z,402.7,5.1530000000000005,0.7699813842773438,240.40625
b_h3-1m-n2-c32-read_single-r2-cassandra,2026-09-06T13:30:47.8749180Z,420.91999999999996,5.154,0.7648963928222656,245.34375
b_h3-1m-n2-c32-read_single-r2-cassandra,2026-09-06T13:30:55.1416039Z,416.4,5.140000000000001,0.7668304443359375,250.828125
b_h3-1m-n2-c32-read_single-r2-cassandra,2026-09-06T13:31:02.3550851Z,396.15999999999997,5.141,0.7668342590332031,255.21875
b_h3-1m-n2-c32-read_single-r2-cassandra,2026-09-06T13:31:09.6327892Z,399.31,5.140000000000001,0.7671356201171875,259.953125
b_h3-1m-n2-c32-read_single-r2-cassandra,2026-09-06T13:31:16.9107156Z,426.7,5.141,0.7685661315917969,264.75
b_h3-1m-n2-c32-read_single-r2-cassandra,2026-09-06T13:31:23.3553697Z,408.19,5.128,0.7686119079589844,269.5625
b_h3-1m-n2-c32-read_single-r2-cassandra,2026-09-06T13:31:30.6264399Z,408.95000000000005,5.127000000000001,0.7713165283203125,274.046875
b_h3-1m-n2-c32-read_single-r2-cassandra,2026-09-06T13:31:37.8926116Z,423.70000000000005,5.127000000000001,0.7704315185546875,278.40625
b_h3-1m-n2-c32-read_single-r2-cassandra,2026-09-06T13:31:45.1687916Z,417.03,5.127000000000001,0.7707138061523438,283.015625
b_h3-1m-n2-c32-read_single-r2-cassandra,2026-09-06T13:31:52.3588101Z,417.51,5.1259999999999994,0.7741165161132812,287.96875
b_h3-1m-n2-c32-read_single-r2-cassandra,2026-09-06T13:31:59.6251613Z,389.85,5.1259999999999994,0.7741775512695312,292.484375
b_h3-1m-n2-c32-read_single-r2-cassandra,2026-09-06T13:32:06.9003141Z,418.24,5.1259999999999994,0.7747459411621094,298.046875
b_h3-1m-n2-c32-read_single-r2-cassandra,2026-09-06T13:32:13.3800911Z,421.72,5.1259999999999994,0.7763290405273438,302.625
b_h3-1m-n2-c32-read_single-r2-cassandra,2026-09-06T13:32:20.6592828Z,401.06,5.1259999999999994,0.7747116088867188,307.546875
b_h3-1m-n2-c32-read_single-r2-cassandra,2026-09-06T13:32:27.9220142Z,416.27,5.1259999999999994,0.7747116088867188,312.875
b_h3-1m-n2-c32-read_single-r2-cassandra,2026-09-06T13:32:35.1942377Z,416.71,5.125,0.7766952514648438,317.640625
b_h3-1m-n2-c32-read_single-r2-cassandra,2026-09-06T13:32:42.3993237Z,409.64,5.125,0.7766952514648438,322.546875
b_h3-1m-n2-c32-read_single-r2-cassandra,2026-09-06T13:32:49.6660022Z,413.99,5.109999999999999,0.7766952514648438,327.359375
b_h3-1m-n2-c32-read_single-r2-cassandra,2026-09-06T13:32:56.9412029Z,409.85,5.109999999999999,0.7786331176757812,331.734375
b_h3-1m-n2-c32-read_single-r2-cassandra,2026-09-06T13:33:03.4608631Z,394.58,5.109999999999999,0.7786331176757812,335.953125
b_h3-1m-n2-c32-read_single-r2-cassandra,2026-09-06T13:33:10.7630034Z,392.48,5.109999999999999,0.7786331176757812,340.453125
b_h3-1m-n2-c32-read_single-r2-cassandra,2026-09-06T13:33:18.0517658Z,405.36,5.111,0.7805671691894531,345.28125
b_h3-1m-n2-c32-read_single-r2-cassandra,2026-09-06T13:33:25.3142250Z,409.51,5.109999999999999,0.7805671691894531,350.53125
b_h3-1m-n2-c32-read_single-r3-cassandra,2026-09-06T13:39:13.6794409Z,419.62,5.131,0.765411376953125,243.984375
b_h3-1m-n2-c32-read_single-r3-cassandra,2026-09-06T13:39:20.9591925Z,403.9,5.131,0.7667961120605469,248.71875
b_h3-1m-n2-c32-read_single-r3-cassandra,2026-09-06T13:39:28.2301908Z,419.61,5.132,0.768768310546875,253.34375
b_h3-1m-n2-c32-read_single-r3-cassandra,2026-09-06T13:39:35.5183464Z,420.25,5.131,0.768768310546875,257.6875
b_h3-1m-n2-c32-read_single-r3-cassandra,2026-09-06T13:39:42.6996271Z,409.67,5.131,0.769989013671875,262.65625
b_h3-1m-n2-c32-read_single-r3-cassandra,2026-09-06T13:39:49.9655320Z,413.46000000000004,5.132,0.7702064514160156,267.703125
b_h3-1m-n2-c32-read_single-r3-cassandra,2026-09-06T13:39:57.2406704Z,410.4,5.131,0.7702064514160156,272.65625
b_h3-1m-n2-c32-read_single-r3-cassandra,2026-09-06T13:40:03.7391420Z,415.45,5.131,0.7722511291503906,277.1875
b_h3-1m-n2-c32-read_single-r3-cassandra,2026-09-06T13:40:11.0291862Z,404.54999999999995,5.131,0.7700386047363281,282.59375
b_h3-1m-n2-c32-read_single-r3-cassandra,2026-09-06T13:40:18.3132610Z,417.65,5.131,0.7703056335449219,286.953125
b_h3-1m-n2-c32-read_single-r3-cassandra,2026-09-06T13:40:25.5804855Z,405.32,5.131,0.7718315124511719,292.234375
b_h3-1m-n2-c32-read_single-r3-cassandra,2026-09-06T13:40:32.7240894Z,423.57,5.131,0.7721443176269531,297.078125
b_h3-1m-n2-c32-read_single-r3-cassandra,2026-09-06T13:40:40.0179350Z,405.23,5.131,0.7722854614257812,302.5
b_h3-1m-n2-c32-read_single-r3-cassandra,2026-09-06T13:40:47.3012508Z,425.37,5.13,0.7746658325195312,307.3125
b_h3-1m-n2-c32-read_single-r3-cassandra,2026-09-06T13:40:53.8150955Z,403.01,5.13,0.7746849060058594,312.046875
b_h3-1m-n2-c32-read_single-r3-cassandra,2026-09-06T13:41:01.0861767Z,409.32000000000005,5.131,0.7746849060058594,317.078125
b_h3-1m-n2-c32-read_single-r3-cassandra,2026-09-06T13:41:08.3515720Z,419.21000000000004,5.132,0.7767181396484375,321.5
b_h3-1m-n2-c32-read_single-r3-cassandra,2026-09-06T13:41:15.6294281Z,414.82000000000005,5.131,0.7760696411132812,326.59375
b_h3-1m-n2-c32-read_single-r3-cassandra,2026-09-06T13:41:22.7715031Z,418.5,5.131,0.7760696411132812,330.953125
b_h3-1m-n2-c32-read_single-r3-cassandra,2026-09-06T13:41:30.0576396Z,399.93,5.131,0.7781143188476562,336.6875
b_h3-1m-n2-c32-read_single-r3-cassandra,2026-09-06T13:41:37.3420810Z,420.5,5.132,0.7781143188476562,342.125
b_h3-1m-n2-c32-read_single-r3-cassandra,2026-09-06T13:41:43.7835738Z,398.47,5.13,0.7781143188476562,346.3125
b_h3-1m-n2-c32-read_single-r3-cassandra,2026-09-06T13:41:51.0799938Z,398.82,5.131,0.7800407409667969,351.578125
b_h3-1m-n2-c32-read_single-r3-cassandra,2026-09-06T13:41:58.3648417Z,416.35,5.1129999999999995,0.7800407409667969,355.859375
b_h3-1m-n2-c32-read_single-r3-cassandra,2026-09-06T13:42:05.6341293Z,418.49,5.1129999999999995,0.7800407409667969,360.75
a_h1_h2-1m-n3-c1-concurrent_write-r1-cassandra,2026-09-06T13:59:12.4289670Z,254.38,7.6129999999999995,0.7855186462402344,525.0625
a_h1_h2-1m-n3-c1-concurrent_write-r1-cassandra,2026-09-06T13:59:18.9293038Z,254.32,7.6129999999999995,0.7855796813964844,525.84375
a_h1_h2-1m-n3-c1-concurrent_write-r1-cassandra,2026-09-06T13:59:26.1902106Z,282.89,7.618,0.7856864929199219,526.90625
a_h1_h2-1m-n3-c1-concurrent_write-r1-cassandra,2026-09-06T13:59:33.4460771Z,255.24,7.619999999999999,0.7856941223144531,527.640625
a_h1_h2-1m-n3-c1-concurrent_write-r1-cassandra,2026-09-06T13:59:39.9755580Z,272.12,7.619,0.7856979370117188,528.28125
a_h1_h2-1m-n3-c1-concurrent_write-r1-cassandra,2026-09-06T13:59:47.2352529Z,249.74,7.619,0.7856979370117188,529.046875
a_h1_h2-1m-n3-c1-concurrent_write-r1-cassandra,2026-09-06T13:59:54.4795750Z,259.78999999999996,7.619,0.7856979370117188,529.84375
a_h1_h2-1m-n3-c1-concurrent_write-r1-cassandra,2026-09-06T14:00:01.0111440Z,262.21,7.619,0.7856979370117188,530.609375
a_h1_h2-1m-n3-c1-concurrent_write-r1-cassandra,2026-09-06T14:00:08.2725946Z,251.76,7.619,0.7856979370117188,531.5
a_h1_h2-1m-n3-c1-concurrent_write-r1-cassandra,2026-09-06T14:00:15.5332195Z,256.34,7.619,0.7856979370117188,532.421875
a_h1_h2-1m-n3-c1-concurrent_write-r1-cassandra,2026-09-06T14:00:22.8098932Z,255.57,7.619,0.7857017517089844,533.203125
a_h1_h2-1m-n3-c1-concurrent_write-r1-cassandra,2026-09-06T14:00:30.0000505Z,255.57,7.619,0.78570556640625,533.984375
a_h1_h2-1m-n3-c1-concurrent_write-r1-cassandra,2026-09-06T14:00:37.2474134Z,242.06,7.619,0.78570556640625,534.875
a_h1_h2-1m-n3-c1-concurrent_write-r1-cassandra,2026-09-06T14:00:44.4988465Z,254.64,7.619999999999999,0.78570556640625,535.921875
a_h1_h2-1m-n3-c1-concurrent_write-r1-cassandra,2026-09-06T14:00:51.0312443Z,252.10000000000002,7.619,0.78570556640625,536.703125
a_h1_h2-1m-n3-c1-concurrent_write-r1-cassandra,2026-09-06T14:00:58.2781997Z,272.79,7.619999999999999,0.7857666015625,537.4375
a_h1_h2-1m-n3-c1-concurrent_write-r1-cassandra,2026-09-06T14:01:05.5363838Z,257.47,7.619,0.7857666015625,538.1875
a_h1_h2-1m-n3-c1-concurrent_write-r1-cassandra,2026-09-06T14:01:12.7999298Z,257.47,7.619999999999999,0.7857818603515625,539.265625
a_h1_h2-1m-n3-c1-concurrent_write-r1-cassandra,2026-09-06T14:01:20.0332061Z,255.86,7.619,0.7859344482421875,540.15625
a_h1_h2-1m-n3-c1-concurrent_write-r1-cassandra,2026-09-06T14:01:27.2900864Z,255.76,7.617,0.7859344482421875,541.265625
a_h1_h2-1m-n3-c1-concurrent_write-r1-cassandra,2026-09-06T14:01:34.5408363Z,256.87,7.619,0.7859344482421875,542.046875
a_h1_h2-1m-n3-c1-concurrent_write-r1-cassandra,2026-09-06T14:01:41.0887432Z,255.57,7.618,0.7859344482421875,542.90625
a_h1_h2-1m-n3-c1-concurrent_write-r1-cassandra,2026-09-06T14:01:48.3526563Z,252.87,7.617,0.7859382629394531,543.734375
a_h1_h2-1m-n3-c1-concurrent_write-r1-cassandra,2026-09-06T14:01:55.6063211Z,252.86,7.617,0.7859382629394531,544.5625
a_h1_h2-1m-n3-c1-concurrent_write-r1-cassandra,2026-09-06T14:02:02.8726223Z,256.75,7.617,0.7859420776367188,545.3125
a_h1_h2-1m-n3-c1-concurrent_write-r1-cassandra,2026-09-06T14:02:10.0709815Z,259.2,7.617,0.7859420776367188,546.1875
a_h1_h2-1m-n3-c1-concurrent_write-r1-cassandra,2026-09-06T14:02:17.3334317Z,357.1,7.619,0.7860031127929688,547
a_h1_h2-1m-n3-c1-concurrent_write-r1-cassandra,2026-09-06T14:02:24.5883060Z,253.98000000000002,7.617,0.7860031127929688,547.84375
a_h1_h2-1m-n3-c1-concurrent_write-r1-cassandra,2026-09-06T14:02:31.1247480Z,254.75,7.616,0.7862892150878906,548.59375
a_h1_h2-1m-n3-c1-concurrent_write-r1-cassandra,2026-09-06T14:02:38.3845667Z,250.97,7.617,0.7862892150878906,549.5
a_h1_h2-1m-n3-c1-concurrent_write-r1-cassandra,2026-09-06T14:02:45.6364868Z,259.75,7.616,0.7862892150878906,550.28125
a_h1_h2-1m-n3-c1-concurrent_write-r1-cassandra,2026-09-06T14:02:52.8949975Z,249.64,7.617,0.7862892150878906,551.078125
a_h1_h2-1m-n3-c1-concurrent_write-r1-cassandra,2026-09-06T14:03:00.1108236Z,262.07,7.616,0.7862892150878906,551.78125
a_h1_h2-1m-n3-c1-concurrent_write-r1-cassandra,2026-09-06T14:03:07.3781966Z,250.84,7.616,0.7862892150878906,552.71875
a_h1_h2-1m-n3-c1-concurrent_write-r1-cassandra,2026-09-06T14:03:14.6429589Z,252.17000000000002,7.617,0.7862892150878906,553.484375
a_h1_h2-1m-n3-c1-concurrent_write-r1-cassandra,2026-09-06T14:03:21.1497140Z,254.03,7.6129999999999995,0.7865447998046875,554.46875
a_h1_h2-1m-n3-c1-concurrent_write-r1-cassandra,2026-09-06T14:03:28.4156161Z,251.72,7.612,0.7865447998046875,555.359375
a_h1_h2-1m-n3-c1-concurrent_write-r1-cassandra,2026-09-06T14:03:35.6730500Z,258.71,7.6129999999999995,0.7865447998046875,556.265625
a_h1_h2-1m-n3-c1-concurrent_write-r1-cassandra,2026-09-06T14:03:42.9242099Z,269.38,7.612,0.7865447998046875,556.96875
a_h1_h2-1m-n3-c1-concurrent_write-r1-cassandra,2026-09-06T14:03:50.1450482Z,259.17,7.6129999999999995,0.7867355346679688,558
a_h1_h2-1m-n3-c1-concurrent_write-r1-cassandra,2026-09-06T14:03:57.4086065Z,251.3,7.612,0.7867355346679688,558.71875
a_h1_h2-1m-n3-c1-concurrent_write-r1-cassandra,2026-09-06T14:04:04.6843129Z,264.28,7.612,0.7867355346679688,559.40625
a_h1_h2-1m-n3-c1-concurrent_write-r1-cassandra,2026-09-06T14:04:11.2177123Z,252.91,7.612,0.7867965698242188,560.046875
a_h1_h2-1m-n3-c1-concurrent_write-r2-cassandra,2026-09-06T14:19:40.8005427Z,259.59000000000003,7.64,0.7855262756347656,508.21875
a_h1_h2-1m-n3-c1-concurrent_write-r2-cassandra,2026-09-06T14:19:48.0490774Z,253.14,7.64,0.7855300903320312,508.953125
a_h1_h2-1m-n3-c1-concurrent_write-r2-cassandra,2026-09-06T14:19:55.2964721Z,260.45,7.641,0.7855300903320312,509.828125
a_h1_h2-1m-n3-c1-concurrent_write-r2-cassandra,2026-09-06T14:20:01.8221312Z,260.86,7.641,0.7855453491210938,510.859375
a_h1_h2-1m-n3-c1-concurrent_write-r2-cassandra,2026-09-06T14:20:09.0782938Z,251.14,7.64,0.7855453491210938,511.59375
a_h1_h2-1m-n3-c1-concurrent_write-r2-cassandra,2026-09-06T14:20:16.3325246Z,260.29,7.641,0.7855453491210938,512.625
a_h1_h2-1m-n3-c1-concurrent_write-r2-cassandra,2026-09-06T14:20:23.5979986Z,260.63,7.638999999999999,0.7855453491210938,513.515625
a_h1_h2-1m-n3-c1-concurrent_write-r2-cassandra,2026-09-06T14:20:30.8346293Z,265.11,7.64,0.7855453491210938,514.421875
a_h1_h2-1m-n3-c1-concurrent_write-r2-cassandra,2026-09-06T14:20:38.0935772Z,249.45999999999998,7.64,0.7855453491210938,515.28125
a_h1_h2-1m-n3-c1-concurrent_write-r2-cassandra,2026-09-06T14:20:45.3496643Z,263.0,7.638999999999999,0.7855453491210938,516.1875
a_h1_h2-1m-n3-c1-concurrent_write-r2-cassandra,2026-09-06T14:20:51.8503531Z,257.44,7.641,0.7855453491210938,516.890625
a_h1_h2-1m-n3-c1-concurrent_write-r2-cassandra,2026-09-06T14:20:59.1236521Z,252.63,7.641,0.7855453491210938,517.71875
a_h1_h2-1m-n3-c1-concurrent_write-r2-cassandra,2026-09-06T14:21:06.3789265Z,259.25,7.64,0.7855453491210938,518.5
a_h1_h2-1m-n3-c1-concurrent_write-r2-cassandra,2026-09-06T14:21:13.6321556Z,262.36,7.641,0.7855453491210938,519.46875
a_h1_h2-1m-n3-c1-concurrent_write-r2-cassandra,2026-09-06T14:21:20.8687728Z,255.41,7.64,0.7855453491210938,520.171875
a_h1_h2-1m-n3-c1-concurrent_write-r2-cassandra,2026-09-06T14:21:28.1200106Z,246.26999999999998,7.637,0.7855453491210938,521.0625
a_h1_h2-1m-n3-c1-concurrent_write-r2-cassandra,2026-09-06T14:21:35.3756994Z,264.68,7.638,0.7855453491210938,521.75
a_h1_h2-1m-n3-c1-concurrent_write-r2-cassandra,2026-09-06T14:21:41.8910553Z,255.83,7.637,0.7855453491210938,522.59375
a_h1_h2-1m-n3-c1-concurrent_write-r2-cassandra,2026-09-06T14:21:49.1431393Z,253.32999999999998,7.638,0.7856063842773438,523.28125
a_h1_h2-1m-n3-c1-concurrent_write-r2-cassandra,2026-09-06T14:21:56.3886396Z,259.58,7.637,0.7856216430664062,523.953125
a_h1_h2-1m-n3-c1-concurrent_write-r2-cassandra,2026-09-06T14:22:03.6505180Z,258.17,7.638,0.7856216430664062,524.703125
a_h1_h2-1m-n3-c1-concurrent_write-r2-cassandra,2026-09-06T14:22:10.8853609Z,268.24,7.638,0.7856216430664062,525.46875
a_h1_h2-1m-n3-c1-concurrent_write-r2-cassandra,2026-09-06T14:22:18.1685236Z,259.06,7.638,0.7856216430664062,526.125
a_h1_h2-1m-n3-c1-concurrent_write-r2-cassandra,2026-09-06T14:22:25.4264637Z,257.92,7.638,0.7856216430664062,526.953125
a_h1_h2-1m-n3-c1-concurrent_write-r2-cassandra,2026-09-06T14:22:31.9133039Z,257.46000000000004,7.638,0.7856216430664062,527.71875
a_h1_h2-1m-n3-c1-concurrent_write-r2-cassandra,2026-09-06T14:22:39.1811759Z,257.11,7.638,0.7856216430664062,528.296875
a_h1_h2-1m-n3-c1-concurrent_write-r2-cassandra,2026-09-06T14:22:46.4625659Z,272.42,7.638,0.7856216430664062,528.953125
a_h1_h2-1m-n3-c1-concurrent_write-r2-cassandra,2026-09-06T14:22:53.7217793Z,263.46999999999997,7.638,0.7856254577636719,529.828125
a_h1_h2-1m-n3-c1-concurrent_write-r2-cassandra,2026-09-06T14:23:01.0147536Z,267.08,7.638,0.7857551574707031,530.546875
a_h1_h2-1m-n3-c1-concurrent_write-r2-cassandra,2026-09-06T14:23:08.2850704Z,251.45,7.6370000000000005,0.7858123779296875,531.09375
a_h1_h2-1m-n3-c1-concurrent_write-r2-cassandra,2026-09-06T14:23:15.5724992Z,270.56,7.6370000000000005,0.7858123779296875,531.75
a_h1_h2-1m-n3-c1-concurrent_write-r2-cassandra,2026-09-06T14:23:22.0990287Z,273.65,7.6370000000000005,0.7858123779296875,532.609375
a_h1_h2-1m-n3-c1-concurrent_write-r2-cassandra,2026-09-06T14:23:29.4300206Z,255.82,7.638,0.7858161926269531,533.40625
a_h1_h2-1m-n3-c1-concurrent_write-r2-cassandra,2026-09-06T14:23:36.7197688Z,267.35,7.6370000000000005,0.7858009338378906,534.3125
a_h1_h2-1m-n3-c1-concurrent_write-r2-cassandra,2026-09-06T14:23:43.9974951Z,260.96999999999997,7.638,0.7858123779296875,535.0625
a_h1_h2-1m-n3-c1-concurrent_write-r2-cassandra,2026-09-06T14:23:51.0548615Z,254.67000000000002,7.635,0.7858123779296875,535.734375
a_h1_h2-1m-n3-c1-concurrent_write-r2-cassandra,2026-09-06T14:23:58.3281341Z,254.07,7.631,0.7858123779296875,536.609375
a_h1_h2-1m-n3-c1-concurrent_write-r2-cassandra,2026-09-06T14:24:05.5842039Z,260.91999999999996,7.632,0.7861442565917969,537.328125
a_h1_h2-1m-n3-c1-concurrent_write-r2-cassandra,2026-09-06T14:24:11.9823684Z,260.59000000000003,7.631,0.7861480712890625,537.953125
a_h1_h2-1m-n3-c1-concurrent_write-r2-cassandra,2026-09-06T14:24:19.2459106Z,252.76,7.632,0.7861595153808594,538.8125
a_h1_h2-1m-n3-c1-concurrent_write-r2-cassandra,2026-09-06T14:24:26.5165303Z,258.23,7.632,0.7861595153808594,539.515625
a_h1_h2-1m-n3-c1-concurrent_write-r2-cassandra,2026-09-06T14:24:33.7693217Z,260.53,7.631,0.7861747741699219,540.359375
a_h1_h2-1m-n3-c1-concurrent_write-r2-cassandra,2026-09-06T14:24:40.9974625Z,262.24,7.63,0.7864608764648438,541.234375
a_h1_h2-1m-n3-c1-concurrent_write-r2-cassandra,2026-09-06T14:24:48.2574221Z,256.17,7.631,0.7864608764648438,542
a_h1_h2-1m-n3-c1-concurrent_write-r2-cassandra,2026-09-06T14:24:55.5156072Z,260.38,7.632,0.7864608764648438,543
a_h1_h2-1m-n3-c1-concurrent_write-r3-cassandra,2026-09-06T14:41:56.9773158Z,250.01,7.649000000000001,0.7704505920410156,519.3125
a_h1_h2-1m-n3-c1-concurrent_write-r3-cassandra,2026-09-06T14:42:04.2562854Z,261.06,7.647,0.7709693908691406,520.21875
a_h1_h2-1m-n3-c1-concurrent_write-r3-cassandra,2026-09-06T14:42:10.8203309Z,251.03,7.648,0.7709693908691406,520.75
a_h1_h2-1m-n3-c1-concurrent_write-r3-cassandra,2026-09-06T14:42:18.1146619Z,255.39,7.649,0.7709846496582031,521.390625
a_h1_h2-1m-n3-c1-concurrent_write-r3-cassandra,2026-09-06T14:42:25.4126741Z,252.84,7.648,0.7710227966308594,522.25
a_h1_h2-1m-n3-c1-concurrent_write-r3-cassandra,2026-09-06T14:42:31.7818722Z,254.29,7.648,0.7710227966308594,523
a_h1_h2-1m-n3-c1-concurrent_write-r3-cassandra,2026-09-06T14:42:39.0319568Z,242.41,7.648,0.7710456848144531,523.90625
a_h1_h2-1m-n3-c1-concurrent_write-r3-cassandra,2026-09-06T14:42:46.2761984Z,256.34000000000003,7.648,0.7710456848144531,524.65625
a_h1_h2-1m-n3-c1-concurrent_write-r3-cassandra,2026-09-06T14:42:52.7157569Z,257.40999999999997,7.649,0.7710456848144531,525.3125
a_h1_h2-1m-n3-c1-concurrent_write-r3-cassandra,2026-09-06T14:42:59.9851495Z,248.82,7.648,0.7710456848144531,526.203125
a_h1_h2-1m-n3-c1-concurrent_write-r3-cassandra,2026-09-06T14:43:07.2426890Z,257.0,7.647,0.7710456848144531,526.921875
a_h1_h2-1m-n3-c1-concurrent_write-r3-cassandra,2026-09-06T14:43:14.5051100Z,250.91,7.627000000000001,0.7710456848144531,527.859375
a_h1_h2-1m-n3-c1-concurrent_write-r3-cassandra,2026-09-06T14:43:21.7062772Z,250.44,7.628,0.7710456848144531,528.703125
a_h1_h2-1m-n3-c1-concurrent_write-r3-cassandra,2026-09-06T14:43:28.9548666Z,253.3,7.627000000000001,0.7710456848144531,529.328125
a_h1_h2-1m-n3-c1-concurrent_write-r3-cassandra,2026-09-06T14:43:36.2069808Z,251.49,7.627000000000001,0.77117919921875,530.15625
a_h1_h2-1m-n3-c1-concurrent_write-r3-cassandra,2026-09-06T14:43:42.7617073Z,254.79000000000002,7.62,0.77117919921875,530.84375
a_h1_h2-1m-n3-c1-concurrent_write-r3-cassandra,2026-09-06T14:43:50.0260052Z,252.57999999999998,7.62,0.7717971801757812,531.734375
a_h1_h2-1m-n3-c1-concurrent_write-r3-cassandra,2026-09-06T14:43:57.2783826Z,254.73000000000002,7.628,0.7717971801757812,532.578125
a_h1_h2-1m-n3-c1-concurrent_write-r3-cassandra,2026-09-06T14:44:04.5369473Z,271.09000000000003,7.627,0.7717971801757812,533.40625
a_h1_h2-1m-n3-c1-concurrent_write-r3-cassandra,2026-09-06T14:44:11.7123454Z,253.78,7.622,0.7718124389648438,534.421875
a_h1_h2-1m-n3-c1-concurrent_write-r3-cassandra,2026-09-06T14:44:18.9674887Z,250.53,7.622,0.7718734741210938,535.21875
a_h1_h2-1m-n3-c1-concurrent_write-r3-cassandra,2026-09-06T14:44:26.2174255Z,295.04,7.622,0.7728500366210938,536.125
a_h1_h2-1m-n3-c1-concurrent_write-r3-cassandra,2026-09-06T14:44:32.7917559Z,253.6,7.619,0.7728500366210938,536.703125
a_h1_h2-1m-n3-c1-concurrent_write-r3-cassandra,2026-09-06T14:44:40.0592549Z,255.32,7.619,0.7728538513183594,537.296875
a_h1_h2-1m-n3-c1-concurrent_write-r3-cassandra,2026-09-06T14:44:47.3138779Z,253.63,7.618,0.7728538513183594,537.890625
a_h1_h2-1m-n3-c1-concurrent_write-r3-cassandra,2026-09-06T14:44:54.5754950Z,262.01,7.618,0.7728538513183594,538.671875
a_h1_h2-1m-n3-c1-concurrent_write-r3-cassandra,2026-09-06T14:45:01.7919887Z,258.78999999999996,7.619,0.7728691101074219,539.484375
a_h1_h2-1m-n3-c1-concurrent_write-r3-cassandra,2026-09-06T14:45:09.0489274Z,325.27,7.618,0.7728691101074219,540.328125
a_h1_h2-1m-n3-c1-concurrent_write-r3-cassandra,2026-09-06T14:45:16.2935150Z,255.13,7.618,0.7728691101074219,541.359375
a_h1_h2-1m-n3-c1-concurrent_write-r3-cassandra,2026-09-06T14:45:22.8348178Z,254.7,7.619,0.7728691101074219,542.109375
a_h1_h2-1m-n3-c1-concurrent_write-r3-cassandra,2026-09-06T14:45:30.0908423Z,243.94,7.618,0.7779006958007812,542.984375
a_h1_h2-1m-n3-c1-concurrent_write-r3-cassandra,2026-09-06T14:45:37.3384902Z,247.05,7.618,0.7779045104980469,543.671875
a_h1_h2-1m-n3-c1-concurrent_write-r3-cassandra,2026-09-06T14:45:44.6112839Z,259.99,7.618,0.7779693603515625,544.5
a_h1_h2-1m-n3-c1-concurrent_write-r3-cassandra,2026-09-06T14:45:51.8151861Z,250.48000000000002,7.618,0.7779693603515625,545.09375
a_h1_h2-1m-n3-c1-concurrent_write-r3-cassandra,2026-09-06T14:45:59.0698900Z,245.29000000000002,7.618,0.7779693603515625,545.890625
a_h1_h2-1m-n3-c1-concurrent_write-r3-cassandra,2026-09-06T14:46:06.3266865Z,255.09,7.618,0.7779693603515625,546.625
a_h1_h2-1m-n3-c1-concurrent_write-r3-cassandra,2026-09-06T14:46:12.8377099Z,256.40999999999997,7.618,0.7779693603515625,547.40625
a_h1_h2-1m-n3-c1-concurrent_write-r3-cassandra,2026-09-06T14:46:20.0866318Z,245.97,7.617,0.7793655395507812,548.390625
a_h1_h2-1m-n3-c1-concurrent_write-r3-cassandra,2026-09-06T14:46:27.3321704Z,259.17,7.617,0.7793693542480469,549.03125
a_h1_h2-1m-n3-c1-concurrent_write-r3-cassandra,2026-09-06T14:46:34.6120692Z,259.78,7.617,0.7797660827636719,549.953125
a_h1_h2-1m-n3-c1-concurrent_write-r3-cassandra,2026-09-06T14:46:41.8599375Z,254.58999999999997,7.617,0.7797508239746094,550.734375
a_h1_h2-1m-n3-c1-concurrent_write-r3-cassandra,2026-09-06T14:46:49.1089297Z,247.5,7.617,0.779754638671875,551.59375
a_h1_h2-1m-n3-c1-concurrent_write-r3-cassandra,2026-09-06T14:46:56.3589536Z,257.88,7.617,0.7797584533691406,552.53125
a_h1_h2-1m-n3-c1-concurrent_write-r3-cassandra,2026-09-06T14:47:02.9091063Z,256.37,7.618,0.7797584533691406,553.203125
a_h1_h2-1m-n3-c1-read_single-r1-cassandra,2026-09-06T14:55:45.0372846Z,228.62,7.699999999999999,0.766693115234375,273.65625
a_h1_h2-1m-n3-c1-read_single-r1-cassandra,2026-09-06T14:55:52.2516693Z,179.84,7.699999999999999,0.7672119140625,274.6875
a_h1_h2-1m-n3-c1-read_single-r1-cassandra,2026-09-06T14:55:59.4907741Z,177.49,7.715999999999999,0.7672386169433594,275.46875
a_h1_h2-1m-n3-c1-read_single-r1-cassandra,2026-09-06T14:56:06.7354951Z,180.01,7.704000000000001,0.767242431640625,275.984375
a_h1_h2-1m-n3-c1-read_single-r1-cassandra,2026-09-06T14:56:13.2932296Z,187.8,7.699999999999999,0.767242431640625,276.59375
a_h1_h2-1m-n3-c1-read_single-r1-cassandra,2026-09-06T14:56:20.5407395Z,178.46,7.7,0.7672462463378906,277.234375
a_h1_h2-1m-n3-c1-read_single-r1-cassandra,2026-09-06T14:56:27.7854300Z,175.86,7.7010000000000005,0.7672462463378906,278.03125
a_h1_h2-1m-n3-c1-read_single-r1-cassandra,2026-09-06T14:56:35.0470680Z,176.87,7.7010000000000005,0.7673988342285156,278.6875
a_h1_h2-1m-n3-c1-read_single-r1-cassandra,2026-09-06T14:56:42.2852945Z,157.63,7.702,0.7677650451660156,279.46875
a_h1_h2-1m-n3-c1-read_single-r1-cassandra,2026-09-06T14:56:49.5240588Z,179.59,7.702,0.7677688598632812,279.96875
a_h1_h2-1m-n3-c1-read_single-r1-cassandra,2026-09-06T14:56:56.7719358Z,278.18,7.714,0.7677688598632812,280.703125
a_h1_h2-1m-n3-c1-read_single-r1-cassandra,2026-09-06T14:57:03.3454900Z,206.34,7.715,0.7677688598632812,281.34375
a_h1_h2-1m-n3-c1-read_single-r1-cassandra,2026-09-06T14:57:10.6031302Z,183.41,7.712,0.7678298950195312,282
a_h1_h2-1m-n3-c1-read_single-r1-cassandra,2026-09-06T14:57:17.8437541Z,182.65,7.712,0.7678298950195312,282.6875
a_h1_h2-1m-n3-c1-read_single-r1-cassandra,2026-09-06T14:57:25.1097474Z,183.65,7.713,0.7678298950195312,283.53125
a_h1_h2-1m-n3-c1-read_single-r1-cassandra,2026-09-06T14:57:32.3233037Z,176.24,7.714,0.7678642272949219,284.4375
a_h1_h2-1m-n3-c1-read_single-r1-cassandra,2026-09-06T14:57:39.5806191Z,176.01,7.715,0.7674674987792969,285.625
a_h1_h2-1m-n3-c1-read_single-r1-cassandra,2026-09-06T14:57:46.8148842Z,177.38,7.714,0.7674674987792969,286.640625
a_h1_h2-1m-n3-c1-read_single-r1-cassandra,2026-09-06T14:57:53.3792322Z,183.87,7.714,0.7674674987792969,287.40625
a_h1_h2-1m-n3-c1-read_single-r1-cassandra,2026-09-06T14:58:00.6194070Z,194.17000000000002,7.712,0.7682914733886719,288.15625
a_h1_h2-1m-n3-c1-read_single-r1-cassandra,2026-09-06T14:58:07.8653568Z,180.41,7.713,0.7683563232421875,288.765625
a_h1_h2-1m-n3-c1-read_single-r1-cassandra,2026-09-06T14:58:15.1186911Z,180.39,7.713,0.7683563232421875,289.4375
a_h1_h2-1m-n3-c1-read_single-r1-cassandra,2026-09-06T14:58:22.3516057Z,183.54,7.713,0.7683563232421875,290.265625
a_h1_h2-1m-n3-c1-read_single-r1-cassandra,2026-09-06T14:58:29.6102090Z,175.17,7.712,0.7683601379394531,291.328125
a_h1_h2-1m-n3-c1-read_single-r1-cassandra,2026-09-06T14:58:36.8598627Z,225.46,7.715,0.7683601379394531,292.140625
a_h1_h2-1m-n3-c1-read_single-r1-cassandra,2026-09-06T14:58:43.4330030Z,183.3,7.709,0.7683296203613281,292.765625
a_h1_h2-1m-n3-c1-read_single-r1-cassandra,2026-09-06T14:58:50.6782117Z,184.31,7.710000000000001,0.7683296203613281,293.53125
a_h1_h2-1m-n3-c1-read_single-r1-cassandra,2026-09-06T14:58:57.9291788Z,182.3,7.710000000000001,0.7683296203613281,294.421875
a_h1_h2-1m-n3-c1-read_single-r1-cassandra,2026-09-06T14:59:05.1996008Z,182.36,7.710000000000001,0.7683296203613281,295.171875
a_h1_h2-1m-n3-c1-read_single-r1-cassandra,2026-09-06T14:59:12.3837731Z,180.56,7.710000000000001,0.7683334350585938,296
a_h1_h2-1m-n3-c1-read_single-r1-cassandra,2026-09-06T14:59:19.6338739Z,178.58,7.709,0.7697334289550781,296.796875
a_h1_h2-1m-n3-c1-read_single-r1-cassandra,2026-09-06T14:59:26.8804383Z,183.27,7.710000000000001,0.7697372436523438,297.4375
a_h1_h2-1m-n3-c1-read_single-r1-cassandra,2026-09-06T14:59:33.5128653Z,189.61,7.709,0.7697372436523438,298.125
a_h1_h2-1m-n3-c1-read_single-r1-cassandra,2026-09-06T14:59:40.7615706Z,176.99,7.710000000000001,0.7697410583496094,298.84375
a_h1_h2-1m-n3-c1-read_single-r1-cassandra,2026-09-06T14:59:48.0138894Z,184.02,7.710000000000001,0.7697410583496094,299.78125
a_h1_h2-1m-n3-c1-read_single-r1-cassandra,2026-09-06T14:59:55.2642271Z,181.76,7.709,0.7697410583496094,300.578125
a_h1_h2-1m-n3-c1-read_single-r1-cassandra,2026-09-06T15:00:02.4396890Z,183.77,7.709,0.7697410583496094,301.5625
a_h1_h2-1m-n3-c1-read_single-r1-cassandra,2026-09-06T15:00:09.6915741Z,183.35,7.710000000000001,0.7680587768554688,302.390625
a_h1_h2-1m-n3-c1-read_single-r1-cassandra,2026-09-06T15:00:16.9261688Z,183.97,7.710000000000001,0.7683258056640625,303.046875
a_h1_h2-1m-n3-c1-read_single-r1-cassandra,2026-09-06T15:00:23.4537768Z,177.32,7.709,0.7683258056640625,303.78125
a_h1_h2-1m-n3-c1-read_single-r1-cassandra,2026-09-06T15:00:30.7051354Z,178.41,7.710000000000001,0.7690773010253906,304.765625
a_h1_h2-1m-n3-c1-read_single-r1-cassandra,2026-09-06T15:00:37.9573211Z,175.77,7.709,0.7690773010253906,305.765625
a_h1_h2-1m-n3-c1-read_single-r1-cassandra,2026-09-06T15:00:45.2040495Z,184.34,7.710000000000001,0.7690773010253906,306.6875
a_h1_h2-1m-n3-c1-read_single-r1-cassandra,2026-09-06T15:00:52.4523213Z,181.4,7.709,0.7690773010253906,307.421875
a_h1_h2-1m-n3-c1-read_single-r2-cassandra,2026-09-06T15:09:20.0589743Z,177.51,7.803000000000001,0.7674827575683594,277.140625
a_h1_h2-1m-n3-c1-read_single-r2-cassandra,2026-09-06T15:09:27.3034123Z,179.51,7.807,0.7677879333496094,278.03125
a_h1_h2-1m-n3-c1-read_single-r2-cassandra,2026-09-06T15:09:33.8788546Z,171.89,7.806,0.7677879333496094,278.828125
a_h1_h2-1m-n3-c1-read_single-r2-cassandra,2026-09-06T15:09:41.1340760Z,177.7,7.806,0.7678031921386719,279.65625
a_h1_h2-1m-n3-c1-read_single-r2-cassandra,2026-09-06T15:09:48.3803395Z,177.31,7.808999999999999,0.7678108215332031,280.359375
a_h1_h2-1m-n3-c1-read_single-r2-cassandra,2026-09-06T15:09:55.6271354Z,183.1,7.809,0.7678108215332031,281.078125
a_h1_h2-1m-n3-c1-read_single-r2-cassandra,2026-09-06T15:10:02.8688306Z,183.03,7.81,0.7678184509277344,281.921875
a_h1_h2-1m-n3-c1-read_single-r2-cassandra,2026-09-06T15:10:10.1197850Z,181.56,7.8100000000000005,0.7678604125976562,282.84375
a_h1_h2-1m-n3-c1-read_single-r2-cassandra,2026-09-06T15:10:17.3615089Z,186.18,7.811,0.7678794860839844,283.734375
a_h1_h2-1m-n3-c1-read_single-r2-cassandra,2026-09-06T15:10:23.9077600Z,178.11,7.8100000000000005,0.7678794860839844,284.375
a_h1_h2-1m-n3-c1-read_single-r2-cassandra,2026-09-06T15:10:31.1630207Z,182.35999999999999,7.811,0.7678794860839844,285.1875
a_h1_h2-1m-n3-c1-read_single-r2-cassandra,2026-09-06T15:10:38.4099618Z,183.43,7.811,0.7678794860839844,286.1875
a_h1_h2-1m-n3-c1-read_single-r2-cassandra,2026-09-06T15:10:45.6559575Z,180.10000000000002,7.811,0.7678794860839844,286.765625
a_h1_h2-1m-n3-c1-read_single-r2-cassandra,2026-09-06T15:10:51.9110799Z,185.26999999999998,7.811,0.7678794860839844,287.8125
a_h1_h2-1m-n3-c1-read_single-r2-cassandra,2026-09-06T15:10:59.1546747Z,179.35,7.811,0.7678794860839844,288.609375
a_h1_h2-1m-n3-c1-read_single-r2-cassandra,2026-09-06T15:11:06.3970319Z,177.54000000000002,7.811,0.7678794860839844,289.296875
a_h1_h2-1m-n3-c1-read_single-r2-cassandra,2026-09-06T15:11:12.9351012Z,179.74,7.813000000000001,0.7678794860839844,289.984375
a_h1_h2-1m-n3-c1-read_single-r2-cassandra,2026-09-06T15:11:20.1889981Z,175.2,7.813000000000001,0.7667808532714844,290.953125
a_h1_h2-1m-n3-c1-read_single-r2-cassandra,2026-09-06T15:11:27.4321611Z,182.76,7.813000000000001,0.7667808532714844,291.921875
a_h1_h2-1m-n3-c1-read_single-r2-cassandra,2026-09-06T15:11:33.9712523Z,177.36,7.813000000000001,0.7675285339355469,292.5625
a_h1_h2-1m-n3-c1-read_single-r2-cassandra,2026-09-06T15:11:41.2268908Z,179.66,7.813000000000001,0.7675285339355469,293.546875
a_h1_h2-1m-n3-c1-read_single-r2-cassandra,2026-09-06T15:11:48.4738569Z,181.48,7.813000000000001,0.7675285339355469,294.203125
a_h1_h2-1m-n3-c1-read_single-r2-cassandra,2026-09-06T15:11:55.7294960Z,183.35000000000002,7.813000000000001,0.7675285339355469,294.984375
a_h1_h2-1m-n3-c1-read_single-r2-cassandra,2026-09-06T15:12:02.9598958Z,179.42,7.813000000000001,0.7677955627441406,295.671875
a_h1_h2-1m-n3-c1-read_single-r2-cassandra,2026-09-06T15:12:10.2066034Z,178.76,7.813000000000001,0.7677955627441406,296.390625
a_h1_h2-1m-n3-c1-read_single-r2-cassandra,2026-09-06T15:12:17.4528722Z,175.25,7.813000000000001,0.7677955627441406,297.109375
a_h1_h2-1m-n3-c1-read_single-r2-cassandra,2026-09-06T15:12:23.9962374Z,177.93,7.813000000000001,0.7677650451660156,298
a_h1_h2-1m-n3-c1-read_single-r2-cassandra,2026-09-06T15:12:31.2424263Z,177.29000000000002,7.813000000000001,0.7677688598632812,298.828125
a_h1_h2-1m-n3-c1-read_single-r2-cassandra,2026-09-06T15:12:38.4928170Z,183.2,7.812,0.7677841186523438,299.5625
a_h1_h2-1m-n3-c1-read_single-r2-cassandra,2026-09-06T15:12:45.7367376Z,181.14,7.813000000000001,0.7677841186523438,300.234375
a_h1_h2-1m-n3-c1-read_single-r2-cassandra,2026-09-06T15:12:51.9776495Z,189.04,7.813000000000001,0.7677841186523438,301.03125
a_h1_h2-1m-n3-c1-read_single-r2-cassandra,2026-09-06T15:12:59.2236980Z,181.96,7.799,0.7677841186523438,301.71875
a_h1_h2-1m-n3-c1-read_single-r2-cassandra,2026-09-06T15:13:06.4579142Z,180.48,7.799,0.7677879333496094,302.453125
a_h1_h2-1m-n3-c1-read_single-r2-cassandra,2026-09-06T15:13:13.0229636Z,179.1,7.798,0.7677879333496094,303.125
a_h1_h2-1m-n3-c1-read_single-r2-cassandra,2026-09-06T15:13:20.2653421Z,178.15,7.798,0.7679100036621094,303.9375
a_h1_h2-1m-n3-c1-read_single-r2-cassandra,2026-09-06T15:13:27.5091108Z,177.93,7.793,0.7669410705566406,304.75
a_h1_h2-1m-n3-c1-read_single-r2-cassandra,2026-09-06T15:13:34.0269704Z,179.13,7.792,0.7669410705566406,305.4375
a_h1_h2-1m-n3-c1-read_single-r2-cassandra,2026-09-06T15:13:41.2784373Z,180.79,7.792,0.7672882080078125,306.5
a_h1_h2-1m-n3-c1-read_single-r2-cassandra,2026-09-06T15:13:48.5174831Z,180.60999999999999,7.792,0.7672882080078125,307.453125
a_h1_h2-1m-n3-c1-read_single-r2-cassandra,2026-09-06T15:13:55.7724624Z,179.93,7.792,0.767547607421875,308.515625
a_h1_h2-1m-n3-c1-read_single-r2-cassandra,2026-09-06T15:14:03.0184690Z,179.5,7.791,0.767547607421875,309.171875
a_h1_h2-1m-n3-c1-read_single-r2-cassandra,2026-09-06T15:14:10.2687758Z,194.35,7.791,0.7675514221191406,310.078125
a_h1_h2-1m-n3-c1-read_single-r2-cassandra,2026-09-06T15:14:17.5171402Z,182.39,7.792,0.7675514221191406,311.015625
a_h1_h2-1m-n3-c1-read_single-r2-cassandra,2026-09-06T15:14:24.0603668Z,177.74,7.792,0.7675514221191406,311.578125
a_h1_h2-1m-n3-c1-read_single-r3-cassandra,2026-09-06T15:22:59.0746648Z,184.95,7.800000000000001,0.7674217224121094,273.03125
a_h1_h2-1m-n3-c1-read_single-r3-cassandra,2026-09-06T15:23:06.3798608Z,206.53,7.801,0.7678146362304688,273.59375
a_h1_h2-1m-n3-c1-read_single-r3-cassandra,2026-09-06T15:23:13.5110603Z,187.15,7.803,0.7678146362304688,274.140625
a_h1_h2-1m-n3-c1-read_single-r3-cassandra,2026-09-06T15:23:20.7869738Z,188.95000000000002,7.803000000000001,0.7678146362304688,274.9375
a_h1_h2-1m-n3-c1-read_single-r3-cassandra,2026-09-06T15:23:28.0776217Z,197.31,7.792,0.7678146362304688,275.765625
a_h1_h2-1m-n3-c1-read_single-r3-cassandra,2026-09-06T15:23:34.5563146Z,197.95,7.792,0.7678146362304688,276.4375
a_h1_h2-1m-n3-c1-read_single-r3-cassandra,2026-09-06T15:23:41.8538554Z,226.28,7.793000000000001,0.7678146362304688,277.171875
a_h1_h2-1m-n3-c1-read_single-r3-cassandra,2026-09-06T15:23:49.1315406Z,180.1,7.7940000000000005,0.7681312561035156,277.890625
a_h1_h2-1m-n3-c1-read_single-r3-cassandra,2026-09-06T15:23:56.4145843Z,195.44,7.7940000000000005,0.7681427001953125,278.609375
a_h1_h2-1m-n3-c1-read_single-r3-cassandra,2026-09-06T15:24:03.5120674Z,197.07,7.796,0.7681427001953125,279.25
a_h1_h2-1m-n3-c1-read_single-r3-cassandra,2026-09-06T15:24:10.7900115Z,186.81,7.795,0.7681427001953125,279.984375
a_h1_h2-1m-n3-c1-read_single-r3-cassandra,2026-09-06T15:24:18.0695789Z,186.28,7.796,0.7681427001953125,280.609375
a_h1_h2-1m-n3-c1-read_single-r3-cassandra,2026-09-06T15:24:24.5286229Z,186.49,7.796,0.7681427001953125,281.234375
a_h1_h2-1m-n3-c1-read_single-r3-cassandra,2026-09-06T15:24:31.8004797Z,184.31,7.796,0.7681427001953125,282.171875
a_h1_h2-1m-n3-c1-read_single-r3-cassandra,2026-09-06T15:24:39.0541264Z,182.26999999999998,7.797000000000001,0.7681427001953125,282.859375
a_h1_h2-1m-n3-c1-read_single-r3-cassandra,2026-09-06T15:24:46.3151646Z,180.76,7.797000000000001,0.7681427001953125,283.5
a_h1_h2-1m-n3-c1-read_single-r3-cassandra,2026-09-06T15:24:53.4805817Z,178.93,7.798,0.7681770324707031,284.140625
a_h1_h2-1m-n3-c1-read_single-r3-cassandra,2026-09-06T15:25:00.7177323Z,176.42000000000002,7.797000000000001,0.7685966491699219,285.078125
a_h1_h2-1m-n3-c1-read_single-r3-cassandra,2026-09-06T15:25:07.9653493Z,177.28,7.798,0.7685966491699219,285.984375
a_h1_h2-1m-n3-c1-read_single-r3-cassandra,2026-09-06T15:25:14.5031642Z,185.26,7.7989999999999995,0.7685966491699219,286.84375
a_h1_h2-1m-n3-c1-read_single-r3-cassandra,2026-09-06T15:25:21.7487091Z,180.73000000000002,7.797000000000001,0.7685966491699219,287.484375
a_h1_h2-1m-n3-c1-read_single-r3-cassandra,2026-09-06T15:25:29.0007362Z,179.15,7.797000000000001,0.7678413391113281,288.234375
a_h1_h2-1m-n3-c1-read_single-r3-cassandra,2026-09-06T15:25:36.2447928Z,180.77,7.798,0.7687034606933594,289.125
a_h1_h2-1m-n3-c1-read_single-r3-cassandra,2026-09-06T15:25:43.4850187Z,184.03,7.798,0.7687759399414062,290.109375
a_h1_h2-1m-n3-c1-read_single-r3-cassandra,2026-09-06T15:25:50.7307352Z,173.65,7.798,0.7687759399414062,290.6875
a_h1_h2-1m-n3-c1-read_single-r3-cassandra,2026-09-06T15:25:57.9774040Z,177.8,7.798,0.7687759399414062,291.359375
a_h1_h2-1m-n3-c1-read_single-r3-cassandra,2026-09-06T15:26:04.5375058Z,186.93,7.797000000000001,0.7687454223632812,292.03125
a_h1_h2-1m-n3-c1-read_single-r3-cassandra,2026-09-06T15:26:11.7879167Z,182.66,7.797000000000001,0.7687454223632812,292.796875
a_h1_h2-1m-n3-c1-read_single-r3-cassandra,2026-09-06T15:26:19.0223222Z,179.66,7.798,0.7687454223632812,293.6875
a_h1_h2-1m-n3-c1-read_single-r3-cassandra,2026-09-06T15:26:26.2783102Z,184.64,7.798,0.7687454223632812,294.515625
a_h1_h2-1m-n3-c1-read_single-r3-cassandra,2026-09-06T15:26:32.5510650Z,183.08,7.7989999999999995,0.7687454223632812,295.046875
a_h1_h2-1m-n3-c1-read_single-r3-cassandra,2026-09-06T15:26:39.7885059Z,181.39,7.799,0.7687454223632812,295.734375
a_h1_h2-1m-n3-c1-read_single-r3-cassandra,2026-09-06T15:26:47.0249755Z,179.85,7.800000000000001,0.7687454223632812,296.375
a_h1_h2-1m-n3-c1-read_single-r3-cassandra,2026-09-06T15:26:53.5527064Z,197.14000000000001,7.799,0.7687454223632812,297.078125
a_h1_h2-1m-n3-c1-read_single-r3-cassandra,2026-09-06T15:27:00.7941774Z,182.72,7.799,0.7687454223632812,297.84375
a_h1_h2-1m-n3-c1-read_single-r3-cassandra,2026-09-06T15:27:08.0381678Z,178.68,7.799,0.7687492370605469,298.6875
a_h1_h2-1m-n3-c1-read_single-r3-cassandra,2026-09-06T15:27:14.6077744Z,178.85,7.798,0.7687492370605469,299.140625
a_h1_h2-1m-n3-c1-read_single-r3-cassandra,2026-09-06T15:27:21.8605920Z,184.89999999999998,7.798,0.7687492370605469,299.859375
a_h1_h2-1m-n3-c1-read_single-r3-cassandra,2026-09-06T15:27:29.1392192Z,178.73,7.798,0.7688102722167969,300.4375
a_h1_h2-1m-n3-c1-read_single-r3-cassandra,2026-09-06T15:27:36.4197485Z,178.37,7.799,0.7688102722167969,301.234375
a_h1_h2-1m-n3-c1-read_single-r3-cassandra,2026-09-06T15:27:43.5926228Z,180.78,7.798,0.7688713073730469,301.875
a_h1_h2-1m-n3-c1-read_single-r3-cassandra,2026-09-06T15:27:50.8432971Z,171.94,7.799,0.7724494934082031,302.90625
a_h1_h2-1m-n3-c1-read_single-r3-cassandra,2026-09-06T15:27:58.0804813Z,182.8,7.797000000000001,0.7724494934082031,303.796875
a_h1_h2-1m-n3-c1-read_single-r3-cassandra,2026-09-06T15:28:04.6574343Z,184.95,7.798,0.7724494934082031,304.234375
a_h1_h2-1m-n3-c1-read_single-r3-cassandra,2026-09-06T15:28:11.8987493Z,180.70999999999998,7.798,0.7724494934082031,304.875
a_h1_h2-1m-n3-c1-read_single-r3-cassandra,2026-09-06T15:28:19.1544969Z,185.13,7.798,0.7724494934082031,305.640625
a_h1_h2-1m-n3-c1-read_single-r3-cassandra,2026-09-06T15:28:26.3954319Z,178.32,7.799,0.7724494934082031,306.53125
a_h1_h2-1m-n3-c1-read_single-r3-cassandra,2026-09-06T15:28:32.7602969Z,182.93,7.798,0.7724494934082031,307.0625
a_h1_h2-1m-n3-c8-concurrent_write-r1-cassandra,2026-09-06T15:44:09.5577906Z,438.69,7.718,0.7715530395507812,528.65625
a_h1_h2-1m-n3-c8-concurrent_write-r1-cassandra,2026-09-06T15:44:16.8253443Z,430.29999999999995,7.718,0.7715568542480469,531.8125
a_h1_h2-1m-n3-c8-concurrent_write-r1-cassandra,2026-09-06T15:44:23.3389803Z,419.31999999999994,7.718,0.7715950012207031,534.421875
a_h1_h2-1m-n3-c8-concurrent_write-r1-cassandra,2026-09-06T15:44:30.6122057Z,418.18,7.718,0.7715950012207031,537.703125
a_h1_h2-1m-n3-c8-concurrent_write-r1-cassandra,2026-09-06T15:44:37.9818317Z,488.63,7.720000000000001,0.7716102600097656,540.390625
a_h1_h2-1m-n3-c8-concurrent_write-r1-cassandra,2026-09-06T15:44:44.4030916Z,432.04,7.719,0.7734794616699219,543.375
a_h1_h2-1m-n3-c8-concurrent_write-r1-cassandra,2026-09-06T15:44:51.6823790Z,402.56,7.7170000000000005,0.7734794616699219,546.421875
a_h1_h2-1m-n3-c8-concurrent_write-r1-cassandra,2026-09-06T15:44:58.9455735Z,429.03,7.718,0.77349853515625,549.375
a_h1_h2-1m-n3-c8-concurrent_write-r1-cassandra,2026-09-06T15:45:05.4425755Z,419.89,7.718,0.77349853515625,551.84375
a_h1_h2-1m-n3-c8-concurrent_write-r1-cassandra,2026-09-06T15:45:12.7173203Z,456.1,7.718,0.77349853515625,555.203125
a_h1_h2-1m-n3-c8-concurrent_write-r1-cassandra,2026-09-06T15:45:19.9899492Z,439.06,7.718,0.7740859985351562,558.25
a_h1_h2-1m-n3-c8-concurrent_write-r1-cassandra,2026-09-06T15:45:27.2641124Z,434.28999999999996,7.718,0.7740898132324219,561.375
a_h1_h2-1m-n3-c8-concurrent_write-r1-cassandra,2026-09-06T15:45:34.3998757Z,429.52,7.719,0.7740898132324219,564.40625
a_h1_h2-1m-n3-c8-concurrent_write-r1-cassandra,2026-09-06T15:45:41.6701525Z,405.4,7.7170000000000005,0.7740898132324219,567.03125
a_h1_h2-1m-n3-c8-concurrent_write-r1-cassandra,2026-09-06T15:45:48.9385994Z,425.13,7.7170000000000005,0.7751121520996094,569.96875
a_h1_h2-1m-n3-c8-concurrent_write-r1-cassandra,2026-09-06T15:45:55.4587606Z,432.15,7.719,0.7751121520996094,572.578125
a_h1_h2-1m-n3-c8-concurrent_write-r1-cassandra,2026-09-06T15:46:02.7396602Z,417.46,7.718,0.7758674621582031,575.828125
a_h1_h2-1m-n3-c8-concurrent_write-r1-cassandra,2026-09-06T15:46:10.0160679Z,421.46999999999997,7.719,0.7758674621582031,579.25
a_h1_h2-1m-n3-c8-concurrent_write-r1-cassandra,2026-09-06T15:46:17.3023858Z,424.12,7.7170000000000005,0.7758712768554688,582.296875
a_h1_h2-1m-n3-c8-concurrent_write-r1-cassandra,2026-09-06T15:46:24.4616031Z,430.09000000000003,7.718,0.7758903503417969,585.6875
a_h1_h2-1m-n3-c8-concurrent_write-r1-cassandra,2026-09-06T15:46:31.7512781Z,420.82,7.720000000000001,0.7758903503417969,588.765625
a_h1_h2-1m-n3-c8-concurrent_write-r1-cassandra,2026-09-06T15:46:39.0258398Z,435.28,7.719,0.7758903503417969,591.734375
a_h1_h2-1m-n3-c8-concurrent_write-r1-cassandra,2026-09-06T15:46:45.4886736Z,428.66999999999996,7.720000000000001,0.7758903503417969,594.671875
a_h1_h2-1m-n3-c8-concurrent_write-r1-cassandra,2026-09-06T15:46:52.7674246Z,422.53,7.719,0.7758941650390625,597.640625
a_h1_h2-1m-n3-c8-concurrent_write-r1-cassandra,2026-09-06T15:47:00.0329248Z,431.69,7.719,0.7758941650390625,600.8125
a_h1_h2-1m-n3-c8-concurrent_write-r2-cassandra,2026-09-06T16:03:25.8889001Z,428.54999999999995,7.679,0.7760047912597656,528.53125
a_h1_h2-1m-n3-c8-concurrent_write-r2-cassandra,2026-09-06T16:03:33.1757509Z,416.49,7.678,0.7760124206542969,531.46875
a_h1_h2-1m-n3-c8-concurrent_write-r2-cassandra,2026-09-06T16:03:40.4440955Z,439.66,7.678,0.7760124206542969,534.90625
a_h1_h2-1m-n3-c8-concurrent_write-r2-cassandra,2026-09-06T16:03:47.7312485Z,439.91999999999996,7.678,0.7760200500488281,538
a_h1_h2-1m-n3-c8-concurrent_write-r2-cassandra,2026-09-06T16:03:54.0768710Z,428.07,7.678,0.7760238647460938,540.484375
a_h1_h2-1m-n3-c8-concurrent_write-r2-cassandra,2026-09-06T16:04:01.3517403Z,433.78,7.667,0.7760238647460938,543.703125
a_h1_h2-1m-n3-c8-concurrent_write-r2-cassandra,2026-09-06T16:04:08.6276485Z,430.91999999999996,7.668,0.776580810546875,546.96875
a_h1_h2-1m-n3-c8-concurrent_write-r2-cassandra,2026-09-06T16:04:15.0848834Z,423.65,7.667,0.7765846252441406,549.765625
a_h1_h2-1m-n3-c8-concurrent_write-r2-cassandra,2026-09-06T16:04:22.3645227Z,414.47,7.667,0.7765846252441406,552.6875
a_h1_h2-1m-n3-c8-concurrent_write-r2-cassandra,2026-09-06T16:04:29.6360807Z,435.96999999999997,7.667,0.7765998840332031,555.90625
a_h1_h2-1m-n3-c8-concurrent_write-r2-cassandra,2026-09-06T16:04:36.1714968Z,384.4,7.667,0.7769775390625,558.875
a_h1_h2-1m-n3-c8-concurrent_write-r2-cassandra,2026-09-06T16:04:43.4567179Z,421.84000000000003,7.6690000000000005,0.7769813537597656,562.046875
a_h1_h2-1m-n3-c8-concurrent_write-r2-cassandra,2026-09-06T16:04:50.7337298Z,425.22,7.668,0.7769813537597656,565.53125
a_h1_h2-1m-n3-c8-concurrent_write-r2-cassandra,2026-09-06T16:04:58.0221993Z,428.21,7.668,0.7769813537597656,569.03125
a_h1_h2-1m-n3-c8-concurrent_write-r2-cassandra,2026-09-06T16:05:05.1605275Z,427.30999999999995,7.667,0.7771835327148438,572.234375
a_h1_h2-1m-n3-c8-concurrent_write-r2-cassandra,2026-09-06T16:05:12.4550699Z,395.55,7.667,0.7776145935058594,575.546875
a_h1_h2-1m-n3-c8-concurrent_write-r2-cassandra,2026-09-06T16:05:19.7239622Z,431.94000000000005,7.668,0.7776145935058594,578.859375
a_h1_h2-1m-n3-c8-concurrent_write-r2-cassandra,2026-09-06T16:05:26.2209975Z,417.44,7.668,0.7776145935058594,581.53125
a_h1_h2-1m-n3-c8-concurrent_write-r2-cassandra,2026-09-06T16:05:33.4934193Z,426.52,7.667,0.7776145935058594,584.828125
a_h1_h2-1m-n3-c8-concurrent_write-r2-cassandra,2026-09-06T16:05:40.7630459Z,425.56,7.668,0.7776145935058594,588.015625
a_h1_h2-1m-n3-c8-concurrent_write-r2-cassandra,2026-09-06T16:05:48.0296996Z,434.87,7.667999999999999,0.7776145935058594,591.140625
a_h1_h2-1m-n3-c8-concurrent_write-r2-cassandra,2026-09-06T16:05:55.1751382Z,428.54999999999995,7.667,0.7776336669921875,594.28125
a_h1_h2-1m-n3-c8-concurrent_write-r2-cassandra,2026-09-06T16:06:02.4443120Z,395.58,7.668,0.7776336669921875,597.5625
a_h1_h2-1m-n3-c8-concurrent_write-r2-cassandra,2026-09-06T16:06:09.7133320Z,431.03,7.668,0.7776336669921875,600.171875
a_h1_h2-1m-n3-c8-concurrent_write-r2-cassandra,2026-09-06T16:06:16.2205646Z,428.1,7.668,0.7776374816894531,602.828125
a_h1_h2-1m-n3-c8-concurrent_write-r3-cassandra,2026-09-06T16:21:43.7982826Z,415.6,7.667,0.7785224914550781,532.703125
a_h1_h2-1m-n3-c8-concurrent_write-r3-cassandra,2026-09-06T16:21:51.0809747Z,451.33000000000004,7.668,0.7880821228027344,536.0625
a_h1_h2-1m-n3-c8-concurrent_write-r3-cassandra,2026-09-06T16:21:58.3570989Z,429.09,7.667,0.7880821228027344,539.640625
a_h1_h2-1m-n3-c8-concurrent_write-r3-cassandra,2026-09-06T16:22:04.7576604Z,430.9,7.667,0.7880897521972656,542.03125
a_h1_h2-1m-n3-c8-concurrent_write-r3-cassandra,2026-09-06T16:22:12.0428673Z,430.0,7.667,0.7881622314453125,545.28125
a_h1_h2-1m-n3-c8-concurrent_write-r3-cassandra,2026-09-06T16:22:19.3256751Z,436.64,7.662,0.7882232666015625,548.3125
a_h1_h2-1m-n3-c8-concurrent_write-r3-cassandra,2026-09-06T16:22:25.7934103Z,425.06,7.662,0.788238525390625,551.4375
a_h1_h2-1m-n3-c8-concurrent_write-r3-cassandra,2026-09-06T16:22:33.0667377Z,405.32,7.662,0.788299560546875,554.484375
a_h1_h2-1m-n3-c8-concurrent_write-r3-cassandra,2026-09-06T16:22:40.3469718Z,426.18,7.661,0.7883033752441406,557.375
a_h1_h2-1m-n3-c8-concurrent_write-r3-cassandra,2026-09-06T16:22:46.7894074Z,421.94,7.663,0.7883033752441406,560.171875
a_h1_h2-1m-n3-c8-concurrent_write-r3-cassandra,2026-09-06T16:22:54.0750019Z,415.88,7.662,0.7883453369140625,563.234375
a_h1_h2-1m-n3-c8-concurrent_write-r3-cassandra,2026-09-06T16:23:01.3471232Z,423.17999999999995,7.663,0.7883453369140625,566.375
a_h1_h2-1m-n3-c8-concurrent_write-r3-cassandra,2026-09-06T16:23:08.6155725Z,444.47,7.662,0.7883453369140625,569.75
a_h1_h2-1m-n3-c8-concurrent_write-r3-cassandra,2026-09-06T16:23:15.8144615Z,432.96000000000004,7.661,0.7883453369140625,572.59375
a_h1_h2-1m-n3-c8-concurrent_write-r3-cassandra,2026-09-06T16:23:23.0775095Z,424.81,7.661,0.788360595703125,575.953125
a_h1_h2-1m-n3-c8-concurrent_write-r3-cassandra,2026-09-06T16:23:30.3597396Z,433.78999999999996,7.661,0.788360595703125,579.5
a_h1_h2-1m-n3-c8-concurrent_write-r3-cassandra,2026-09-06T16:23:36.8046836Z,433.54,7.661,0.7883644104003906,582.296875
a_h1_h2-1m-n3-c8-concurrent_write-r3-cassandra,2026-09-06T16:23:44.0867361Z,420.37,7.662000000000001,0.7884445190429688,586.09375
a_h1_h2-1m-n3-c8-concurrent_write-r3-cassandra,2026-09-06T16:23:51.3482895Z,434.76,7.662000000000001,0.7884445190429688,589.453125
a_h1_h2-1m-n3-c8-concurrent_write-r3-cassandra,2026-09-06T16:23:58.6297290Z,437.72,7.662000000000001,0.7884445190429688,592.96875
a_h1_h2-1m-n3-c8-concurrent_write-r3-cassandra,2026-09-06T16:24:05.8757853Z,426.39,7.662,0.7884445190429688,596.296875
a_h1_h2-1m-n3-c8-concurrent_write-r3-cassandra,2026-09-06T16:24:13.1512569Z,409.62,7.664,0.7884445190429688,599.546875
a_h1_h2-1m-n3-c8-concurrent_write-r3-cassandra,2026-09-06T16:24:20.4451024Z,426.65,7.664,0.7884445190429688,602.0625
a_h1_h2-1m-n3-c8-concurrent_write-r3-cassandra,2026-09-06T16:24:26.8344741Z,434.37,7.662,0.7884445190429688,604.75
a_h1_h2-1m-n3-c8-concurrent_write-r3-cassandra,2026-09-06T16:24:34.1259389Z,412.61,7.662,0.7884445190429688,607.28125
a_h1_h2-1m-n3-c8-read_single-r1-cassandra,2026-09-06T16:33:09.0095661Z,426.45,7.744,0.7725105285644531,286.671875
a_h1_h2-1m-n3-c8-read_single-r1-cassandra,2026-09-06T16:33:16.1660947Z,424.82,7.744,0.7717781066894531,289.984375
a_h1_h2-1m-n3-c8-read_single-r1-cassandra,2026-09-06T16:33:23.6009637Z,402.1,7.745,0.7717857360839844,292.53125
a_h1_h2-1m-n3-c8-read_single-r1-cassandra,2026-09-06T16:33:30.8905149Z,423.67,7.745,0.772430419921875,295.984375
a_h1_h2-1m-n3-c8-read_single-r1-cassandra,2026-09-06T16:33:37.2031658Z,432.03,7.745,0.7724494934082031,298.578125
a_h1_h2-1m-n3-c8-read_single-r1-cassandra,2026-09-06T16:33:44.4755597Z,428.36,7.745,0.7727737426757812,301.75
a_h1_h2-1m-n3-c8-read_single-r1-cassandra,2026-09-06T16:33:51.7518068Z,441.22,7.746,0.7727737426757812,304.71875
a_h1_h2-1m-n3-c8-read_single-r1-cassandra,2026-09-06T16:33:59.0311350Z,425.61,7.745,0.7727737426757812,307.5625
a_h1_h2-1m-n3-c8-read_single-r1-cassandra,2026-09-06T16:34:06.1751467Z,424.62,7.746,0.7727737426757812,310.71875
a_h1_h2-1m-n3-c8-read_single-r1-cassandra,2026-09-06T16:34:13.4542732Z,398.55,7.746,0.7731742858886719,313.71875
a_h1_h2-1m-n3-c8-read_single-r1-cassandra,2026-09-06T16:34:20.7356750Z,433.35,7.745,0.7731742858886719,316.5
a_h1_h2-1m-n3-c8-read_single-r1-cassandra,2026-09-06T16:34:27.2375999Z,421.33000000000004,7.745,0.7731742858886719,318.953125
a_h1_h2-1m-n3-c8-read_single-r1-cassandra,2026-09-06T16:34:34.5471090Z,399.44,7.744,0.7732353210449219,321.484375
a_h1_h2-1m-n3-c8-read_single-r1-cassandra,2026-09-06T16:34:41.8177198Z,422.92,7.746,0.7732353210449219,324.171875
a_h1_h2-1m-n3-c8-read_single-r1-cassandra,2026-09-06T16:34:49.0898246Z,424.46999999999997,7.75,0.7733840942382812,326.640625
a_h1_h2-1m-n3-c8-read_single-r1-cassandra,2026-09-06T16:34:56.2717017Z,419.41999999999996,7.7490000000000006,0.7733840942382812,329.671875
a_h1_h2-1m-n3-c8-read_single-r1-cassandra,2026-09-06T16:35:03.5593565Z,403.8,7.748,0.7734642028808594,333.171875
a_h1_h2-1m-n3-c8-read_single-r1-cassandra,2026-09-06T16:35:10.8465413Z,424.8,7.7490000000000006,0.7736320495605469,336.4375
a_h1_h2-1m-n3-c8-read_single-r1-cassandra,2026-09-06T16:35:17.3087033Z,415.86,7.7490000000000006,0.773895263671875,338.09375
a_h1_h2-1m-n3-c8-read_single-r1-cassandra,2026-09-06T16:35:24.6085412Z,365.57,7.748,0.773895263671875,339.78125
a_h1_h2-1m-n3-c8-read_single-r1-cassandra,2026-09-06T16:35:31.9079105Z,423.46,7.747,0.773895263671875,342.3125
a_h1_h2-1m-n3-c8-read_single-r1-cassandra,2026-09-06T16:35:39.1822083Z,421.29,7.748,0.773895263671875,344.890625
a_h1_h2-1m-n3-c8-read_single-r1-cassandra,2026-09-06T16:35:46.3091210Z,429.17,7.747,0.773895263671875,347.578125
a_h1_h2-1m-n3-c8-read_single-r1-cassandra,2026-09-06T16:35:53.5809291Z,404.9,7.747,0.7739219665527344,350.109375
a_h1_h2-1m-n3-c8-read_single-r1-cassandra,2026-09-06T16:36:00.8592974Z,425.84000000000003,7.746,0.7739219665527344,353.375
a_h1_h2-1m-n3-c8-read_single-r2-cassandra,2026-09-06T16:44:52.1744576Z,434.09,7.786,0.7667427062988281,298.109375
a_h1_h2-1m-n3-c8-read_single-r2-cassandra,2026-09-06T16:44:59.4461309Z,432.42,7.786,0.7711410522460938,301.484375
a_h1_h2-1m-n3-c8-read_single-r2-cassandra,2026-09-06T16:45:06.6083600Z,431.32,7.785,0.7711410522460938,304.34375
a_h1_h2-1m-n3-c8-read_single-r2-cassandra,2026-09-06T16:45:13.8936028Z,394.36,7.786,0.7711448669433594,307.265625
a_h1_h2-1m-n3-c8-read_single-r2-cassandra,2026-09-06T16:45:21.1741485Z,419.12,7.784000000000001,0.7711524963378906,310.09375
a_h1_h2-1m-n3-c8-read_single-r2-cassandra,2026-09-06T16:45:27.7174731Z,426.75,7.785,0.7711601257324219,312.921875
a_h1_h2-1m-n3-c8-read_single-r2-cassandra,2026-09-06T16:45:35.0010409Z,399.45,7.786,0.7711944580078125,315.78125
a_h1_h2-1m-n3-c8-read_single-r2-cassandra,2026-09-06T16:45:42.2733351Z,424.53,7.785,0.7718963623046875,318.984375
a_h1_h2-1m-n3-c8-read_single-r2-cassandra,2026-09-06T16:45:49.5628975Z,425.97,7.785,0.7718963623046875,322.203125
a_h1_h2-1m-n3-c8-read_single-r2-cassandra,2026-09-06T16:45:56.6510770Z,430.13,7.785,0.7718963623046875,324.859375
a_h1_h2-1m-n3-c8-read_single-r2-cassandra,2026-09-06T16:46:03.9235545Z,403.21,7.786,0.7718963623046875,327.625
a_h1_h2-1m-n3-c8-read_single-r2-cassandra,2026-09-06T16:46:11.1937517Z,417.93,7.785,0.7718963623046875,331.125
a_h1_h2-1m-n3-c8-read_single-r2-cassandra,2026-09-06T16:46:17.6887536Z,427.76,7.786,0.7718963623046875,333.625
a_h1_h2-1m-n3-c8-read_single-r2-cassandra,2026-09-06T16:46:24.9698107Z,419.15,7.785,0.7718963623046875,336.96875
a_h1_h2-1m-n3-c8-read_single-r2-cassandra,2026-09-06T16:46:32.2401047Z,426.6,7.785,0.7719268798828125,340.0625
a_h1_h2-1m-n3-c8-read_single-r2-cassandra,2026-09-06T16:46:39.5169876Z,444.63,7.785,0.7681236267089844,342.78125
a_h1_h2-1m-n3-c8-read_single-r2-cassandra,2026-09-06T16:46:46.6689729Z,419.55999999999995,7.785,0.7683944702148438,346.140625
a_h1_h2-1m-n3-c8-read_single-r2-cassandra,2026-09-06T16:46:53.9390312Z,415.83,7.785,0.7683944702148438,349.25
a_h1_h2-1m-n3-c8-read_single-r2-cassandra,2026-09-06T16:47:01.2177558Z,428.94,7.784000000000001,0.7710189819335938,352.6875
a_h1_h2-1m-n3-c8-read_single-r2-cassandra,2026-09-06T16:47:07.7428597Z,430.0,7.783,0.7710189819335938,355.515625
a_h1_h2-1m-n3-c8-read_single-r2-cassandra,2026-09-06T16:47:15.0335093Z,413.55,7.7940000000000005,0.7710189819335938,358.390625
a_h1_h2-1m-n3-c8-read_single-r2-cassandra,2026-09-06T16:47:22.3153388Z,424.43,7.795,0.7710227966308594,361.71875
a_h1_h2-1m-n3-c8-read_single-r2-cassandra,2026-09-06T16:47:29.5933927Z,425.23,7.795,0.7711181640625,364.625
a_h1_h2-1m-n3-c8-read_single-r2-cassandra,2026-09-06T16:47:36.7907454Z,424.11,7.7940000000000005,0.7711181640625,367.609375
a_h1_h2-1m-n3-c8-read_single-r2-cassandra,2026-09-06T16:47:44.0754690Z,402.3,7.797000000000001,0.7710952758789062,370.765625
a_h1_h2-1m-n3-c8-read_single-r3-cassandra,2026-09-06T16:56:18.0370936Z,432.14,7.792,0.7680168151855469,292.15625
a_h1_h2-1m-n3-c8-read_single-r3-cassandra,2026-09-06T16:56:25.3285726Z,414.15,7.791,0.7682151794433594,294.71875
a_h1_h2-1m-n3-c8-read_single-r3-cassandra,2026-09-06T16:56:32.6058282Z,421.4,7.792,0.7682151794433594,297.734375
a_h1_h2-1m-n3-c8-read_single-r3-cassandra,2026-09-06T16:56:39.8767919Z,426.08,7.792999999999999,0.7682228088378906,300.390625
a_h1_h2-1m-n3-c8-read_single-r3-cassandra,2026-09-06T16:56:47.1179251Z,415.6,7.792,0.7682304382324219,303.734375
a_h1_h2-1m-n3-c8-read_single-r3-cassandra,2026-09-06T16:56:54.3883093Z,410.31000000000006,7.792,0.7682952880859375,306.40625
a_h1_h2-1m-n3-c8-read_single-r3-cassandra,2026-09-06T16:57:01.6618059Z,449.27,7.792,0.7683677673339844,309.796875
a_h1_h2-1m-n3-c8-read_single-r3-cassandra,2026-09-06T16:57:08.1543383Z,431.53999999999996,7.791,0.7705345153808594,312.921875
a_h1_h2-1m-n3-c8-read_single-r3-cassandra,2026-09-06T16:57:15.4285268Z,419.73,7.792,0.7705802917480469,315.9375
a_h1_h2-1m-n3-c8-read_single-r3-cassandra,2026-09-06T16:57:22.6949522Z,401.19000000000005,7.791,0.7705802917480469,318.53125
a_h1_h2-1m-n3-c8-read_single-r3-cassandra,2026-09-06T16:57:29.9657313Z,414.84,7.791,0.7705802917480469,321.875
a_h1_h2-1m-n3-c8-read_single-r3-cassandra,2026-09-06T16:57:37.1199359Z,411.83,7.792999999999999,0.7705802917480469,325.125
a_h1_h2-1m-n3-c8-read_single-r3-cassandra,2026-09-06T16:57:44.3970933Z,402.23,7.792999999999999,0.7705802917480469,328.34375
a_h1_h2-1m-n3-c8-read_single-r3-cassandra,2026-09-06T16:57:51.6794932Z,416.74,7.794,0.7705802917480469,331.1875
a_h1_h2-1m-n3-c8-read_single-r3-cassandra,2026-09-06T16:57:58.1722409Z,424.17,7.792,0.7705802917480469,334.046875
a_h1_h2-1m-n3-c8-read_single-r3-cassandra,2026-09-06T16:58:05.4393685Z,401.57,7.792,0.7715950012207031,336.96875
a_h1_h2-1m-n3-c8-read_single-r3-cassandra,2026-09-06T16:58:12.7226912Z,427.51,7.792,0.7716255187988281,340.046875
a_h1_h2-1m-n3-c8-read_single-r3-cassandra,2026-09-06T16:58:19.9896763Z,423.81,7.792999999999999,0.7682151794433594,342.953125
a_h1_h2-1m-n3-c8-read_single-r3-cassandra,2026-09-06T16:58:27.1788153Z,436.6,7.792999999999999,0.7720489501953125,345.546875
a_h1_h2-1m-n3-c8-read_single-r3-cassandra,2026-09-06T16:58:34.4679605Z,399.09,7.792,0.7723350524902344,348.34375
a_h1_h2-1m-n3-c8-read_single-r3-cassandra,2026-09-06T16:58:41.7435496Z,422.52,7.791,0.7723350524902344,351.140625
a_h1_h2-1m-n3-c8-read_single-r3-cassandra,2026-09-06T16:58:48.2359598Z,424.27,7.791,0.7723350524902344,353.796875
a_h1_h2-1m-n3-c8-read_single-r3-cassandra,2026-09-06T16:58:55.5074641Z,417.03999999999996,7.792999999999999,0.7723350524902344,356.96875
a_h1_h2-1m-n3-c8-read_single-r3-cassandra,2026-09-06T16:59:02.7834578Z,428.06,7.791,0.7723350524902344,360.046875
a_h1_h2-1m-n3-c8-read_single-r3-cassandra,2026-09-06T16:59:10.0555404Z,421.76,7.792,0.7723350524902344,363
a_h1_h2-1m-n3-c32-concurrent_write-r1-cassandra,2026-09-06T17:14:36.8356527Z,468.49,7.739,0.7737541198730469,536.21875
a_h1_h2-1m-n3-c32-concurrent_write-r1-cassandra,2026-09-06T17:14:44.1138798Z,491.21999999999997,7.739,0.7782058715820312,541.171875
a_h1_h2-1m-n3-c32-concurrent_write-r1-cassandra,2026-09-06T17:14:51.3947519Z,477.26,7.74,0.7784080505371094,544.328125
a_h1_h2-1m-n3-c32-concurrent_write-r1-cassandra,2026-09-06T17:14:57.8253847Z,477.22,7.741,0.7784080505371094,547.6875
a_h1_h2-1m-n3-c32-concurrent_write-r1-cassandra,2026-09-06T17:15:05.0973506Z,455.28999999999996,7.734,0.7784271240234375,551.53125
a_h1_h2-1m-n3-c32-concurrent_write-r1-cassandra,2026-09-06T17:15:12.3885619Z,481.31,7.734,0.7784271240234375,556.34375
a_h1_h2-1m-n3-c32-concurrent_write-r1-cassandra,2026-09-06T17:15:18.8675488Z,490.71000000000004,7.734999999999999,0.7784271240234375,559.6875
a_h1_h2-1m-n3-c32-concurrent_write-r1-cassandra,2026-09-06T17:15:26.1637479Z,464.92,7.736,0.7784347534179688,563.34375
a_h1_h2-1m-n3-c32-concurrent_write-r1-cassandra,2026-09-06T17:15:33.4578886Z,483.9,7.735,0.7790107727050781,567.609375
a_h1_h2-1m-n3-c32-concurrent_write-r1-cassandra,2026-09-06T17:15:40.7359611Z,483.68,7.736,0.7793312072753906,571.8125
a_h1_h2-1m-n3-c32-concurrent_write-r1-cassandra,2026-09-06T17:15:47.8524915Z,491.9,7.735,0.7793540954589844,576.0625
a_h1_h2-1m-n3-c32-concurrent_write-r1-cassandra,2026-09-06T17:15:55.1223457Z,465.6,7.734,0.7793540954589844,579.75
a_h1_h2-1m-n3-c32-concurrent_write-r1-cassandra,2026-09-06T17:16:02.4115757Z,487.28999999999996,7.734,0.7793540954589844,583.6875
a_h1_h2-1m-n3-c32-concurrent_write-r1-cassandra,2026-09-06T17:16:08.9466110Z,491.65,7.735,0.7793540954589844,587.46875
a_h1_h2-1m-n3-c32-concurrent_write-r1-cassandra,2026-09-06T17:16:16.2357369Z,470.45000000000005,7.735,0.7793540954589844,591.1875
a_h1_h2-1m-n3-c32-concurrent_write-r1-cassandra,2026-09-06T17:16:23.5090713Z,518.31,7.737,0.77935791015625,594.796875
a_h1_h2-1m-n3-c32-concurrent_write-r1-cassandra,2026-09-06T17:16:30.8041370Z,536.6,7.7379999999999995,0.7794761657714844,597.5
a_h1_h2-1m-n3-c32-concurrent_write-r1-cassandra,2026-09-06T17:16:37.8920515Z,544.15,7.742,0.7794914245605469,600.671875
a_h1_h2-1m-n3-c32-concurrent_write-r1-cassandra,2026-09-06T17:16:45.1706032Z,459.99,7.736000000000001,0.7794914245605469,604.25
a_h1_h2-1m-n3-c32-concurrent_write-r1-cassandra,2026-09-06T17:16:52.4551868Z,490.65,7.736000000000001,0.7795524597167969,608.921875
a_h1_h2-1m-n3-c32-concurrent_write-r1-cassandra,2026-09-06T17:16:58.9204437Z,481.15999999999997,7.736000000000001,0.7795524597167969,612.4375
a_h1_h2-1m-n3-c32-concurrent_write-r1-cassandra,2026-09-06T17:17:06.1965755Z,475.83000000000004,7.737,0.7795524597167969,616.359375
a_h1_h2-1m-n3-c32-concurrent_write-r1-cassandra,2026-09-06T17:17:13.4695682Z,495.90999999999997,7.737,0.7795524597167969,620.6875
a_h1_h2-1m-n3-c32-concurrent_write-r1-cassandra,2026-09-06T17:17:20.7717416Z,484.16999999999996,7.736000000000001,0.7798576354980469,624.53125
a_h1_h2-1m-n3-c32-concurrent_write-r1-cassandra,2026-09-06T17:17:27.8984405Z,483.37,7.734999999999999,0.7798576354980469,628.765625
a_h1_h2-1m-n3-c32-concurrent_write-r2-cassandra,2026-09-06T17:32:40.8640613Z,480.29999999999995,7.677,0.7784080505371094,538.671875
a_h1_h2-1m-n3-c32-concurrent_write-r2-cassandra,2026-09-06T17:32:47.4528614Z,489.5,7.677,0.77569580078125,542.09375
a_h1_h2-1m-n3-c32-concurrent_write-r2-cassandra,2026-09-06T17:32:54.7361015Z,553.0799999999999,7.679,0.7735481262207031,546.359375
a_h1_h2-1m-n3-c32-concurrent_write-r2-cassandra,2026-09-06T17:33:02.0305171Z,483.44,7.676,0.7736091613769531,550.84375
a_h1_h2-1m-n3-c32-concurrent_write-r2-cassandra,2026-09-06T17:33:08.5212682Z,471.42999999999995,7.673,0.7736320495605469,553.875
a_h1_h2-1m-n3-c32-concurrent_write-r2-cassandra,2026-09-06T17:33:15.8227946Z,466.69,7.675,0.7736320495605469,558.0625
a_h1_h2-1m-n3-c32-concurrent_write-r2-cassandra,2026-09-06T17:33:23.1098293Z,488.73,7.6739999999999995,0.7740211486816406,562.203125
a_h1_h2-1m-n3-c32-concurrent_write-r2-cassandra,2026-09-06T17:33:29.4862563Z,490.47,7.676,0.7754058837890625,566.0625
a_h1_h2-1m-n3-c32-concurrent_write-r2-cassandra,2026-09-06T17:33:36.7615162Z,469.22,7.676,0.7766151428222656,570.125
a_h1_h2-1m-n3-c32-concurrent_write-r2-cassandra,2026-09-06T17:33:44.0318593Z,485.41,7.675,0.7726173400878906,574.078125
a_h1_h2-1m-n3-c32-concurrent_write-r2-cassandra,2026-09-06T17:33:51.3137392Z,487.86,7.676,0.7760734558105469,577.890625
a_h1_h2-1m-n3-c32-concurrent_write-r2-cassandra,2026-09-06T17:33:58.5120278Z,481.54,7.6770000000000005,0.7760887145996094,582.0625
a_h1_h2-1m-n3-c32-concurrent_write-r2-cassandra,2026-09-06T17:34:05.8040157Z,451.89,7.676,0.7760887145996094,585.59375
a_h1_h2-1m-n3-c32-concurrent_write-r2-cassandra,2026-09-06T17:34:13.0794459Z,483.15000000000003,7.676,0.7761993408203125,589.53125
a_h1_h2-1m-n3-c32-concurrent_write-r2-cassandra,2026-09-06T17:34:19.5271381Z,480.65,7.6770000000000005,0.7762069702148438,593.375
a_h1_h2-1m-n3-c32-concurrent_write-r2-cassandra,2026-09-06T17:34:26.8170561Z,462.15,7.676,0.776397705078125,596.75
a_h1_h2-1m-n3-c32-concurrent_write-r2-cassandra,2026-09-06T17:34:34.1097863Z,548.38,7.682,0.776397705078125,599.4375
a_h1_h2-1m-n3-c32-concurrent_write-r2-cassandra,2026-09-06T17:34:41.3809997Z,549.42,7.686,0.7764091491699219,602.203125
a_h1_h2-1m-n3-c32-concurrent_write-r2-cassandra,2026-09-06T17:34:48.5209886Z,494.03,7.683,0.7764129638671875,605.078125
a_h1_h2-1m-n3-c32-concurrent_write-r2-cassandra,2026-09-06T17:34:55.8029529Z,459.18,7.683,0.7764129638671875,608.484375
a_h1_h2-1m-n3-c32-concurrent_write-r2-cassandra,2026-09-06T17:35:03.0857778Z,479.53999999999996,7.683,0.7764129638671875,612.40625
a_h1_h2-1m-n3-c32-concurrent_write-r2-cassandra,2026-09-06T17:35:09.6060653Z,486.13,7.683,0.7765045166015625,615.84375
a_h1_h2-1m-n3-c32-concurrent_write-r2-cassandra,2026-09-06T17:35:16.8998460Z,480.15,7.683999999999999,0.7765045166015625,619.703125
a_h1_h2-1m-n3-c32-concurrent_write-r2-cassandra,2026-09-06T17:35:24.1892056Z,480.52,7.683999999999999,0.7765045166015625,624.046875
a_h1_h2-1m-n3-c32-concurrent_write-r2-cassandra,2026-09-06T17:35:31.4782648Z,476.33,7.685,0.7767982482910156,627.65625
a_h1_h2-1m-n3-c32-concurrent_write-r3-cassandra,2026-09-06T17:51:01.5567262Z,478.55,7.664,0.7740478515625,540.859375
a_h1_h2-1m-n3-c32-concurrent_write-r3-cassandra,2026-09-06T17:51:08.1185941Z,491.1,7.664,0.7785568237304688,544
a_h1_h2-1m-n3-c32-concurrent_write-r3-cassandra,2026-09-06T17:51:15.3937468Z,486.04999999999995,7.667,0.7742385864257812,547.953125
a_h1_h2-1m-n3-c32-concurrent_write-r3-cassandra,2026-09-06T17:51:22.6801840Z,493.35,7.667,0.77581787109375,551.796875
a_h1_h2-1m-n3-c32-concurrent_write-r3-cassandra,2026-09-06T17:51:29.1602088Z,486.81,7.667,0.77581787109375,555.25
a_h1_h2-1m-n3-c32-concurrent_write-r3-cassandra,2026-09-06T17:51:36.4378205Z,454.94,7.667,0.77581787109375,559.375
a_h1_h2-1m-n3-c32-concurrent_write-r3-cassandra,2026-09-06T17:51:43.7074121Z,486.48,7.667,0.7758445739746094,563.5
a_h1_h2-1m-n3-c32-concurrent_write-r3-cassandra,2026-09-06T17:51:50.2080343Z,491.87,7.667,0.775848388671875,567.125
a_h1_h2-1m-n3-c32-concurrent_write-r3-cassandra,2026-09-06T17:51:57.5030039Z,479.52,7.668,0.7758522033691406,571.765625
a_h1_h2-1m-n3-c32-concurrent_write-r3-cassandra,2026-09-06T17:52:04.7973373Z,475.61,7.667,0.7759208679199219,575.8125
a_h1_h2-1m-n3-c32-concurrent_write-r3-cassandra,2026-09-06T17:52:12.0674300Z,490.07,7.666,0.7759246826171875,580.375
a_h1_h2-1m-n3-c32-concurrent_write-r3-cassandra,2026-09-06T17:52:19.2440605Z,488.26,7.667,0.7759361267089844,584.296875
a_h1_h2-1m-n3-c32-concurrent_write-r3-cassandra,2026-09-06T17:52:26.5344591Z,457.18999999999994,7.668,0.7759437561035156,588.03125
a_h1_h2-1m-n3-c32-concurrent_write-r3-cassandra,2026-09-06T17:52:33.8246833Z,480.28999999999996,7.667,0.7759437561035156,591.78125
a_h1_h2-1m-n3-c32-concurrent_write-r3-cassandra,2026-09-06T17:52:40.2743229Z,477.89,7.6690000000000005,0.7759437561035156,595.0625
a_h1_h2-1m-n3-c32-concurrent_write-r3-cassandra,2026-09-06T17:52:47.5843549Z,499.14,7.67,0.775970458984375,597.9375
a_h1_h2-1m-n3-c32-concurrent_write-r3-cassandra,2026-09-06T17:52:54.8532447Z,540.79,7.6739999999999995,0.775970458984375,600.9375
a_h1_h2-1m-n3-c32-concurrent_write-r3-cassandra,2026-09-06T17:53:02.2182705Z,508.21,7.6690000000000005,0.775970458984375,603.921875
a_h1_h2-1m-n3-c32-concurrent_write-r3-cassandra,2026-09-06T17:53:09.2648472Z,466.18999999999994,7.666,0.775970458984375,607.6875
a_h1_h2-1m-n3-c32-concurrent_write-r3-cassandra,2026-09-06T17:53:16.5525128Z,448.39,7.667,0.7760353088378906,611.90625
a_h1_h2-1m-n3-c32-concurrent_write-r3-cassandra,2026-09-06T17:53:23.8302021Z,494.15999999999997,7.667,0.7760353088378906,616.28125
a_h1_h2-1m-n3-c32-concurrent_write-r3-cassandra,2026-09-06T17:53:30.2983888Z,478.19,7.669,0.7760353088378906,619.421875
a_h1_h2-1m-n3-c32-concurrent_write-r3-cassandra,2026-09-06T17:53:37.5871168Z,478.12,7.666,0.7760353088378906,624.03125
a_h1_h2-1m-n3-c32-concurrent_write-r3-cassandra,2026-09-06T17:53:44.8653328Z,487.18,7.667,0.7760353088378906,628.125
a_h1_h2-1m-n3-c32-concurrent_write-r3-cassandra,2026-09-06T17:53:52.1469794Z,489.57000000000005,7.666,0.7760353088378906,631.859375
a_h1_h2-1m-n3-c32-read_single-r1-cassandra,2026-09-06T18:02:20.6440941Z,488.05,7.734999999999999,0.7692298889160156,298.71875
a_h1_h2-1m-n3-c32-read_single-r1-cassandra,2026-09-06T18:02:27.9250580Z,483.81,7.736,0.771484375,302.65625
a_h1_h2-1m-n3-c32-read_single-r1-cassandra,2026-09-06T18:02:35.2013365Z,489.47,7.736,0.7695426940917969,306.890625
a_h1_h2-1m-n3-c32-read_single-r1-cassandra,2026-09-06T18:02:42.4787057Z,479.31,7.736000000000001,0.7695426940917969,310.328125
a_h1_h2-1m-n3-c32-read_single-r1-cassandra,2026-09-06T18:02:49.6599292Z,483.91999999999996,7.736,0.7695541381835938,314.015625
a_h1_h2-1m-n3-c32-read_single-r1-cassandra,2026-09-06T18:02:56.9314441Z,459.75,7.737,0.7697334289550781,317.859375
a_h1_h2-1m-n3-c32-read_single-r1-cassandra,2026-09-06T18:03:04.2149351Z,472.6,7.736,0.7697525024414062,321.265625
a_h1_h2-1m-n3-c32-read_single-r1-cassandra,2026-09-06T18:03:10.6799731Z,496.46,7.736,0.7697525024414062,324.625
a_h1_h2-1m-n3-c32-read_single-r1-cassandra,2026-09-06T18:03:17.9618551Z,482.42999999999995,7.736,0.7725791931152344,328.03125
a_h1_h2-1m-n3-c32-read_single-r1-cassandra,2026-09-06T18:03:25.2560350Z,493.9,7.738,0.77288818359375,331.953125
a_h1_h2-1m-n3-c32-read_single-r1-cassandra,2026-09-06T18:03:32.5317425Z,491.84,7.737,0.77288818359375,336.359375
a_h1_h2-1m-n3-c32-read_single-r1-cassandra,2026-09-06T18:03:39.6851419Z,504.78999999999996,7.743,0.77288818359375,340.78125
a_h1_h2-1m-n3-c32-read_single-r1-cassandra,2026-09-06T18:03:46.9759729Z,473.0,7.743,0.7747650146484375,344.53125
a_h1_h2-1m-n3-c32-read_single-r1-cassandra,2026-09-06T18:03:54.2667088Z,493.48,7.743,0.7747688293457031,348.40625
a_h1_h2-1m-n3-c32-read_single-r1-cassandra,2026-09-06T18:04:00.7312365Z,491.61,7.743,0.7747688293457031,351.625
a_h1_h2-1m-n3-c32-read_single-r1-cassandra,2026-09-06T18:04:08.0263941Z,478.90999999999997,7.742,0.7747688293457031,355.3125
a_h1_h2-1m-n3-c32-read_single-r1-cassandra,2026-09-06T18:04:15.3116221Z,489.23,7.743,0.7750930786132812,359.046875
a_h1_h2-1m-n3-c32-read_single-r1-cassandra,2026-09-06T18:04:22.6012873Z,498.53999999999996,7.741,0.7750930786132812,362.3125
a_h1_h2-1m-n3-c32-read_single-r1-cassandra,2026-09-06T18:04:29.7190566Z,489.16999999999996,7.743,0.7764244079589844,366.265625
a_h1_h2-1m-n3-c32-read_single-r1-cassandra,2026-09-06T18:04:36.9849973Z,456.67,7.741999999999999,0.7764244079589844,369.828125
a_h1_h2-1m-n3-c32-read_single-r1-cassandra,2026-09-06T18:04:44.2631037Z,490.71000000000004,7.741,0.7777519226074219,373.890625
a_h1_h2-1m-n3-c32-read_single-r1-cassandra,2026-09-06T18:04:50.7488217Z,481.90999999999997,7.741,0.7777519226074219,377.15625
a_h1_h2-1m-n3-c32-read_single-r1-cassandra,2026-09-06T18:04:58.0361279Z,475.19,7.741999999999999,0.7777824401855469,381.34375
a_h1_h2-1m-n3-c32-read_single-r1-cassandra,2026-09-06T18:05:05.3102700Z,485.29999999999995,7.741,0.7777824401855469,385.625
a_h1_h2-1m-n3-c32-read_single-r1-cassandra,2026-09-06T18:05:12.5992522Z,471.26,7.741999999999999,0.7777824401855469,389.3125
a_h1_h2-1m-n3-c32-read_single-r2-cassandra,2026-09-06T18:13:32.9826391Z,494.9,7.824,0.7741928100585938,299.5
a_h1_h2-1m-n3-c32-read_single-r2-cassandra,2026-09-06T18:13:40.1375547Z,492.17,7.825,0.7702140808105469,303.59375
a_h1_h2-1m-n3-c32-read_single-r2-cassandra,2026-09-06T18:13:47.4040045Z,475.52,7.824,0.7734947204589844,307.640625
a_h1_h2-1m-n3-c32-read_single-r2-cassandra,2026-09-06T18:13:54.6807053Z,496.57000000000005,7.824,0.7681465148925781,311.6875
a_h1_h2-1m-n3-c32-read_single-r2-cassandra,2026-09-06T18:14:01.1428239Z,490.71,7.825,0.768157958984375,315.875
a_h1_h2-1m-n3-c32-read_single-r2-cassandra,2026-09-06T18:14:08.4253390Z,475.76,7.824,0.768157958984375,319.46875
a_h1_h2-1m-n3-c32-read_single-r2-cassandra,2026-09-06T18:14:15.7088164Z,491.98,7.825,0.7681617736816406,323.5
a_h1_h2-1m-n3-c32-read_single-r2-cassandra,2026-09-06T18:14:23.0022493Z,490.55,7.824999999999999,0.7682533264160156,327.421875
a_h1_h2-1m-n3-c32-read_single-r2-cassandra,2026-09-06T18:14:30.1542688Z,471.31,7.824,0.7715263366699219,331.609375
a_h1_h2-1m-n3-c32-read_single-r2-cassandra,2026-09-06T18:14:37.6245917Z,468.33000000000004,7.824,0.7688789367675781,334.8125
a_h1_h2-1m-n3-c32-read_single-r2-cassandra,2026-09-06T18:14:44.9020395Z,485.03999999999996,7.823,0.7685432434082031,338.375
a_h1_h2-1m-n3-c32-read_single-r2-cassandra,2026-09-06T18:14:52.1897410Z,473.22,7.818,0.7687454223632812,342.4375
a_h1_h2-1m-n3-c32-read_single-r2-cassandra,2026-09-06T18:14:59.1366680Z,487.21,7.819,0.7687530517578125,346.203125
a_h1_h2-1m-n3-c32-read_single-r2-cassandra,2026-09-06T18:15:06.4261946Z,488.48,7.818,0.7718734741210938,350.21875
a_h1_h2-1m-n3-c32-read_single-r2-cassandra,2026-09-06T18:15:13.7070888Z,478.78,7.818,0.7737045288085938,354.125
a_h1_h2-1m-n3-c32-read_single-r2-cassandra,2026-09-06T18:15:20.1810955Z,498.5,7.818,0.7737159729003906,357.890625
a_h1_h2-1m-n3-c32-read_single-r2-cassandra,2026-09-06T18:15:27.4722204Z,460.40999999999997,7.818,0.7737159729003906,361.9375
a_h1_h2-1m-n3-c32-read_single-r2-cassandra,2026-09-06T18:15:34.7475349Z,499.66,7.818,0.7737503051757812,365.953125
a_h1_h2-1m-n3-c32-read_single-r2-cassandra,2026-09-06T18:15:41.2789988Z,493.71,7.818,0.7716140747070312,369.921875
a_h1_h2-1m-n3-c32-read_single-r2-cassandra,2026-09-06T18:15:48.5618186Z,484.98,7.818,0.7716445922851562,373.546875
a_h1_h2-1m-n3-c32-read_single-r2-cassandra,2026-09-06T18:15:55.8438823Z,488.03,7.817,0.7716941833496094,377.65625
a_h1_h2-1m-n3-c32-read_single-r2-cassandra,2026-09-06T18:16:03.1169636Z,492.35,7.819,0.773773193359375,381.703125
a_h1_h2-1m-n3-c32-read_single-r2-cassandra,2026-09-06T18:16:10.2094924Z,483.94,7.819,0.7772598266601562,386.03125
a_h1_h2-1m-n3-c32-read_single-r2-cassandra,2026-09-06T18:16:17.4915882Z,471.45,7.819,0.7773246765136719,389.8125
a_h1_h2-1m-n3-c32-read_single-r2-cassandra,2026-09-06T18:16:24.7631972Z,496.92,7.819,0.7773246765136719,394.375
a_h1_h2-1m-n3-c32-read_single-r3-cassandra,2026-09-06T18:24:51.6187206Z,473.37,7.8260000000000005,0.7734527587890625,295.390625
a_h1_h2-1m-n3-c32-read_single-r3-cassandra,2026-09-06T18:24:58.9099601Z,470.79,7.8260000000000005,0.7727813720703125,299.359375
a_h1_h2-1m-n3-c32-read_single-r3-cassandra,2026-09-06T18:25:06.1833666Z,486.42999999999995,7.8260000000000005,0.7743110656738281,303.890625
a_h1_h2-1m-n3-c32-read_single-r3-cassandra,2026-09-06T18:25:13.4707145Z,480.40999999999997,7.8260000000000005,0.7708930969238281,307.6875
a_h1_h2-1m-n3-c32-read_single-r3-cassandra,2026-09-06T18:25:20.6147485Z,492.15999999999997,7.825,0.7709007263183594,311.234375
a_h1_h2-1m-n3-c32-read_single-r3-cassandra,2026-09-06T18:25:27.9062094Z,465.14,7.827,0.770904541015625,314.59375
a_h1_h2-1m-n3-c32-read_single-r3-cassandra,2026-09-06T18:25:35.1804189Z,483.92,7.825,0.770904541015625,318.578125
a_h1_h2-1m-n3-c32-read_single-r3-cassandra,2026-09-06T18:25:41.6753108Z,485.81,7.8260000000000005,0.770904541015625,322.328125
a_h1_h2-1m-n3-c32-read_single-r3-cassandra,2026-09-06T18:25:48.9673832Z,477.51,7.825,0.7711181640625,326.03125
a_h1_h2-1m-n3-c32-read_single-r3-cassandra,2026-09-06T18:25:56.2602489Z,503.40999999999997,7.8260000000000005,0.7711296081542969,329.59375
a_h1_h2-1m-n3-c32-read_single-r3-cassandra,2026-09-06T18:26:03.5388641Z,486.93,7.825,0.7713737487792969,333.796875
a_h1_h2-1m-n3-c32-read_single-r3-cassandra,2026-09-06T18:26:10.5741793Z,488.72,7.8260000000000005,0.7714195251464844,337.765625
a_h1_h2-1m-n3-c32-read_single-r3-cassandra,2026-09-06T18:26:17.8558672Z,458.33000000000004,7.825,0.7714195251464844,341.71875
a_h1_h2-1m-n3-c32-read_single-r3-cassandra,2026-09-06T18:26:25.1374878Z,486.94,7.8260000000000005,0.7714195251464844,345.890625
a_h1_h2-1m-n3-c32-read_single-r3-cassandra,2026-09-06T18:26:31.6731097Z,497.76,7.8260000000000005,0.7714195251464844,349.625
a_h1_h2-1m-n3-c32-read_single-r3-cassandra,2026-09-06T18:26:38.9540174Z,485.25,7.825,0.7733078002929688,354.171875
a_h1_h2-1m-n3-c32-read_single-r3-cassandra,2026-09-06T18:26:46.2252566Z,498.37,7.825,0.7733078002929688,358.484375
a_h1_h2-1m-n3-c32-read_single-r3-cassandra,2026-09-06T18:26:53.5208469Z,485.72,7.825,0.773345947265625,362.265625
a_h1_h2-1m-n3-c32-read_single-r3-cassandra,2026-09-06T18:27:00.6449125Z,495.62,7.8260000000000005,0.7731552124023438,366.734375
a_h1_h2-1m-n3-c32-read_single-r3-cassandra,2026-09-06T18:27:07.9163135Z,467.15,7.8260000000000005,0.7737808227539062,370.078125
a_h1_h2-1m-n3-c32-read_single-r3-cassandra,2026-09-06T18:27:15.1912160Z,493.6,7.8260000000000005,0.77734375,374.09375
a_h1_h2-1m-n3-c32-read_single-r3-cassandra,2026-09-06T18:27:21.6790919Z,476.21,7.8260000000000005,0.7788581848144531,377.765625
a_h1_h2-1m-n3-c32-read_single-r3-cassandra,2026-09-06T18:27:28.9667551Z,477.94,7.825,0.7788581848144531,381.984375
a_h1_h2-1m-n3-c32-read_single-r3-cassandra,2026-09-06T18:27:36.2446552Z,503.81,7.825,0.7788581848144531,385.953125
a_h1_h2-1m-n3-c32-read_single-r3-cassandra,2026-09-06T18:27:43.5367241Z,489.67,7.83,0.7789192199707031,390.171875
a_h1_h2-1m-n3-c128-concurrent_write-r1-cassandra,2026-09-06T18:43:26.5241826Z,523.89,7.745,0.7944717407226562,537.046875
a_h1_h2-1m-n3-c128-concurrent_write-r1-cassandra,2026-09-06T18:43:33.8165854Z,535.98,7.746,0.7944717407226562,540.78125
a_h1_h2-1m-n3-c128-concurrent_write-r1-cassandra,2026-09-06T18:43:40.2987280Z,514.39,7.746,0.7944793701171875,544.171875
a_h1_h2-1m-n3-c128-concurrent_write-r1-cassandra,2026-09-06T18:43:47.5890537Z,511.87,7.746,0.7944831848144531,548.171875
a_h1_h2-1m-n3-c128-concurrent_write-r1-cassandra,2026-09-06T18:43:54.8775760Z,515.12,7.746,0.7944831848144531,552.71875
a_h1_h2-1m-n3-c128-concurrent_write-r1-cassandra,2026-09-06T18:44:01.3795020Z,518.86,7.747999999999999,0.7945175170898438,555.953125
a_h1_h2-1m-n3-c128-concurrent_write-r1-cassandra,2026-09-06T18:44:08.6713781Z,487.39,7.747,0.794525146484375,559.921875
a_h1_h2-1m-n3-c128-concurrent_write-r1-cassandra,2026-09-06T18:44:15.9492728Z,520.6800000000001,7.746,0.7945518493652344,564.15625
a_h1_h2-1m-n3-c128-concurrent_write-r1-cassandra,2026-09-06T18:44:22.3835765Z,516.49,7.747,0.7945518493652344,567.671875
a_h1_h2-1m-n3-c128-concurrent_write-r1-cassandra,2026-09-06T18:44:29.6588145Z,531.62,7.752,0.7948074340820312,570.859375
a_h1_h2-1m-n3-c128-concurrent_write-r1-cassandra,2026-09-06T18:44:36.9480526Z,543.96,7.7540000000000004,0.7949142456054688,573.828125
a_h1_h2-1m-n3-c128-concurrent_write-r1-cassandra,2026-09-06T18:44:44.2276254Z,537.4300000000001,7.756,0.7949142456054688,577
a_h1_h2-1m-n3-c128-concurrent_write-r1-cassandra,2026-09-06T18:44:51.3847110Z,525.5,7.753,0.7949142456054688,580.28125
a_h1_h2-1m-n3-c128-concurrent_write-r1-cassandra,2026-09-06T18:44:58.6615518Z,480.51,7.753,0.7949905395507812,584.71875
a_h1_h2-1m-n3-c128-concurrent_write-r1-cassandra,2026-09-06T18:45:05.9322866Z,505.97,7.753,0.7949905395507812,588.546875
a_h1_h2-1m-n3-c128-concurrent_write-r1-cassandra,2026-09-06T18:45:12.4565096Z,512.17,7.7540000000000004,0.7949905395507812,591.78125
a_h1_h2-1m-n3-c128-concurrent_write-r1-cassandra,2026-09-06T18:45:19.7556229Z,506.84,7.7540000000000004,0.7949905395507812,595.90625
a_h1_h2-1m-n3-c128-concurrent_write-r1-cassandra,2026-09-06T18:45:27.0286494Z,550.19,7.755000000000001,0.7949905395507812,599.4375
a_h1_h2-1m-n3-c128-concurrent_write-r1-cassandra,2026-09-06T18:45:34.3158487Z,508.53,7.764,0.7949905395507812,603.578125
a_h1_h2-1m-n3-c128-concurrent_write-r1-cassandra,2026-09-06T18:45:41.4446684Z,517.29,7.766,0.7949905395507812,607.21875
a_h1_h2-1m-n3-c128-concurrent_write-r1-cassandra,2026-09-06T18:45:48.7228232Z,486.3,7.768000000000001,0.7949905395507812,611.90625
a_h1_h2-1m-n3-c128-concurrent_write-r1-cassandra,2026-09-06T18:45:56.0070571Z,510.36,7.7669999999999995,0.797027587890625,616.46875
a_h1_h2-1m-n3-c128-concurrent_write-r1-cassandra,2026-09-06T18:46:02.4696739Z,517.98,7.7669999999999995,0.797027587890625,620.234375
a_h1_h2-1m-n3-c128-concurrent_write-r1-cassandra,2026-09-06T18:46:09.7558996Z,509.21999999999997,7.769,0.7970123291015625,624.390625
a_h1_h2-1m-n3-c128-concurrent_write-r1-cassandra,2026-09-06T18:46:17.0610014Z,512.48,7.769,0.7970123291015625,627.328125
a_h1_h2-1m-n3-c128-concurrent_write-r2-cassandra,2026-09-06T19:01:52.8288180Z,503.03999999999996,7.7010000000000005,0.7839088439941406,537.375
a_h1_h2-1m-n3-c128-concurrent_write-r2-cassandra,2026-09-06T19:02:00.1079741Z,515.1700000000001,7.702,0.7839088439941406,541.484375
a_h1_h2-1m-n3-c128-concurrent_write-r2-cassandra,2026-09-06T19:02:07.3912899Z,511.6,7.7010000000000005,0.7839164733886719,545.234375
a_h1_h2-1m-n3-c128-concurrent_write-r2-cassandra,2026-09-06T19:02:14.7299057Z,514.73,7.702,0.783935546875,548.53125
a_h1_h2-1m-n3-c128-concurrent_write-r2-cassandra,2026-09-06T19:02:21.1082199Z,514.02,7.704000000000001,0.7841072082519531,551.734375
a_h1_h2-1m-n3-c128-concurrent_write-r2-cassandra,2026-09-06T19:02:28.3879804Z,503.52,7.702,0.7841148376464844,556.421875
a_h1_h2-1m-n3-c128-concurrent_write-r2-cassandra,2026-09-06T19:02:35.6787804Z,514.94,7.704000000000001,0.78497314453125,561.0625
a_h1_h2-1m-n3-c128-concurrent_write-r2-cassandra,2026-09-06T19:02:42.0503773Z,513.54,7.704000000000001,0.7850494384765625,564.625
a_h1_h2-1m-n3-c128-concurrent_write-r2-cassandra,2026-09-06T19:02:49.3245780Z,495.66999999999996,7.704000000000001,0.7850570678710938,569.484375
a_h1_h2-1m-n3-c128-concurrent_write-r2-cassandra,2026-09-06T19:02:56.6062211Z,513.91,7.704000000000001,0.7851600646972656,573.484375
a_h1_h2-1m-n3-c128-concurrent_write-r2-cassandra,2026-09-06T19:03:03.1087656Z,541.1700000000001,7.708,0.7852287292480469,576.140625
a_h1_h2-1m-n3-c128-concurrent_write-r2-cassandra,2026-09-06T19:03:10.4129551Z,506.0,7.710000000000001,0.7852287292480469,579.25
a_h1_h2-1m-n3-c128-concurrent_write-r2-cassandra,2026-09-06T19:03:17.6731636Z,575.39,7.712,0.7855758666992188,582.5625
a_h1_h2-1m-n3-c128-concurrent_write-r2-cassandra,2026-09-06T19:03:24.9497241Z,507.06,7.716,0.7855758666992188,586.203125
a_h1_h2-1m-n3-c128-concurrent_write-r2-cassandra,2026-09-06T19:03:32.0805004Z,498.76,7.7170000000000005,0.7855758666992188,590.28125
a_h1_h2-1m-n3-c128-concurrent_write-r2-cassandra,2026-09-06T19:03:39.3613995Z,476.61,7.7170000000000005,0.7855758666992188,594.390625
a_h1_h2-1m-n3-c128-concurrent_write-r2-cassandra,2026-09-06T19:03:46.6457550Z,511.24,7.718,0.7856979370117188,598.53125
a_h1_h2-1m-n3-c128-concurrent_write-r2-cassandra,2026-09-06T19:03:53.1159044Z,508.90999999999997,7.7170000000000005,0.7856979370117188,601.984375
a_h1_h2-1m-n3-c128-concurrent_write-r2-cassandra,2026-09-06T19:04:00.3942186Z,504.95,7.721,0.7856979370117188,604.9375
a_h1_h2-1m-n3-c128-concurrent_write-r2-cassandra,2026-09-06T19:04:07.6825872Z,514.81,7.720000000000001,0.7858428955078125,608.90625
a_h1_h2-1m-n3-c128-concurrent_write-r2-cassandra,2026-09-06T19:04:14.9814071Z,511.25,7.721,0.7866935729980469,612.71875
a_h1_h2-1m-n3-c128-concurrent_write-r2-cassandra,2026-09-06T19:04:22.1236474Z,516.44,7.718,0.7866935729980469,617.140625
a_h1_h2-1m-n3-c128-concurrent_write-r2-cassandra,2026-09-06T19:04:29.4214236Z,494.76,7.718,0.7867012023925781,620.859375
a_h1_h2-1m-n3-c128-concurrent_write-r2-cassandra,2026-09-06T19:04:36.7191806Z,524.34,7.719,0.788818359375,624.328125
a_h1_h2-1m-n3-c128-concurrent_write-r2-cassandra,2026-09-06T19:04:43.1750823Z,505.46000000000004,7.720000000000001,0.7888221740722656,626.984375
a_h1_h2-1m-n3-c128-concurrent_write-r2-cassandra,2026-09-06T19:04:50.4621736Z,490.28,7.721,0.7888221740722656,630.953125
a_h1_h2-1m-n3-c128-concurrent_write-r3-cassandra,2026-09-06T19:20:10.7793412Z,506.57,7.714,0.780670166015625,547.46875
a_h1_h2-1m-n3-c128-concurrent_write-r3-cassandra,2026-09-06T19:20:18.0736684Z,539.5699999999999,7.715,0.7836761474609375,551.453125
a_h1_h2-1m-n3-c128-concurrent_write-r3-cassandra,2026-09-06T19:20:25.3716085Z,533.05,7.717,0.7842788696289062,555.421875
a_h1_h2-1m-n3-c128-concurrent_write-r3-cassandra,2026-09-06T19:20:31.7474444Z,499.03,7.718,0.7843475341796875,558.921875
a_h1_h2-1m-n3-c128-concurrent_write-r3-cassandra,2026-09-06T19:20:39.0246031Z,519.11,7.718999999999999,0.7843780517578125,562.984375
a_h1_h2-1m-n3-c128-concurrent_write-r3-cassandra,2026-09-06T19:20:46.3141535Z,517.69,7.718999999999999,0.7843818664550781,567.6875
a_h1_h2-1m-n3-c128-concurrent_write-r3-cassandra,2026-09-06T19:20:52.7909178Z,514.5699999999999,7.718999999999999,0.7843818664550781,571.765625
a_h1_h2-1m-n3-c128-concurrent_write-r3-cassandra,2026-09-06T19:21:00.0905851Z,491.4,7.725,0.7848052978515625,575.953125
a_h1_h2-1m-n3-c128-concurrent_write-r3-cassandra,2026-09-06T19:21:07.3643284Z,520.23,7.727,0.7848052978515625,580.015625
a_h1_h2-1m-n3-c128-concurrent_write-r3-cassandra,2026-09-06T19:21:13.8383058Z,555.99,7.727,0.7848281860351562,583.53125
a_h1_h2-1m-n3-c128-concurrent_write-r3-cassandra,2026-09-06T19:21:21.1441677Z,551.84,7.7379999999999995,0.7849464416503906,587.015625
a_h1_h2-1m-n3-c128-concurrent_write-r3-cassandra,2026-09-06T19:21:28.4274400Z,531.25,7.7379999999999995,0.7850303649902344,590.375
a_h1_h2-1m-n3-c128-concurrent_write-r3-cassandra,2026-09-06T19:21:35.7075457Z,513.29,7.7330000000000005,0.7854232788085938,593.84375
a_h1_h2-1m-n3-c128-concurrent_write-r3-cassandra,2026-09-06T19:21:42.8344238Z,501.84,7.731,0.7855796813964844,597.96875
a_h1_h2-1m-n3-c128-concurrent_write-r3-cassandra,2026-09-06T19:21:50.1438233Z,486.32000000000005,7.731,0.78558349609375,601.75
a_h1_h2-1m-n3-c128-concurrent_write-r3-cassandra,2026-09-06T19:21:57.4419451Z,514.6,7.731999999999999,0.7855873107910156,606.03125
a_h1_h2-1m-n3-c128-concurrent_write-r3-cassandra,2026-09-06T19:22:03.8580951Z,535.85,7.731999999999999,0.7855873107910156,609.734375
a_h1_h2-1m-n3-c128-concurrent_write-r3-cassandra,2026-09-06T19:22:11.1407777Z,501.76,7.7330000000000005,0.7855873107910156,613.765625
a_h1_h2-1m-n3-c128-concurrent_write-r3-cassandra,2026-09-06T19:22:18.4442470Z,526.01,7.731,0.7855873107910156,618.671875
a_h1_h2-1m-n3-c128-concurrent_write-r3-cassandra,2026-09-06T19:22:25.7180765Z,543.78,7.732,0.7862892150878906,622.75
a_h1_h2-1m-n3-c128-concurrent_write-r3-cassandra,2026-09-06T19:22:32.8580973Z,509.11,7.7330000000000005,0.7862892150878906,626.765625
a_h1_h2-1m-n3-c128-concurrent_write-r3-cassandra,2026-09-06T19:22:40.1509639Z,479.63,7.734,0.7862930297851562,630.6875
a_h1_h2-1m-n3-c128-concurrent_write-r3-cassandra,2026-09-06T19:22:47.4490546Z,513.98,7.7330000000000005,0.7862930297851562,635.078125
a_h1_h2-1m-n3-c128-concurrent_write-r3-cassandra,2026-09-06T19:22:53.9432299Z,521.52,7.734,0.7884674072265625,638.625
a_h1_h2-1m-n3-c128-concurrent_write-r3-cassandra,2026-09-06T19:23:01.2310995Z,506.95,7.734,0.7884674072265625,643.015625
a_h1_h2-1m-n3-c128-read_single-r1-cassandra,2026-09-06T19:31:36.1009897Z,516.39,7.822,0.7756195068359375,303.671875
a_h1_h2-1m-n3-c128-read_single-r1-cassandra,2026-09-06T19:31:43.1786835Z,528.21,7.821,0.7759819030761719,307.234375
a_h1_h2-1m-n3-c128-read_single-r1-cassandra,2026-09-06T19:31:50.4538431Z,503.0,7.823,0.7759819030761719,311.015625
a_h1_h2-1m-n3-c128-read_single-r1-cassandra,2026-09-06T19:31:57.7261926Z,509.81,7.822,0.7759895324707031,314.953125
a_h1_h2-1m-n3-c128-read_single-r1-cassandra,2026-09-06T19:32:04.2883304Z,528.61,7.822,0.7775611877441406,318.796875
a_h1_h2-1m-n3-c128-read_single-r1-cassandra,2026-09-06T19:32:11.5785277Z,517.1800000000001,7.822,0.7794265747070312,322.25
a_h1_h2-1m-n3-c128-read_single-r1-cassandra,2026-09-06T19:32:18.8637614Z,520.25,7.822,0.7811241149902344,326.0625
a_h1_h2-1m-n3-c128-read_single-r1-cassandra,2026-09-06T19:32:26.1395645Z,529.71,7.822,0.7817840576171875,329.796875
a_h1_h2-1m-n3-c128-read_single-r1-cassandra,2026-09-06T19:32:33.2713472Z,538.6,7.821,0.7818260192871094,333.734375
a_h1_h2-1m-n3-c128-read_single-r1-cassandra,2026-09-06T19:32:40.5521781Z,474.29,7.821,0.783172607421875,337.453125
a_h1_h2-1m-n3-c128-read_single-r1-cassandra,2026-09-06T19:32:47.8485630Z,524.27,7.822,0.7832679748535156,341.53125
a_h1_h2-1m-n3-c128-read_single-r1-cassandra,2026-09-06T19:32:54.2959957Z,513.1500000000001,7.821,0.7832679748535156,344.984375
a_h1_h2-1m-n3-c128-read_single-r1-cassandra,2026-09-06T19:33:01.5839673Z,514.25,7.822,0.7833900451660156,349.078125
a_h1_h2-1m-n3-c128-read_single-r1-cassandra,2026-09-06T19:33:08.8715204Z,531.95,7.821,0.7854690551757812,353.078125
a_h1_h2-1m-n3-c128-read_single-r1-cassandra,2026-09-06T19:33:16.1473737Z,525.93,7.821,0.7854728698730469,357.03125
a_h1_h2-1m-n3-c128-read_single-r1-cassandra,2026-09-06T19:33:23.2824305Z,527.25,7.82,0.7855377197265625,360.53125
a_h1_h2-1m-n3-c128-read_single-r1-cassandra,2026-09-06T19:33:30.5622632Z,497.79999999999995,7.819,0.78558349609375,364.109375
a_h1_h2-1m-n3-c128-read_single-r1-cassandra,2026-09-06T19:33:37.8525148Z,524.07,7.82,0.7871322631835938,368.109375
a_h1_h2-1m-n3-c128-read_single-r1-cassandra,2026-09-06T19:33:44.3547324Z,520.95,7.82,0.7871551513671875,371.609375
a_h1_h2-1m-n3-c128-read_single-r1-cassandra,2026-09-06T19:33:51.6319123Z,517.7,7.819,0.7871551513671875,375.34375
a_h1_h2-1m-n3-c128-read_single-r1-cassandra,2026-09-06T19:33:58.9051880Z,530.75,7.819,0.7871551513671875,379.265625
a_h1_h2-1m-n3-c128-read_single-r1-cassandra,2026-09-06T19:34:06.1868198Z,529.18,7.819,0.7871551513671875,383.03125
a_h1_h2-1m-n3-c128-read_single-r1-cassandra,2026-09-06T19:34:13.3050570Z,526.95,7.819,0.7911720275878906,387
a_h1_h2-1m-n3-c128-read_single-r1-cassandra,2026-09-06T19:34:20.5893551Z,502.83,7.819,0.7912063598632812,390.734375
a_h1_h2-1m-n3-c128-read_single-r1-cassandra,2026-09-06T19:34:27.8942224Z,518.67,7.819,0.7912673950195312,393.8125
a_h1_h2-1m-n3-c128-read_single-r2-cassandra,2026-09-06T19:43:02.0603134Z,512.4,7.878,0.7764167785644531,303.765625
a_h1_h2-1m-n3-c128-read_single-r2-cassandra,2026-09-06T19:43:09.3465515Z,532.6800000000001,7.849,0.7770805358886719,307.328125
a_h1_h2-1m-n3-c128-read_single-r2-cassandra,2026-09-06T19:43:16.6359095Z,530.87,7.837,0.7771339416503906,310.421875
a_h1_h2-1m-n3-c128-read_single-r2-cassandra,2026-09-06T19:43:23.7219123Z,524.99,7.838,0.7772026062011719,313.546875
a_h1_h2-1m-n3-c128-read_single-r2-cassandra,2026-09-06T19:43:31.0118659Z,525.6899999999999,7.839,0.7772026062011719,317.234375
a_h1_h2-1m-n3-c128-read_single-r2-cassandra,2026-09-06T19:43:38.2955487Z,536.79,7.837,0.7797813415527344,321.0625
a_h1_h2-1m-n3-c128-read_single-r2-cassandra,2026-09-06T19:43:44.8380169Z,527.41,7.836,0.7797813415527344,324.703125
a_h1_h2-1m-n3-c128-read_single-r2-cassandra,2026-09-06T19:43:52.1081283Z,515.39,7.839,0.7807083129882812,327.875
a_h1_h2-1m-n3-c128-read_single-r2-cassandra,2026-09-06T19:43:59.3804041Z,513.82,7.838,0.7807731628417969,331.265625
a_h1_h2-1m-n3-c128-read_single-r2-cassandra,2026-09-06T19:44:06.6577484Z,530.74,7.838,0.7821044921875,335.03125
a_h1_h2-1m-n3-c128-read_single-r2-cassandra,2026-09-06T19:44:13.7733748Z,517.67,7.835000000000001,0.7821083068847656,338.3125
a_h1_h2-1m-n3-c128-read_single-r2-cassandra,2026-09-06T19:44:21.0735829Z,516.08,7.836,0.7822608947753906,342.359375
a_h1_h2-1m-n3-c128-read_single-r2-cassandra,2026-09-06T19:44:28.3566524Z,532.2,7.83,0.7822608947753906,345.828125
a_h1_h2-1m-n3-c128-read_single-r2-cassandra,2026-09-06T19:44:34.8204811Z,528.92,7.83,0.78424072265625,348.890625
a_h1_h2-1m-n3-c128-read_single-r2-cassandra,2026-09-06T19:44:42.1046107Z,519.46,7.83,0.78424072265625,352.15625
a_h1_h2-1m-n3-c128-read_single-r2-cassandra,2026-09-06T19:44:49.4134365Z,520.9100000000001,7.83,0.7842445373535156,355.078125
a_h1_h2-1m-n3-c128-read_single-r2-cassandra,2026-09-06T19:44:56.6925875Z,528.3,7.83,0.7842788696289062,358.703125
a_h1_h2-1m-n3-c128-read_single-r2-cassandra,2026-09-06T19:45:03.8294394Z,499.61,7.83,0.7868003845214844,362.78125
a_h1_h2-1m-n3-c128-read_single-r2-cassandra,2026-09-06T19:45:11.1248019Z,492.27,7.83,0.7868003845214844,366.1875
a_h1_h2-1m-n3-c128-read_single-r2-cassandra,2026-09-06T19:45:18.4202455Z,535.0699999999999,7.83,0.7868003845214844,369.828125
a_h1_h2-1m-n3-c128-read_single-r2-cassandra,2026-09-06T19:45:24.8501281Z,519.03,7.83,0.7868003845214844,372.78125
a_h1_h2-1m-n3-c128-read_single-r2-cassandra,2026-09-06T19:45:32.1411243Z,499.68,7.83,0.7896652221679688,376.09375
a_h1_h2-1m-n3-c128-read_single-r2-cassandra,2026-09-06T19:45:39.4353643Z,522.8199999999999,7.8309999999999995,0.7911186218261719,379.828125
a_h1_h2-1m-n3-c128-read_single-r2-cassandra,2026-09-06T19:45:46.7042797Z,524.24,7.83,0.7911224365234375,383.125
a_h1_h2-1m-n3-c128-read_single-r2-cassandra,2026-09-06T19:45:53.8779203Z,522.76,7.83,0.7911224365234375,386.625
a_h1_h2-1m-n3-c128-read_single-r3-cassandra,2026-09-06T19:54:28.7700027Z,512.25,7.84,0.7798004150390625,303.328125
a_h1_h2-1m-n3-c128-read_single-r3-cassandra,2026-09-06T19:54:35.2271416Z,514.49,7.839,0.7756423950195312,306.21875
a_h1_h2-1m-n3-c128-read_single-r3-cassandra,2026-09-06T19:54:42.5338782Z,490.82000000000005,7.839,0.7794036865234375,309.765625
a_h1_h2-1m-n3-c128-read_single-r3-cassandra,2026-09-06T19:54:49.8200253Z,523.44,7.84,0.7794227600097656,313.078125
a_h1_h2-1m-n3-c128-read_single-r3-cassandra,2026-09-06T19:54:57.0986462Z,534.23,7.84,0.7794647216796875,316.609375
a_h1_h2-1m-n3-c128-read_single-r3-cassandra,2026-09-06T19:55:04.2133605Z,521.8,7.84,0.7794647216796875,320.15625
a_h1_h2-1m-n3-c128-read_single-r3-cassandra,2026-09-06T19:55:11.4885597Z,490.22,7.839,0.7813911437988281,324.28125
a_h1_h2-1m-n3-c128-read_single-r3-cassandra,2026-09-06T19:55:18.7768555Z,533.35,7.839,0.7813911437988281,328.09375
a_h1_h2-1m-n3-c128-read_single-r3-cassandra,2026-09-06T19:55:25.4215942Z,522.06,7.84,0.7814140319824219,331.09375
a_h1_h2-1m-n3-c128-read_single-r3-cassandra,2026-09-06T19:55:32.7103289Z,504.61,7.838,0.7814178466796875,334.515625
a_h1_h2-1m-n3-c128-read_single-r3-cassandra,2026-09-06T19:55:40.0097961Z,531.11,7.838,0.7827796936035156,338.46875
a_h1_h2-1m-n3-c128-read_single-r3-cassandra,2026-09-06T19:55:47.3006951Z,535.66,7.838,0.782867431640625,342.265625
a_h1_h2-1m-n3-c128-read_single-r3-cassandra,2026-09-06T19:55:54.2640410Z,527.58,7.839,0.782867431640625,345.96875
a_h1_h2-1m-n3-c128-read_single-r3-cassandra,2026-09-06T19:56:01.5361032Z,477.28999999999996,7.839,0.7828712463378906,349.921875
a_h1_h2-1m-n3-c128-read_single-r3-cassandra,2026-09-06T19:56:08.8265737Z,537.01,7.84,0.7828712463378906,354.015625
a_h1_h2-1m-n3-c128-read_single-r3-cassandra,2026-09-06T19:56:15.3365103Z,512.9000000000001,7.84,0.7849655151367188,357.171875
a_h1_h2-1m-n3-c128-read_single-r3-cassandra,2026-09-06T19:56:22.6364130Z,505.02,7.838,0.7849998474121094,360.921875
a_h1_h2-1m-n3-c128-read_single-r3-cassandra,2026-09-06T19:56:29.9211619Z,511.84000000000003,7.84,0.7828941345214844,365.765625
a_h1_h2-1m-n3-c128-read_single-r3-cassandra,2026-09-06T19:56:37.2192457Z,513.1899999999999,7.839,0.7831764221191406,370.21875
a_h1_h2-1m-n3-c128-read_single-r3-cassandra,2026-09-06T19:56:44.3352528Z,509.84000000000003,7.839,0.7848625183105469,373.671875
a_h1_h2-1m-n3-c128-read_single-r3-cassandra,2026-09-06T19:56:51.6370626Z,504.68,7.84,0.7898330688476562,377.078125
a_h1_h2-1m-n3-c128-read_single-r3-cassandra,2026-09-06T19:56:58.9286052Z,506.6,7.84,0.7848091125488281,380.609375
a_h1_h2-1m-n3-c128-read_single-r3-cassandra,2026-09-06T19:57:05.4225404Z,521.93,7.84,0.7848777770996094,383.84375
a_h1_h2-1m-n3-c128-read_single-r3-cassandra,2026-09-06T19:57:12.7072685Z,495.81,7.839,0.7864799499511719,387.796875
a_h1_h2-1m-n3-c128-read_single-r3-cassandra,2026-09-06T19:57:20.0124958Z,525.61,7.839,0.7864875793457031,391.6875
a_h1_h2-10m-n3-c1-concurrent_write-r1-cassandra,2026-09-06T22:10:53.4698828Z,255.60000000000002,7.85,0.8779525756835938,4747.328125
a_h1_h2-10m-n3-c1-concurrent_write-r1-cassandra,2026-09-06T22:11:00.2126536Z,260.76,7.85,0.8780250549316406,4748.046875
a_h1_h2-10m-n3-c1-concurrent_write-r1-cassandra,2026-09-06T22:11:07.4797511Z,251.18,7.85,0.8780250549316406,4748.59375
a_h1_h2-10m-n3-c1-concurrent_write-r1-cassandra,2026-09-06T22:11:14.7370646Z,255.26,7.85,0.8780250549316406,4749.703125
a_h1_h2-10m-n3-c1-concurrent_write-r1-cassandra,2026-09-06T22:11:21.9976850Z,259.84000000000003,7.85,0.8780250549316406,4750.484375
a_h1_h2-10m-n3-c1-concurrent_write-r1-cassandra,2026-09-06T22:11:29.1961376Z,262.05,7.85,0.8780250549316406,4751.265625
a_h1_h2-10m-n3-c1-concurrent_write-r1-cassandra,2026-09-06T22:11:36.4410299Z,247.9,7.85,0.8780250549316406,4752.140625
a_h1_h2-10m-n3-c1-concurrent_write-r1-cassandra,2026-09-06T22:11:43.7028843Z,256.99,7.851,0.8780860900878906,4752.828125
a_h1_h2-10m-n3-c1-concurrent_write-r1-cassandra,2026-09-06T22:11:50.2549177Z,254.66,7.851,0.8780860900878906,4753.703125
a_h1_h2-10m-n3-c1-concurrent_write-r1-cassandra,2026-09-06T22:11:57.5186802Z,252.68,7.85,0.8780860900878906,4754.484375
a_h1_h2-10m-n3-c1-concurrent_write-r1-cassandra,2026-09-06T22:12:04.7770536Z,260.45,7.85,0.8780860900878906,4755.28125
a_h1_h2-10m-n3-c1-concurrent_write-r1-cassandra,2026-09-06T22:12:12.0465580Z,260.35,7.849,0.8780899047851562,4756.203125
a_h1_h2-10m-n3-c1-concurrent_write-r1-cassandra,2026-09-06T22:12:19.2438910Z,256.56,7.85,0.8780899047851562,4757.046875
a_h1_h2-10m-n3-c1-concurrent_write-r1-cassandra,2026-09-06T22:12:26.5017456Z,244.31,7.849,0.8780899047851562,4757.796875
a_h1_h2-10m-n3-c1-concurrent_write-r1-cassandra,2026-09-06T22:12:33.7685967Z,250.67000000000002,7.85,0.8780899047851562,4758.765625
a_h1_h2-10m-n3-c1-concurrent_write-r1-cassandra,2026-09-06T22:12:40.3242721Z,267.45,7.85,0.8780899047851562,4759.625
a_h1_h2-10m-n3-c1-concurrent_write-r1-cassandra,2026-09-06T22:12:47.5892175Z,254.87,7.850999999999999,0.8780899047851562,4760.40625
a_h1_h2-10m-n3-c1-concurrent_write-r1-cassandra,2026-09-06T22:12:54.8395246Z,253.6,7.85,0.8780899047851562,4761.34375
a_h1_h2-10m-n3-c1-concurrent_write-r1-cassandra,2026-09-06T22:13:02.0999543Z,257.62,7.85,0.8780899047851562,4762.171875
a_h1_h2-10m-n3-c1-concurrent_write-r1-cassandra,2026-09-06T22:13:09.3069145Z,256.38,7.851,0.8780899047851562,4763.046875
a_h1_h2-10m-n3-c1-concurrent_write-r1-cassandra,2026-09-06T22:13:16.5726228Z,254.8,7.85,0.8780899047851562,4763.890625
a_h1_h2-10m-n3-c1-concurrent_write-r1-cassandra,2026-09-06T22:13:23.8171562Z,257.4,7.85,0.8780899047851562,4764.828125
a_h1_h2-10m-n3-c1-concurrent_write-r1-cassandra,2026-09-06T22:13:30.3292889Z,261.69,7.85,0.8780899047851562,4765.6875
a_h1_h2-10m-n3-c1-concurrent_write-r1-cassandra,2026-09-06T22:13:37.5865832Z,252.35000000000002,7.85,0.8780899047851562,4766.421875
a_h1_h2-10m-n3-c1-concurrent_write-r1-cassandra,2026-09-06T22:13:44.8359718Z,252.34,7.85,0.8780899047851562,4767.125
a_h1_h2-10m-n3-c1-concurrent_write-r1-cassandra,2026-09-06T22:13:52.1039104Z,265.34000000000003,7.85,0.8780899047851562,4768.125
a_h1_h2-10m-n3-c1-concurrent_write-r1-cassandra,2026-09-06T22:13:59.3324492Z,253.28,7.85,0.8780899047851562,4768.78125
a_h1_h2-10m-n3-c1-concurrent_write-r1-cassandra,2026-09-06T22:14:06.5914066Z,249.26,7.85,0.8780899047851562,4769.625
a_h1_h2-10m-n3-c1-concurrent_write-r1-cassandra,2026-09-06T22:14:13.8430411Z,258.14,7.85,0.8781547546386719,4770.46875
a_h1_h2-10m-n3-c1-concurrent_write-r1-cassandra,2026-09-06T22:14:20.3729030Z,254.45,7.85,0.8781547546386719,4771.15625
a_h1_h2-10m-n3-c1-concurrent_write-r1-cassandra,2026-09-06T22:14:27.6415639Z,249.63,7.849,0.8781547546386719,4772.03125
a_h1_h2-10m-n3-c1-concurrent_write-r1-cassandra,2026-09-06T22:14:34.8895226Z,252.73000000000002,7.85,0.8781661987304688,4772.953125
a_h1_h2-10m-n3-c1-concurrent_write-r1-cassandra,2026-09-06T22:14:42.1459161Z,238.97,7.849,0.8781661987304688,4773.71875
a_h1_h2-10m-n3-c1-concurrent_write-r1-cassandra,2026-09-06T22:14:49.3755603Z,258.74,7.849,0.8781661987304688,4774.671875
a_h1_h2-10m-n3-c1-concurrent_write-r1-cassandra,2026-09-06T22:14:56.6259697Z,248.8,7.849,0.8781661987304688,4775.296875
a_h1_h2-10m-n3-c1-concurrent_write-r1-cassandra,2026-09-06T22:15:03.8757063Z,255.65,7.849,0.8782157897949219,4776.171875
a_h1_h2-10m-n3-c1-concurrent_write-r1-cassandra,2026-09-06T22:15:10.4083995Z,258.44,7.85,0.8782157897949219,4776.9375
a_h1_h2-10m-n3-c1-concurrent_write-r1-cassandra,2026-09-06T22:15:17.6730916Z,253.51,7.849,0.8782157897949219,4777.796875
a_h1_h2-10m-n3-c1-concurrent_write-r1-cassandra,2026-09-06T22:15:24.9185613Z,261.03,7.85,0.8782157897949219,4778.5
a_h1_h2-10m-n3-c1-concurrent_write-r1-cassandra,2026-09-06T22:15:32.1795519Z,261.14,7.849,0.8782157897949219,4779.34375
a_h1_h2-10m-n3-c1-concurrent_write-r1-cassandra,2026-09-06T22:15:39.3963423Z,251.29000000000002,7.849,0.8782157897949219,4780.09375
a_h1_h2-10m-n3-c1-concurrent_write-r1-cassandra,2026-09-06T22:15:46.6486602Z,252.47000000000003,7.849,0.8782157897949219,4780.84375
a_h1_h2-10m-n3-c1-concurrent_write-r1-cassandra,2026-09-06T22:15:53.9103191Z,254.34,7.85,0.8782157897949219,4781.578125
a_h1_h2-10m-n3-c1-concurrent_write-r2-cassandra,2026-09-07T00:28:32.5308902Z,252.45999999999998,7.839,0.8540267944335938,4800.3125
a_h1_h2-10m-n3-c1-concurrent_write-r2-cassandra,2026-09-07T00:28:39.7877307Z,261.79,7.838000000000001,0.85443115234375,4801.25
a_h1_h2-10m-n3-c1-concurrent_write-r2-cassandra,2026-09-07T00:28:47.0442857Z,262.35,7.838000000000001,0.85443115234375,4802.0625
a_h1_h2-10m-n3-c1-concurrent_write-r2-cassandra,2026-09-07T00:28:53.4513917Z,256.21,7.838000000000001,0.8544387817382812,4803.09375
a_h1_h2-10m-n3-c1-concurrent_write-r2-cassandra,2026-09-07T00:29:00.7130520Z,257.28,7.838000000000001,0.8545074462890625,4803.9375
a_h1_h2-10m-n3-c1-concurrent_write-r2-cassandra,2026-09-07T00:29:07.9715256Z,260.86,7.838000000000001,0.8545074462890625,4804.890625
a_h1_h2-10m-n3-c1-concurrent_write-r2-cassandra,2026-09-07T00:29:14.4598197Z,255.43,7.838,0.8545074462890625,4805.9375
a_h1_h2-10m-n3-c1-concurrent_write-r2-cassandra,2026-09-07T00:29:21.7054207Z,247.91,7.837,0.8545379638671875,4806.8125
a_h1_h2-10m-n3-c1-concurrent_write-r2-cassandra,2026-09-07T00:29:28.9538129Z,257.44,7.839,0.8557357788085938,4807.640625
a_h1_h2-10m-n3-c1-concurrent_write-r2-cassandra,2026-09-07T00:29:35.4875954Z,258.1,7.838000000000001,0.8557357788085938,4808.34375
a_h1_h2-10m-n3-c1-concurrent_write-r2-cassandra,2026-09-07T00:29:42.7461631Z,220.04000000000002,7.839,0.8557357788085938,4809.140625
a_h1_h2-10m-n3-c1-concurrent_write-r2-cassandra,2026-09-07T00:29:50.0133187Z,251.93,7.837,0.8557357788085938,4810.015625
a_h1_h2-10m-n3-c1-concurrent_write-r2-cassandra,2026-09-07T00:29:57.2604666Z,256.8,7.838,0.8558387756347656,4810.953125
a_h1_h2-10m-n3-c1-concurrent_write-r2-cassandra,2026-09-07T00:30:03.5692021Z,261.77,7.838,0.8558387756347656,4811.78125
a_h1_h2-10m-n3-c1-concurrent_write-r2-cassandra,2026-09-07T00:30:10.8252286Z,262.39,7.837,0.8558387756347656,4812.46875
a_h1_h2-10m-n3-c1-concurrent_write-r2-cassandra,2026-09-07T00:30:18.0787879Z,259.67,7.837,0.8558387756347656,4813.28125
a_h1_h2-10m-n3-c1-concurrent_write-r2-cassandra,2026-09-07T00:30:24.5091691Z,256.85,7.837,0.8558387756347656,4814.0625
a_h1_h2-10m-n3-c1-concurrent_write-r2-cassandra,2026-09-07T00:30:31.7739413Z,242.94,7.838,0.8558387756347656,4814.859375
a_h1_h2-10m-n3-c1-concurrent_write-r2-cassandra,2026-09-07T00:30:39.0291503Z,258.22,7.837,0.8558387756347656,4815.515625
a_h1_h2-10m-n3-c1-concurrent_write-r2-cassandra,2026-09-07T00:30:45.5533290Z,257.06,7.837,0.8558998107910156,4816.3125
a_h1_h2-10m-n3-c1-concurrent_write-r2-cassandra,2026-09-07T00:30:52.8175490Z,252.45999999999998,7.839,0.8558998107910156,4816.9375
a_h1_h2-10m-n3-c1-concurrent_write-r2-cassandra,2026-09-07T00:31:00.0709864Z,253.51999999999998,7.839,0.8558998107910156,4817.75
a_h1_h2-10m-n3-c1-concurrent_write-r2-cassandra,2026-09-07T00:31:07.3314734Z,257.29,7.838,0.8558998107910156,4818.640625
a_h1_h2-10m-n3-c1-concurrent_write-r2-cassandra,2026-09-07T00:31:14.5437973Z,250.29999999999998,7.838,0.8558998107910156,4819.53125
a_h1_h2-10m-n3-c1-concurrent_write-r2-cassandra,2026-09-07T00:31:21.7979248Z,246.11,7.838,0.8558998107910156,4820.359375
a_h1_h2-10m-n3-c1-concurrent_write-r2-cassandra,2026-09-07T00:31:29.0410374Z,254.35999999999999,7.836,0.8559074401855469,4821.328125
a_h1_h2-10m-n3-c1-concurrent_write-r2-cassandra,2026-09-07T00:31:35.5624623Z,259.81,7.836,0.8559074401855469,4822.078125
a_h1_h2-10m-n3-c1-concurrent_write-r2-cassandra,2026-09-07T00:31:42.8314838Z,248.18,7.837,0.85784912109375,4822.828125
a_h1_h2-10m-n3-c1-concurrent_write-r2-cassandra,2026-09-07T00:31:50.0841935Z,255.59,7.836,0.8580856323242188,4823.640625
a_h1_h2-10m-n3-c1-concurrent_write-r2-cassandra,2026-09-07T00:31:57.3439239Z,254.45,7.836,0.8580856323242188,4824.28125
a_h1_h2-10m-n3-c1-concurrent_write-r2-cassandra,2026-09-07T00:32:04.5796766Z,255.07,7.837,0.8580856323242188,4825.359375
a_h1_h2-10m-n3-c1-concurrent_write-r2-cassandra,2026-09-07T00:32:11.8352226Z,242.51999999999998,7.836,0.8580856323242188,4826.15625
a_h1_h2-10m-n3-c1-concurrent_write-r2-cassandra,2026-09-07T00:32:19.0904219Z,260.53,7.834999999999999,0.8580856323242188,4827.03125
a_h1_h2-10m-n3-c1-concurrent_write-r2-cassandra,2026-09-07T00:32:25.6073750Z,256.31,7.834999999999999,0.8580856323242188,4827.625
a_h1_h2-10m-n3-c1-concurrent_write-r2-cassandra,2026-09-07T00:32:32.8765822Z,246.26,7.834999999999999,0.8580856323242188,4828.359375
a_h1_h2-10m-n3-c1-concurrent_write-r2-cassandra,2026-09-07T00:32:40.1213949Z,255.51999999999998,7.836,0.8580856323242188,4829.21875
a_h1_h2-10m-n3-c1-concurrent_write-r2-cassandra,2026-09-07T00:32:47.3808648Z,254.11,7.836,0.8624992370605469,4830.140625
a_h1_h2-10m-n3-c1-concurrent_write-r2-cassandra,2026-09-07T00:32:54.6037347Z,262.1,7.834999999999999,0.8624992370605469,4830.890625
a_h1_h2-10m-n3-c1-concurrent_write-r2-cassandra,2026-09-07T00:33:01.8664966Z,255.17,7.834999999999999,0.8624992370605469,4831.671875
a_h1_h2-10m-n3-c1-concurrent_write-r2-cassandra,2026-09-07T00:33:09.1127387Z,255.98000000000002,7.834999999999999,0.8624992370605469,4832.59375
a_h1_h2-10m-n3-c1-concurrent_write-r2-cassandra,2026-09-07T00:33:15.6652417Z,257.0,7.834999999999999,0.8624992370605469,4833.15625
a_h1_h2-10m-n3-c1-concurrent_write-r2-cassandra,2026-09-07T00:33:22.9324412Z,251.47,7.836,0.8624992370605469,4833.953125
a_h1_h2-10m-n3-c1-concurrent_write-r2-cassandra,2026-09-07T00:33:30.1825764Z,259.96,7.834999999999999,0.8625030517578125,4834.703125
a_h1_h2-10m-n3-c1-concurrent_write-r3-cassandra,2026-09-07T02:46:42.2064801Z,255.08999999999997,7.805,0.8533859252929688,4782.984375
a_h1_h2-10m-n3-c1-concurrent_write-r3-cassandra,2026-09-07T02:46:48.7139064Z,261.96,7.803,0.8539237976074219,4783.78125
a_h1_h2-10m-n3-c1-concurrent_write-r3-cassandra,2026-09-07T02:46:55.9751244Z,250.85000000000002,7.804,0.8539237976074219,4784.53125
a_h1_h2-10m-n3-c1-concurrent_write-r3-cassandra,2026-09-07T02:47:03.2421788Z,254.51999999999998,7.803,0.854034423828125,4785.296875
a_h1_h2-10m-n3-c1-concurrent_write-r3-cassandra,2026-09-07T02:47:09.7544980Z,258.58,7.803,0.854034423828125,4785.875
a_h1_h2-10m-n3-c1-concurrent_write-r3-cassandra,2026-09-07T02:47:17.0143216Z,246.49,7.803,0.854034423828125,4786.578125
a_h1_h2-10m-n3-c1-concurrent_write-r3-cassandra,2026-09-07T02:47:24.2643332Z,253.56,7.802,0.854034423828125,4787.53125
a_h1_h2-10m-n3-c1-concurrent_write-r3-cassandra,2026-09-07T02:47:30.7924269Z,249.60999999999999,7.803,0.854034423828125,4788.28125
a_h1_h2-10m-n3-c1-concurrent_write-r3-cassandra,2026-09-07T02:47:38.0565367Z,256.26,7.804,0.854034423828125,4789.078125
a_h1_h2-10m-n3-c1-concurrent_write-r3-cassandra,2026-09-07T02:47:45.3174217Z,257.46000000000004,7.803,0.854034423828125,4789.890625
a_h1_h2-10m-n3-c1-concurrent_write-r3-cassandra,2026-09-07T02:47:52.5731875Z,259.14,7.803,0.854034423828125,4790.515625
a_h1_h2-10m-n3-c1-concurrent_write-r3-cassandra,2026-09-07T02:47:59.8195886Z,252.33,7.803,0.854034423828125,4791.3125
a_h1_h2-10m-n3-c1-concurrent_write-r3-cassandra,2026-09-07T02:48:07.0757986Z,248.3,7.803,0.854034423828125,4792.109375
a_h1_h2-10m-n3-c1-concurrent_write-r3-cassandra,2026-09-07T02:48:14.3259120Z,254.51,7.804,0.854034423828125,4793.015625
a_h1_h2-10m-n3-c1-concurrent_write-r3-cassandra,2026-09-07T02:48:20.8254545Z,255.87,7.804,0.854034423828125,4793.96875
a_h1_h2-10m-n3-c1-concurrent_write-r3-cassandra,2026-09-07T02:48:28.0857432Z,250.23000000000002,7.804,0.854034423828125,4794.84375
a_h1_h2-10m-n3-c1-concurrent_write-r3-cassandra,2026-09-07T02:48:35.3471906Z,250.86,7.803,0.854034423828125,4795.734375
a_h1_h2-10m-n3-c1-concurrent_write-r3-cassandra,2026-09-07T02:48:42.6024298Z,261.43,7.805,0.854034423828125,4796.703125
a_h1_h2-10m-n3-c1-concurrent_write-r3-cassandra,2026-09-07T02:48:49.8379692Z,254.94,7.804,0.8543128967285156,4797.4375
a_h1_h2-10m-n3-c1-concurrent_write-r3-cassandra,2026-09-07T02:48:57.0893538Z,243.96,7.804,0.8543128967285156,4798.21875
a_h1_h2-10m-n3-c1-concurrent_write-r3-cassandra,2026-09-07T02:49:04.3502742Z,261.22,7.803,0.8543128967285156,4799.34375
a_h1_h2-10m-n3-c1-concurrent_write-r3-cassandra,2026-09-07T02:49:10.8814675Z,266.68,7.804,0.8543128967285156,4800.046875
a_h1_h2-10m-n3-c1-concurrent_write-r3-cassandra,2026-09-07T02:49:18.1385417Z,252.72,7.803,0.8543128967285156,4800.84375
a_h1_h2-10m-n3-c1-concurrent_write-r3-cassandra,2026-09-07T02:49:25.4045162Z,258.81,7.803,0.8543128967285156,4801.578125
a_h1_h2-10m-n3-c1-concurrent_write-r3-cassandra,2026-09-07T02:49:32.6703642Z,255.8,7.803,0.8543128967285156,4802.390625
a_h1_h2-10m-n3-c1-concurrent_write-r3-cassandra,2026-09-07T02:49:39.8471293Z,254.10000000000002,7.802,0.8543128967285156,4803.109375
a_h1_h2-10m-n3-c1-concurrent_write-r3-cassandra,2026-09-07T02:49:47.0927732Z,268.64,7.802,0.8543128967285156,4803.875
a_h1_h2-10m-n3-c1-concurrent_write-r3-cassandra,2026-09-07T02:49:54.3595750Z,252.04,7.802,0.8543128967285156,4804.421875
a_h1_h2-10m-n3-c1-concurrent_write-r3-cassandra,2026-09-07T02:50:00.8957888Z,256.59000000000003,7.803,0.8544540405273438,4805.09375
a_h1_h2-10m-n3-c1-concurrent_write-r3-cassandra,2026-09-07T02:50:08.1475065Z,255.56,7.804,0.8544540405273438,4805.734375
a_h1_h2-10m-n3-c1-concurrent_write-r3-cassandra,2026-09-07T02:50:15.4111769Z,258.51,7.802,0.8556900024414062,4806.625
a_h1_h2-10m-n3-c1-concurrent_write-r3-cassandra,2026-09-07T02:50:22.6575096Z,259.7,7.803,0.8556900024414062,4807.484375
a_h1_h2-10m-n3-c1-concurrent_write-r3-cassandra,2026-09-07T02:50:29.9126443Z,262.32,7.802,0.8556900024414062,4808.390625
a_h1_h2-10m-n3-c1-concurrent_write-r3-cassandra,2026-09-07T02:50:37.1814682Z,245.35,7.804,0.8556900024414062,4809.25
a_h1_h2-10m-n3-c1-concurrent_write-r3-cassandra,2026-09-07T02:50:44.4370411Z,257.41,7.803,0.8556900024414062,4810.09375
a_h1_h2-10m-n3-c1-concurrent_write-r3-cassandra,2026-09-07T02:50:50.9402706Z,254.25,7.804,0.8592681884765625,4810.96875
a_h1_h2-10m-n3-c1-concurrent_write-r3-cassandra,2026-09-07T02:50:58.2094288Z,256.81,7.802,0.8592681884765625,4811.796875
a_h1_h2-10m-n3-c1-concurrent_write-r3-cassandra,2026-09-07T02:51:05.4705806Z,253.67,7.802,0.8592681884765625,4812.421875
a_h1_h2-10m-n3-c1-concurrent_write-r3-cassandra,2026-09-07T02:51:12.7476707Z,261.98,7.803,0.8592681884765625,4813.4375
a_h1_h2-10m-n3-c1-concurrent_write-r3-cassandra,2026-09-07T02:51:19.9327351Z,258.9,7.802,0.8592681884765625,4814.3125
a_h1_h2-10m-n3-c1-concurrent_write-r3-cassandra,2026-09-07T02:51:27.1727675Z,242.39,7.803,0.8592681884765625,4815.09375
a_h1_h2-10m-n3-c1-concurrent_write-r3-cassandra,2026-09-07T02:51:34.4303826Z,245.88,7.804,0.8592681884765625,4815.984375
a_h1_h2-10m-n3-c1-concurrent_write-r3-cassandra,2026-09-07T02:51:40.9679424Z,255.53,7.803,0.8592681884765625,4816.6875
a_h1_h2-10m-n3-c1-read_single-r1-cassandra,2026-09-07T04:00:37.1437941Z,185.44,7.957,0.821258544921875,2430.9375
a_h1_h2-10m-n3-c1-read_single-r1-cassandra,2026-09-07T04:00:43.6014213Z,189.11,7.989000000000001,0.821258544921875,2431.59375
a_h1_h2-10m-n3-c1-read_single-r1-cassandra,2026-09-07T04:00:50.9381819Z,188.85,8.016,0.8212699890136719,2432.390625
a_h1_h2-10m-n3-c1-read_single-r1-cassandra,2026-09-07T04:00:58.2185237Z,190.14,8.045,0.8212699890136719,2433.0625
a_h1_h2-10m-n3-c1-read_single-r1-cassandra,2026-09-07T04:01:05.4983919Z,182.76,8.076,0.8212776184082031,2433.90625
a_h1_h2-10m-n3-c1-read_single-r1-cassandra,2026-09-07T04:01:12.6417401Z,230.96,8.104,0.8212776184082031,2434.640625
a_h1_h2-10m-n3-c1-read_single-r1-cassandra,2026-09-07T04:01:19.9422293Z,197.44,8.126,0.8212776184082031,2435.46875
a_h1_h2-10m-n3-c1-read_single-r1-cassandra,2026-09-07T04:01:27.2579226Z,209.78,8.146,0.8212776184082031,2436.15625
a_h1_h2-10m-n3-c1-read_single-r1-cassandra,2026-09-07T04:01:33.8306396Z,203.26,8.161,0.8212776184082031,2436.6875
a_h1_h2-10m-n3-c1-read_single-r1-cassandra,2026-09-07T04:01:41.1419062Z,198.70999999999998,8.17,0.8212776184082031,2437.359375
a_h1_h2-10m-n3-c1-read_single-r1-cassandra,2026-09-07T04:01:48.4247585Z,193.34,8.178,0.8212776184082031,2438.1875
a_h1_h2-10m-n3-c1-read_single-r1-cassandra,2026-09-07T04:01:55.7335902Z,205.65,8.189,0.8212776184082031,2438.78125
a_h1_h2-10m-n3-c1-read_single-r1-cassandra,2026-09-07T04:02:02.3804768Z,214.75,8.197,0.8212776184082031,2439.15625
a_h1_h2-10m-n3-c1-read_single-r1-cassandra,2026-09-07T04:02:10.1306777Z,185.32999999999998,8.207,0.8212776184082031,2439.65625
a_h1_h2-10m-n3-c1-read_single-r1-cassandra,2026-09-07T04:02:17.3973066Z,179.55,8.219,0.822235107421875,2440.578125
a_h1_h2-10m-n3-c1-read_single-r1-cassandra,2026-09-07T04:02:23.7306599Z,186.65,8.233,0.822235107421875,2441.078125
a_h1_h2-10m-n3-c1-read_single-r1-cassandra,2026-09-07T04:02:30.9795803Z,188.82,8.249,0.822235107421875,2441.984375
a_h1_h2-10m-n3-c1-read_single-r1-cassandra,2026-09-07T04:02:38.2331976Z,187.84,8.268,0.822235107421875,2442.765625
a_h1_h2-10m-n3-c1-read_single-r1-cassandra,2026-09-07T04:02:45.5085316Z,184.46,8.283999999999999,0.822296142578125,2443.359375
a_h1_h2-10m-n3-c1-read_single-r1-cassandra,2026-09-07T04:02:52.6890912Z,183.16,8.307,0.8223152160644531,2444.125
a_h1_h2-10m-n3-c1-read_single-r1-cassandra,2026-09-07T04:02:59.9364897Z,179.85,8.323,0.8223152160644531,2444.953125
a_h1_h2-10m-n3-c1-read_single-r1-cassandra,2026-09-07T04:03:07.1808314Z,186.2,8.341000000000001,0.8223152160644531,2446.046875
a_h1_h2-10m-n3-c1-read_single-r1-cassandra,2026-09-07T04:03:13.7162729Z,185.67,8.358,0.8223152160644531,2446.59375
a_h1_h2-10m-n3-c1-read_single-r1-cassandra,2026-09-07T04:03:20.9631103Z,184.0,8.373000000000001,0.8223152160644531,2447.421875
a_h1_h2-10m-n3-c1-read_single-r1-cassandra,2026-09-07T04:03:28.2058719Z,185.47,8.388,0.8223190307617188,2448.125
a_h1_h2-10m-n3-c1-read_single-r1-cassandra,2026-09-07T04:03:35.4486835Z,182.46,8.404,0.8223190307617188,2448.953125
a_h1_h2-10m-n3-c1-read_single-r1-cassandra,2026-09-07T04:03:41.6946302Z,187.24,8.416,0.8223190307617188,2449.578125
a_h1_h2-10m-n3-c1-read_single-r1-cassandra,2026-09-07T04:03:48.9420014Z,188.32999999999998,8.43,0.8223190307617188,2450.515625
a_h1_h2-10m-n3-c1-read_single-r1-cassandra,2026-09-07T04:03:56.1856043Z,180.62,8.440999999999999,0.8223228454589844,2451.296875
a_h1_h2-10m-n3-c1-read_single-r1-cassandra,2026-09-07T04:04:02.7377918Z,187.14,8.453,0.8223228454589844,2451.953125
a_h1_h2-10m-n3-c1-read_single-r1-cassandra,2026-09-07T04:04:09.9826020Z,179.49,8.465,0.8223228454589844,2452.625
a_h1_h2-10m-n3-c1-read_single-r1-cassandra,2026-09-07T04:04:17.4326688Z,172.76,8.472999999999999,0.8223381042480469,2453.25
a_h1_h2-10m-n3-c1-read_single-r1-cassandra,2026-09-07T04:04:23.8856459Z,185.89,8.481,0.822357177734375,2453.828125
a_h1_h2-10m-n3-c1-read_single-r1-cassandra,2026-09-07T04:04:31.1402897Z,178.04,8.491,0.8224296569824219,2454.734375
a_h1_h2-10m-n3-c1-read_single-r1-cassandra,2026-09-07T04:04:38.3746732Z,183.82,8.5,0.8224296569824219,2455.5
a_h1_h2-10m-n3-c1-read_single-r1-cassandra,2026-09-07T04:04:45.6352689Z,182.04,8.51,0.8224411010742188,2456.28125
a_h1_h2-10m-n3-c1-read_single-r1-cassandra,2026-09-07T04:04:52.7680619Z,176.09,8.52,0.8224411010742188,2457.15625
a_h1_h2-10m-n3-c1-read_single-r1-cassandra,2026-09-07T04:05:00.0200723Z,172.52,8.530000000000001,0.8224411010742188,2457.953125
a_h1_h2-10m-n3-c1-read_single-r1-cassandra,2026-09-07T04:05:07.2720708Z,182.60999999999999,8.54,0.8224411010742188,2458.609375
a_h1_h2-10m-n3-c1-read_single-r1-cassandra,2026-09-07T04:05:13.8056903Z,185.66,8.547,0.8224449157714844,2459.3125
a_h1_h2-10m-n3-c1-read_single-r1-cassandra,2026-09-07T04:05:21.0507720Z,183.92000000000002,8.554,0.82244873046875,2460.15625
a_h1_h2-10m-n3-c1-read_single-r1-cassandra,2026-09-07T04:05:28.2827086Z,182.32,8.561,0.82244873046875,2460.921875
a_h1_h2-10m-n3-c1-read_single-r1-cassandra,2026-09-07T04:05:35.5307131Z,183.4,8.568999999999999,0.82244873046875,2461.859375
a_h1_h2-10m-n3-c1-read_single-r1-cassandra,2026-09-07T04:05:41.7972856Z,178.91,8.575,0.8229904174804688,2462.6875
a_h1_h2-10m-n3-c1-read_single-r1-cassandra,2026-09-07T04:05:49.0392497Z,180.45999999999998,8.582,0.8229904174804688,2463.5
a_h1_h2-10m-n3-c1-read_single-r1-cassandra,2026-09-07T04:05:56.2842603Z,176.73,8.589,0.8229904174804688,2464.03125
a_h1_h2-10m-n3-c1-read_single-r1-cassandra,2026-09-07T04:06:02.8409531Z,185.48000000000002,8.595,0.8229904174804688,2464.984375
a_h1_h2-10m-n3-c1-read_single-r1-cassandra,2026-09-07T04:06:10.0810209Z,183.42,8.600999999999999,0.8230514526367188,2465.875
a_h1_h2-10m-n3-c1-read_single-r1-cassandra,2026-09-07T04:06:17.3139368Z,183.11,8.606,0.8230514526367188,2466.71875
a_h1_h2-10m-n3-c1-read_single-r1-cassandra,2026-09-07T04:06:23.8685329Z,178.45999999999998,8.611,0.8230514526367188,2467.5
a_h1_h2-10m-n3-c1-read_single-r2-cassandra,2026-09-07T05:07:57.7915231Z,176.51,8.868,0.8328971862792969,2204.90625
a_h1_h2-10m-n3-c1-read_single-r2-cassandra,2026-09-07T05:08:04.0944934Z,176.8,8.898,0.8329277038574219,2205.640625
a_h1_h2-10m-n3-c1-read_single-r2-cassandra,2026-09-07T05:08:11.3286108Z,179.88,8.929,0.8329277038574219,2206.421875
a_h1_h2-10m-n3-c1-read_single-r2-cassandra,2026-09-07T05:08:18.5572235Z,176.38,8.959,0.8329353332519531,2207.015625
a_h1_h2-10m-n3-c1-read_single-r2-cassandra,2026-09-07T05:08:25.1151107Z,181.88,8.989,0.8329429626464844,2207.75
a_h1_h2-10m-n3-c1-read_single-r2-cassandra,2026-09-07T05:08:32.3482433Z,176.87,9.017,0.8329429626464844,2208.5625
a_h1_h2-10m-n3-c1-read_single-r2-cassandra,2026-09-07T05:08:39.5878932Z,181.95,9.047,0.83294677734375,2209.390625
a_h1_h2-10m-n3-c1-read_single-r2-cassandra,2026-09-07T05:08:46.1539672Z,177.67000000000002,9.072,0.83294677734375,2210.046875
a_h1_h2-10m-n3-c1-read_single-r2-cassandra,2026-09-07T05:08:53.3857897Z,180.07,9.1,0.83294677734375,2210.765625
a_h1_h2-10m-n3-c1-read_single-r2-cassandra,2026-09-07T05:09:00.6193355Z,174.97,9.112,0.83294677734375,2211.65625
a_h1_h2-10m-n3-c1-read_single-r2-cassandra,2026-09-07T05:09:07.8587750Z,176.36,9.123,0.83294677734375,2212.40625
a_h1_h2-10m-n3-c1-read_single-r2-cassandra,2026-09-07T05:09:14.1666587Z,175.83,9.137,0.83294677734375,2212.984375
a_h1_h2-10m-n3-c1-read_single-r2-cassandra,2026-09-07T05:09:21.3920235Z,177.18,9.152000000000001,0.83294677734375,2213.703125
a_h1_h2-10m-n3-c1-read_single-r2-cassandra,2026-09-07T05:09:28.6170069Z,177.08,9.167,0.83294677734375,2214.4375
a_h1_h2-10m-n3-c1-read_single-r2-cassandra,2026-09-07T05:09:35.1831245Z,178.38,9.183,0.83294677734375,2215.53125
a_h1_h2-10m-n3-c1-read_single-r2-cassandra,2026-09-07T05:09:42.4143326Z,174.48,9.197,0.83294677734375,2216.125
a_h1_h2-10m-n3-c1-read_single-r2-cassandra,2026-09-07T05:09:49.6584771Z,175.6,9.212,0.83294677734375,2217.03125
a_h1_h2-10m-n3-c1-read_single-r2-cassandra,2026-09-07T05:09:56.2671591Z,175.15,9.227,0.8329505920410156,2217.8125
a_h1_h2-10m-n3-c1-read_single-r2-cassandra,2026-09-07T05:10:03.5024656Z,175.18,9.241,0.8330116271972656,2218.640625
a_h1_h2-10m-n3-c1-read_single-r2-cassandra,2026-09-07T05:10:10.7286221Z,180.38,9.256,0.8330116271972656,2219.4375
a_h1_h2-10m-n3-c1-read_single-r2-cassandra,2026-09-07T05:10:17.9621197Z,179.09,9.268,0.8330154418945312,2220.25
a_h1_h2-10m-n3-c1-read_single-r2-cassandra,2026-09-07T05:10:24.2521320Z,179.33,9.280000000000001,0.8330154418945312,2221.109375
a_h1_h2-10m-n3-c1-read_single-r2-cassandra,2026-09-07T05:10:31.4820509Z,179.07,9.292,0.8330154418945312,2221.765625
a_h1_h2-10m-n3-c1-read_single-r2-cassandra,2026-09-07T05:10:38.7144037Z,177.69,9.304,0.8330154418945312,2222.390625
a_h1_h2-10m-n3-c1-read_single-r2-cassandra,2026-09-07T05:10:45.2550451Z,175.51,9.315000000000001,0.8330154418945312,2223.25
a_h1_h2-10m-n3-c1-read_single-r2-cassandra,2026-09-07T05:10:52.4822017Z,178.15,9.316,0.8330154418945312,2224.015625
a_h1_h2-10m-n3-c1-read_single-r2-cassandra,2026-09-07T05:10:59.7141818Z,182.15,9.327,0.8330154418945312,2224.765625
a_h1_h2-10m-n3-c1-read_single-r2-cassandra,2026-09-07T05:11:06.3028521Z,178.85,9.337,0.8330154418945312,2225.265625
a_h1_h2-10m-n3-c1-read_single-r2-cassandra,2026-09-07T05:11:13.5473222Z,183.11,9.346,0.8330154418945312,2226.15625
a_h1_h2-10m-n3-c1-read_single-r2-cassandra,2026-09-07T05:11:20.7744412Z,180.06,9.357,0.8330154418945312,2227.1875
a_h1_h2-10m-n3-c1-read_single-r2-cassandra,2026-09-07T05:11:28.0181526Z,177.68,9.367,0.8330154418945312,2228.046875
a_h1_h2-10m-n3-c1-read_single-r2-cassandra,2026-09-07T05:11:34.2716180Z,180.75,9.376,0.8330154418945312,2228.75
a_h1_h2-10m-n3-c1-read_single-r2-cassandra,2026-09-07T05:11:41.5059594Z,177.25,9.385,0.8330154418945312,2229.5
a_h1_h2-10m-n3-c1-read_single-r2-cassandra,2026-09-07T05:11:48.7293083Z,181.55,9.393,0.8330192565917969,2230.09375
a_h1_h2-10m-n3-c1-read_single-r2-cassandra,2026-09-07T05:11:55.3177980Z,172.19,9.4,0.8330307006835938,2230.625
a_h1_h2-10m-n3-c1-read_single-r2-cassandra,2026-09-07T05:12:02.5573744Z,178.6,9.408999999999999,0.8336601257324219,2231.59375
a_h1_h2-10m-n3-c1-read_single-r2-cassandra,2026-09-07T05:12:09.7902004Z,177.26,9.417,0.8337631225585938,2232.390625
a_h1_h2-10m-n3-c1-read_single-r2-cassandra,2026-09-07T05:12:16.3717571Z,183.34,9.425,0.8337631225585938,2233.1875
a_h1_h2-10m-n3-c1-read_single-r2-cassandra,2026-09-07T05:12:23.6076509Z,179.03,9.429,0.8338127136230469,2234.28125
a_h1_h2-10m-n3-c1-read_single-r2-cassandra,2026-09-07T05:12:30.8399291Z,175.32,9.437,0.8338127136230469,2235.25
a_h1_h2-10m-n3-c1-read_single-r2-cassandra,2026-09-07T05:12:38.0750545Z,179.22,9.443999999999999,0.8338165283203125,2235.9375
a_h1_h2-10m-n3-c1-read_single-r2-cassandra,2026-09-07T05:12:44.3707881Z,178.45,9.451,0.8338203430175781,2236.625
a_h1_h2-10m-n3-c1-read_single-r3-cassandra,2026-09-07T06:17:22.7272368Z,183.46,8.847999999999999,0.8161354064941406,2334.109375
a_h1_h2-10m-n3-c1-read_single-r3-cassandra,2026-09-07T06:17:29.2522601Z,182.78,8.876,0.8161506652832031,2335.046875
a_h1_h2-10m-n3-c1-read_single-r3-cassandra,2026-09-07T06:17:36.5046077Z,181.95,8.905000000000001,0.8162117004394531,2335.671875
a_h1_h2-10m-n3-c1-read_single-r3-cassandra,2026-09-07T06:17:43.7488318Z,185.4,8.935,0.8162117004394531,2336.453125
a_h1_h2-10m-n3-c1-read_single-r3-cassandra,2026-09-07T06:17:51.0052526Z,185.36,8.964,0.8162117004394531,2337.203125
a_h1_h2-10m-n3-c1-read_single-r3-cassandra,2026-09-07T06:17:58.2465714Z,185.55,8.993,0.8162117004394531,2338.09375
a_h1_h2-10m-n3-c1-read_single-r3-cassandra,2026-09-07T06:18:05.4940598Z,184.72,9.019,0.8162117004394531,2338.78125
a_h1_h2-10m-n3-c1-read_single-r3-cassandra,2026-09-07T06:18:12.7407753Z,185.57999999999998,9.049,0.8162117004394531,2339.609375
a_h1_h2-10m-n3-c1-read_single-r3-cassandra,2026-09-07T06:18:19.2734396Z,186.79,9.065999999999999,0.8162117004394531,2340.1875
a_h1_h2-10m-n3-c1-read_single-r3-cassandra,2026-09-07T06:18:26.5262477Z,179.96,9.077,0.8164215087890625,2341.109375
a_h1_h2-10m-n3-c1-read_single-r3-cassandra,2026-09-07T06:18:33.7761174Z,185.17000000000002,9.09,0.8164215087890625,2341.734375
a_h1_h2-10m-n3-c1-read_single-r3-cassandra,2026-09-07T06:18:41.0181819Z,191.7,9.104,0.8164215087890625,2342.609375
a_h1_h2-10m-n3-c1-read_single-r3-cassandra,2026-09-07T06:18:47.2597813Z,183.84,9.118,0.8164215087890625,2343.203125
a_h1_h2-10m-n3-c1-read_single-r3-cassandra,2026-09-07T06:18:54.5023490Z,183.57,9.133,0.8164215087890625,2343.921875
a_h1_h2-10m-n3-c1-read_single-r3-cassandra,2026-09-07T06:19:01.7504678Z,185.86,9.148,0.8164215087890625,2344.609375
a_h1_h2-10m-n3-c1-read_single-r3-cassandra,2026-09-07T06:19:08.2942332Z,183.45,9.161999999999999,0.8164215087890625,2345.140625
a_h1_h2-10m-n3-c1-read_single-r3-cassandra,2026-09-07T06:19:15.5264024Z,180.25,9.176,0.8164215087890625,2345.734375
a_h1_h2-10m-n3-c1-read_single-r3-cassandra,2026-09-07T06:19:22.7744894Z,186.69,9.189,0.8164215087890625,2346.625
a_h1_h2-10m-n3-c1-read_single-r3-cassandra,2026-09-07T06:19:29.3463357Z,182.78,9.204,0.8164215087890625,2347.34375
a_h1_h2-10m-n3-c1-read_single-r3-cassandra,2026-09-07T06:19:36.5992272Z,184.63,9.215,0.8164215087890625,2348.09375
a_h1_h2-10m-n3-c1-read_single-r3-cassandra,2026-09-07T06:19:43.8488839Z,181.63,9.23,0.8164825439453125,2348.8125
a_h1_h2-10m-n3-c1-read_single-r3-cassandra,2026-09-07T06:19:51.0934507Z,186.65,9.243,0.8164825439453125,2349.390625
a_h1_h2-10m-n3-c1-read_single-r3-cassandra,2026-09-07T06:19:58.3083389Z,185.8,9.256,0.8164825439453125,2350.03125
a_h1_h2-10m-n3-c1-read_single-r3-cassandra,2026-09-07T06:20:05.5523357Z,185.67000000000002,9.267,0.8164825439453125,2350.6875
a_h1_h2-10m-n3-c1-read_single-r3-cassandra,2026-09-07T06:20:12.8051500Z,184.59,9.279,0.8164825439453125,2351.640625
a_h1_h2-10m-n3-c1-read_single-r3-cassandra,2026-09-07T06:20:19.3430105Z,188.81,9.290000000000001,0.8164825439453125,2352.1875
a_h1_h2-10m-n3-c1-read_single-r3-cassandra,2026-09-07T06:20:26.5882395Z,183.57999999999998,9.3,0.8164825439453125,2353
a_h1_h2-10m-n3-c1-read_single-r3-cassandra,2026-09-07T06:20:33.8288269Z,185.32,9.311,0.8164825439453125,2353.5
a_h1_h2-10m-n3-c1-read_single-r3-cassandra,2026-09-07T06:20:41.0637214Z,184.87,9.321,0.8164825439453125,2354.046875
a_h1_h2-10m-n3-c1-read_single-r3-cassandra,2026-09-07T06:20:47.3290401Z,185.8,9.33,0.8164825439453125,2354.734375
a_h1_h2-10m-n3-c1-read_single-r3-cassandra,2026-09-07T06:20:54.5786027Z,183.78,9.34,0.8164825439453125,2355.359375
a_h1_h2-10m-n3-c1-read_single-r3-cassandra,2026-09-07T06:21:01.8264295Z,184.27,9.349,0.8164825439453125,2356.125
a_h1_h2-10m-n3-c1-read_single-r3-cassandra,2026-09-07T06:21:08.3865880Z,185.75,9.356,0.8164825439453125,2356.921875
a_h1_h2-10m-n3-c1-read_single-r3-cassandra,2026-09-07T06:21:15.6301599Z,186.12,9.366,0.8212623596191406,2357.78125
a_h1_h2-10m-n3-c1-read_single-r3-cassandra,2026-09-07T06:21:22.8729241Z,185.36,9.373999999999999,0.8212623596191406,2358.390625
a_h1_h2-10m-n3-c1-read_single-r3-cassandra,2026-09-07T06:21:29.4257044Z,185.6,9.381,0.8215789794921875,2358.9375
a_h1_h2-10m-n3-c1-read_single-r3-cassandra,2026-09-07T06:21:36.6767803Z,181.24,9.388,0.8215789794921875,2359.578125
a_h1_h2-10m-n3-c1-read_single-r3-cassandra,2026-09-07T06:21:43.9309249Z,184.51999999999998,9.397,0.8215789794921875,2360.375
a_h1_h2-10m-n3-c1-read_single-r3-cassandra,2026-09-07T06:21:51.1780182Z,182.28,9.402,0.8221588134765625,2361
a_h1_h2-10m-n3-c1-read_single-r3-cassandra,2026-09-07T06:21:58.4209385Z,182.05,9.41,0.8114700317382812,2361.71875
a_h1_h2-10m-n3-c1-read_single-r3-cassandra,2026-09-07T06:22:05.6542624Z,179.99,9.417,0.8114700317382812,2362.296875
a_h1_h2-10m-n3-c1-read_single-r3-cassandra,2026-09-07T06:22:12.8982456Z,193.36,9.424,0.8117637634277344,2362.90625
a_h1_h2-10m-n3-c1-read_single-r3-cassandra,2026-09-07T06:22:19.4485680Z,182.8,9.431000000000001,0.8117637634277344,2363.796875
a_h1_h2-10m-n3-c1-read_single-r3-cassandra,2026-09-07T06:22:26.6969610Z,184.25,9.435,0.8117637634277344,2364.53125
a_h1_h2-10m-n3-c1-read_single-r3-cassandra,2026-09-07T06:22:33.9401534Z,188.39,9.440999999999999,0.8117637634277344,2365.234375
a_h1_h2-10m-n3-c1-read_single-r3-cassandra,2026-09-07T06:22:41.1817764Z,183.56,9.447,0.8117637634277344,2366.0625
a_h1_h2-10m-n3-c8-concurrent_write-r1-cassandra,2026-09-07T08:31:08.6131613Z,427.08,8.671,0.8538017272949219,4700.953125
a_h1_h2-10m-n3-c8-concurrent_write-r1-cassandra,2026-09-07T08:31:15.4219906Z,425.65999999999997,8.67,0.860687255859375,4704.390625
a_h1_h2-10m-n3-c8-concurrent_write-r1-cassandra,2026-09-07T08:31:22.6919329Z,418.6,8.671,0.8537139892578125,4707.90625
a_h1_h2-10m-n3-c8-concurrent_write-r1-cassandra,2026-09-07T08:31:29.9539777Z,429.02,8.671,0.8537445068359375,4710.953125
a_h1_h2-10m-n3-c8-concurrent_write-r1-cassandra,2026-09-07T08:31:37.2117931Z,427.45000000000005,8.671,0.8537521362304688,4714.15625
a_h1_h2-10m-n3-c8-concurrent_write-r1-cassandra,2026-09-07T08:31:44.4453380Z,431.28999999999996,8.672,0.8537559509277344,4717.4375
a_h1_h2-10m-n3-c8-concurrent_write-r1-cassandra,2026-09-07T08:31:51.7159114Z,410.37,8.673,0.8537559509277344,4720.859375
a_h1_h2-10m-n3-c8-concurrent_write-r1-cassandra,2026-09-07T08:31:58.9729131Z,420.17999999999995,8.673,0.8541450500488281,4723.90625
a_h1_h2-10m-n3-c8-concurrent_write-r1-cassandra,2026-09-07T08:32:05.4795890Z,433.38,8.672,0.8541450500488281,4726.78125
a_h1_h2-10m-n3-c8-concurrent_write-r1-cassandra,2026-09-07T08:32:12.7558343Z,406.5,8.672,0.8552131652832031,4730.03125
a_h1_h2-10m-n3-c8-concurrent_write-r1-cassandra,2026-09-07T08:32:20.0245629Z,426.36,8.672,0.8552131652832031,4733.28125
a_h1_h2-10m-n3-c8-concurrent_write-r1-cassandra,2026-09-07T08:32:27.2887476Z,429.77,8.673,0.8566741943359375,4736.984375
a_h1_h2-10m-n3-c8-concurrent_write-r1-cassandra,2026-09-07T08:32:34.4496840Z,436.03999999999996,8.673,0.8574752807617188,4740.515625
a_h1_h2-10m-n3-c8-concurrent_write-r1-cassandra,2026-09-07T08:32:41.7375166Z,410.89,8.672,0.857574462890625,4743.890625
a_h1_h2-10m-n3-c8-concurrent_write-r1-cassandra,2026-09-07T08:32:49.0145854Z,433.90999999999997,8.673,0.857574462890625,4747.4375
a_h1_h2-10m-n3-c8-concurrent_write-r1-cassandra,2026-09-07T08:32:55.5190270Z,427.64,8.673,0.857574462890625,4750.375
a_h1_h2-10m-n3-c8-concurrent_write-r1-cassandra,2026-09-07T08:33:02.7976065Z,417.85,8.673,0.857574462890625,4753.578125
a_h1_h2-10m-n3-c8-concurrent_write-r1-cassandra,2026-09-07T08:33:10.0595485Z,430.68,8.674,0.857574462890625,4757.15625
a_h1_h2-10m-n3-c8-concurrent_write-r1-cassandra,2026-09-07T08:33:17.3377159Z,490.25,8.675,0.857574462890625,4760.515625
a_h1_h2-10m-n3-c8-concurrent_write-r1-cassandra,2026-09-07T08:33:24.5498464Z,390.55,8.674,0.857574462890625,4762.96875
a_h1_h2-10m-n3-c8-concurrent_write-r1-cassandra,2026-09-07T08:33:31.8268789Z,417.61,8.676,0.857574462890625,4766.234375
a_h1_h2-10m-n3-c8-concurrent_write-r1-cassandra,2026-09-07T08:33:39.1291681Z,428.54999999999995,8.675,0.857574462890625,4769.234375
a_h1_h2-10m-n3-c8-concurrent_write-r1-cassandra,2026-09-07T08:33:45.5546571Z,407.43000000000006,8.676,0.857574462890625,4772.640625
a_h1_h2-10m-n3-c8-concurrent_write-r1-cassandra,2026-09-07T08:33:52.8358253Z,418.03999999999996,8.675,0.857574462890625,4775.890625
a_h1_h2-10m-n3-c8-concurrent_write-r1-cassandra,2026-09-07T08:34:00.1173056Z,426.9,8.675,0.8577995300292969,4778.90625
a_h1_h2-10m-n3-c8-concurrent_write-r2-cassandra,2026-09-07T10:45:24.3799707Z,430.01,7.814,0.8574600219726562,4750.890625
a_h1_h2-10m-n3-c8-concurrent_write-r2-cassandra,2026-09-07T10:45:31.1701908Z,424.34000000000003,7.8149999999999995,0.8574600219726562,4753.328125
a_h1_h2-10m-n3-c8-concurrent_write-r2-cassandra,2026-09-07T10:45:38.4538556Z,416.49,7.814,0.8575210571289062,4756.734375
a_h1_h2-10m-n3-c8-concurrent_write-r2-cassandra,2026-09-07T10:45:45.7192671Z,423.4,7.816,0.8575210571289062,4759.96875
a_h1_h2-10m-n3-c8-concurrent_write-r2-cassandra,2026-09-07T10:45:52.9857631Z,421.02,7.816,0.8575210571289062,4762.828125
a_h1_h2-10m-n3-c8-concurrent_write-r2-cassandra,2026-09-07T10:46:00.1586602Z,419.03,7.816,0.8575210571289062,4766.15625
a_h1_h2-10m-n3-c8-concurrent_write-r2-cassandra,2026-09-07T10:46:07.4291148Z,408.15999999999997,7.816,0.8580513000488281,4769.109375
a_h1_h2-10m-n3-c8-concurrent_write-r2-cassandra,2026-09-07T10:46:14.7135705Z,436.7,7.816,0.8580513000488281,4772.140625
a_h1_h2-10m-n3-c8-concurrent_write-r2-cassandra,2026-09-07T10:46:21.2139475Z,436.12,7.816,0.8580970764160156,4774.9375
a_h1_h2-10m-n3-c8-concurrent_write-r2-cassandra,2026-09-07T10:46:28.4828916Z,444.27,7.816,0.8580970764160156,4778.4375
a_h1_h2-10m-n3-c8-concurrent_write-r2-cassandra,2026-09-07T10:46:35.7592336Z,432.84000000000003,7.816,0.8588371276855469,4781.5
a_h1_h2-10m-n3-c8-concurrent_write-r2-cassandra,2026-09-07T10:46:43.0392821Z,434.31,7.817,0.8588371276855469,4784.859375
a_h1_h2-10m-n3-c8-concurrent_write-r2-cassandra,2026-09-07T10:46:50.2206335Z,425.64,7.817,0.8588371276855469,4788
a_h1_h2-10m-n3-c8-concurrent_write-r2-cassandra,2026-09-07T10:46:57.4932590Z,418.32,7.817,0.8588371276855469,4791.34375
a_h1_h2-10m-n3-c8-concurrent_write-r2-cassandra,2026-09-07T10:47:04.7707105Z,434.4,7.816,0.8588371276855469,4794.328125
a_h1_h2-10m-n3-c8-concurrent_write-r2-cassandra,2026-09-07T10:47:11.2133388Z,436.09000000000003,7.817,0.8588371276855469,4796.859375
a_h1_h2-10m-n3-c8-concurrent_write-r2-cassandra,2026-09-07T10:47:18.4992399Z,434.16999999999996,7.817,0.852874755859375,4800.34375
a_h1_h2-10m-n3-c8-concurrent_write-r2-cassandra,2026-09-07T10:47:25.7825869Z,437.38,7.816,0.8562126159667969,4803.453125
a_h1_h2-10m-n3-c8-concurrent_write-r2-cassandra,2026-09-07T10:47:33.0884218Z,430.69,7.817,0.8562126159667969,4806.953125
a_h1_h2-10m-n3-c8-concurrent_write-r2-cassandra,2026-09-07T10:47:40.2069768Z,424.77,7.817,0.8562126159667969,4810.0625
a_h1_h2-10m-n3-c8-concurrent_write-r2-cassandra,2026-09-07T10:47:47.4873831Z,402.3,7.819,0.8562126159667969,4812.78125
a_h1_h2-10m-n3-c8-concurrent_write-r2-cassandra,2026-09-07T10:47:54.7646506Z,434.44,7.819,0.8562126159667969,4815.546875
a_h1_h2-10m-n3-c8-concurrent_write-r2-cassandra,2026-09-07T10:48:01.2457866Z,433.6,7.819,0.8564834594726562,4818.515625
a_h1_h2-10m-n3-c8-concurrent_write-r2-cassandra,2026-09-07T10:48:08.5163726Z,419.21999999999997,7.819,0.8564834594726562,4821.359375
a_h1_h2-10m-n3-c8-concurrent_write-r2-cassandra,2026-09-07T10:48:15.8004592Z,426.25,7.819,0.8564834594726562,4824.421875
a_h1_h2-10m-n3-c8-concurrent_write-r3-cassandra,2026-09-07T13:02:12.2377748Z,430.90999999999997,7.818,0.809326171875,4773.671875
a_h1_h2-10m-n3-c8-concurrent_write-r3-cassandra,2026-09-07T13:02:19.5171869Z,420.92,7.819,0.8093338012695312,4776.625
a_h1_h2-10m-n3-c8-concurrent_write-r3-cassandra,2026-09-07T13:02:25.9918595Z,431.74,7.819,0.8093338012695312,4779.21875
a_h1_h2-10m-n3-c8-concurrent_write-r3-cassandra,2026-09-07T13:02:33.2629648Z,437.11,7.817,0.8094749450683594,4782.46875
a_h1_h2-10m-n3-c8-concurrent_write-r3-cassandra,2026-09-07T13:02:40.5318391Z,436.96000000000004,7.818,0.8095626831054688,4785.671875
a_h1_h2-10m-n3-c8-concurrent_write-r3-cassandra,2026-09-07T13:02:47.0598208Z,439.12,7.819,0.8095626831054688,4788.84375
a_h1_h2-10m-n3-c8-concurrent_write-r3-cassandra,2026-09-07T13:02:54.3342807Z,410.24,7.819,0.809783935546875,4792.28125
a_h1_h2-10m-n3-c8-concurrent_write-r3-cassandra,2026-09-07T13:03:01.6048739Z,431.19,7.82,0.8097877502441406,4795.078125
a_h1_h2-10m-n3-c8-concurrent_write-r3-cassandra,2026-09-07T13:03:08.0499904Z,429.13,7.819,0.8097877502441406,4798.328125
a_h1_h2-10m-n3-c8-concurrent_write-r3-cassandra,2026-09-07T13:03:15.3309964Z,425.65,7.819,0.8097877502441406,4801.6875
a_h1_h2-10m-n3-c8-concurrent_write-r3-cassandra,2026-09-07T13:03:22.6043350Z,430.6,7.819,0.8098030090332031,4804.265625
a_h1_h2-10m-n3-c8-concurrent_write-r3-cassandra,2026-09-07T13:03:29.9053043Z,423.64,7.818,0.8098030090332031,4806.984375
a_h1_h2-10m-n3-c8-concurrent_write-r3-cassandra,2026-09-07T13:03:37.0891605Z,425.68,7.818,0.8098030090332031,4810.09375
a_h1_h2-10m-n3-c8-concurrent_write-r3-cassandra,2026-09-07T13:03:44.3753370Z,390.82,7.818,0.8098030090332031,4813.34375
a_h1_h2-10m-n3-c8-concurrent_write-r3-cassandra,2026-09-07T13:03:51.6390370Z,435.78,7.818,0.8098640441894531,4816.734375
a_h1_h2-10m-n3-c8-concurrent_write-r3-cassandra,2026-09-07T13:03:58.0684759Z,428.16999999999996,7.818,0.80987548828125,4819.34375
a_h1_h2-10m-n3-c8-concurrent_write-r3-cassandra,2026-09-07T13:04:05.3401917Z,422.40999999999997,7.818,0.80987548828125,4822.3125
a_h1_h2-10m-n3-c8-concurrent_write-r3-cassandra,2026-09-07T13:04:12.6165244Z,424.28,7.819,0.8099174499511719,4825.359375
a_h1_h2-10m-n3-c8-concurrent_write-r3-cassandra,2026-09-07T13:04:19.8928122Z,425.4,7.818,0.8101654052734375,4828.1875
a_h1_h2-10m-n3-c8-concurrent_write-r3-cassandra,2026-09-07T13:04:27.0644978Z,466.5,7.821000000000001,0.8101654052734375,4831
a_h1_h2-10m-n3-c8-concurrent_write-r3-cassandra,2026-09-07T13:04:34.3367130Z,412.13,7.821000000000001,0.8101654052734375,4833.640625
a_h1_h2-10m-n3-c8-concurrent_write-r3-cassandra,2026-09-07T13:04:41.6024700Z,432.03999999999996,7.821000000000001,0.8101654052734375,4836.875
a_h1_h2-10m-n3-c8-concurrent_write-r3-cassandra,2026-09-07T13:04:48.1613360Z,422.85,7.821000000000001,0.8101654052734375,4839.59375
a_h1_h2-10m-n3-c8-concurrent_write-r3-cassandra,2026-09-07T13:04:55.4360513Z,415.78999999999996,7.821000000000001,0.8101654052734375,4842.34375
a_h1_h2-10m-n3-c8-concurrent_write-r3-cassandra,2026-09-07T13:05:02.6983682Z,429.63,7.821000000000001,0.8101654052734375,4845.84375
a_h1_h2-10m-n3-c8-read_single-r1-cassandra,2026-09-07T14:11:48.2983734Z,431.37,8.597999999999999,0.8184318542480469,2414.734375
a_h1_h2-10m-n3-c8-read_single-r1-cassandra,2026-09-07T14:11:55.5676031Z,444.48,8.620999999999999,0.8194122314453125,2417.625
a_h1_h2-10m-n3-c8-read_single-r1-cassandra,2026-09-07T14:12:02.8337828Z,436.93,8.64,0.8194198608398438,2420.703125
a_h1_h2-10m-n3-c8-read_single-r1-cassandra,2026-09-07T14:12:10.0223670Z,437.0,8.659,0.8194198608398438,2423.78125
a_h1_h2-10m-n3-c8-read_single-r1-cassandra,2026-09-07T14:12:17.2996355Z,424.02,8.676,0.819427490234375,2426.96875
a_h1_h2-10m-n3-c8-read_single-r1-cassandra,2026-09-07T14:12:24.5752179Z,425.47,8.691,0.8194313049316406,2429.890625
a_h1_h2-10m-n3-c8-read_single-r1-cassandra,2026-09-07T14:12:31.0991996Z,445.37,8.7,0.8194313049316406,2432.6875
a_h1_h2-10m-n3-c8-read_single-r1-cassandra,2026-09-07T14:12:38.3903297Z,424.41999999999996,8.718,0.8194427490234375,2435.59375
a_h1_h2-10m-n3-c8-read_single-r1-cassandra,2026-09-07T14:12:45.6771284Z,434.63,8.731,0.8194427490234375,2438.5
a_h1_h2-10m-n3-c8-read_single-r1-cassandra,2026-09-07T14:12:52.9577830Z,432.57,8.743,0.8194427490234375,2441.234375
a_h1_h2-10m-n3-c8-read_single-r1-cassandra,2026-09-07T14:13:00.0806062Z,427.98,8.754,0.819671630859375,2443.8125
a_h1_h2-10m-n3-c8-read_single-r1-cassandra,2026-09-07T14:13:07.3585648Z,415.98,8.761,0.819671630859375,2446.40625
a_h1_h2-10m-n3-c8-read_single-r1-cassandra,2026-09-07T14:13:14.6389004Z,441.65,8.769,0.819671630859375,2449.828125
a_h1_h2-10m-n3-c8-read_single-r1-cassandra,2026-09-07T14:13:21.1183464Z,437.59000000000003,8.774000000000001,0.8197402954101562,2452.671875
a_h1_h2-10m-n3-c8-read_single-r1-cassandra,2026-09-07T14:13:28.4032886Z,436.38,8.78,0.8197402954101562,2455.9375
a_h1_h2-10m-n3-c8-read_single-r1-cassandra,2026-09-07T14:13:35.6679864Z,435.40999999999997,8.785,0.8197402954101562,2459.015625
a_h1_h2-10m-n3-c8-read_single-r1-cassandra,2026-09-07T14:13:42.9378012Z,449.68,8.791,0.8199577331542969,2462.03125
a_h1_h2-10m-n3-c8-read_single-r1-cassandra,2026-09-07T14:13:50.0992848Z,435.22,8.793,0.8223342895507812,2464.984375
a_h1_h2-10m-n3-c8-read_single-r1-cassandra,2026-09-07T14:13:57.3670652Z,422.47,8.796,0.8117752075195312,2468.578125
a_h1_h2-10m-n3-c8-read_single-r1-cassandra,2026-09-07T14:14:04.6478394Z,444.30999999999995,8.799,0.8203086853027344,2471.75
a_h1_h2-10m-n3-c8-read_single-r1-cassandra,2026-09-07T14:14:11.1274495Z,440.63,8.802,0.8203086853027344,2474.421875
a_h1_h2-10m-n3-c8-read_single-r1-cassandra,2026-09-07T14:14:18.4136739Z,426.77,8.804,0.8203086853027344,2477.640625
a_h1_h2-10m-n3-c8-read_single-r1-cassandra,2026-09-07T14:14:25.6778675Z,435.36,8.806000000000001,0.8205413818359375,2480.234375
a_h1_h2-10m-n3-c8-read_single-r1-cassandra,2026-09-07T14:14:32.9491270Z,430.87,8.808,0.8205413818359375,2482.859375
a_h1_h2-10m-n3-c8-read_single-r1-cassandra,2026-09-07T14:14:39.3457034Z,444.87,8.809,0.8205413818359375,2484.75
a_h1_h2-10m-n3-c8-read_single-r2-cassandra,2026-09-07T15:21:38.2235514Z,443.99,9.504999999999999,0.8166084289550781,2425
a_h1_h2-10m-n3-c8-read_single-r2-cassandra,2026-09-07T15:21:45.4925131Z,455.64,9.514,0.8181686401367188,2428.1875
a_h1_h2-10m-n3-c8-read_single-r2-cassandra,2026-09-07T15:21:52.5859016Z,439.65,9.523,0.8184928894042969,2430.8125
a_h1_h2-10m-n3-c8-read_single-r2-cassandra,2026-09-07T15:21:59.8529551Z,415.15,9.530999999999999,0.8184928894042969,2433.515625
a_h1_h2-10m-n3-c8-read_single-r2-cassandra,2026-09-07T15:22:07.1136565Z,416.13,9.539,0.8185615539550781,2436.0625
a_h1_h2-10m-n3-c8-read_single-r2-cassandra,2026-09-07T15:22:13.6586676Z,445.29999999999995,9.545,0.8231124877929688,2438.90625
a_h1_h2-10m-n3-c8-read_single-r2-cassandra,2026-09-07T15:22:20.9356784Z,419.64,9.551,0.8231124877929688,2441.578125
a_h1_h2-10m-n3-c8-read_single-r2-cassandra,2026-09-07T15:22:28.1962098Z,433.84000000000003,9.565999999999999,0.8231315612792969,2444.421875
a_h1_h2-10m-n3-c8-read_single-r2-cassandra,2026-09-07T15:22:35.4760015Z,447.82,9.606,0.8231315612792969,2447.53125
a_h1_h2-10m-n3-c8-read_single-r2-cassandra,2026-09-07T15:22:42.6472497Z,440.91999999999996,9.65,0.8231315612792969,2450.140625
a_h1_h2-10m-n3-c8-read_single-r2-cassandra,2026-09-07T15:22:49.9221123Z,421.65,9.685,0.8231315612792969,2453.140625
a_h1_h2-10m-n3-c8-read_single-r2-cassandra,2026-09-07T15:22:57.1924454Z,440.8,9.712,0.8231315612792969,2456.1875
a_h1_h2-10m-n3-c8-read_single-r2-cassandra,2026-09-07T15:23:03.6928858Z,451.28,9.736,0.8231315612792969,2458.90625
a_h1_h2-10m-n3-c8-read_single-r2-cassandra,2026-09-07T15:23:10.9839648Z,432.28,9.754,0.8233604431152344,2461.421875
a_h1_h2-10m-n3-c8-read_single-r2-cassandra,2026-09-07T15:23:18.2534710Z,441.05,9.77,0.8233604431152344,2463.84375
a_h1_h2-10m-n3-c8-read_single-r2-cassandra,2026-09-07T15:23:25.5379954Z,436.66999999999996,9.782,0.8233680725097656,2466.84375
a_h1_h2-10m-n3-c8-read_single-r2-cassandra,2026-09-07T15:23:32.6559580Z,435.94,9.792,0.8233680725097656,2469.71875
a_h1_h2-10m-n3-c8-read_single-r2-cassandra,2026-09-07T15:23:39.9273824Z,421.04999999999995,9.798,0.8233680725097656,2472.546875
a_h1_h2-10m-n3-c8-read_single-r2-cassandra,2026-09-07T15:23:47.2087406Z,438.94000000000005,9.806,0.8233757019042969,2475.90625
a_h1_h2-10m-n3-c8-read_single-r2-cassandra,2026-09-07T15:23:53.6875474Z,434.03,9.811,0.8233757019042969,2478.859375
a_h1_h2-10m-n3-c8-read_single-r2-cassandra,2026-09-07T15:24:00.9687961Z,433.54,9.816,0.8233757019042969,2481.609375
a_h1_h2-10m-n3-c8-read_single-r2-cassandra,2026-09-07T15:24:08.2508184Z,440.88,9.822,0.8233757019042969,2484.296875
a_h1_h2-10m-n3-c8-read_single-r2-cassandra,2026-09-07T15:24:15.5281702Z,436.45000000000005,9.824,0.8233757019042969,2487.140625
a_h1_h2-10m-n3-c8-read_single-r2-cassandra,2026-09-07T15:24:21.8322889Z,422.54999999999995,9.827,0.8233757019042969,2489.578125
a_h1_h2-10m-n3-c8-read_single-r2-cassandra,2026-09-07T15:24:29.1013901Z,431.7,9.83,0.8233757019042969,2492.34375
a_h1_h2-10m-n3-c8-read_single-r3-cassandra,2026-09-07T16:31:05.2549422Z,451.72,9.55,0.8146095275878906,2419.65625
a_h1_h2-10m-n3-c8-read_single-r3-cassandra,2026-09-07T16:31:12.5305007Z,414.3,9.587,0.8146095275878906,2422.71875
a_h1_h2-10m-n3-c8-read_single-r3-cassandra,2026-09-07T16:31:19.7980731Z,439.05,9.618,0.8169136047363281,2425.515625
a_h1_h2-10m-n3-c8-read_single-r3-cassandra,2026-09-07T16:31:26.2247174Z,432.19000000000005,9.643,0.8178977966308594,2428.125
a_h1_h2-10m-n3-c8-read_single-r3-cassandra,2026-09-07T16:31:33.5249836Z,427.81,9.668000000000001,0.8179054260253906,2431.890625
a_h1_h2-10m-n3-c8-read_single-r3-cassandra,2026-09-07T16:31:40.8004885Z,441.66999999999996,9.690999999999999,0.8184127807617188,2434.921875
a_h1_h2-10m-n3-c8-read_single-r3-cassandra,2026-09-07T16:31:48.0722594Z,427.81,9.709,0.8184127807617188,2438.171875
a_h1_h2-10m-n3-c8-read_single-r3-cassandra,2026-09-07T16:31:55.2519200Z,433.99,9.724,0.8184127807617188,2441.546875
a_h1_h2-10m-n3-c8-read_single-r3-cassandra,2026-09-07T16:32:02.5366498Z,427.93,9.738,0.8184738159179688,2444.21875
a_h1_h2-10m-n3-c8-read_single-r3-cassandra,2026-09-07T16:32:09.8125648Z,435.04,9.751999999999999,0.8184738159179688,2447.390625
a_h1_h2-10m-n3-c8-read_single-r3-cassandra,2026-09-07T16:32:16.3122630Z,428.38,9.762,0.8184776306152344,2450.609375
a_h1_h2-10m-n3-c8-read_single-r3-cassandra,2026-09-07T16:32:23.5831932Z,416.0,9.771,0.8184776306152344,2453.28125
a_h1_h2-10m-n3-c8-read_single-r3-cassandra,2026-09-07T16:32:30.8585134Z,428.53999999999996,9.781,0.8184776306152344,2456.453125
a_h1_h2-10m-n3-c8-read_single-r3-cassandra,2026-09-07T16:32:38.1315275Z,415.7,9.79,0.8184776306152344,2459.9375
a_h1_h2-10m-n3-c8-read_single-r3-cassandra,2026-09-07T16:32:45.2870116Z,438.6,9.796,0.8184776306152344,2462.5
a_h1_h2-10m-n3-c8-read_single-r3-cassandra,2026-09-07T16:32:52.5537982Z,417.64,9.803,0.8188514709472656,2465.5625
a_h1_h2-10m-n3-c8-read_single-r3-cassandra,2026-09-07T16:32:59.8339154Z,440.8,9.806,0.8188514709472656,2468.4375
a_h1_h2-10m-n3-c8-read_single-r3-cassandra,2026-09-07T16:33:06.3084016Z,446.98,9.809999999999999,0.819122314453125,2471.3125
a_h1_h2-10m-n3-c8-read_single-r3-cassandra,2026-09-07T16:33:13.5849942Z,423.7,9.814,0.8193778991699219,2473.71875
a_h1_h2-10m-n3-c8-read_single-r3-cassandra,2026-09-07T16:33:20.8499455Z,433.4,9.818,0.8240585327148438,2476.90625
a_h1_h2-10m-n3-c8-read_single-r3-cassandra,2026-09-07T16:33:28.1189445Z,431.07,9.821,0.8243560791015625,2480.21875
a_h1_h2-10m-n3-c8-read_single-r3-cassandra,2026-09-07T16:33:35.3611628Z,430.87,9.824,0.8243560791015625,2482.734375
a_h1_h2-10m-n3-c8-read_single-r3-cassandra,2026-09-07T16:33:42.6417061Z,419.45,9.827,0.8243560791015625,2485.8125
a_h1_h2-10m-n3-c8-read_single-r3-cassandra,2026-09-07T16:33:49.9210762Z,436.89,9.828,0.8243560791015625,2488.609375
a_h1_h2-10m-n3-c8-read_single-r3-cassandra,2026-09-07T16:33:56.3967991Z,432.39,9.832,0.8243560791015625,2490.875
a_h1_h2-10m-n3-c32-concurrent_write-r1-cassandra,2026-09-07T18:46:09.2201259Z,497.78999999999996,8.837,0.8566322326660156,4793.359375
a_h1_h2-10m-n3-c32-concurrent_write-r1-cassandra,2026-09-07T18:46:16.5009273Z,488.53999999999996,8.837,0.8583641052246094,4797.640625
a_h1_h2-10m-n3-c32-concurrent_write-r1-cassandra,2026-09-07T18:46:23.7779085Z,489.13,8.837,0.8616828918457031,4801.6875
a_h1_h2-10m-n3-c32-concurrent_write-r1-cassandra,2026-09-07T18:46:30.2938127Z,498.38,8.836,0.8616867065429688,4805.421875
a_h1_h2-10m-n3-c32-concurrent_write-r1-cassandra,2026-09-07T18:46:37.5749913Z,467.13,8.836,0.8619461059570312,4809.78125
a_h1_h2-10m-n3-c32-concurrent_write-r1-cassandra,2026-09-07T18:46:44.8597104Z,483.23,8.837,0.8619461059570312,4814.09375
a_h1_h2-10m-n3-c32-concurrent_write-r1-cassandra,2026-09-07T18:46:51.2572428Z,490.78,8.836,0.8619461059570312,4818.296875
a_h1_h2-10m-n3-c32-concurrent_write-r1-cassandra,2026-09-07T18:46:58.5488175Z,474.25,8.836,0.8619461059570312,4822.328125
a_h1_h2-10m-n3-c32-concurrent_write-r1-cassandra,2026-09-07T18:47:05.8247023Z,483.58,8.837,0.8619461059570312,4826.625
a_h1_h2-10m-n3-c32-concurrent_write-r1-cassandra,2026-09-07T18:47:13.1336840Z,482.16999999999996,8.837,0.8620223999023438,4830.453125
a_h1_h2-10m-n3-c32-concurrent_write-r1-cassandra,2026-09-07T18:47:20.2625641Z,481.27,8.84,0.8628501892089844,4834.875
a_h1_h2-10m-n3-c32-concurrent_write-r1-cassandra,2026-09-07T18:47:27.5593907Z,449.71000000000004,8.839,0.86285400390625,4838.921875
a_h1_h2-10m-n3-c32-concurrent_write-r1-cassandra,2026-09-07T18:47:34.8621378Z,485.78,8.841000000000001,0.8628578186035156,4842.875
a_h1_h2-10m-n3-c32-concurrent_write-r1-cassandra,2026-09-07T18:47:41.3561583Z,482.97,8.84,0.8628578186035156,4846.546875
a_h1_h2-10m-n3-c32-concurrent_write-r1-cassandra,2026-09-07T18:47:48.6474588Z,447.5,8.84,0.8628578186035156,4850.359375
a_h1_h2-10m-n3-c32-concurrent_write-r1-cassandra,2026-09-07T18:47:55.9209248Z,474.96000000000004,8.841000000000001,0.8628578186035156,4854.34375
a_h1_h2-10m-n3-c32-concurrent_write-r1-cassandra,2026-09-07T18:48:03.1955881Z,469.2,8.842,0.8628578186035156,4858.5625
a_h1_h2-10m-n3-c32-concurrent_write-r1-cassandra,2026-09-07T18:48:10.2977466Z,485.40999999999997,8.842,0.8630790710449219,4862.421875
a_h1_h2-10m-n3-c32-concurrent_write-r1-cassandra,2026-09-07T18:48:17.5875356Z,450.76,8.842,0.867950439453125,4866.828125
a_h1_h2-10m-n3-c32-concurrent_write-r1-cassandra,2026-09-07T18:48:24.8789679Z,488.12,8.841000000000001,0.867950439453125,4871.09375
a_h1_h2-10m-n3-c32-concurrent_write-r1-cassandra,2026-09-07T18:48:31.3541147Z,488.23,8.841000000000001,0.867950439453125,4874.53125
a_h1_h2-10m-n3-c32-concurrent_write-r1-cassandra,2026-09-07T18:48:38.6380393Z,480.92999999999995,8.842,0.867950439453125,4878.6875
a_h1_h2-10m-n3-c32-concurrent_write-r1-cassandra,2026-09-07T18:48:45.9270825Z,475.33000000000004,8.843,0.867950439453125,4882.53125
a_h1_h2-10m-n3-c32-concurrent_write-r1-cassandra,2026-09-07T18:48:53.2030129Z,519.04,8.843,0.8681831359863281,4886.234375
a_h1_h2-10m-n3-c32-concurrent_write-r1-cassandra,2026-09-07T18:49:00.3359128Z,479.53,8.842,0.8681831359863281,4889.859375
a_h1_h2-10m-n3-c32-concurrent_write-r2-cassandra,2026-09-07T21:00:57.9431770Z,486.0,7.833,0.8818588256835938,4840.828125
a_h1_h2-10m-n3-c32-concurrent_write-r2-cassandra,2026-09-07T21:01:04.5015662Z,481.13,7.832000000000001,0.8818778991699219,4844.796875
a_h1_h2-10m-n3-c32-concurrent_write-r2-cassandra,2026-09-07T21:01:11.7821565Z,481.73,7.832000000000001,0.8821296691894531,4848.90625
a_h1_h2-10m-n3-c32-concurrent_write-r2-cassandra,2026-09-07T21:01:19.0622725Z,489.61,7.832000000000001,0.8821296691894531,4853.546875
a_h1_h2-10m-n3-c32-concurrent_write-r2-cassandra,2026-09-07T21:01:25.5507851Z,492.51,7.831,0.8821907043457031,4857.0625
a_h1_h2-10m-n3-c32-concurrent_write-r2-cassandra,2026-09-07T21:01:32.8224856Z,457.93,7.831,0.8821907043457031,4860.421875
a_h1_h2-10m-n3-c32-concurrent_write-r2-cassandra,2026-09-07T21:01:40.1059393Z,501.94,7.832000000000001,0.8821907043457031,4863.96875
a_h1_h2-10m-n3-c32-concurrent_write-r2-cassandra,2026-09-07T21:01:46.5824771Z,484.15,7.832000000000001,0.8821907043457031,4867.859375
a_h1_h2-10m-n3-c32-concurrent_write-r2-cassandra,2026-09-07T21:01:53.8579164Z,482.0,7.832000000000001,0.8561973571777344,4871.578125
a_h1_h2-10m-n3-c32-concurrent_write-r2-cassandra,2026-09-07T21:02:01.1235735Z,518.53,7.833,0.8587570190429688,4875.40625
a_h1_h2-10m-n3-c32-concurrent_write-r2-cassandra,2026-09-07T21:02:08.3978519Z,481.78999999999996,7.834,0.8587570190429688,4879.28125
a_h1_h2-10m-n3-c32-concurrent_write-r2-cassandra,2026-09-07T21:02:15.5873884Z,479.83,7.834,0.8587570190429688,4883.3125
a_h1_h2-10m-n3-c32-concurrent_write-r2-cassandra,2026-09-07T21:02:22.8785646Z,453.26,7.836,0.8587570190429688,4888
a_h1_h2-10m-n3-c32-concurrent_write-r2-cassandra,2026-09-07T21:02:30.1627292Z,495.40999999999997,7.836,0.8587570190429688,4892.59375
a_h1_h2-10m-n3-c32-concurrent_write-r2-cassandra,2026-09-07T21:02:36.6019314Z,487.6,7.836,0.8587570190429688,4896.328125
a_h1_h2-10m-n3-c32-concurrent_write-r2-cassandra,2026-09-07T21:02:43.8921939Z,479.68,7.836,0.8590049743652344,4900.453125
a_h1_h2-10m-n3-c32-concurrent_write-r2-cassandra,2026-09-07T21:02:51.1764419Z,521.3000000000001,7.837,0.8590049743652344,4904.359375
a_h1_h2-10m-n3-c32-concurrent_write-r2-cassandra,2026-09-07T21:02:58.4504254Z,487.78999999999996,7.837999999999999,0.8590049743652344,4908.03125
a_h1_h2-10m-n3-c32-concurrent_write-r2-cassandra,2026-09-07T21:03:05.5812749Z,479.16,7.835,0.8590087890625,4912.125
a_h1_h2-10m-n3-c32-concurrent_write-r2-cassandra,2026-09-07T21:03:12.8625212Z,473.42,7.837,0.8590087890625,4916.484375
a_h1_h2-10m-n3-c32-concurrent_write-r2-cassandra,2026-09-07T21:03:20.1441130Z,490.95,7.837,0.8590087890625,4920.5
a_h1_h2-10m-n3-c32-concurrent_write-r2-cassandra,2026-09-07T21:03:26.6540202Z,480.15,7.837999999999999,0.8592567443847656,4924.109375
a_h1_h2-10m-n3-c32-concurrent_write-r2-cassandra,2026-09-07T21:03:33.9424796Z,508.85,7.837,0.8592567443847656,4927.453125
a_h1_h2-10m-n3-c32-concurrent_write-r2-cassandra,2026-09-07T21:03:41.2348285Z,490.15999999999997,7.836,0.8592567443847656,4931.703125
a_h1_h2-10m-n3-c32-concurrent_write-r2-cassandra,2026-09-07T21:03:48.5217226Z,480.93,7.835,0.8592567443847656,4935.96875
a_h1_h2-10m-n3-c32-concurrent_write-r3-cassandra,2026-09-07T23:15:09.4364809Z,492.59000000000003,7.842,0.8562202453613281,4773.96875
a_h1_h2-10m-n3-c32-concurrent_write-r3-cassandra,2026-09-07T23:15:16.7168183Z,493.96000000000004,7.842,0.8639869689941406,4777.984375
a_h1_h2-10m-n3-c32-concurrent_write-r3-cassandra,2026-09-07T23:15:24.0051655Z,489.17,7.842,0.8642692565917969,4782.375
a_h1_h2-10m-n3-c32-concurrent_write-r3-cassandra,2026-09-07T23:15:30.4832766Z,473.62,7.842,0.8642692565917969,4785.515625
a_h1_h2-10m-n3-c32-concurrent_write-r3-cassandra,2026-09-07T23:15:37.7665219Z,442.25,7.843,0.8643608093261719,4790.171875
a_h1_h2-10m-n3-c32-concurrent_write-r3-cassandra,2026-09-07T23:15:45.0373585Z,474.29999999999995,7.843,0.8649101257324219,4794.375
a_h1_h2-10m-n3-c32-concurrent_write-r3-cassandra,2026-09-07T23:15:51.4675216Z,479.15,7.842,0.8649101257324219,4797.90625
a_h1_h2-10m-n3-c32-concurrent_write-r3-cassandra,2026-09-07T23:15:58.7696890Z,447.97,7.843,0.8649101257324219,4802.0625
a_h1_h2-10m-n3-c32-concurrent_write-r3-cassandra,2026-09-07T23:16:06.0509028Z,479.59000000000003,7.845000000000001,0.8649253845214844,4805.78125
a_h1_h2-10m-n3-c32-concurrent_write-r3-cassandra,2026-09-07T23:16:13.3400624Z,526.01,7.845000000000001,0.8649406433105469,4809.390625
a_h1_h2-10m-n3-c32-concurrent_write-r3-cassandra,2026-09-07T23:16:20.4908791Z,479.06,7.844,0.8649406433105469,4813.046875
a_h1_h2-10m-n3-c32-concurrent_write-r3-cassandra,2026-09-07T23:16:27.7705307Z,459.41,7.845000000000001,0.8651618957519531,4816.515625
a_h1_h2-10m-n3-c32-concurrent_write-r3-cassandra,2026-09-07T23:16:35.0540708Z,489.17,7.844,0.8651618957519531,4820.484375
a_h1_h2-10m-n3-c32-concurrent_write-r3-cassandra,2026-09-07T23:16:41.4970668Z,487.41999999999996,7.846,0.8651618957519531,4823.90625
a_h1_h2-10m-n3-c32-concurrent_write-r3-cassandra,2026-09-07T23:16:48.7700956Z,459.54999999999995,7.846,0.8651618957519531,4827.984375
a_h1_h2-10m-n3-c32-concurrent_write-r3-cassandra,2026-09-07T23:16:56.0582137Z,485.18,7.847,0.8651618957519531,4831.796875
a_h1_h2-10m-n3-c32-concurrent_write-r3-cassandra,2026-09-07T23:17:03.3388361Z,488.95000000000005,7.846,0.8651618957519531,4836.40625
a_h1_h2-10m-n3-c32-concurrent_write-r3-cassandra,2026-09-07T23:17:10.5292254Z,485.91999999999996,7.847,0.8651618957519531,4840.5625
a_h1_h2-10m-n3-c32-concurrent_write-r3-cassandra,2026-09-07T23:17:17.8050021Z,447.6,7.847,0.8654365539550781,4844.46875
a_h1_h2-10m-n3-c32-concurrent_write-r3-cassandra,2026-09-07T23:17:25.0846256Z,488.97,7.847,0.8654365539550781,4848.484375
a_h1_h2-10m-n3-c32-concurrent_write-r3-cassandra,2026-09-07T23:17:31.5923147Z,486.53999999999996,7.847,0.8654365539550781,4852.09375
a_h1_h2-10m-n3-c32-concurrent_write-r3-cassandra,2026-09-07T23:17:38.8981964Z,463.83000000000004,7.847,0.8654365539550781,4856.09375
a_h1_h2-10m-n3-c32-concurrent_write-r3-cassandra,2026-09-07T23:17:46.1862943Z,511.73,7.849,0.8654365539550781,4859.546875
a_h1_h2-10m-n3-c32-concurrent_write-r3-cassandra,2026-09-07T23:17:53.4559625Z,494.62,7.846,0.8654365539550781,4863.71875
a_h1_h2-10m-n3-c32-concurrent_write-r3-cassandra,2026-09-07T23:18:00.5424851Z,489.84000000000003,7.846,0.8656234741210938,4867.84375
a_h1_h2-10m-n3-c32-read_single-r1-cassandra,2026-09-08T00:24:01.2137132Z,490.53,8.735,0.8157501220703125,2374.03125
a_h1_h2-10m-n3-c32-read_single-r1-cassandra,2026-09-08T00:24:08.5039634Z,492.31,8.75,0.816009521484375,2377.515625
a_h1_h2-10m-n3-c32-read_single-r1-cassandra,2026-09-08T00:24:15.7819038Z,512.45,8.762,0.8185081481933594,2381.390625
a_h1_h2-10m-n3-c32-read_single-r1-cassandra,2026-09-08T00:24:22.9974183Z,495.37,8.772,0.8117790222167969,2384.75
a_h1_h2-10m-n3-c32-read_single-r1-cassandra,2026-09-08T00:24:30.2974715Z,494.07000000000005,8.782,0.8120269775390625,2388.796875
a_h1_h2-10m-n3-c32-read_single-r1-cassandra,2026-09-08T00:24:37.5629827Z,500.27,8.79,0.8120269775390625,2392.53125
a_h1_h2-10m-n3-c32-read_single-r1-cassandra,2026-09-08T00:24:44.0168616Z,486.36,8.796,0.8120307922363281,2395.53125
a_h1_h2-10m-n3-c32-read_single-r1-cassandra,2026-09-08T00:24:51.3141667Z,481.03999999999996,8.803,0.8124237060546875,2399.09375
a_h1_h2-10m-n3-c32-read_single-r1-cassandra,2026-09-08T00:24:58.6011224Z,487.96000000000004,8.808,0.8124237060546875,2402.46875
a_h1_h2-10m-n3-c32-read_single-r1-cassandra,2026-09-08T00:25:05.8875648Z,502.47,8.815,0.8138198852539062,2406.4375
a_h1_h2-10m-n3-c32-read_single-r1-cassandra,2026-09-08T00:25:12.9836629Z,504.05,8.818999999999999,0.8154869079589844,2409.84375
a_h1_h2-10m-n3-c32-read_single-r1-cassandra,2026-09-08T00:25:20.2768997Z,490.13,8.823,0.8162765502929688,2413.046875
a_h1_h2-10m-n3-c32-read_single-r1-cassandra,2026-09-08T00:25:27.5521416Z,504.21000000000004,8.826,0.8162765502929688,2416.65625
a_h1_h2-10m-n3-c32-read_single-r1-cassandra,2026-09-08T00:25:34.0362911Z,500.75,8.829,0.8162765502929688,2419.640625
a_h1_h2-10m-n3-c32-read_single-r1-cassandra,2026-09-08T00:25:41.3401618Z,482.23,8.832,0.8162765502929688,2423.578125
a_h1_h2-10m-n3-c32-read_single-r1-cassandra,2026-09-08T00:25:48.6090423Z,491.11,8.835,0.8127822875976562,2427.796875
a_h1_h2-10m-n3-c32-read_single-r1-cassandra,2026-09-08T00:25:55.8941307Z,498.08,8.839,0.8129806518554688,2431.734375
a_h1_h2-10m-n3-c32-read_single-r1-cassandra,2026-09-08T00:26:02.9962119Z,506.58,8.839,0.8131217956542969,2435.140625
a_h1_h2-10m-n3-c32-read_single-r1-cassandra,2026-09-08T00:26:10.2689128Z,486.67,8.84,0.8131256103515625,2439
a_h1_h2-10m-n3-c32-read_single-r1-cassandra,2026-09-08T00:26:17.5463936Z,502.28999999999996,8.842,0.813140869140625,2442.546875
a_h1_h2-10m-n3-c32-read_single-r1-cassandra,2026-09-08T00:26:24.0473877Z,496.99,8.844000000000001,0.813140869140625,2445.359375
a_h1_h2-10m-n3-c32-read_single-r1-cassandra,2026-09-08T00:26:31.3324910Z,484.2,8.846,0.813140869140625,2448.546875
a_h1_h2-10m-n3-c32-read_single-r1-cassandra,2026-09-08T00:26:38.6030546Z,505.24,8.847,0.813140869140625,2451.671875
a_h1_h2-10m-n3-c32-read_single-r1-cassandra,2026-09-08T00:26:45.8942657Z,493.45,8.849,0.813140869140625,2455.125
a_h1_h2-10m-n3-c32-read_single-r1-cassandra,2026-09-08T00:26:53.0695702Z,495.91999999999996,8.849,0.8133468627929688,2458.40625
a_h1_h2-10m-n3-c32-read_single-r2-cassandra,2026-09-08T01:33:33.7945558Z,482.71000000000004,9.784,0.8227806091308594,2376.4375
a_h1_h2-10m-n3-c32-read_single-r2-cassandra,2026-09-08T01:33:41.0744276Z,482.01,9.797,0.8229789733886719,2380.359375
a_h1_h2-10m-n3-c32-read_single-r2-cassandra,2026-09-08T01:33:48.3667250Z,509.85,9.808,0.8240470886230469,2383.734375
a_h1_h2-10m-n3-c32-read_single-r2-cassandra,2026-09-08T01:33:55.5241840Z,500.97,9.816,0.8240470886230469,2387.578125
a_h1_h2-10m-n3-c32-read_single-r2-cassandra,2026-09-08T01:34:02.8166725Z,473.97,9.825,0.8240547180175781,2390.875
a_h1_h2-10m-n3-c32-read_single-r2-cassandra,2026-09-08T01:34:10.1027632Z,500.92,9.833,0.8240585327148438,2394.171875
a_h1_h2-10m-n3-c32-read_single-r2-cassandra,2026-09-08T01:34:16.5962909Z,500.78,9.839,0.824310302734375,2397.125
a_h1_h2-10m-n3-c32-read_single-r2-cassandra,2026-09-08T01:34:23.8741913Z,493.78,9.844,0.824310302734375,2400.53125
a_h1_h2-10m-n3-c32-read_single-r2-cassandra,2026-09-08T01:34:31.1458585Z,508.0,9.85,0.8243141174316406,2404.875
a_h1_h2-10m-n3-c32-read_single-r2-cassandra,2026-09-08T01:34:38.4317150Z,492.15,9.854,0.8243598937988281,2408.03125
a_h1_h2-10m-n3-c32-read_single-r2-cassandra,2026-09-08T01:34:45.5565513Z,500.23,9.86,0.824371337890625,2411.28125
a_h1_h2-10m-n3-c32-read_single-r2-cassandra,2026-09-08T01:34:52.8300634Z,471.44,9.863,0.824371337890625,2415.0625
a_h1_h2-10m-n3-c32-read_single-r2-cassandra,2026-09-08T01:35:00.0957869Z,510.08000000000004,9.866,0.824432373046875,2418.984375
a_h1_h2-10m-n3-c32-read_single-r2-cassandra,2026-09-08T01:35:06.5528152Z,493.23,9.869,0.824432373046875,2422.71875
a_h1_h2-10m-n3-c32-read_single-r2-cassandra,2026-09-08T01:35:13.8432029Z,487.52,9.870999999999999,0.8246345520019531,2426.1875
a_h1_h2-10m-n3-c32-read_single-r2-cassandra,2026-09-08T01:35:21.1121183Z,486.35,9.872,0.8246383666992188,2429.9375
a_h1_h2-10m-n3-c32-read_single-r2-cassandra,2026-09-08T01:35:28.3957667Z,506.47,9.873999999999999,0.8246383666992188,2433.6875
a_h1_h2-10m-n3-c32-read_single-r2-cassandra,2026-09-08T01:35:35.5899204Z,510.27,9.877,0.8246383666992188,2437.296875
a_h1_h2-10m-n3-c32-read_single-r2-cassandra,2026-09-08T01:35:42.8591343Z,476.65,9.877,0.8246383666992188,2440.8125
a_h1_h2-10m-n3-c32-read_single-r2-cassandra,2026-09-08T01:35:50.1257032Z,500.36,9.879,0.8246994018554688,2444.109375
a_h1_h2-10m-n3-c32-read_single-r2-cassandra,2026-09-08T01:35:56.6430583Z,516.66,9.881,0.8130416870117188,2447.953125
a_h1_h2-10m-n3-c32-read_single-r2-cassandra,2026-09-08T01:36:03.9272299Z,477.85,9.882,0.8134613037109375,2452.09375
a_h1_h2-10m-n3-c32-read_single-r2-cassandra,2026-09-08T01:36:11.2038563Z,504.8,9.883,0.8134765625,2455.6875
a_h1_h2-10m-n3-c32-read_single-r2-cassandra,2026-09-08T01:36:18.4683933Z,491.82,9.883,0.8134765625,2459.28125
a_h1_h2-10m-n3-c32-read_single-r2-cassandra,2026-09-08T01:36:25.6031316Z,499.23,9.884,0.8134765625,2462.890625
a_h1_h2-10m-n3-c32-read_single-r3-cassandra,2026-09-08T02:42:32.5353167Z,507.82,9.794,0.8127021789550781,2381.328125
a_h1_h2-10m-n3-c32-read_single-r3-cassandra,2026-09-08T02:42:39.0422900Z,496.38,9.807,0.8129119873046875,2384.203125
a_h1_h2-10m-n3-c32-read_single-r3-cassandra,2026-09-08T02:42:46.3145194Z,490.85,9.818999999999999,0.8190956115722656,2388.046875
a_h1_h2-10m-n3-c32-read_single-r3-cassandra,2026-09-08T02:42:53.5820684Z,496.55,9.829,0.8125190734863281,2392.140625
a_h1_h2-10m-n3-c32-read_single-r3-cassandra,2026-09-08T02:43:00.8562819Z,493.88,9.8,0.8137397766113281,2395.328125
a_h1_h2-10m-n3-c32-read_single-r3-cassandra,2026-09-08T02:43:08.0325350Z,493.4,9.808,0.8120155334472656,2398.96875
a_h1_h2-10m-n3-c32-read_single-r3-cassandra,2026-09-08T02:43:15.2981115Z,474.5,9.814,0.8121719360351562,2402.875
a_h1_h2-10m-n3-c32-read_single-r3-cassandra,2026-09-08T02:43:22.5727778Z,491.36,9.821,0.8166618347167969,2406.65625
a_h1_h2-10m-n3-c32-read_single-r3-cassandra,2026-09-08T02:43:29.0294860Z,499.02,9.826,0.8166618347167969,2409.78125
a_h1_h2-10m-n3-c32-read_single-r3-cassandra,2026-09-08T02:43:36.3106254Z,491.24,9.831,0.8167228698730469,2413.828125
a_h1_h2-10m-n3-c32-read_single-r3-cassandra,2026-09-08T02:43:43.5884717Z,506.83000000000004,9.836,0.8167266845703125,2417.65625
a_h1_h2-10m-n3-c32-read_single-r3-cassandra,2026-09-08T02:43:50.8798770Z,501.33000000000004,9.84,0.8169517517089844,2421.28125
a_h1_h2-10m-n3-c32-read_single-r3-cassandra,2026-09-08T02:43:58.1031827Z,486.1,9.843,0.8169517517089844,2424.734375
a_h1_h2-10m-n3-c32-read_single-r3-cassandra,2026-09-08T02:44:05.3951581Z,490.56,9.844999999999999,0.8169517517089844,2428.40625
a_h1_h2-10m-n3-c32-read_single-r3-cassandra,2026-09-08T02:44:12.6773435Z,505.59,9.847,0.81695556640625,2432.96875
a_h1_h2-10m-n3-c32-read_single-r3-cassandra,2026-09-08T02:44:19.1250558Z,494.65999999999997,9.85,0.81695556640625,2436.296875
a_h1_h2-10m-n3-c32-read_single-r3-cassandra,2026-09-08T02:44:26.4019326Z,474.66,9.851,0.81695556640625,2439.921875
a_h1_h2-10m-n3-c32-read_single-r3-cassandra,2026-09-08T02:44:33.6751097Z,505.08000000000004,9.854,0.81695556640625,2443.53125
a_h1_h2-10m-n3-c32-read_single-r3-cassandra,2026-09-08T02:44:40.9535575Z,504.11,9.854,0.81695556640625,2446.625
a_h1_h2-10m-n3-c32-read_single-r3-cassandra,2026-09-08T02:44:48.0977907Z,509.67999999999995,9.856,0.8172721862792969,2450.140625
a_h1_h2-10m-n3-c32-read_single-r3-cassandra,2026-09-08T02:44:55.3646373Z,480.78,9.858,0.8172721862792969,2453.953125
a_h1_h2-10m-n3-c32-read_single-r3-cassandra,2026-09-08T02:45:02.6424438Z,501.9,9.858,0.8172721862792969,2457.921875
a_h1_h2-10m-n3-c32-read_single-r3-cassandra,2026-09-08T02:45:09.1367768Z,496.09000000000003,9.858,0.8172721862792969,2461.03125
a_h1_h2-10m-n3-c32-read_single-r3-cassandra,2026-09-08T02:45:16.4226659Z,485.03,9.861,0.8172721862792969,2464.046875
a_h1_h2-10m-n3-c32-read_single-r3-cassandra,2026-09-08T02:45:23.7118913Z,499.59000000000003,9.862,0.8172721862792969,2467.90625
a_h1_h2-10m-n3-c128-concurrent_write-r1-cassandra,2026-09-08T04:56:51.1902526Z,510.41999999999996,8.882,0.8670845031738281,4703.28125
a_h1_h2-10m-n3-c128-concurrent_write-r1-cassandra,2026-09-08T04:56:58.4745184Z,507.13,8.882,0.8671188354492188,4706.484375
a_h1_h2-10m-n3-c128-concurrent_write-r1-cassandra,2026-09-08T04:57:05.7718289Z,497.89,8.884,0.8672752380371094,4710.25
a_h1_h2-10m-n3-c128-concurrent_write-r1-cassandra,2026-09-08T04:57:13.0675337Z,495.31,8.883000000000001,0.8673362731933594,4713.8125
a_h1_h2-10m-n3-c128-concurrent_write-r1-cassandra,2026-09-08T04:57:20.3552284Z,474.4,8.881,0.8676185607910156,4717.046875
a_h1_h2-10m-n3-c128-concurrent_write-r1-cassandra,2026-09-08T04:57:27.6680358Z,510.86,8.881,0.8676223754882812,4720.3125
a_h1_h2-10m-n3-c128-concurrent_write-r1-cassandra,2026-09-08T04:57:34.1993444Z,519.71,8.881,0.8676223754882812,4722.890625
a_h1_h2-10m-n3-c128-concurrent_write-r1-cassandra,2026-09-08T04:57:41.5267202Z,505.05,8.881,0.8677139282226562,4725.921875
a_h1_h2-10m-n3-c128-concurrent_write-r1-cassandra,2026-09-08T04:57:48.8305569Z,515.2,8.884,0.8677406311035156,4728.953125
a_h1_h2-10m-n3-c128-concurrent_write-r1-cassandra,2026-09-08T04:57:56.1340626Z,512.88,8.884,0.8679695129394531,4732.1875
a_h1_h2-10m-n3-c128-concurrent_write-r1-cassandra,2026-09-08T04:58:03.1189481Z,498.84,8.884,0.8679695129394531,4735.765625
a_h1_h2-10m-n3-c128-concurrent_write-r1-cassandra,2026-09-08T04:58:10.4342897Z,481.16999999999996,8.884,0.8679885864257812,4739.265625
a_h1_h2-10m-n3-c128-concurrent_write-r1-cassandra,2026-09-08T04:58:17.7353421Z,510.46,8.885,0.8679885864257812,4742.03125
a_h1_h2-10m-n3-c128-concurrent_write-r1-cassandra,2026-09-08T04:58:24.2055762Z,494.16999999999996,8.887,0.8679885864257812,4745.515625
a_h1_h2-10m-n3-c128-concurrent_write-r1-cassandra,2026-09-08T04:58:31.5119305Z,494.45000000000005,8.886,0.8682060241699219,4748.671875
a_h1_h2-10m-n3-c128-concurrent_write-r1-cassandra,2026-09-08T04:58:38.8234843Z,508.85,8.885,0.8682060241699219,4751.25
a_h1_h2-10m-n3-c128-concurrent_write-r1-cassandra,2026-09-08T04:58:46.1378171Z,506.6,8.886,0.8682060241699219,4754.078125
a_h1_h2-10m-n3-c128-concurrent_write-r1-cassandra,2026-09-08T04:58:53.1910205Z,505.69000000000005,8.886,0.8682060241699219,4756.8125
a_h1_h2-10m-n3-c128-concurrent_write-r1-cassandra,2026-09-08T04:59:00.4943929Z,462.84000000000003,8.885,0.8682060241699219,4759.875
a_h1_h2-10m-n3-c128-concurrent_write-r1-cassandra,2026-09-08T04:59:07.8127037Z,509.08000000000004,8.885,0.8682060241699219,4762.671875
a_h1_h2-10m-n3-c128-concurrent_write-r1-cassandra,2026-09-08T04:59:14.2662374Z,508.86,8.885,0.8684577941894531,4765.03125
a_h1_h2-10m-n3-c128-concurrent_write-r1-cassandra,2026-09-08T04:59:21.5862863Z,481.83,8.885,0.8684577941894531,4768.015625
a_h1_h2-10m-n3-c128-concurrent_write-r1-cassandra,2026-09-08T04:59:28.9008554Z,513.8,8.887,0.8684577941894531,4771.140625
a_h1_h2-10m-n3-c128-concurrent_write-r1-cassandra,2026-09-08T04:59:36.2018316Z,504.15,8.886,0.8684577941894531,4774.140625
a_h1_h2-10m-n3-c128-concurrent_write-r1-cassandra,2026-09-08T04:59:43.2384721Z,506.51,8.887,0.8684577941894531,4777.28125
a_h1_h2-10m-n3-c128-concurrent_write-r2-cassandra,2026-09-08T07:09:16.7945340Z,531.37,7.848,0.913116455078125,4679.5625
a_h1_h2-10m-n3-c128-concurrent_write-r2-cassandra,2026-09-08T07:09:24.0670938Z,518.96,7.85,0.8642616271972656,4683.546875
a_h1_h2-10m-n3-c128-concurrent_write-r2-cassandra,2026-09-08T07:09:31.3347048Z,522.1500000000001,7.849,0.8642654418945312,4687.90625
a_h1_h2-10m-n3-c128-concurrent_write-r2-cassandra,2026-09-08T07:09:37.8277343Z,507.49,7.849,0.8643112182617188,4691.8125
a_h1_h2-10m-n3-c128-concurrent_write-r2-cassandra,2026-09-08T07:09:45.0823098Z,487.87,7.85,0.8645591735839844,4695.984375
a_h1_h2-10m-n3-c128-concurrent_write-r2-cassandra,2026-09-08T07:09:52.3410967Z,537.08,7.852,0.8645591735839844,4700.109375
a_h1_h2-10m-n3-c128-concurrent_write-r2-cassandra,2026-09-08T07:09:58.9197865Z,505.09000000000003,7.853,0.8647041320800781,4703.6875
a_h1_h2-10m-n3-c128-concurrent_write-r2-cassandra,2026-09-08T07:10:06.2059802Z,492.68,7.855,0.8660774230957031,4707.96875
a_h1_h2-10m-n3-c128-concurrent_write-r2-cassandra,2026-09-08T07:10:13.4795646Z,515.87,7.854000000000001,0.8669891357421875,4711.90625
a_h1_h2-10m-n3-c128-concurrent_write-r2-cassandra,2026-09-08T07:10:20.7500566Z,506.5,7.855,0.8669929504394531,4715.96875
a_h1_h2-10m-n3-c128-concurrent_write-r2-cassandra,2026-09-08T07:10:27.8450871Z,510.23,7.855,0.8670501708984375,4719.796875
a_h1_h2-10m-n3-c128-concurrent_write-r2-cassandra,2026-09-08T07:10:35.1231960Z,490.3,7.856,0.8673362731933594,4723.40625
a_h1_h2-10m-n3-c128-concurrent_write-r2-cassandra,2026-09-08T07:10:42.4135860Z,549.95,7.855,0.8673362731933594,4727.359375
a_h1_h2-10m-n3-c128-concurrent_write-r2-cassandra,2026-09-08T07:10:48.9045798Z,528.67,7.855,0.867340087890625,4730.90625
a_h1_h2-10m-n3-c128-concurrent_write-r2-cassandra,2026-09-08T07:10:56.1814074Z,510.01,7.853,0.8674468994140625,4735.3125
a_h1_h2-10m-n3-c128-concurrent_write-r2-cassandra,2026-09-08T07:11:03.4551218Z,526.77,7.855,0.8676986694335938,4738.6875
a_h1_h2-10m-n3-c128-concurrent_write-r2-cassandra,2026-09-08T07:11:10.7269811Z,515.95,7.855,0.8678207397460938,4742.515625
a_h1_h2-10m-n3-c128-concurrent_write-r2-cassandra,2026-09-08T07:11:17.8956099Z,515.8199999999999,7.855,0.8678207397460938,4745.90625
a_h1_h2-10m-n3-c128-concurrent_write-r2-cassandra,2026-09-08T07:11:25.1791339Z,485.89,7.856,0.868072509765625,4750.265625
a_h1_h2-10m-n3-c128-concurrent_write-r2-cassandra,2026-09-08T07:11:32.4540691Z,501.89,7.856,0.8680763244628906,4754.546875
a_h1_h2-10m-n3-c128-concurrent_write-r2-cassandra,2026-09-08T07:11:39.0595491Z,515.9,7.856,0.8680763244628906,4757.875
a_h1_h2-10m-n3-c128-concurrent_write-r2-cassandra,2026-09-08T07:11:46.3268458Z,508.6,7.854,0.8681755065917969,4762.21875
a_h1_h2-10m-n3-c128-concurrent_write-r2-cassandra,2026-09-08T07:11:53.6030406Z,518.6,7.856,0.8683586120605469,4765.9375
a_h1_h2-10m-n3-c128-concurrent_write-r2-cassandra,2026-09-08T07:12:00.8557309Z,518.77,7.856,0.8683586120605469,4769.765625
a_h1_h2-10m-n3-c128-concurrent_write-r2-cassandra,2026-09-08T07:12:07.9294442Z,518.95,7.857,0.8683624267578125,4773.546875
a_h1_h2-10m-n3-c128-concurrent_write-r3-cassandra,2026-09-08T09:21:41.8590514Z,508.74,7.861000000000001,0.88543701171875,4654.484375
a_h1_h2-10m-n3-c128-concurrent_write-r3-cassandra,2026-09-08T09:21:49.1410929Z,518.36,7.862,0.8857269287109375,4658.609375
a_h1_h2-10m-n3-c128-concurrent_write-r3-cassandra,2026-09-08T09:21:56.4212937Z,547.95,7.862,0.8857269287109375,4662.1875
a_h1_h2-10m-n3-c128-concurrent_write-r3-cassandra,2026-09-08T09:22:02.8829374Z,530.9,7.862,0.8857269287109375,4666.046875
a_h1_h2-10m-n3-c128-concurrent_write-r3-cassandra,2026-09-08T09:22:10.1608708Z,485.07,7.864000000000001,0.8857269287109375,4670.234375
a_h1_h2-10m-n3-c128-concurrent_write-r3-cassandra,2026-09-08T09:22:17.4430502Z,515.17,7.863,0.8859367370605469,4674.609375
a_h1_h2-10m-n3-c128-concurrent_write-r3-cassandra,2026-09-08T09:22:23.9636536Z,518.37,7.866,0.8859367370605469,4677.96875
a_h1_h2-10m-n3-c128-concurrent_write-r3-cassandra,2026-09-08T09:22:31.2365162Z,492.33000000000004,7.866,0.8859367370605469,4682.328125
a_h1_h2-10m-n3-c128-concurrent_write-r3-cassandra,2026-09-08T09:22:38.5108484Z,507.19,7.866,0.8859977722167969,4686.671875
a_h1_h2-10m-n3-c128-concurrent_write-r3-cassandra,2026-09-08T09:22:45.7797483Z,512.84,7.867,0.8862113952636719,4691.078125
a_h1_h2-10m-n3-c128-concurrent_write-r3-cassandra,2026-09-08T09:22:52.9265366Z,515.53,7.868,0.8862724304199219,4694.921875
a_h1_h2-10m-n3-c128-concurrent_write-r3-cassandra,2026-09-08T09:23:00.1930645Z,486.1,7.868,0.8862724304199219,4699.390625
a_h1_h2-10m-n3-c128-concurrent_write-r3-cassandra,2026-09-08T09:23:07.4669802Z,512.3,7.868,0.8862724304199219,4702.671875
a_h1_h2-10m-n3-c128-concurrent_write-r3-cassandra,2026-09-08T09:23:13.9798885Z,548.86,7.869,0.8864784240722656,4706.484375
a_h1_h2-10m-n3-c128-concurrent_write-r3-cassandra,2026-09-08T09:23:21.2576617Z,506.19,7.863,0.8864784240722656,4710.703125
a_h1_h2-10m-n3-c128-concurrent_write-r3-cassandra,2026-09-08T09:23:28.5239583Z,508.41999999999996,7.865,0.8864784240722656,4714.5
a_h1_h2-10m-n3-c128-concurrent_write-r3-cassandra,2026-09-08T09:23:35.8288529Z,509.8,7.864000000000001,0.8864784240722656,4717.859375
a_h1_h2-10m-n3-c128-concurrent_write-r3-cassandra,2026-09-08T09:23:42.9460411Z,522.0,7.865,0.8867416381835938,4722.078125
a_h1_h2-10m-n3-c128-concurrent_write-r3-cassandra,2026-09-08T09:23:50.2127453Z,493.84000000000003,7.866,0.8867416381835938,4725.640625
a_h1_h2-10m-n3-c128-concurrent_write-r3-cassandra,2026-09-08T09:23:57.5056155Z,507.64,7.866,0.8867416381835938,4729.171875
a_h1_h2-10m-n3-c128-concurrent_write-r3-cassandra,2026-09-08T09:24:04.0315613Z,525.73,7.867,0.8867416381835938,4732.640625
a_h1_h2-10m-n3-c128-concurrent_write-r3-cassandra,2026-09-08T09:24:11.3165551Z,506.5,7.868,0.8868980407714844,4736.328125
a_h1_h2-10m-n3-c128-concurrent_write-r3-cassandra,2026-09-08T09:24:18.5928010Z,509.21,7.867,0.8868980407714844,4740.1875
a_h1_h2-10m-n3-c128-concurrent_write-r3-cassandra,2026-09-08T09:24:25.8796074Z,514.88,7.869,0.8868980407714844,4744.71875
a_h1_h2-10m-n3-c128-concurrent_write-r3-cassandra,2026-09-08T09:24:33.0835531Z,510.78000000000003,7.869,0.8871231079101562,4748.4375
a_h1_h2-10m-n3-c128-read_single-r1-cassandra,2026-09-08T10:31:02.8238655Z,516.04,8.778,0.8248405456542969,2373.515625
a_h1_h2-10m-n3-c128-read_single-r1-cassandra,2026-09-08T10:31:10.1196145Z,540.69,8.793,0.8252716064453125,2377.015625
a_h1_h2-10m-n3-c128-read_single-r1-cassandra,2026-09-08T10:31:16.5530983Z,520.27,8.8,0.8319282531738281,2380.140625
a_h1_h2-10m-n3-c128-read_single-r1-cassandra,2026-09-08T10:31:23.8522875Z,513.06,8.81,0.8204498291015625,2383.296875
a_h1_h2-10m-n3-c128-read_single-r1-cassandra,2026-09-08T10:31:31.1495486Z,529.72,8.818,0.820770263671875,2386.375
a_h1_h2-10m-n3-c128-read_single-r1-cassandra,2026-09-08T10:31:38.4342451Z,542.8199999999999,8.823,0.8213348388671875,2390.578125
a_h1_h2-10m-n3-c128-read_single-r1-cassandra,2026-09-08T10:31:45.6399708Z,529.87,8.829,0.8213348388671875,2393.796875
a_h1_h2-10m-n3-c128-read_single-r1-cassandra,2026-09-08T10:31:52.9309914Z,500.02,8.834,0.8213348388671875,2397.46875
a_h1_h2-10m-n3-c128-read_single-r1-cassandra,2026-09-08T10:32:00.2209606Z,542.1800000000001,8.838000000000001,0.8216133117675781,2400.875
a_h1_h2-10m-n3-c128-read_single-r1-cassandra,2026-09-08T10:32:06.6471559Z,521.6800000000001,8.841,0.8220901489257812,2403.21875
a_h1_h2-10m-n3-c128-read_single-r1-cassandra,2026-09-08T10:32:13.9416433Z,521.93,8.845,0.8220977783203125,2406.140625
a_h1_h2-10m-n3-c128-read_single-r1-cassandra,2026-09-08T10:32:21.2219524Z,533.59,8.848,0.8221626281738281,2409.765625
a_h1_h2-10m-n3-c128-read_single-r1-cassandra,2026-09-08T10:32:28.5320577Z,541.03,8.85,0.8221626281738281,2413.6875
a_h1_h2-10m-n3-c128-read_single-r1-cassandra,2026-09-08T10:32:35.6205860Z,525.09,8.850999999999999,0.8221626281738281,2416.609375
a_h1_h2-10m-n3-c128-read_single-r1-cassandra,2026-09-08T10:32:42.9228505Z,506.31999999999994,8.853,0.8223342895507812,2420.578125
a_h1_h2-10m-n3-c128-read_single-r1-cassandra,2026-09-08T10:32:50.2100929Z,526.15,8.855,0.8224143981933594,2424.21875
a_h1_h2-10m-n3-c128-read_single-r1-cassandra,2026-09-08T10:32:56.7079176Z,520.33,8.855,0.8224143981933594,2426.90625
a_h1_h2-10m-n3-c128-read_single-r1-cassandra,2026-09-08T10:33:04.0025235Z,515.63,8.857,0.8224220275878906,2430.359375
a_h1_h2-10m-n3-c128-read_single-r1-cassandra,2026-09-08T10:33:11.2900682Z,535.34,8.857,0.8224220275878906,2433.625
a_h1_h2-10m-n3-c128-read_single-r1-cassandra,2026-09-08T10:33:18.5685834Z,533.09,8.858,0.8226280212402344,2437.375
a_h1_h2-10m-n3-c128-read_single-r1-cassandra,2026-09-08T10:33:25.5867618Z,529.96,8.858,0.8226280212402344,2440.59375
a_h1_h2-10m-n3-c128-read_single-r1-cassandra,2026-09-08T10:33:32.8584529Z,515.28,8.86,0.8228416442871094,2443.859375
a_h1_h2-10m-n3-c128-read_single-r1-cassandra,2026-09-08T10:33:40.1452671Z,526.53,8.861,0.8228416442871094,2447.15625
a_h1_h2-10m-n3-c128-read_single-r1-cassandra,2026-09-08T10:33:46.6659952Z,502.89,8.861,0.822845458984375,2450.46875
a_h1_h2-10m-n3-c128-read_single-r1-cassandra,2026-09-08T10:33:53.9448709Z,517.1,8.861,0.8231353759765625,2453.796875
a_h1_h2-10m-n3-c128-read_single-r2-cassandra,2026-09-08T11:40:29.2393589Z,522.46,9.847999999999999,0.8193588256835938,2386.65625
a_h1_h2-10m-n3-c128-read_single-r2-cassandra,2026-09-08T11:40:36.5430104Z,536.36,9.856,0.8199462890625,2390.28125
a_h1_h2-10m-n3-c128-read_single-r2-cassandra,2026-09-08T11:40:43.8274027Z,531.88,9.863,0.8202095031738281,2393.328125
a_h1_h2-10m-n3-c128-read_single-r2-cassandra,2026-09-08T11:40:51.1077039Z,542.0,9.866,0.8202400207519531,2396.578125
a_h1_h2-10m-n3-c128-read_single-r2-cassandra,2026-09-08T11:40:58.2278674Z,539.62,9.873,0.8204727172851562,2399.953125
a_h1_h2-10m-n3-c128-read_single-r2-cassandra,2026-09-08T11:41:05.5203786Z,503.07,9.876,0.821075439453125,2403.515625
a_h1_h2-10m-n3-c128-read_single-r2-cassandra,2026-09-08T11:41:12.7947897Z,532.78,9.879999999999999,0.8211021423339844,2407.09375
a_h1_h2-10m-n3-c128-read_single-r2-cassandra,2026-09-08T11:41:19.3165940Z,523.62,9.882,0.8211021423339844,2410.203125
a_h1_h2-10m-n3-c128-read_single-r2-cassandra,2026-09-08T11:41:26.5992203Z,522.46,9.884,0.8308944702148438,2414.3125
a_h1_h2-10m-n3-c128-read_single-r2-cassandra,2026-09-08T11:41:33.8841629Z,540.4200000000001,9.887,0.8311042785644531,2418.046875
a_h1_h2-10m-n3-c128-read_single-r2-cassandra,2026-09-08T11:41:41.1696898Z,529.88,9.89,0.8311042785644531,2421.515625
a_h1_h2-10m-n3-c128-read_single-r2-cassandra,2026-09-08T11:41:48.2599760Z,522.44,9.891,0.8311042785644531,2424.828125
a_h1_h2-10m-n3-c128-read_single-r2-cassandra,2026-09-08T11:41:55.5266399Z,510.59000000000003,9.893,0.8311080932617188,2428.296875
a_h1_h2-10m-n3-c128-read_single-r2-cassandra,2026-09-08T11:42:02.8060628Z,527.95,9.894,0.8311119079589844,2431.484375
a_h1_h2-10m-n3-c128-read_single-r2-cassandra,2026-09-08T11:42:09.3137583Z,536.27,9.896,0.8313484191894531,2434.953125
a_h1_h2-10m-n3-c128-read_single-r2-cassandra,2026-09-08T11:42:16.5932761Z,511.1,9.895999999999999,0.8313560485839844,2438.515625
a_h1_h2-10m-n3-c128-read_single-r2-cassandra,2026-09-08T11:42:23.8704356Z,539.3199999999999,9.897,0.8313560485839844,2441.46875
a_h1_h2-10m-n3-c128-read_single-r2-cassandra,2026-09-08T11:42:31.1505982Z,516.95,9.898,0.8313636779785156,2444.671875
a_h1_h2-10m-n3-c128-read_single-r2-cassandra,2026-09-08T11:42:38.2662790Z,537.84,9.899000000000001,0.8313636779785156,2448.328125
a_h1_h2-10m-n3-c128-read_single-r2-cassandra,2026-09-08T11:42:45.5561355Z,520.65,9.9,0.8315887451171875,2451.546875
a_h1_h2-10m-n3-c128-read_single-r2-cassandra,2026-09-08T11:42:52.8379156Z,545.21,9.892,0.8315887451171875,2454.9375
a_h1_h2-10m-n3-c128-read_single-r2-cassandra,2026-09-08T11:42:59.3840387Z,530.77,9.887,0.83160400390625,2457.75
a_h1_h2-10m-n3-c128-read_single-r2-cassandra,2026-09-08T11:43:06.6602682Z,526.7,9.886,0.8316726684570312,2460.984375
a_h1_h2-10m-n3-c128-read_single-r2-cassandra,2026-09-08T11:43:13.9456965Z,537.15,9.887,0.8316726684570312,2465.015625
a_h1_h2-10m-n3-c128-read_single-r3-cassandra,2026-09-08T12:49:41.8595984Z,535.19,9.831,0.8252449035644531,2360.734375
a_h1_h2-10m-n3-c128-read_single-r3-cassandra,2026-09-08T12:49:49.1334184Z,518.39,9.838000000000001,0.82525634765625,2364.25
a_h1_h2-10m-n3-c128-read_single-r3-cassandra,2026-09-08T12:49:56.4165851Z,523.1800000000001,9.843,0.8252639770507812,2368.1875
a_h1_h2-10m-n3-c128-read_single-r3-cassandra,2026-09-08T12:50:03.6834353Z,516.0699999999999,9.849,0.8253288269042969,2371.265625
a_h1_h2-10m-n3-c128-read_single-r3-cassandra,2026-09-08T12:50:10.8849284Z,520.4,9.853,0.8255882263183594,2374.375
a_h1_h2-10m-n3-c128-read_single-r3-cassandra,2026-09-08T12:50:18.1629704Z,499.4,9.857,0.8255882263183594,2377.984375
a_h1_h2-10m-n3-c128-read_single-r3-cassandra,2026-09-08T12:50:25.4448562Z,542.99,9.859,0.8256187438964844,2381.421875
a_h1_h2-10m-n3-c128-read_single-r3-cassandra,2026-09-08T12:50:31.9173364Z,532.06,9.863,0.8256187438964844,2384.09375
a_h1_h2-10m-n3-c128-read_single-r3-cassandra,2026-09-08T12:50:39.1951808Z,514.8299999999999,9.865,0.8258743286132812,2387.71875
a_h1_h2-10m-n3-c128-read_single-r3-cassandra,2026-09-08T12:50:46.4623427Z,540.6800000000001,9.867,0.8261070251464844,2391.46875
a_h1_h2-10m-n3-c128-read_single-r3-cassandra,2026-09-08T12:50:53.7491796Z,522.5699999999999,9.868,0.82611083984375,2394.828125
a_h1_h2-10m-n3-c128-read_single-r3-cassandra,2026-09-08T12:51:00.9051175Z,514.15,9.87,0.82611083984375,2398.109375
a_h1_h2-10m-n3-c128-read_single-r3-cassandra,2026-09-08T12:51:08.1951764Z,516.06,9.873,0.82611083984375,2401.421875
a_h1_h2-10m-n3-c128-read_single-r3-cassandra,2026-09-08T12:51:15.4647586Z,531.49,9.873,0.82611083984375,2404.859375
a_h1_h2-10m-n3-c128-read_single-r3-cassandra,2026-09-08T12:51:21.9268841Z,550.37,9.875,0.82635498046875,2408.28125
a_h1_h2-10m-n3-c128-read_single-r3-cassandra,2026-09-08T12:51:29.2019872Z,524.97,9.875,0.82635498046875,2412.25
a_h1_h2-10m-n3-c128-read_single-r3-cassandra,2026-09-08T12:51:36.4688401Z,530.75,9.876,0.82635498046875,2415.546875
a_h1_h2-10m-n3-c128-read_single-r3-cassandra,2026-09-08T12:51:43.7328196Z,522.44,9.876000000000001,0.82635498046875,2419.296875
a_h1_h2-10m-n3-c128-read_single-r3-cassandra,2026-09-08T12:51:50.9451185Z,543.41,9.878,0.8263587951660156,2422.828125
a_h1_h2-10m-n3-c128-read_single-r3-cassandra,2026-09-08T12:51:58.2296126Z,499.86,9.877,0.8265533447265625,2426.4375
a_h1_h2-10m-n3-c128-read_single-r3-cassandra,2026-09-08T12:52:05.5106662Z,531.62,9.878,0.8266143798828125,2429.359375
a_h1_h2-10m-n3-c128-read_single-r3-cassandra,2026-09-08T12:52:11.9593308Z,523.23,9.878,0.8266143798828125,2431.859375
a_h1_h2-10m-n3-c128-read_single-r3-cassandra,2026-09-08T12:52:19.2299013Z,521.72,9.879999999999999,0.8266181945800781,2435.984375
a_h1_h2-10m-n3-c128-read_single-r3-cassandra,2026-09-08T12:52:26.5078259Z,538.55,9.878,0.8266716003417969,2439.640625
a_h1_h2-10m-n3-c128-read_single-r3-cassandra,2026-09-08T12:52:33.8054406Z,535.01,9.879999999999999,0.8269729614257812,2443.125
b_h3-1m-n3-c8-concurrent_write-r1-cassandra,2026-09-08T13:03:31.3850245Z,352.37,8.861,0.7761878967285156,481.1875
b_h3-1m-n3-c8-concurrent_write-r1-cassandra,2026-09-08T13:03:38.6668427Z,329.13,8.846,0.7761917114257812,485.4375
b_h3-1m-n3-c8-concurrent_write-r1-cassandra,2026-09-08T13:03:45.9467156Z,344.68,8.847999999999999,0.7789268493652344,489.203125
b_h3-1m-n3-c8-concurrent_write-r1-cassandra,2026-09-08T13:03:52.4056393Z,346.62,8.847,0.7800941467285156,492.9375
b_h3-1m-n3-c8-concurrent_write-r1-cassandra,2026-09-08T13:03:59.6907353Z,337.73,8.847,0.7808990478515625,496.8125
b_h3-1m-n3-c8-concurrent_write-r1-cassandra,2026-09-08T13:04:06.9738941Z,341.89,8.847,0.7808837890625,500.84375
b_h3-1m-n3-c8-concurrent_write-r1-cassandra,2026-09-08T13:04:14.2458240Z,336.31,8.847,0.7808837890625,504.609375
b_h3-1m-n3-c8-concurrent_write-r1-cassandra,2026-09-08T13:04:21.4082549Z,346.57,8.847999999999999,0.7809486389160156,508.703125
b_h3-1m-n3-c8-concurrent_write-r1-cassandra,2026-09-08T13:04:28.6923848Z,327.28,8.847999999999999,0.7809524536132812,512.671875
b_h3-1m-n3-c8-concurrent_write-r1-cassandra,2026-09-08T13:04:35.9683999Z,350.71,8.847999999999999,0.7809524536132812,516.484375
b_h3-1m-n3-c8-concurrent_write-r1-cassandra,2026-09-08T13:04:42.4446384Z,345.21000000000004,8.847999999999999,0.7809524536132812,519.75
b_h3-1m-n3-c8-concurrent_write-r1-cassandra,2026-09-08T13:04:49.7194237Z,332.21,8.847,0.7809562683105469,523.953125
b_h3-1m-n3-c8-concurrent_write-r1-cassandra,2026-09-08T13:04:56.9962729Z,346.88,8.847999999999999,0.7809562683105469,527.828125
b_h3-1m-n3-c8-concurrent_write-r1-cassandra,2026-09-08T13:05:04.2813974Z,343.2,8.847999999999999,0.7809562683105469,531.609375
b_h3-1m-n3-c8-concurrent_write-r1-cassandra,2026-09-08T13:05:11.3729123Z,349.6,8.847,0.7809638977050781,535.640625
b_h3-1m-n3-c8-concurrent_write-r1-cassandra,2026-09-08T13:05:18.6476909Z,328.77,8.847999999999999,0.7809486389160156,539.546875
b_h3-1m-n3-c8-concurrent_write-r1-cassandra,2026-09-08T13:05:25.9336523Z,351.59,8.847999999999999,0.7809486389160156,543.375
b_h3-1m-n3-c8-concurrent_write-r1-cassandra,2026-09-08T13:05:32.4508290Z,347.59000000000003,8.847,0.7809486389160156,547.125
b_h3-1m-n3-c8-concurrent_write-r1-cassandra,2026-09-08T13:05:39.7320717Z,335.15,8.847,0.7809486389160156,551.296875
b_h3-1m-n3-c8-concurrent_write-r1-cassandra,2026-09-08T13:05:47.0090430Z,341.37,8.847999999999999,0.7814750671386719,555.875
b_h3-1m-n3-c8-concurrent_write-r1-cassandra,2026-09-08T13:05:54.2805052Z,344.17,8.847999999999999,0.7814826965332031,560.296875
b_h3-1m-n3-c8-concurrent_write-r1-cassandra,2026-09-08T13:06:01.4172498Z,345.69,8.847999999999999,0.7814826965332031,564.1875
b_h3-1m-n3-c8-concurrent_write-r1-cassandra,2026-09-08T13:06:08.6975742Z,330.9,8.847999999999999,0.7814826965332031,567.9375
b_h3-1m-n3-c8-concurrent_write-r1-cassandra,2026-09-08T13:06:15.9857634Z,341.79,8.847,0.7814826965332031,572.03125
b_h3-1m-n3-c8-concurrent_write-r1-cassandra,2026-09-08T13:06:22.4503804Z,351.24,8.847999999999999,0.7814865112304688,575.71875
b_h3-1m-n3-c8-concurrent_write-r2-cassandra,2026-09-08T13:17:26.0852262Z,349.47,8.825,0.7721633911132812,475.109375
b_h3-1m-n3-c8-concurrent_write-r2-cassandra,2026-09-08T13:17:32.9288112Z,337.01,8.824,0.7721633911132812,478.203125
b_h3-1m-n3-c8-concurrent_write-r2-cassandra,2026-09-08T13:17:40.2084476Z,331.24,8.824,0.7749824523925781,482.171875
b_h3-1m-n3-c8-concurrent_write-r2-cassandra,2026-09-08T13:17:47.4778973Z,336.71,8.825,0.7715301513671875,486.40625
b_h3-1m-n3-c8-concurrent_write-r2-cassandra,2026-09-08T13:17:54.7461849Z,343.87,8.824,0.7731094360351562,490.09375
b_h3-1m-n3-c8-concurrent_write-r2-cassandra,2026-09-08T13:18:01.9100709Z,340.0,8.826,0.7730789184570312,493.625
b_h3-1m-n3-c8-concurrent_write-r2-cassandra,2026-09-08T13:18:09.1920594Z,323.93,8.825,0.7730789184570312,496.96875
b_h3-1m-n3-c8-concurrent_write-r2-cassandra,2026-09-08T13:18:16.4609607Z,340.29,8.825,0.7730789184570312,501.03125
b_h3-1m-n3-c8-concurrent_write-r2-cassandra,2026-09-08T13:18:22.9249883Z,345.44,8.825,0.7730789184570312,504.78125
b_h3-1m-n3-c8-concurrent_write-r2-cassandra,2026-09-08T13:18:30.2158397Z,340.72,8.826,0.7730789184570312,508.796875
b_h3-1m-n3-c8-concurrent_write-r2-cassandra,2026-09-08T13:18:37.4892921Z,340.39,8.825,0.773101806640625,512.40625
b_h3-1m-n3-c8-concurrent_write-r2-cassandra,2026-09-08T13:18:44.7614162Z,348.22,8.825,0.773101806640625,516.6875
b_h3-1m-n3-c8-concurrent_write-r2-cassandra,2026-09-08T13:18:51.9110592Z,346.86,8.825,0.7742042541503906,520.890625
b_h3-1m-n3-c8-concurrent_write-r2-cassandra,2026-09-08T13:18:59.1800620Z,327.49,8.826,0.7747116088867188,524.625
b_h3-1m-n3-c8-concurrent_write-r2-cassandra,2026-09-08T13:19:06.4577674Z,345.69,8.826,0.7747116088867188,528.5
b_h3-1m-n3-c8-concurrent_write-r2-cassandra,2026-09-08T13:19:12.9824154Z,342.15,8.825,0.7747116088867188,532.046875
b_h3-1m-n3-c8-concurrent_write-r2-cassandra,2026-09-08T13:19:20.2665667Z,333.84,8.825,0.7747116088867188,536.140625
b_h3-1m-n3-c8-concurrent_write-r2-cassandra,2026-09-08T13:19:27.5355819Z,352.93,8.825,0.7747116088867188,539.84375
b_h3-1m-n3-c8-concurrent_write-r2-cassandra,2026-09-08T13:19:34.8193547Z,342.05,8.826,0.7747116088867188,543.359375
b_h3-1m-n3-c8-concurrent_write-r2-cassandra,2026-09-08T13:19:41.9558389Z,342.29,8.826,0.77471923828125,547.296875
b_h3-1m-n3-c8-concurrent_write-r2-cassandra,2026-09-08T13:19:49.2268424Z,333.90999999999997,8.826,0.77471923828125,550.390625
b_h3-1m-n3-c8-concurrent_write-r2-cassandra,2026-09-08T13:19:56.5026685Z,354.59000000000003,8.826,0.77471923828125,554.71875
b_h3-1m-n3-c8-concurrent_write-r2-cassandra,2026-09-08T13:20:03.0212609Z,355.48,8.827,0.77471923828125,558.171875
b_h3-1m-n3-c8-concurrent_write-r2-cassandra,2026-09-08T13:20:10.2975268Z,328.78,8.826,0.77471923828125,561.328125
b_h3-1m-n3-c8-concurrent_write-r2-cassandra,2026-09-08T13:20:17.5714883Z,346.47,8.826,0.77471923828125,565.765625
b_h3-1m-n3-c8-concurrent_write-r3-cassandra,2026-09-08T13:31:16.5768985Z,344.46,8.866,0.7725105285644531,480.796875
b_h3-1m-n3-c8-concurrent_write-r3-cassandra,2026-09-08T13:31:23.4047195Z,354.27,8.866,0.7725143432617188,484.21875
b_h3-1m-n3-c8-concurrent_write-r3-cassandra,2026-09-08T13:31:30.7023778Z,321.78999999999996,8.866,0.7760086059570312,488.078125
b_h3-1m-n3-c8-concurrent_write-r3-cassandra,2026-09-08T13:31:37.9975780Z,343.7,8.866,0.7765312194824219,492.34375
b_h3-1m-n3-c8-concurrent_write-r3-cassandra,2026-09-08T13:31:45.2701099Z,345.59000000000003,8.867,0.7765312194824219,496.703125
b_h3-1m-n3-c8-concurrent_write-r3-cassandra,2026-09-08T13:31:52.3641378Z,341.02,8.866,0.7765617370605469,501.015625
b_h3-1m-n3-c8-concurrent_write-r3-cassandra,2026-09-08T13:31:59.6310301Z,330.55,8.866,0.7765693664550781,504.53125
b_h3-1m-n3-c8-concurrent_write-r3-cassandra,2026-09-08T13:32:06.9024721Z,343.54,8.866,0.7765693664550781,508.125
b_h3-1m-n3-c8-concurrent_write-r3-cassandra,2026-09-08T13:32:13.4336394Z,351.24,8.867,0.7765693664550781,511.390625
b_h3-1m-n3-c8-concurrent_write-r3-cassandra,2026-09-08T13:32:20.7196135Z,338.78,8.866,0.7765693664550781,515.25
b_h3-1m-n3-c8-concurrent_write-r3-cassandra,2026-09-08T13:32:28.0031745Z,345.69,8.866,0.7765693664550781,518.984375
b_h3-1m-n3-c8-concurrent_write-r3-cassandra,2026-09-08T13:32:35.2758613Z,336.0,8.867,0.7765731811523438,523.28125
b_h3-1m-n3-c8-concurrent_write-r3-cassandra,2026-09-08T13:32:42.4275996Z,342.88,8.866,0.7768440246582031,526.875
b_h3-1m-n3-c8-concurrent_write-r3-cassandra,2026-09-08T13:32:49.6994004Z,323.16,8.867,0.7771072387695312,530.921875
b_h3-1m-n3-c8-concurrent_write-r3-cassandra,2026-09-08T13:32:56.9753208Z,347.28,8.867,0.7771072387695312,535.09375
b_h3-1m-n3-c8-concurrent_write-r3-cassandra,2026-09-08T13:33:03.4742447Z,351.52,8.867,0.7771072387695312,538.296875
b_h3-1m-n3-c8-concurrent_write-r3-cassandra,2026-09-08T13:33:10.7592893Z,331.32,8.862,0.7771072387695312,542.265625
b_h3-1m-n3-c8-concurrent_write-r3-cassandra,2026-09-08T13:33:18.0328882Z,349.27,8.86,0.7771072387695312,546.578125
b_h3-1m-n3-c8-concurrent_write-r3-cassandra,2026-09-08T13:33:25.3078907Z,336.93,8.86,0.7771072387695312,550.40625
b_h3-1m-n3-c8-concurrent_write-r3-cassandra,2026-09-08T13:33:32.4672651Z,342.91999999999996,8.86,0.7771072387695312,554.515625
b_h3-1m-n3-c8-concurrent_write-r3-cassandra,2026-09-08T13:33:39.7309302Z,321.24,8.86,0.7771072387695312,558.53125
b_h3-1m-n3-c8-concurrent_write-r3-cassandra,2026-09-08T13:33:47.0105892Z,330.87,8.861,0.7771072387695312,562.71875
b_h3-1m-n3-c8-concurrent_write-r3-cassandra,2026-09-08T13:33:53.5126907Z,355.14,8.861,0.7771072387695312,566.484375
b_h3-1m-n3-c8-concurrent_write-r3-cassandra,2026-09-08T13:34:00.8008386Z,332.78,8.86,0.7771072387695312,570.6875
b_h3-1m-n3-c8-read_single-r1-cassandra,2026-09-08T13:40:21.0374925Z,366.45,8.883,0.7719841003417969,268.34375
b_h3-1m-n3-c8-read_single-r1-cassandra,2026-09-08T13:40:28.3178650Z,364.65,8.881,0.7672996520996094,272.453125
b_h3-1m-n3-c8-read_single-r1-cassandra,2026-09-08T13:40:35.5943466Z,371.82,8.882,0.7670822143554688,276.4375
b_h3-1m-n3-c8-read_single-r1-cassandra,2026-09-08T13:40:42.7794347Z,365.36,8.882,0.7676849365234375,280.515625
b_h3-1m-n3-c8-read_single-r1-cassandra,2026-09-08T13:40:50.0641847Z,348.01,8.882,0.7706947326660156,284.640625
b_h3-1m-n3-c8-read_single-r1-cassandra,2026-09-08T13:40:57.3376198Z,374.13,8.882,0.76751708984375,288.890625
b_h3-1m-n3-c8-read_single-r1-cassandra,2026-09-08T13:41:03.8311261Z,371.69,8.882,0.7675209045410156,292.640625
b_h3-1m-n3-c8-read_single-r1-cassandra,2026-09-08T13:41:11.1120013Z,352.47,8.881,0.7681808471679688,296.25
b_h3-1m-n3-c8-read_single-r1-cassandra,2026-09-08T13:41:18.3924858Z,371.46000000000004,8.882,0.7682418823242188,300.09375
b_h3-1m-n3-c8-read_single-r1-cassandra,2026-09-08T13:41:25.6680475Z,255.45,8.882,0.7682418823242188,303.8125
b_h3-1m-n3-c8-read_single-r1-cassandra,2026-09-08T13:41:32.7776805Z,369.56,8.882,0.7682418823242188,307.78125
b_h3-1m-n3-c8-read_single-r1-cassandra,2026-09-08T13:41:40.0619082Z,346.18,8.882,0.7682418823242188,311.609375
b_h3-1m-n3-c8-read_single-r1-cassandra,2026-09-08T13:41:47.3385180Z,378.08000000000004,8.882,0.7685050964355469,315.640625
b_h3-1m-n3-c8-read_single-r1-cassandra,2026-09-08T13:41:53.7992010Z,362.7,8.882,0.7683219909667969,318.8125
b_h3-1m-n3-c8-read_single-r1-cassandra,2026-09-08T13:42:01.0694124Z,350.25,8.882,0.7689399719238281,321.8125
b_h3-1m-n3-c8-read_single-r1-cassandra,2026-09-08T13:42:08.3623197Z,368.49,8.882,0.7689781188964844,325.359375
b_h3-1m-n3-c8-read_single-r1-cassandra,2026-09-08T13:42:15.6303308Z,370.65,8.882,0.7689781188964844,329.21875
b_h3-1m-n3-c8-read_single-r1-cassandra,2026-09-08T13:42:22.7893350Z,365.0,8.882,0.7689781188964844,333.15625
b_h3-1m-n3-c8-read_single-r1-cassandra,2026-09-08T13:42:30.0662205Z,338.99,8.868,0.7689781188964844,336.765625
b_h3-1m-n3-c8-read_single-r1-cassandra,2026-09-08T13:42:37.3420382Z,370.11,8.868,0.7689781188964844,340.890625
b_h3-1m-n3-c8-read_single-r1-cassandra,2026-09-08T13:42:43.7904263Z,357.89,8.866,0.7708740234375,344.34375
b_h3-1m-n3-c8-read_single-r1-cassandra,2026-09-08T13:42:51.0739297Z,357.0,8.867,0.7708740234375,347.859375
b_h3-1m-n3-c8-read_single-r1-cassandra,2026-09-08T13:42:58.3490685Z,376.67,8.845,0.7708740234375,351.609375
b_h3-1m-n3-c8-read_single-r1-cassandra,2026-09-08T13:43:05.6229890Z,363.98,8.845,0.7708740234375,355.203125
b_h3-1m-n3-c8-read_single-r1-cassandra,2026-09-08T13:43:12.7738605Z,366.15,8.845,0.7708740234375,358.890625
b_h3-1m-n3-c8-read_single-r2-cassandra,2026-09-08T13:49:31.3019697Z,351.72,8.864,0.7662773132324219,264.484375
b_h3-1m-n3-c8-read_single-r2-cassandra,2026-09-08T13:49:38.5949187Z,360.83000000000004,8.863,0.7663917541503906,267.96875
b_h3-1m-n3-c8-read_single-r2-cassandra,2026-09-08T13:49:45.8801822Z,339.19,8.863,0.7669258117675781,271.671875
b_h3-1m-n3-c8-read_single-r2-cassandra,2026-09-08T13:49:53.0821744Z,368.43,8.863,0.7711334228515625,275.828125
b_h3-1m-n3-c8-read_single-r2-cassandra,2026-09-08T13:50:00.3553637Z,343.37,8.863,0.7676010131835938,279.578125
b_h3-1m-n3-c8-read_single-r2-cassandra,2026-09-08T13:50:07.6244445Z,368.75,8.863,0.7695083618164062,283.5
b_h3-1m-n3-c8-read_single-r2-cassandra,2026-09-08T13:50:14.0872085Z,367.44,8.863,0.7665061950683594,286.6875
b_h3-1m-n3-c8-read_single-r2-cassandra,2026-09-08T13:50:21.3680893Z,354.32,8.862,0.7680892944335938,290.8125
b_h3-1m-n3-c8-read_single-r2-cassandra,2026-09-08T13:50:28.6431071Z,357.76,8.862,0.7701988220214844,294.796875
b_h3-1m-n3-c8-read_single-r2-cassandra,2026-09-08T13:50:35.9116869Z,368.61,8.862,0.7674484252929688,298.328125
b_h3-1m-n3-c8-read_single-r2-cassandra,2026-09-08T13:50:43.0679209Z,357.98,8.862,0.7674560546875,301.8125
b_h3-1m-n3-c8-read_single-r2-cassandra,2026-09-08T13:50:50.3469659Z,343.17,8.863,0.7674598693847656,305.53125
b_h3-1m-n3-c8-read_single-r2-cassandra,2026-09-08T13:50:57.6206860Z,368.11,8.863,0.7707672119140625,309.0625
b_h3-1m-n3-c8-read_single-r2-cassandra,2026-09-08T13:51:04.0937699Z,371.65,8.863,0.7674331665039062,313.4375
b_h3-1m-n3-c8-read_single-r2-cassandra,2026-09-08T13:51:11.3663683Z,362.64,8.863,0.7681541442871094,317.25
b_h3-1m-n3-c8-read_single-r2-cassandra,2026-09-08T13:51:18.6518665Z,376.61,8.863,0.7681922912597656,321.109375
b_h3-1m-n3-c8-read_single-r2-cassandra,2026-09-08T13:51:25.9350864Z,360.45,8.863,0.7681922912597656,325.03125
b_h3-1m-n3-c8-read_single-r2-cassandra,2026-09-08T13:51:33.0668869Z,361.31,8.863,0.7700386047363281,328.8125
b_h3-1m-n3-c8-read_single-r2-cassandra,2026-09-08T13:51:40.3484022Z,342.4,8.862,0.7700386047363281,332.546875
b_h3-1m-n3-c8-read_single-r2-cassandra,2026-09-08T13:51:47.6208861Z,364.65,8.862,0.7700386047363281,336.5
b_h3-1m-n3-c8-read_single-r2-cassandra,2026-09-08T13:51:54.1467856Z,353.56,8.862,0.7700386047363281,339.765625
b_h3-1m-n3-c8-read_single-r2-cassandra,2026-09-08T13:52:01.4313585Z,348.65,8.863,0.7700386047363281,344.203125
b_h3-1m-n3-c8-read_single-r2-cassandra,2026-09-08T13:52:08.7001402Z,372.51,8.863,0.7700386047363281,347.9375
b_h3-1m-n3-c8-read_single-r2-cassandra,2026-09-08T13:52:15.9744289Z,363.46,8.863,0.7700386047363281,351.625
b_h3-1m-n3-c8-read_single-r2-cassandra,2026-09-08T13:52:23.1623952Z,370.6,8.862,0.7700386047363281,355.921875
b_h3-1m-n3-c8-read_single-r3-cassandra,2026-09-08T13:58:41.6699001Z,360.85,8.866,0.7727470397949219,272.46875
b_h3-1m-n3-c8-read_single-r3-cassandra,2026-09-08T13:58:48.9472916Z,374.28999999999996,8.865,0.7727241516113281,276.53125
b_h3-1m-n3-c8-read_single-r3-cassandra,2026-09-08T13:58:56.2302537Z,370.38,8.865,0.7750625610351562,280.671875
b_h3-1m-n3-c8-read_single-r3-cassandra,2026-09-08T13:59:03.3632458Z,367.63,8.865,0.7669830322265625,284.71875
b_h3-1m-n3-c8-read_single-r3-cassandra,2026-09-08T13:59:10.6382342Z,353.11,8.865,0.7694778442382812,288.390625
b_h3-1m-n3-c8-read_single-r3-cassandra,2026-09-08T13:59:17.9226207Z,375.96000000000004,8.866,0.7698478698730469,292.484375
b_h3-1m-n3-c8-read_single-r3-cassandra,2026-09-08T13:59:24.4124638Z,370.84000000000003,8.865,0.7698478698730469,296.09375
b_h3-1m-n3-c8-read_single-r3-cassandra,2026-09-08T13:59:31.7014530Z,353.7,8.867,0.7698478698730469,300.4375
b_h3-1m-n3-c8-read_single-r3-cassandra,2026-09-08T13:59:38.9964475Z,364.98,8.866,0.7698745727539062,304.515625
b_h3-1m-n3-c8-read_single-r3-cassandra,2026-09-08T13:59:46.2842083Z,366.18,8.866,0.7698936462402344,308.640625
b_h3-1m-n3-c8-read_single-r3-cassandra,2026-09-08T13:59:53.3718144Z,372.27,8.866,0.7698936462402344,312.453125
b_h3-1m-n3-c8-read_single-r3-cassandra,2026-09-08T14:00:00.6447085Z,347.99,8.867,0.7698936462402344,316.15625
b_h3-1m-n3-c8-read_single-r3-cassandra,2026-09-08T14:00:07.9228763Z,362.43,8.866,0.7709579467773438,320.21875
b_h3-1m-n3-c8-read_single-r3-cassandra,2026-09-08T14:00:14.4246506Z,364.17,8.866,0.772491455078125,323.53125
b_h3-1m-n3-c8-read_single-r3-cassandra,2026-09-08T14:00:21.7026771Z,354.42,8.866,0.7725334167480469,327.265625
b_h3-1m-n3-c8-read_single-r3-cassandra,2026-09-08T14:00:28.9812019Z,376.61,8.866,0.7725944519042969,331.265625
b_h3-1m-n3-c8-read_single-r3-cassandra,2026-09-08T14:00:36.2583440Z,361.06,8.866,0.7725944519042969,335.09375
b_h3-1m-n3-c8-read_single-r3-cassandra,2026-09-08T14:00:43.4009368Z,366.85,8.866,0.7744789123535156,339.125
b_h3-1m-n3-c8-read_single-r3-cassandra,2026-09-08T14:00:50.6910527Z,344.89,8.865,0.7744789123535156,342.59375
b_h3-1m-n3-c8-read_single-r3-cassandra,2026-09-08T14:00:57.9745337Z,375.17,8.865,0.7744789123535156,346.296875
b_h3-1m-n3-c8-read_single-r3-cassandra,2026-09-08T14:01:04.4850080Z,374.84000000000003,8.866,0.7744789123535156,349.546875
b_h3-1m-n3-c8-read_single-r3-cassandra,2026-09-08T14:01:11.7626206Z,359.13,8.866,0.7744789123535156,352.953125
b_h3-1m-n3-c8-read_single-r3-cassandra,2026-09-08T14:01:19.0457996Z,365.33,8.865,0.7744789123535156,356.984375
b_h3-1m-n3-c8-read_single-r3-cassandra,2026-09-08T14:01:26.3158048Z,365.73,8.866,0.7744789123535156,360.96875
b_h3-1m-n3-c8-read_single-r3-cassandra,2026-09-08T14:01:33.4508422Z,372.08,8.865,0.7758331298828125,364.9375
b_h3-1m-n3-c32-concurrent_write-r1-cassandra,2026-09-08T14:12:38.0559547Z,417.81,8.847999999999999,0.7730598449707031,496.421875
b_h3-1m-n3-c32-concurrent_write-r1-cassandra,2026-09-08T14:12:44.9140263Z,372.34,8.847999999999999,0.7742347717285156,501.703125
b_h3-1m-n3-c32-concurrent_write-r1-cassandra,2026-09-08T14:12:52.1979491Z,388.89,8.847999999999999,0.7766685485839844,507.46875
b_h3-1m-n3-c32-concurrent_write-r1-cassandra,2026-09-08T14:12:59.4750672Z,408.39,8.847999999999999,0.7767105102539062,513.859375
b_h3-1m-n3-c32-concurrent_write-r1-cassandra,2026-09-08T14:13:06.7627881Z,409.93,8.847999999999999,0.7767105102539062,519.265625
b_h3-1m-n3-c32-concurrent_write-r1-cassandra,2026-09-08T14:13:13.8740658Z,415.95,8.847999999999999,0.7766799926757812,524.734375
b_h3-1m-n3-c32-concurrent_write-r1-cassandra,2026-09-08T14:13:21.1720140Z,386.9,8.847999999999999,0.7768402099609375,530.5625
b_h3-1m-n3-c32-concurrent_write-r1-cassandra,2026-09-08T14:13:28.4474941Z,410.20000000000005,8.847999999999999,0.7768402099609375,536.171875
b_h3-1m-n3-c32-concurrent_write-r1-cassandra,2026-09-08T14:13:34.9060551Z,410.22,8.849,0.77685546875,541.53125
b_h3-1m-n3-c32-concurrent_write-r1-cassandra,2026-09-08T14:13:42.2092016Z,411.3,8.849,0.77685546875,547.5625
b_h3-1m-n3-c32-concurrent_write-r1-cassandra,2026-09-08T14:13:49.4968503Z,406.64,8.85,0.7771415710449219,553.78125
b_h3-1m-n3-c32-concurrent_write-r1-cassandra,2026-09-08T14:13:56.7949942Z,425.58000000000004,8.849,0.7771453857421875,559.15625
b_h3-1m-n3-c32-concurrent_write-r1-cassandra,2026-09-08T14:14:03.9365675Z,404.06,8.849,0.7771453857421875,564.484375
b_h3-1m-n3-c32-concurrent_write-r1-cassandra,2026-09-08T14:14:11.2316462Z,397.1,8.85,0.7772750854492188,570.390625
b_h3-1m-n3-c32-concurrent_write-r1-cassandra,2026-09-08T14:14:18.5387039Z,410.02,8.85,0.7772750854492188,576.1875
b_h3-1m-n3-c32-concurrent_write-r1-cassandra,2026-09-08T14:14:24.9095955Z,414.11,8.85,0.7772750854492188,581.5625
b_h3-1m-n3-c32-concurrent_write-r1-cassandra,2026-09-08T14:14:32.2232794Z,349.55,8.85,0.7772903442382812,586.296875
b_h3-1m-n3-c32-concurrent_write-r1-cassandra,2026-09-08T14:14:39.5781380Z,399.6,8.850999999999999,0.7777290344238281,591.9375
b_h3-1m-n3-c32-concurrent_write-r1-cassandra,2026-09-08T14:14:46.8671067Z,415.13,8.85,0.7777290344238281,597.671875
b_h3-1m-n3-c32-concurrent_write-r1-cassandra,2026-09-08T14:14:53.9079241Z,415.34000000000003,8.85,0.7777328491210938,603.5
b_h3-1m-n3-c32-concurrent_write-r1-cassandra,2026-09-08T14:15:01.1965814Z,401.78999999999996,8.85,0.7777328491210938,609.25
b_h3-1m-n3-c32-concurrent_write-r1-cassandra,2026-09-08T14:15:08.4779827Z,413.95,8.85,0.7799224853515625,614.609375
b_h3-1m-n3-c32-concurrent_write-r1-cassandra,2026-09-08T14:15:15.0124662Z,396.07,8.849,0.7799263000488281,619.34375
b_h3-1m-n3-c32-concurrent_write-r1-cassandra,2026-09-08T14:15:22.3233930Z,387.45,8.85,0.7799263000488281,624.765625
b_h3-1m-n3-c32-concurrent_write-r2-cassandra,2026-09-08T14:26:21.2817691Z,367.11,8.843,0.7733345031738281,494.15625
b_h3-1m-n3-c32-concurrent_write-r2-cassandra,2026-09-08T14:26:28.5617230Z,420.14,8.844,0.7767066955566406,500
b_h3-1m-n3-c32-concurrent_write-r2-cassandra,2026-09-08T14:26:35.3712271Z,415.45,8.845,0.7773780822753906,505.359375
b_h3-1m-n3-c32-concurrent_write-r2-cassandra,2026-09-08T14:26:42.6619438Z,409.02,8.844,0.7774848937988281,511.171875
b_h3-1m-n3-c32-concurrent_write-r2-cassandra,2026-09-08T14:26:49.9637758Z,412.93,8.845,0.7774925231933594,516.671875
b_h3-1m-n3-c32-concurrent_write-r2-cassandra,2026-09-08T14:26:57.2540929Z,414.82000000000005,8.844,0.7774925231933594,522.25
b_h3-1m-n3-c32-concurrent_write-r2-cassandra,2026-09-08T14:27:04.3330076Z,409.64,8.845,0.7774696350097656,527.4375
b_h3-1m-n3-c32-concurrent_write-r2-cassandra,2026-09-08T14:27:11.6168947Z,391.17,8.845,0.7774772644042969,533.46875
b_h3-1m-n3-c32-concurrent_write-r2-cassandra,2026-09-08T14:27:18.9087608Z,413.25,8.845,0.77764892578125,539.171875
b_h3-1m-n3-c32-concurrent_write-r2-cassandra,2026-09-08T14:27:25.3580161Z,415.73,8.846,0.77764892578125,544.109375
b_h3-1m-n3-c32-concurrent_write-r2-cassandra,2026-09-08T14:27:32.6674809Z,405.5,8.846,0.7733993530273438,549.875
b_h3-1m-n3-c32-concurrent_write-r2-cassandra,2026-09-08T14:27:39.9531268Z,413.75,8.846,0.7759284973144531,555.15625
b_h3-1m-n3-c32-concurrent_write-r2-cassandra,2026-09-08T14:27:47.2324004Z,408.40999999999997,8.846,0.7759323120117188,561.125
b_h3-1m-n3-c32-concurrent_write-r2-cassandra,2026-09-08T14:27:54.3485943Z,420.59000000000003,8.847,0.7759361267089844,566.21875
b_h3-1m-n3-c32-concurrent_write-r2-cassandra,2026-09-08T14:28:01.6295519Z,389.72,8.846,0.7760124206542969,571.59375
b_h3-1m-n3-c32-concurrent_write-r2-cassandra,2026-09-08T14:28:08.9195681Z,420.65,8.846,0.7760124206542969,577.328125
b_h3-1m-n3-c32-concurrent_write-r2-cassandra,2026-09-08T14:28:15.3713990Z,408.61,8.847,0.7760124206542969,581.875
b_h3-1m-n3-c32-concurrent_write-r2-cassandra,2026-09-08T14:28:22.6588550Z,396.84,8.846,0.7760238647460938,587.359375
b_h3-1m-n3-c32-concurrent_write-r2-cassandra,2026-09-08T14:28:29.9465526Z,419.44,8.846,0.7760238647460938,593.1875
b_h3-1m-n3-c32-concurrent_write-r2-cassandra,2026-09-08T14:28:37.2451941Z,419.93,8.846,0.7760238647460938,598.90625
b_h3-1m-n3-c32-concurrent_write-r2-cassandra,2026-09-08T14:28:44.3772819Z,407.37,8.847,0.7760238647460938,603.65625
b_h3-1m-n3-c32-concurrent_write-r2-cassandra,2026-09-08T14:28:51.6728716Z,386.83,8.846,0.778106689453125,608.265625
b_h3-1m-n3-c32-concurrent_write-r2-cassandra,2026-09-08T14:28:58.9699929Z,402.13,8.846,0.7781867980957031,614.328125
b_h3-1m-n3-c32-concurrent_write-r2-cassandra,2026-09-08T14:29:05.4724323Z,410.05,8.847,0.7781867980957031,619.796875
b_h3-1m-n3-c32-concurrent_write-r2-cassandra,2026-09-08T14:29:12.7626463Z,414.34000000000003,8.846,0.7781867980957031,624.984375
b_h3-1m-n3-c32-concurrent_write-r3-cassandra,2026-09-08T14:40:19.0689243Z,413.99,8.857,0.7812461853027344,498.4375
b_h3-1m-n3-c32-concurrent_write-r3-cassandra,2026-09-08T14:40:25.9081994Z,416.95000000000005,8.856,0.78125,504.15625
b_h3-1m-n3-c32-concurrent_write-r3-cassandra,2026-09-08T14:40:33.2073038Z,400.38,8.857,0.7812576293945312,510.078125
b_h3-1m-n3-c32-concurrent_write-r3-cassandra,2026-09-08T14:40:40.4938692Z,419.28,8.858,0.7812728881835938,515.734375
b_h3-1m-n3-c32-concurrent_write-r3-cassandra,2026-09-08T14:40:47.7845843Z,417.89,8.857,0.7812728881835938,521.34375
b_h3-1m-n3-c32-concurrent_write-r3-cassandra,2026-09-08T14:40:54.8452519Z,420.78999999999996,8.858,0.7812576293945312,526.265625
b_h3-1m-n3-c32-concurrent_write-r3-cassandra,2026-09-08T14:41:02.1492194Z,396.97,8.856,0.7813186645507812,531.453125
b_h3-1m-n3-c32-concurrent_write-r3-cassandra,2026-09-08T14:41:09.4459199Z,406.8,8.857,0.7813835144042969,537.453125
b_h3-1m-n3-c32-concurrent_write-r3-cassandra,2026-09-08T14:41:15.8973087Z,420.97,8.858,0.7814712524414062,542.921875
b_h3-1m-n3-c32-concurrent_write-r3-cassandra,2026-09-08T14:41:23.2092824Z,409.05,8.86,0.7814712524414062,548.6875
b_h3-1m-n3-c32-concurrent_write-r3-cassandra,2026-09-08T14:41:30.5028334Z,410.79,8.858,0.7817459106445312,554.921875
b_h3-1m-n3-c32-concurrent_write-r3-cassandra,2026-09-08T14:41:37.8008913Z,420.94,8.859,0.7817459106445312,560.1875
b_h3-1m-n3-c32-concurrent_write-r3-cassandra,2026-09-08T14:41:44.8683149Z,410.8,8.86,0.7817459106445312,565.5625
b_h3-1m-n3-c32-concurrent_write-r3-cassandra,2026-09-08T14:41:52.1619616Z,384.96,8.86,0.7817459106445312,571.609375
b_h3-1m-n3-c32-concurrent_write-r3-cassandra,2026-09-08T14:41:59.4492825Z,410.07000000000005,8.861,0.7817611694335938,577.78125
b_h3-1m-n3-c32-concurrent_write-r3-cassandra,2026-09-08T14:42:05.9926476Z,404.14,8.861,0.7817611694335938,582.140625
b_h3-1m-n3-c32-concurrent_write-r3-cassandra,2026-09-08T14:42:13.2982389Z,415.05999999999995,8.861,0.7817611694335938,587.828125
b_h3-1m-n3-c32-concurrent_write-r3-cassandra,2026-09-08T14:42:20.5867671Z,417.18,8.861,0.7824554443359375,593.5625
b_h3-1m-n3-c32-concurrent_write-r3-cassandra,2026-09-08T14:42:27.8900694Z,408.66999999999996,8.861,0.7824554443359375,599.96875
b_h3-1m-n3-c32-concurrent_write-r3-cassandra,2026-09-08T14:42:34.8890456Z,414.8,8.861,0.7824554443359375,604.96875
b_h3-1m-n3-c32-concurrent_write-r3-cassandra,2026-09-08T14:42:42.1802623Z,398.4,8.861,0.7824554443359375,610.46875
b_h3-1m-n3-c32-concurrent_write-r3-cassandra,2026-09-08T14:42:49.4613881Z,427.76,8.857,0.7846946716308594,616.421875
b_h3-1m-n3-c32-concurrent_write-r3-cassandra,2026-09-08T14:42:56.0477790Z,435.28,8.818999999999999,0.7846946716308594,621.328125
b_h3-1m-n3-c32-concurrent_write-r3-cassandra,2026-09-08T14:43:03.3301359Z,403.82,8.82,0.7846946716308594,627.140625
b_h3-1m-n3-c32-read_single-r1-cassandra,2026-09-08T14:49:23.4220758Z,429.58,8.841000000000001,0.784393310546875,285.78125
b_h3-1m-n3-c32-read_single-r1-cassandra,2026-09-08T14:49:30.7135333Z,448.72,8.842,0.7743034362792969,291.0625
b_h3-1m-n3-c32-read_single-r1-cassandra,2026-09-08T14:49:38.0171432Z,439.41999999999996,8.841000000000001,0.771240234375,297.3125
b_h3-1m-n3-c32-read_single-r1-cassandra,2026-09-08T14:49:45.1274968Z,455.9,8.842,0.7712516784667969,302.5625
b_h3-1m-n3-c32-read_single-r1-cassandra,2026-09-08T14:49:52.4220076Z,406.88,8.842,0.7731246948242188,307.984375
b_h3-1m-n3-c32-read_single-r1-cassandra,2026-09-08T14:49:59.7035353Z,437.47,8.843,0.7731246948242188,313.515625
b_h3-1m-n3-c32-read_single-r1-cassandra,2026-09-08T14:50:06.1824649Z,435.77,8.841000000000001,0.7731475830078125,318.390625
b_h3-1m-n3-c32-read_single-r1-cassandra,2026-09-08T14:50:13.4670571Z,436.03999999999996,8.841000000000001,0.7752227783203125,323
b_h3-1m-n3-c32-read_single-r1-cassandra,2026-09-08T14:50:20.7661483Z,447.03,8.841,0.7738723754882812,328.359375
b_h3-1m-n3-c32-read_single-r1-cassandra,2026-09-08T14:50:28.0685406Z,443.59,8.841000000000001,0.7738761901855469,333.8125
b_h3-1m-n3-c32-read_single-r1-cassandra,2026-09-08T14:50:35.1553792Z,444.94,8.841,0.7740097045898438,339.421875
b_h3-1m-n3-c32-read_single-r1-cassandra,2026-09-08T14:50:42.4743124Z,424.21000000000004,8.84,0.7760276794433594,344.421875
b_h3-1m-n3-c32-read_single-r1-cassandra,2026-09-08T14:50:49.7727766Z,442.86,8.84,0.7787590026855469,349.453125
b_h3-1m-n3-c32-read_single-r1-cassandra,2026-09-08T14:50:56.1867414Z,444.2,8.84,0.7761116027832031,353.890625
b_h3-1m-n3-c32-read_single-r1-cassandra,2026-09-08T14:51:03.4847009Z,431.22,8.84,0.7761573791503906,359.515625
b_h3-1m-n3-c32-read_single-r1-cassandra,2026-09-08T14:51:10.7865105Z,452.64,8.841000000000001,0.7776374816894531,365.21875
b_h3-1m-n3-c32-read_single-r1-cassandra,2026-09-08T14:51:18.1044598Z,447.63,8.839,0.7776412963867188,370.4375
b_h3-1m-n3-c32-read_single-r1-cassandra,2026-09-08T14:51:25.1837359Z,446.28999999999996,8.839,0.7776412963867188,375.5
b_h3-1m-n3-c32-read_single-r1-cassandra,2026-09-08T14:51:32.4908645Z,421.3,8.839,0.7790985107421875,380.796875
b_h3-1m-n3-c32-read_single-r1-cassandra,2026-09-08T14:51:39.7766754Z,446.15,8.839,0.7790985107421875,386.203125
b_h3-1m-n3-c32-read_single-r1-cassandra,2026-09-08T14:51:46.2420752Z,438.84000000000003,8.838000000000001,0.7790985107421875,390.765625
b_h3-1m-n3-c32-read_single-r1-cassandra,2026-09-08T14:51:53.5408212Z,428.04,8.838000000000001,0.7790985107421875,396.125
b_h3-1m-n3-c32-read_single-r1-cassandra,2026-09-08T14:52:00.8233323Z,434.18,8.839,0.781036376953125,401.671875
b_h3-1m-n3-c32-read_single-r1-cassandra,2026-09-08T14:52:08.1127821Z,447.84000000000003,8.84,0.781036376953125,407.296875
b_h3-1m-n3-c32-read_single-r1-cassandra,2026-09-08T14:52:15.1994359Z,432.99,8.84,0.7810440063476562,412.734375
b_h3-1m-n3-c32-read_single-r2-cassandra,2026-09-08T14:58:33.8253789Z,435.5,8.870000000000001,0.77105712890625,284.578125
b_h3-1m-n3-c32-read_single-r2-cassandra,2026-09-08T14:58:41.1281195Z,459.06,8.870000000000001,0.7751655578613281,290.09375
b_h3-1m-n3-c32-read_single-r2-cassandra,2026-09-08T14:58:48.4100408Z,447.28999999999996,8.869,0.77008056640625,295.484375
b_h3-1m-n3-c32-read_single-r2-cassandra,2026-09-08T14:58:55.4737648Z,452.27,8.869,0.770111083984375,301.109375
b_h3-1m-n3-c32-read_single-r2-cassandra,2026-09-08T14:59:02.7815469Z,420.01,8.869,0.7720184326171875,306.59375
b_h3-1m-n3-c32-read_single-r2-cassandra,2026-09-08T14:59:10.0612382Z,444.47,8.869,0.7720184326171875,311.828125
b_h3-1m-n3-c32-read_single-r2-cassandra,2026-09-08T14:59:16.5593800Z,441.19,8.868,0.7720222473144531,317.328125
b_h3-1m-n3-c32-read_single-r2-cassandra,2026-09-08T14:59:23.8365580Z,420.04999999999995,8.869,0.7728004455566406,323.171875
b_h3-1m-n3-c32-read_single-r2-cassandra,2026-09-08T14:59:31.1208221Z,451.47,8.869,0.7753372192382812,328.8125
b_h3-1m-n3-c32-read_single-r2-cassandra,2026-09-08T14:59:38.4241825Z,439.17999999999995,8.869,0.7725563049316406,334.03125
b_h3-1m-n3-c32-read_single-r2-cassandra,2026-09-08T14:59:45.5179521Z,452.92,8.868,0.772369384765625,339.515625
b_h3-1m-n3-c32-read_single-r2-cassandra,2026-09-08T14:59:52.7913236Z,430.49,8.869,0.772491455078125,344.625
b_h3-1m-n3-c32-read_single-r2-cassandra,2026-09-08T15:00:00.0821796Z,457.55,8.869,0.7747955322265625,349.4375
b_h3-1m-n3-c32-read_single-r2-cassandra,2026-09-08T15:00:06.5680537Z,428.26,8.869,0.774810791015625,353.921875
b_h3-1m-n3-c32-read_single-r2-cassandra,2026-09-08T15:00:13.8632014Z,421.87,8.868,0.7749061584472656,358.890625
b_h3-1m-n3-c32-read_single-r2-cassandra,2026-09-08T15:00:21.1606686Z,452.42,8.868,0.7765617370605469,364.109375
b_h3-1m-n3-c32-read_single-r2-cassandra,2026-09-08T15:00:28.4410169Z,446.9,8.868,0.7765617370605469,370.109375
b_h3-1m-n3-c32-read_single-r2-cassandra,2026-09-08T15:00:35.6129937Z,441.36,8.868,0.7765655517578125,375.1875
b_h3-1m-n3-c32-read_single-r2-cassandra,2026-09-08T15:00:42.8823073Z,432.71000000000004,8.866999999999999,0.7765846252441406,381.21875
b_h3-1m-n3-c32-read_single-r2-cassandra,2026-09-08T15:00:50.1665685Z,448.08000000000004,8.869,0.7780723571777344,386.75
b_h3-1m-n3-c32-read_single-r2-cassandra,2026-09-08T15:00:56.6201215Z,437.94,8.868,0.7780723571777344,391.84375
b_h3-1m-n3-c32-read_single-r2-cassandra,2026-09-08T15:01:03.9196817Z,427.4,8.868,0.7781257629394531,396.953125
b_h3-1m-n3-c32-read_single-r2-cassandra,2026-09-08T15:01:11.1980772Z,442.43,8.868,0.7800941467285156,402.453125
b_h3-1m-n3-c32-read_single-r2-cassandra,2026-09-08T15:01:18.4898383Z,437.69000000000005,8.866999999999999,0.7800941467285156,407.78125
b_h3-1m-n3-c32-read_single-r2-cassandra,2026-09-08T15:01:25.5999957Z,445.2,8.868,0.7800979614257812,412.546875
b_h3-1m-n3-c32-read_single-r3-cassandra,2026-09-08T15:07:44.1602443Z,426.61,8.872,0.770172119140625,280.0625
b_h3-1m-n3-c32-read_single-r3-cassandra,2026-09-08T15:07:51.4423638Z,448.23,8.872,0.7754898071289062,285.015625
b_h3-1m-n3-c32-read_single-r3-cassandra,2026-09-08T15:07:58.7403352Z,444.59,8.872,0.7706565856933594,290.296875
b_h3-1m-n3-c32-read_single-r3-cassandra,2026-09-08T15:08:05.8519145Z,437.88,8.873000000000001,0.770660400390625,295.796875
b_h3-1m-n3-c32-read_single-r3-cassandra,2026-09-08T15:08:13.1457135Z,422.91999999999996,8.871,0.77252197265625,300.953125
b_h3-1m-n3-c32-read_single-r3-cassandra,2026-09-08T15:08:20.4316298Z,451.32000000000005,8.872,0.77252197265625,306.765625
b_h3-1m-n3-c32-read_single-r3-cassandra,2026-09-08T15:08:26.8339867Z,443.95,8.873000000000001,0.77252197265625,311.890625
b_h3-1m-n3-c32-read_single-r3-cassandra,2026-09-08T15:08:34.1214912Z,430.96000000000004,8.872,0.7725334167480469,317.34375
b_h3-1m-n3-c32-read_single-r3-cassandra,2026-09-08T15:08:41.4095023Z,446.75,8.873000000000001,0.7739715576171875,323.421875
b_h3-1m-n3-c32-read_single-r3-cassandra,2026-09-08T15:08:48.7070994Z,449.18,8.871,0.7739715576171875,329.171875
b_h3-1m-n3-c32-read_single-r3-cassandra,2026-09-08T15:08:55.8717410Z,449.87,8.872,0.7740325927734375,334.328125
b_h3-1m-n3-c32-read_single-r3-cassandra,2026-09-08T15:09:03.1744762Z,434.04,8.873000000000001,0.7759284973144531,339.640625
b_h3-1m-n3-c32-read_single-r3-cassandra,2026-09-08T15:09:10.4573448Z,440.47,8.872,0.7759284973144531,345.078125
b_h3-1m-n3-c32-read_single-r3-cassandra,2026-09-08T15:09:16.8969088Z,446.72,8.872,0.7759284973144531,350.4375
b_h3-1m-n3-c32-read_single-r3-cassandra,2026-09-08T15:09:24.1948051Z,425.95,8.872,0.7759895324707031,355.53125
b_h3-1m-n3-c32-read_single-r3-cassandra,2026-09-08T15:09:31.4946614Z,438.34,8.872,0.7775421142578125,361.0625
b_h3-1m-n3-c32-read_single-r3-cassandra,2026-09-08T15:09:38.7764972Z,417.73,8.872,0.7775421142578125,365.578125
b_h3-1m-n3-c32-read_single-r3-cassandra,2026-09-08T15:09:45.8585282Z,440.87,8.872,0.7775421142578125,371.40625
b_h3-1m-n3-c32-read_single-r3-cassandra,2026-09-08T15:09:53.1709721Z,415.93,8.872,0.7775421142578125,376.84375
b_h3-1m-n3-c32-read_single-r3-cassandra,2026-09-08T15:10:00.4647417Z,451.73,8.872,0.7792205810546875,382.21875
b_h3-1m-n3-c32-read_single-r3-cassandra,2026-09-08T15:10:06.9363504Z,441.01,8.871,0.7792205810546875,386.8125
b_h3-1m-n3-c32-read_single-r3-cassandra,2026-09-08T15:10:14.2286943Z,429.42999999999995,8.871,0.7792243957519531,392.125
b_h3-1m-n3-c32-read_single-r3-cassandra,2026-09-08T15:10:21.5114136Z,438.93,8.871,0.7812232971191406,397.578125
b_h3-1m-n3-c32-read_single-r3-cassandra,2026-09-08T15:10:28.8040291Z,439.72,8.871,0.7812232971191406,402.546875
b_h3-1m-n3-c32-read_single-r3-cassandra,2026-09-08T15:10:36.0008581Z,452.45,8.871,0.7812232971191406,407.890625
c_h4-1m-n3-c32-balanced-r1-cassandra,2026-09-08T15:26:18.8808437Z,483.52,8.894,0.7895240783691406,541.109375
c_h4-1m-n3-c32-balanced-r1-cassandra,2026-09-08T15:26:25.4963817Z,485.8,8.894,0.7896652221679688,545.015625
c_h4-1m-n3-c32-balanced-r1-cassandra,2026-09-08T15:26:32.7717371Z,487.94,8.894,0.789703369140625,549.59375
c_h4-1m-n3-c32-balanced-r1-cassandra,2026-09-08T15:26:40.0644706Z,497.63,8.894,0.7897071838378906,553.9375
c_h4-1m-n3-c32-balanced-r1-cassandra,2026-09-08T15:26:46.4865699Z,491.82,8.894,0.7897071838378906,557.375
c_h4-1m-n3-c32-balanced-r1-cassandra,2026-09-08T15:26:53.7746638Z,475.96000000000004,8.899000000000001,0.7897071838378906,561.28125
c_h4-1m-n3-c32-balanced-r1-cassandra,2026-09-08T15:27:01.0520299Z,482.34000000000003,8.896,0.7897071838378906,565.109375
c_h4-1m-n3-c32-balanced-r1-cassandra,2026-09-08T15:27:07.5351303Z,481.90999999999997,8.899000000000001,0.7897071838378906,568.75
c_h4-1m-n3-c32-balanced-r1-cassandra,2026-09-08T15:27:14.8163085Z,479.09000000000003,8.9,0.7897262573242188,573.0625
c_h4-1m-n3-c32-balanced-r1-cassandra,2026-09-08T15:27:22.0850014Z,487.94,8.887,0.7897262573242188,576.9375
c_h4-1m-n3-c32-balanced-r1-cassandra,2026-09-08T15:27:29.3622908Z,490.4,8.884,0.7897262573242188,580.984375
c_h4-1m-n3-c32-balanced-r1-cassandra,2026-09-08T15:27:36.5371867Z,492.08,8.896,0.7897300720214844,584.515625
c_h4-1m-n3-c32-balanced-r1-cassandra,2026-09-08T15:27:43.8155629Z,450.08,8.896,0.7897300720214844,589.09375
c_h4-1m-n3-c32-balanced-r1-cassandra,2026-09-08T15:27:51.0971073Z,488.52,8.895,0.7897300720214844,593.703125
c_h4-1m-n3-c32-balanced-r1-cassandra,2026-09-08T15:27:57.6248467Z,480.64,8.895,0.7897300720214844,596.640625
c_h4-1m-n3-c32-balanced-r1-cassandra,2026-09-08T15:28:04.9213056Z,481.48,8.908,0.78973388671875,600
c_h4-1m-n3-c32-balanced-r1-cassandra,2026-09-08T15:28:12.1903558Z,485.18999999999994,8.908,0.7897377014160156,603.625
c_h4-1m-n3-c32-balanced-r1-cassandra,2026-09-08T15:28:19.4668506Z,471.88,8.906,0.7897529602050781,607.578125
c_h4-1m-n3-c32-balanced-r1-cassandra,2026-09-08T15:28:26.5604785Z,497.77000000000004,8.908999999999999,0.7897529602050781,611.28125
c_h4-1m-n3-c32-balanced-r1-cassandra,2026-09-08T15:28:33.8540914Z,446.19,8.91,0.7897529602050781,614.84375
c_h4-1m-n3-c32-balanced-r1-cassandra,2026-09-08T15:28:41.1285791Z,476.63,8.91,0.7897529602050781,619.015625
c_h4-1m-n3-c32-balanced-r1-cassandra,2026-09-08T15:28:47.7873322Z,469.37,8.911000000000001,0.7897529602050781,622.78125
c_h4-1m-n3-c32-balanced-r1-cassandra,2026-09-08T15:28:55.0753406Z,479.53,8.91,0.7897567749023438,626.6875
c_h4-1m-n3-c32-balanced-r1-cassandra,2026-09-08T15:29:02.3609103Z,480.77,8.908,0.7897567749023438,630.234375
c_h4-1m-n3-c32-balanced-r1-cassandra,2026-09-08T15:29:09.6308744Z,488.74,8.909,0.7897567749023438,634.5
c_h4-1m-n3-c32-balanced-r2-cassandra,2026-09-08T15:44:46.2121733Z,489.9,8.894,0.7785453796386719,543.953125
c_h4-1m-n3-c32-balanced-r2-cassandra,2026-09-08T15:44:53.4987253Z,480.49,8.895,0.7748336791992188,547.890625
c_h4-1m-n3-c32-balanced-r2-cassandra,2026-09-08T15:45:00.7641523Z,474.18,8.895,0.7842369079589844,552.15625
c_h4-1m-n3-c32-balanced-r2-cassandra,2026-09-08T15:45:07.2581758Z,497.44,8.894,0.774505615234375,556.015625
c_h4-1m-n3-c32-balanced-r2-cassandra,2026-09-08T15:45:14.5332501Z,445.79,8.892,0.7750091552734375,559.796875
c_h4-1m-n3-c32-balanced-r2-cassandra,2026-09-08T15:45:21.8241356Z,504.46000000000004,8.901,0.7751884460449219,563.109375
c_h4-1m-n3-c32-balanced-r2-cassandra,2026-09-08T15:45:28.2807906Z,489.29,8.895,0.7751884460449219,566.75
c_h4-1m-n3-c32-balanced-r2-cassandra,2026-09-08T15:45:35.5820470Z,476.6,8.901,0.7751884460449219,570.890625
c_h4-1m-n3-c32-balanced-r2-cassandra,2026-09-08T15:45:42.8517576Z,486.94,8.903,0.7752494812011719,574.953125
c_h4-1m-n3-c32-balanced-r2-cassandra,2026-09-08T15:45:50.1380032Z,484.76,8.903,0.7752494812011719,578.484375
c_h4-1m-n3-c32-balanced-r2-cassandra,2026-09-08T15:45:57.2560778Z,490.02,8.904,0.7752494812011719,582.828125
c_h4-1m-n3-c32-balanced-r2-cassandra,2026-09-08T15:46:04.5567718Z,457.97,8.92,0.7752494812011719,587.359375
c_h4-1m-n3-c32-balanced-r2-cassandra,2026-09-08T15:46:11.8484476Z,485.01,8.919,0.7752494812011719,590.90625
c_h4-1m-n3-c32-balanced-r2-cassandra,2026-09-08T15:46:18.3103981Z,471.16999999999996,8.918,0.7752494812011719,594.75
c_h4-1m-n3-c32-balanced-r2-cassandra,2026-09-08T15:46:25.6210636Z,483.25,8.918,0.7752532958984375,599.265625
c_h4-1m-n3-c32-balanced-r2-cassandra,2026-09-08T15:46:32.8861266Z,499.72,8.922,0.7752532958984375,602.890625
c_h4-1m-n3-c32-balanced-r2-cassandra,2026-09-08T15:46:40.1692123Z,488.1,8.913,0.7759208679199219,607.28125
c_h4-1m-n3-c32-balanced-r2-cassandra,2026-09-08T15:46:47.2848599Z,472.65,8.912,0.7759208679199219,611.03125
c_h4-1m-n3-c32-balanced-r2-cassandra,2026-09-08T15:46:54.5779455Z,453.43,8.916,0.7759208679199219,614.640625
c_h4-1m-n3-c32-balanced-r2-cassandra,2026-09-08T15:47:01.8532640Z,484.73,8.915,0.7759208679199219,618.953125
c_h4-1m-n3-c32-balanced-r2-cassandra,2026-09-08T15:47:08.3482239Z,482.51,8.916,0.7759208679199219,622.65625
c_h4-1m-n3-c32-balanced-r2-cassandra,2026-09-08T15:47:15.6391532Z,479.86,8.916,0.7759208679199219,626.71875
c_h4-1m-n3-c32-balanced-r2-cassandra,2026-09-08T15:47:22.9098825Z,486.37,8.915,0.7759246826171875,630.734375
c_h4-1m-n3-c32-balanced-r2-cassandra,2026-09-08T15:47:30.1999009Z,485.85,8.916,0.7759246826171875,634.828125
c_h4-1m-n3-c32-balanced-r2-cassandra,2026-09-08T15:47:37.3161652Z,491.4,8.915,0.7759246826171875,638.1875
c_h4-1m-n3-c32-balanced-r3-cassandra,2026-09-08T16:03:13.1645045Z,493.77,8.923,0.7891006469726562,539.421875
c_h4-1m-n3-c32-balanced-r3-cassandra,2026-09-08T16:03:20.4459892Z,476.51,8.923,0.7892646789550781,543.609375
c_h4-1m-n3-c32-balanced-r3-cassandra,2026-09-08T16:03:26.9433912Z,477.38,8.924,0.7893714904785156,546.5625
c_h4-1m-n3-c32-balanced-r3-cassandra,2026-09-08T16:03:34.2170341Z,483.56,8.924,0.7893714904785156,550.296875
c_h4-1m-n3-c32-balanced-r3-cassandra,2026-09-08T16:03:41.4984573Z,487.99,8.923,0.7893867492675781,553.703125
c_h4-1m-n3-c32-balanced-r3-cassandra,2026-09-08T16:03:47.9881412Z,496.84000000000003,8.95,0.7894477844238281,556.453125
c_h4-1m-n3-c32-balanced-r3-cassandra,2026-09-08T16:03:55.2624311Z,466.79999999999995,8.945,0.7894477844238281,559.9375
c_h4-1m-n3-c32-balanced-r3-cassandra,2026-09-08T16:04:02.5381530Z,480.35,8.952,0.7894477844238281,563.578125
c_h4-1m-n3-c32-balanced-r3-cassandra,2026-09-08T16:04:09.0198870Z,474.66,8.954,0.7894477844238281,566.984375
c_h4-1m-n3-c32-balanced-r3-cassandra,2026-09-08T16:04:16.3079608Z,473.72,8.954,0.7894477844238281,570.234375
c_h4-1m-n3-c32-balanced-r3-cassandra,2026-09-08T16:04:23.5793643Z,487.63,8.952,0.7894477844238281,574.28125
c_h4-1m-n3-c32-balanced-r3-cassandra,2026-09-08T16:04:30.8678241Z,476.95000000000005,8.957,0.7894477844238281,577.8125
c_h4-1m-n3-c32-balanced-r3-cassandra,2026-09-08T16:04:38.0293854Z,433.80999999999995,8.959,0.7894477844238281,581.609375
c_h4-1m-n3-c32-balanced-r3-cassandra,2026-09-08T16:04:45.3132646Z,462.41999999999996,8.959,0.7894477844238281,585.203125
c_h4-1m-n3-c32-balanced-r3-cassandra,2026-09-08T16:04:52.5799805Z,489.03999999999996,8.959,0.7894439697265625,588.875
c_h4-1m-n3-c32-balanced-r3-cassandra,2026-09-08T16:04:59.0537218Z,477.45,8.963000000000001,0.7894439697265625,592.59375
c_h4-1m-n3-c32-balanced-r3-cassandra,2026-09-08T16:05:06.3388106Z,469.02,8.964,0.7894439697265625,596.984375
c_h4-1m-n3-c32-balanced-r3-cassandra,2026-09-08T16:05:13.6205082Z,484.74,8.965,0.7894515991210938,601.046875
c_h4-1m-n3-c32-balanced-r3-cassandra,2026-09-08T16:05:20.9107653Z,485.83,8.967,0.7894515991210938,604.796875
c_h4-1m-n3-c32-balanced-r3-cassandra,2026-09-08T16:05:28.0713990Z,484.09000000000003,8.966000000000001,0.7894515991210938,608.359375
c_h4-1m-n3-c32-balanced-r3-cassandra,2026-09-08T16:05:35.3591287Z,467.17,8.966000000000001,0.7894515991210938,611.859375
c_h4-1m-n3-c32-balanced-r3-cassandra,2026-09-08T16:05:42.6386254Z,491.19,8.966000000000001,0.7894554138183594,615.859375
c_h4-1m-n3-c32-balanced-r3-cassandra,2026-09-08T16:05:49.1089376Z,487.58,8.965,0.7894554138183594,619.0625
c_h4-1m-n3-c32-balanced-r3-cassandra,2026-09-08T16:05:56.3947381Z,474.45,8.963000000000001,0.789459228515625,622.796875
c_h4-1m-n3-c32-balanced-r3-cassandra,2026-09-08T16:06:03.6831825Z,492.31,8.964,0.789459228515625,627.125
c_h4-1m-n3-c32-read_heavy-r1-cassandra,2026-09-08T16:21:39.6862281Z,469.36,8.936,0.7863845825195312,540.265625
c_h4-1m-n3-c32-read_heavy-r1-cassandra,2026-09-08T16:21:46.9667267Z,466.67999999999995,8.936,0.7877540588378906,544.625
c_h4-1m-n3-c32-read_heavy-r1-cassandra,2026-09-08T16:21:54.2464955Z,479.2,8.937000000000001,0.7748451232910156,548.59375
c_h4-1m-n3-c32-read_heavy-r1-cassandra,2026-09-08T16:22:01.5350920Z,491.68,8.936,0.7748451232910156,553.046875
c_h4-1m-n3-c32-read_heavy-r1-cassandra,2026-09-08T16:22:08.6883784Z,491.52,8.936,0.7750053405761719,557.125
c_h4-1m-n3-c32-read_heavy-r1-cassandra,2026-09-08T16:22:15.9618028Z,475.52,8.936,0.7753677368164062,561.265625
c_h4-1m-n3-c32-read_heavy-r1-cassandra,2026-09-08T16:22:23.2522064Z,479.9,8.934,0.7753791809082031,564.859375
c_h4-1m-n3-c32-read_heavy-r1-cassandra,2026-09-08T16:22:29.7435716Z,488.45,8.934,0.7753791809082031,568.03125
c_h4-1m-n3-c32-read_heavy-r1-cassandra,2026-09-08T16:22:37.0143590Z,485.87,8.934999999999999,0.7753829956054688,571.734375
c_h4-1m-n3-c32-read_heavy-r1-cassandra,2026-09-08T16:22:44.2963433Z,484.82,8.934999999999999,0.7753829956054688,575.78125
c_h4-1m-n3-c32-read_heavy-r1-cassandra,2026-09-08T16:22:51.5886638Z,491.44,8.934,0.7753829956054688,579.171875
c_h4-1m-n3-c32-read_heavy-r1-cassandra,2026-09-08T16:22:58.7382048Z,479.12,8.933,0.7753868103027344,582.4375
c_h4-1m-n3-c32-read_heavy-r1-cassandra,2026-09-08T16:23:06.0216222Z,472.15999999999997,8.94,0.7753868103027344,585.875
c_h4-1m-n3-c32-read_heavy-r1-cassandra,2026-09-08T16:23:13.3092258Z,486.75,8.945,0.7754096984863281,589.5
c_h4-1m-n3-c32-read_heavy-r1-cassandra,2026-09-08T16:23:19.7749974Z,493.5,8.955,0.7754096984863281,592.453125
c_h4-1m-n3-c32-read_heavy-r1-cassandra,2026-09-08T16:23:27.0533097Z,468.42999999999995,8.958,0.7754707336425781,596.4375
c_h4-1m-n3-c32-read_heavy-r1-cassandra,2026-09-08T16:23:34.3191730Z,480.57,8.959,0.7765121459960938,601.1875
c_h4-1m-n3-c32-read_heavy-r1-cassandra,2026-09-08T16:23:41.5907775Z,483.04999999999995,8.961,0.7765159606933594,605.25
c_h4-1m-n3-c32-read_heavy-r1-cassandra,2026-09-08T16:23:48.7444009Z,483.15,8.961,0.7765159606933594,609.4375
c_h4-1m-n3-c32-read_heavy-r1-cassandra,2026-09-08T16:23:56.0184148Z,450.99,8.961,0.7765159606933594,613.40625
c_h4-1m-n3-c32-read_heavy-r1-cassandra,2026-09-08T16:24:03.3120214Z,487.31,8.961,0.7765159606933594,617.34375
c_h4-1m-n3-c32-read_heavy-r1-cassandra,2026-09-08T16:24:09.7490937Z,481.72,8.961,0.7765159606933594,620.328125
c_h4-1m-n3-c32-read_heavy-r1-cassandra,2026-09-08T16:24:17.0185404Z,469.83000000000004,8.945,0.7766075134277344,623.9375
c_h4-1m-n3-c32-read_heavy-r1-cassandra,2026-09-08T16:24:24.3076217Z,481.81,8.943999999999999,0.7766075134277344,626.953125
c_h4-1m-n3-c32-read_heavy-r1-cassandra,2026-09-08T16:24:31.5742313Z,489.07000000000005,8.946,0.7766075134277344,631.046875
c_h4-1m-n3-c32-read_heavy-r2-cassandra,2026-09-08T16:40:51.8473550Z,494.87,8.933,0.7787361145019531,544.3125
c_h4-1m-n3-c32-read_heavy-r2-cassandra,2026-09-08T16:40:58.5831913Z,492.96,8.933,0.7787628173828125,547.84375
c_h4-1m-n3-c32-read_heavy-r2-cassandra,2026-09-08T16:41:05.8809458Z,482.76,8.933,0.7800102233886719,552.1875
c_h4-1m-n3-c32-read_heavy-r2-cassandra,2026-09-08T16:41:13.1549401Z,482.17999999999995,8.932,0.7800331115722656,556.578125
c_h4-1m-n3-c32-read_heavy-r2-cassandra,2026-09-08T16:41:19.5130810Z,480.15999999999997,8.932,0.7801017761230469,559.671875
c_h4-1m-n3-c32-read_heavy-r2-cassandra,2026-09-08T16:41:26.7917309Z,466.32,8.933,0.7801017761230469,564.484375
c_h4-1m-n3-c32-read_heavy-r2-cassandra,2026-09-08T16:41:34.0677335Z,477.2,8.932,0.7801055908203125,568.171875
c_h4-1m-n3-c32-read_heavy-r2-cassandra,2026-09-08T16:41:40.5412574Z,478.90000000000003,8.932,0.7742271423339844,572.4375
c_h4-1m-n3-c32-read_heavy-r2-cassandra,2026-09-08T16:41:47.8264147Z,475.78,8.932,0.7742271423339844,576.765625
c_h4-1m-n3-c32-read_heavy-r2-cassandra,2026-09-08T16:41:55.1046921Z,491.51,8.932,0.77423095703125,580.34375
c_h4-1m-n3-c32-read_heavy-r2-cassandra,2026-09-08T16:42:02.4001278Z,484.77,8.933,0.77423095703125,584.140625
c_h4-1m-n3-c32-read_heavy-r2-cassandra,2026-09-08T16:42:09.5220615Z,473.32,8.932,0.77423095703125,588.203125
c_h4-1m-n3-c32-read_heavy-r2-cassandra,2026-09-08T16:42:16.8153609Z,469.69,8.939,0.77423095703125,592.265625
c_h4-1m-n3-c32-read_heavy-r2-cassandra,2026-09-08T16:42:24.0935607Z,496.38,8.952,0.77423095703125,595.796875
c_h4-1m-n3-c32-read_heavy-r2-cassandra,2026-09-08T16:42:30.5637757Z,501.57,8.974,0.77423095703125,598.765625
c_h4-1m-n3-c32-read_heavy-r2-cassandra,2026-09-08T16:42:37.8569128Z,482.08,8.979,0.7742385864257812,602.578125
c_h4-1m-n3-c32-read_heavy-r2-cassandra,2026-09-08T16:42:45.1361274Z,486.35,8.979,0.7742385864257812,606.78125
c_h4-1m-n3-c32-read_heavy-r2-cassandra,2026-09-08T16:42:52.4166575Z,517.95,8.964,0.7742385864257812,610.375
c_h4-1m-n3-c32-read_heavy-r2-cassandra,2026-09-08T16:42:59.5298596Z,483.02,8.942,0.7742729187011719,614.3125
c_h4-1m-n3-c32-read_heavy-r2-cassandra,2026-09-08T16:43:06.8145509Z,460.89,8.942,0.7742729187011719,618.234375
c_h4-1m-n3-c32-read_heavy-r2-cassandra,2026-09-08T16:43:14.0954029Z,475.51,8.942,0.7742729187011719,622.6875
c_h4-1m-n3-c32-read_heavy-r2-cassandra,2026-09-08T16:43:20.5943369Z,496.81,8.942,0.7742805480957031,625.984375
c_h4-1m-n3-c32-read_heavy-r2-cassandra,2026-09-08T16:43:27.8745086Z,475.96000000000004,8.942,0.7742805480957031,629.859375
c_h4-1m-n3-c32-read_heavy-r2-cassandra,2026-09-08T16:43:35.1483542Z,480.96000000000004,8.942,0.7742805480957031,633.6875
c_h4-1m-n3-c32-read_heavy-r2-cassandra,2026-09-08T16:43:42.4195237Z,485.71000000000004,8.942,0.7742805480957031,637.8125
c_h4-1m-n3-c32-read_heavy-r3-cassandra,2026-09-08T16:59:24.3449072Z,482.40999999999997,8.903,0.7794876098632812,538.09375
c_h4-1m-n3-c32-read_heavy-r3-cassandra,2026-09-08T16:59:31.2366351Z,489.46000000000004,8.904,0.7845878601074219,541.5625
c_h4-1m-n3-c32-read_heavy-r3-cassandra,2026-09-08T16:59:38.5303759Z,460.73,8.903,0.7860641479492188,545.375
c_h4-1m-n3-c32-read_heavy-r3-cassandra,2026-09-08T16:59:45.8030721Z,495.92999999999995,8.903,0.7861175537109375,549.65625
c_h4-1m-n3-c32-read_heavy-r3-cassandra,2026-09-08T16:59:53.1037063Z,472.71,8.904,0.7861785888671875,554.046875
c_h4-1m-n3-c32-read_heavy-r3-cassandra,2026-09-08T17:00:00.1766724Z,490.26,8.903,0.7861824035644531,557.78125
c_h4-1m-n3-c32-read_heavy-r3-cassandra,2026-09-08T17:00:07.4629428Z,462.22,8.903,0.7861824035644531,561.390625
c_h4-1m-n3-c32-read_heavy-r3-cassandra,2026-09-08T17:00:14.7358863Z,474.55,8.903,0.7861900329589844,565.375
c_h4-1m-n3-c32-read_heavy-r3-cassandra,2026-09-08T17:00:21.2084114Z,484.42,8.902000000000001,0.7861900329589844,568.90625
c_h4-1m-n3-c32-read_heavy-r3-cassandra,2026-09-08T17:00:28.4952964Z,470.72,8.904,0.7861900329589844,573.015625
c_h4-1m-n3-c32-read_heavy-r3-cassandra,2026-09-08T17:00:35.7934481Z,479.49,8.901,0.7861900329589844,577.03125
c_h4-1m-n3-c32-read_heavy-r3-cassandra,2026-09-08T17:00:43.0690441Z,482.63,8.902000000000001,0.7861900329589844,582.03125
c_h4-1m-n3-c32-read_heavy-r3-cassandra,2026-09-08T17:00:50.1987910Z,500.99,8.909,0.7862510681152344,585.8125
c_h4-1m-n3-c32-read_heavy-r3-cassandra,2026-09-08T17:00:57.4817624Z,461.96000000000004,8.906,0.7863121032714844,589.46875
c_h4-1m-n3-c32-read_heavy-r3-cassandra,2026-09-08T17:01:04.7624019Z,483.44,8.923,0.78631591796875,593.359375
c_h4-1m-n3-c32-read_heavy-r3-cassandra,2026-09-08T17:01:11.2459130Z,490.2,8.926,0.7863235473632812,596.796875
c_h4-1m-n3-c32-read_heavy-r3-cassandra,2026-09-08T17:01:18.5214141Z,468.46000000000004,8.928,0.7863235473632812,600.21875
c_h4-1m-n3-c32-read_heavy-r3-cassandra,2026-09-08T17:01:25.8150594Z,485.37,8.927,0.7863388061523438,604.125
c_h4-1m-n3-c32-read_heavy-r3-cassandra,2026-09-08T17:01:33.1015713Z,488.66999999999996,8.929,0.7863388061523438,608.140625
c_h4-1m-n3-c32-read_heavy-r3-cassandra,2026-09-08T17:01:40.2389133Z,486.83,8.928,0.7863388061523438,612.0625
c_h4-1m-n3-c32-read_heavy-r3-cassandra,2026-09-08T17:01:47.5205250Z,455.67999999999995,8.929,0.7863388061523438,615.828125
c_h4-1m-n3-c32-read_heavy-r3-cassandra,2026-09-08T17:01:54.7901663Z,481.36,8.929,0.7863388061523438,619.8125
c_h4-1m-n3-c32-read_heavy-r3-cassandra,2026-09-08T17:02:01.2818241Z,500.58,8.928,0.7863388061523438,622.953125
c_h4-1m-n3-c32-read_heavy-r3-cassandra,2026-09-08T17:02:08.5662861Z,472.46,8.929,0.7863388061523438,626.59375
c_h4-1m-n3-c32-read_heavy-r3-cassandra,2026-09-08T17:02:15.8423508Z,488.59,8.928,0.7863388061523438,630.15625
c_h4-1m-n3-c32-write_heavy-r1-cassandra,2026-09-08T17:17:45.0739326Z,486.57,8.92,0.7871475219726562,543.453125
c_h4-1m-n3-c32-write_heavy-r1-cassandra,2026-09-08T17:17:51.9392091Z,484.9,8.92,0.7871665954589844,547.0625
c_h4-1m-n3-c32-write_heavy-r1-cassandra,2026-09-08T17:17:59.2346503Z,475.9,8.921,0.7792472839355469,551.125
c_h4-1m-n3-c32-write_heavy-r1-cassandra,2026-09-08T17:18:06.5082853Z,503.02,8.924,0.7792587280273438,554.984375
c_h4-1m-n3-c32-write_heavy-r1-cassandra,2026-09-08T17:18:13.7946654Z,505.7,8.927,0.7792930603027344,558.703125
c_h4-1m-n3-c32-write_heavy-r1-cassandra,2026-09-08T17:18:20.9079830Z,493.65999999999997,8.919,0.7792930603027344,562.5625
c_h4-1m-n3-c32-write_heavy-r1-cassandra,2026-09-08T17:18:28.1934592Z,483.46,8.919,0.77972412109375,566.328125
c_h4-1m-n3-c32-write_heavy-r1-cassandra,2026-09-08T17:18:35.4697284Z,489.05,8.923,0.77972412109375,570.421875
c_h4-1m-n3-c32-write_heavy-r1-cassandra,2026-09-08T17:18:41.9293876Z,494.92999999999995,8.923,0.7797431945800781,573.734375
c_h4-1m-n3-c32-write_heavy-r1-cassandra,2026-09-08T17:18:49.2169904Z,477.38,8.926,0.7797431945800781,577.4375
c_h4-1m-n3-c32-write_heavy-r1-cassandra,2026-09-08T17:18:56.4912567Z,485.85,8.927,0.7798042297363281,581.703125
c_h4-1m-n3-c32-write_heavy-r1-cassandra,2026-09-08T17:19:03.7796410Z,490.45,8.932,0.7798042297363281,585.4375
c_h4-1m-n3-c32-write_heavy-r1-cassandra,2026-09-08T17:19:10.9769754Z,485.86,8.93,0.7798080444335938,589.515625
c_h4-1m-n3-c32-write_heavy-r1-cassandra,2026-09-08T17:19:18.2527060Z,460.32,8.93,0.7798080444335938,593.15625
c_h4-1m-n3-c32-write_heavy-r1-cassandra,2026-09-08T17:19:25.5516449Z,478.79,8.931000000000001,0.7798080444335938,597.390625
c_h4-1m-n3-c32-write_heavy-r1-cassandra,2026-09-08T17:19:31.9922168Z,484.61,8.931000000000001,0.7798118591308594,601
c_h4-1m-n3-c32-write_heavy-r1-cassandra,2026-09-08T17:19:39.2967747Z,497.22,8.934000000000001,0.7798118591308594,604.96875
c_h4-1m-n3-c32-write_heavy-r1-cassandra,2026-09-08T17:19:46.5826068Z,491.25,8.938,0.7798118591308594,608.609375
c_h4-1m-n3-c32-write_heavy-r1-cassandra,2026-09-08T17:19:53.8596302Z,497.83000000000004,8.929,0.7798271179199219,613
c_h4-1m-n3-c32-write_heavy-r1-cassandra,2026-09-08T17:20:00.9551452Z,507.15,8.936,0.7798271179199219,616.421875
c_h4-1m-n3-c32-write_heavy-r1-cassandra,2026-09-08T17:20:08.2393735Z,479.23,8.94,0.7798271179199219,620.125
c_h4-1m-n3-c32-write_heavy-r1-cassandra,2026-09-08T17:20:15.5204118Z,485.71000000000004,8.931000000000001,0.7798347473144531,624.09375
c_h4-1m-n3-c32-write_heavy-r1-cassandra,2026-09-08T17:20:22.0319728Z,488.06,8.932,0.7798347473144531,627.8125
c_h4-1m-n3-c32-write_heavy-r1-cassandra,2026-09-08T17:20:29.3172931Z,472.59,8.932,0.7798347473144531,631.71875
c_h4-1m-n3-c32-write_heavy-r1-cassandra,2026-09-08T17:20:36.6077766Z,481.87,8.931000000000001,0.7798347473144531,635.5625
c_h4-1m-n3-c32-write_heavy-r2-cassandra,2026-09-08T17:36:13.9496487Z,487.97,8.921,0.7963981628417969,537.359375
c_h4-1m-n3-c32-write_heavy-r2-cassandra,2026-09-08T17:36:20.5694445Z,481.79999999999995,8.922,0.7963981628417969,541
c_h4-1m-n3-c32-write_heavy-r2-cassandra,2026-09-08T17:36:27.8482179Z,485.28,8.922,0.796783447265625,546.078125
c_h4-1m-n3-c32-write_heavy-r2-cassandra,2026-09-08T17:36:35.1526787Z,512.0600000000001,8.926,0.7967910766601562,549.5625
c_h4-1m-n3-c32-write_heavy-r2-cassandra,2026-09-08T17:36:41.5952404Z,499.16999999999996,8.93,0.7967910766601562,552.890625
c_h4-1m-n3-c32-write_heavy-r2-cassandra,2026-09-08T17:36:48.8717476Z,451.24,8.923,0.7967948913574219,556.796875
c_h4-1m-n3-c32-write_heavy-r2-cassandra,2026-09-08T17:36:56.1495235Z,490.13,8.923,0.7968864440917969,561.03125
c_h4-1m-n3-c32-write_heavy-r2-cassandra,2026-09-08T17:37:02.7237845Z,475.02,8.927,0.7968864440917969,564.125
c_h4-1m-n3-c32-write_heavy-r2-cassandra,2026-09-08T17:37:10.0176547Z,462.52,8.928,0.7969017028808594,567.96875
c_h4-1m-n3-c32-write_heavy-r2-cassandra,2026-09-08T17:37:17.3096641Z,483.31,8.928,0.7969017028808594,572.21875
c_h4-1m-n3-c32-write_heavy-r2-cassandra,2026-09-08T17:37:24.5837779Z,482.8,8.93,0.796905517578125,576.90625
c_h4-1m-n3-c32-write_heavy-r2-cassandra,2026-09-08T17:37:31.6601775Z,476.79,8.932,0.7969093322753906,580.90625
c_h4-1m-n3-c32-write_heavy-r2-cassandra,2026-09-08T17:37:38.9249393Z,461.28,8.934000000000001,0.7969093322753906,584.84375
c_h4-1m-n3-c32-write_heavy-r2-cassandra,2026-09-08T17:37:46.2004972Z,496.02,8.933,0.7969093322753906,589.09375
c_h4-1m-n3-c32-write_heavy-r2-cassandra,2026-09-08T17:37:52.6769907Z,496.32000000000005,8.934000000000001,0.7969245910644531,592.578125
c_h4-1m-n3-c32-write_heavy-r2-cassandra,2026-09-08T17:37:59.9635147Z,468.88,8.934000000000001,0.7969322204589844,596.703125
c_h4-1m-n3-c32-write_heavy-r2-cassandra,2026-09-08T17:38:07.2456362Z,486.68,8.934000000000001,0.7969322204589844,600.640625
c_h4-1m-n3-c32-write_heavy-r2-cassandra,2026-09-08T17:38:14.5395285Z,508.51,8.94,0.7969322204589844,604.359375
c_h4-1m-n3-c32-write_heavy-r2-cassandra,2026-09-08T17:38:21.6745643Z,486.81,8.93,0.7969322204589844,607.6875
c_h4-1m-n3-c32-write_heavy-r2-cassandra,2026-09-08T17:38:28.9555095Z,471.92,8.935,0.7969512939453125,611.3125
c_h4-1m-n3-c32-write_heavy-r2-cassandra,2026-09-08T17:38:36.2566311Z,479.82,8.94,0.7969512939453125,614.4375
c_h4-1m-n3-c32-write_heavy-r2-cassandra,2026-09-08T17:38:42.9176103Z,471.59,8.931000000000001,0.7969512939453125,617.109375
c_h4-1m-n3-c32-write_heavy-r2-cassandra,2026-09-08T17:38:50.2089030Z,463.03000000000003,8.932,0.7969512939453125,620.9375
c_h4-1m-n3-c32-write_heavy-r2-cassandra,2026-09-08T17:38:57.4992270Z,468.21999999999997,8.932,0.7969398498535156,624.53125
c_h4-1m-n3-c32-write_heavy-r2-cassandra,2026-09-08T17:39:04.7971706Z,469.27,8.932,0.7969398498535156,627.703125
c_h4-1m-n3-c32-write_heavy-r3-cassandra,2026-09-08T17:54:57.5734841Z,490.88,8.886,0.7881393432617188,543.796875
c_h4-1m-n3-c32-write_heavy-r3-cassandra,2026-09-08T17:55:04.8617745Z,489.52,8.885,0.7881507873535156,547.828125
c_h4-1m-n3-c32-write_heavy-r3-cassandra,2026-09-08T17:55:11.4114330Z,484.6,8.885,0.7903671264648438,551.9375
c_h4-1m-n3-c32-write_heavy-r3-cassandra,2026-09-08T17:55:18.6873249Z,516.49,8.888,0.7904396057128906,555.03125
c_h4-1m-n3-c32-write_heavy-r3-cassandra,2026-09-08T17:55:25.9667440Z,511.13,8.89,0.7904434204101562,558.5625
c_h4-1m-n3-c32-write_heavy-r3-cassandra,2026-09-08T17:55:32.4589251Z,487.38,8.885,0.7904434204101562,562.46875
c_h4-1m-n3-c32-write_heavy-r3-cassandra,2026-09-08T17:55:39.7443384Z,442.63,8.885,0.7905387878417969,566.265625
c_h4-1m-n3-c32-write_heavy-r3-cassandra,2026-09-08T17:55:47.0338551Z,489.73,8.889,0.7905387878417969,570.984375
c_h4-1m-n3-c32-write_heavy-r3-cassandra,2026-09-08T17:55:53.4953934Z,481.27,8.89,0.7905426025390625,574.671875
c_h4-1m-n3-c32-write_heavy-r3-cassandra,2026-09-08T17:56:00.7723219Z,479.76,8.891,0.7905464172363281,579.25
c_h4-1m-n3-c32-write_heavy-r3-cassandra,2026-09-08T17:56:08.0552195Z,487.3,8.894,0.790557861328125,583.984375
c_h4-1m-n3-c32-write_heavy-r3-cassandra,2026-09-08T17:56:15.3311166Z,495.59000000000003,8.897,0.7905654907226562,587.375
c_h4-1m-n3-c32-write_heavy-r3-cassandra,2026-09-08T17:56:22.5017672Z,486.45000000000005,8.899,0.7905960083007812,591.265625
c_h4-1m-n3-c32-write_heavy-r3-cassandra,2026-09-08T17:56:29.7800191Z,465.05999999999995,8.898,0.7905960083007812,595.09375
c_h4-1m-n3-c32-write_heavy-r3-cassandra,2026-09-08T17:56:37.0699471Z,486.96,8.898,0.7905960083007812,599
c_h4-1m-n3-c32-write_heavy-r3-cassandra,2026-09-08T17:56:43.5519295Z,491.67999999999995,8.898,0.7905960083007812,602.78125
c_h4-1m-n3-c32-write_heavy-r3-cassandra,2026-09-08T17:56:50.8376090Z,480.32,8.896,0.7905960083007812,606.234375
c_h4-1m-n3-c32-write_heavy-r3-cassandra,2026-09-08T17:56:58.1234364Z,506.28,8.903,0.7905960083007812,609.859375
c_h4-1m-n3-c32-write_heavy-r3-cassandra,2026-09-08T17:57:05.4048119Z,482.82000000000005,8.894,0.7905960083007812,613.53125
c_h4-1m-n3-c32-write_heavy-r3-cassandra,2026-09-08T17:57:12.5450326Z,499.65999999999997,8.899000000000001,0.7906227111816406,617.234375
c_h4-1m-n3-c32-write_heavy-r3-cassandra,2026-09-08T17:57:19.8196800Z,471.13,8.904,0.7906227111816406,620.421875
c_h4-1m-n3-c32-write_heavy-r3-cassandra,2026-09-08T17:57:27.0849334Z,490.97,8.895,0.7906227111816406,624.25
c_h4-1m-n3-c32-write_heavy-r3-cassandra,2026-09-08T17:57:33.5170486Z,495.43,8.896,0.7906379699707031,627.4375
c_h4-1m-n3-c32-write_heavy-r3-cassandra,2026-09-08T17:57:40.7998136Z,481.13,8.896,0.7906379699707031,631.796875
c_h4-1m-n3-c32-write_heavy-r3-cassandra,2026-09-08T17:57:48.0794418Z,466.57,8.897,0.7906379699707031,635.78125
c_h4-10m-n3-c32-balanced-r1-cassandra,2026-09-08T20:10:51.8125459Z,481.93,8.975999999999999,0.8782463073730469,4710.625
c_h4-10m-n3-c32-balanced-r1-cassandra,2026-09-08T20:10:58.6445717Z,492.40999999999997,8.966999999999999,0.8782501220703125,4714.765625
c_h4-10m-n3-c32-balanced-r1-cassandra,2026-09-08T20:11:05.9520953Z,471.90999999999997,8.969,0.8783226013183594,4718.796875
c_h4-10m-n3-c32-balanced-r1-cassandra,2026-09-08T20:11:13.2463042Z,470.96000000000004,8.969,0.8550910949707031,4722.875
c_h4-10m-n3-c32-balanced-r1-cassandra,2026-09-08T20:11:20.5508876Z,468.11,8.969,0.8556480407714844,4726.234375
c_h4-10m-n3-c32-balanced-r1-cassandra,2026-09-08T20:11:27.7116896Z,478.11,8.971,0.8561935424804688,4729.4375
c_h4-10m-n3-c32-balanced-r1-cassandra,2026-09-08T20:11:34.9872825Z,444.26,8.972000000000001,0.856201171875,4733.015625
c_h4-10m-n3-c32-balanced-r1-cassandra,2026-09-08T20:11:42.2732185Z,480.12,8.97,0.856201171875,4736.921875
c_h4-10m-n3-c32-balanced-r1-cassandra,2026-09-08T20:11:48.7242857Z,481.80999999999995,8.971,0.856201171875,4739.78125
c_h4-10m-n3-c32-balanced-r1-cassandra,2026-09-08T20:11:56.0154881Z,454.73,8.971,0.856201171875,4743.84375
c_h4-10m-n3-c32-balanced-r1-cassandra,2026-09-08T20:12:03.3062613Z,497.69000000000005,8.974,0.856201171875,4747.625
c_h4-10m-n3-c32-balanced-r1-cassandra,2026-09-08T20:12:10.5725671Z,519.48,8.98,0.856201171875,4751.1875
c_h4-10m-n3-c32-balanced-r1-cassandra,2026-09-08T20:12:17.6878048Z,511.01,8.985,0.8564224243164062,4754.515625
c_h4-10m-n3-c32-balanced-r1-cassandra,2026-09-08T20:12:24.9848128Z,458.55,8.979000000000001,0.8564262390136719,4757.78125
c_h4-10m-n3-c32-balanced-r1-cassandra,2026-09-08T20:12:32.2940316Z,475.64,8.987,0.8564262390136719,4761.203125
c_h4-10m-n3-c32-balanced-r1-cassandra,2026-09-08T20:12:38.8157772Z,484.32,8.99,0.8564262390136719,4764.59375
c_h4-10m-n3-c32-balanced-r1-cassandra,2026-09-08T20:12:46.1094877Z,474.96000000000004,8.99,0.8564262390136719,4768.9375
c_h4-10m-n3-c32-balanced-r1-cassandra,2026-09-08T20:12:53.4020405Z,482.67999999999995,8.99,0.8564262390136719,4772.8125
c_h4-10m-n3-c32-balanced-r1-cassandra,2026-09-08T20:13:00.7092210Z,482.89,8.99,0.8564262390136719,4776.765625
c_h4-10m-n3-c32-balanced-r1-cassandra,2026-09-08T20:13:07.7386570Z,486.46000000000004,8.989,0.8564262390136719,4780.34375
c_h4-10m-n3-c32-balanced-r1-cassandra,2026-09-08T20:13:15.0371094Z,462.48,8.99,0.8566360473632812,4784.140625
c_h4-10m-n3-c32-balanced-r1-cassandra,2026-09-08T20:13:22.3219681Z,479.70000000000005,8.99,0.8577766418457031,4787.90625
c_h4-10m-n3-c32-balanced-r1-cassandra,2026-09-08T20:13:28.7652965Z,488.9,8.988,0.8577766418457031,4791.375
c_h4-10m-n3-c32-balanced-r1-cassandra,2026-09-08T20:13:36.0542439Z,460.03,8.988,0.8577766418457031,4794.65625
c_h4-10m-n3-c32-balanced-r1-cassandra,2026-09-08T20:13:43.3580637Z,486.23,8.989,0.8577766418457031,4798.71875
c_h4-10m-n3-c32-balanced-r2-cassandra,2026-09-08T22:28:31.7606893Z,481.26,9.034,0.8804740905761719,4738.1875
c_h4-10m-n3-c32-balanced-r2-cassandra,2026-09-08T22:28:39.0459451Z,493.18,9.036,0.8805618286132812,4742.21875
c_h4-10m-n3-c32-balanced-r2-cassandra,2026-09-08T22:28:46.3321419Z,491.06,9.035,0.8805618286132812,4746.171875
c_h4-10m-n3-c32-balanced-r2-cassandra,2026-09-08T22:28:52.7629296Z,492.94,9.034,0.8805618286132812,4749.453125
c_h4-10m-n3-c32-balanced-r2-cassandra,2026-09-08T22:29:00.0539284Z,467.47,9.036,0.8807449340820312,4753.421875
c_h4-10m-n3-c32-balanced-r2-cassandra,2026-09-08T22:29:07.3269356Z,478.56,9.035,0.8807487487792969,4757.15625
c_h4-10m-n3-c32-balanced-r2-cassandra,2026-09-08T22:29:13.8508041Z,483.65999999999997,9.034,0.8807525634765625,4760.703125
c_h4-10m-n3-c32-balanced-r2-cassandra,2026-09-08T22:29:21.1397739Z,484.06000000000006,9.034,0.8807525634765625,4764.390625
c_h4-10m-n3-c32-balanced-r2-cassandra,2026-09-08T22:29:28.4287198Z,490.48,9.035,0.8807525634765625,4768.28125
c_h4-10m-n3-c32-balanced-r2-cassandra,2026-09-08T22:29:35.7286238Z,513.88,9.043,0.8807525634765625,4771.484375
c_h4-10m-n3-c32-balanced-r2-cassandra,2026-09-08T22:29:42.8449785Z,527.42,9.048,0.8807525634765625,4774.671875
c_h4-10m-n3-c32-balanced-r2-cassandra,2026-09-08T22:29:50.1281193Z,462.0,9.04,0.8809967041015625,4778.5
c_h4-10m-n3-c32-balanced-r2-cassandra,2026-09-08T22:29:57.4067467Z,488.65999999999997,9.05,0.8809967041015625,4782.171875
c_h4-10m-n3-c32-balanced-r2-cassandra,2026-09-08T22:30:03.8992077Z,494.81,9.052,0.8809967041015625,4785.5625
c_h4-10m-n3-c32-balanced-r2-cassandra,2026-09-08T22:30:11.1835594Z,455.84000000000003,9.053,0.8809967041015625,4789.125
c_h4-10m-n3-c32-balanced-r2-cassandra,2026-09-08T22:30:18.4593380Z,483.38,9.055,0.8810615539550781,4793.15625
c_h4-10m-n3-c32-balanced-r2-cassandra,2026-09-08T22:30:25.7425982Z,486.43999999999994,9.054,0.8810615539550781,4797.09375
c_h4-10m-n3-c32-balanced-r2-cassandra,2026-09-08T22:30:32.8224948Z,487.42999999999995,9.054,0.8810615539550781,4801
c_h4-10m-n3-c32-balanced-r2-cassandra,2026-09-08T22:30:40.1116077Z,454.08,9.054,0.8813056945800781,4804.75
c_h4-10m-n3-c32-balanced-r2-cassandra,2026-09-08T22:30:47.3779126Z,485.92,9.053,0.8813056945800781,4808.953125
c_h4-10m-n3-c32-balanced-r2-cassandra,2026-09-08T22:30:53.9161279Z,492.11,9.053,0.8813056945800781,4812.546875
c_h4-10m-n3-c32-balanced-r2-cassandra,2026-09-08T22:31:01.2018833Z,477.95000000000005,9.054,0.8813056945800781,4817.03125
c_h4-10m-n3-c32-balanced-r2-cassandra,2026-09-08T22:31:08.4687537Z,488.67999999999995,9.055,0.8813056945800781,4821.03125
c_h4-10m-n3-c32-balanced-r2-cassandra,2026-09-08T22:31:15.7529208Z,502.37,9.055,0.8813056945800781,4824.359375
c_h4-10m-n3-c32-balanced-r2-cassandra,2026-09-08T22:31:22.8659095Z,479.28999999999996,9.055,0.8813056945800781,4828.140625
c_h4-10m-n3-c32-balanced-r3-cassandra,2026-09-09T00:44:46.4912168Z,491.47,8.977,0.8674774169921875,4735.90625
c_h4-10m-n3-c32-balanced-r3-cassandra,2026-09-09T00:44:53.7642971Z,496.36,8.978,0.8674774169921875,4740.140625
c_h4-10m-n3-c32-balanced-r3-cassandra,2026-09-09T00:45:01.0445319Z,493.79999999999995,8.977,0.8688850402832031,4743.984375
c_h4-10m-n3-c32-balanced-r3-cassandra,2026-09-09T00:45:07.6871561Z,482.21000000000004,8.975999999999999,0.8692512512207031,4747.578125
c_h4-10m-n3-c32-balanced-r3-cassandra,2026-09-09T00:45:14.9759060Z,432.53,8.975,0.8692512512207031,4751.328125
c_h4-10m-n3-c32-balanced-r3-cassandra,2026-09-09T00:45:22.3048639Z,488.38,8.972999999999999,0.86932373046875,4755.65625
c_h4-10m-n3-c32-balanced-r3-cassandra,2026-09-09T00:45:28.8074642Z,487.64,8.975,0.8694038391113281,4759.03125
c_h4-10m-n3-c32-balanced-r3-cassandra,2026-09-09T00:45:36.1006611Z,478.16999999999996,8.974,0.8694038391113281,4762.71875
c_h4-10m-n3-c32-balanced-r3-cassandra,2026-09-09T00:45:43.3972847Z,486.98,8.974,0.8694038391113281,4766.796875
c_h4-10m-n3-c32-balanced-r3-cassandra,2026-09-09T00:45:50.6873746Z,488.84,8.975,0.8696250915527344,4770.734375
c_h4-10m-n3-c32-balanced-r3-cassandra,2026-09-09T00:45:57.7562868Z,518.4,8.982,0.8697013854980469,4774.171875
c_h4-10m-n3-c32-balanced-r3-cassandra,2026-09-09T00:46:05.0397555Z,490.65999999999997,8.989,0.8697013854980469,4777.328125
c_h4-10m-n3-c32-balanced-r3-cassandra,2026-09-09T00:46:12.3325567Z,471.08,8.983,0.8697013854980469,4780.84375
c_h4-10m-n3-c32-balanced-r3-cassandra,2026-09-09T00:46:18.7726336Z,488.49,8.992,0.8697013854980469,4783.90625
c_h4-10m-n3-c32-balanced-r3-cassandra,2026-09-09T00:46:26.0660553Z,470.14,8.994,0.8697013854980469,4788.109375
c_h4-10m-n3-c32-balanced-r3-cassandra,2026-09-09T00:46:33.3467681Z,490.94,8.996,0.8697013854980469,4792.359375
c_h4-10m-n3-c32-balanced-r3-cassandra,2026-09-09T00:46:40.6284703Z,482.84000000000003,8.995000000000001,0.8697013854980469,4796.28125
c_h4-10m-n3-c32-balanced-r3-cassandra,2026-09-09T00:46:47.7959135Z,478.4,8.995000000000001,0.8699607849121094,4800.25
c_h4-10m-n3-c32-balanced-r3-cassandra,2026-09-09T00:46:55.0684716Z,467.37,8.996,0.8699607849121094,4804.109375
c_h4-10m-n3-c32-balanced-r3-cassandra,2026-09-09T00:47:02.3448809Z,484.93,8.996,0.8699607849121094,4808.359375
c_h4-10m-n3-c32-balanced-r3-cassandra,2026-09-09T00:47:08.8280066Z,473.56,8.996,0.8699607849121094,4811.671875
c_h4-10m-n3-c32-balanced-r3-cassandra,2026-09-09T00:47:16.1155855Z,469.22,8.997,0.8699607849121094,4815.296875
c_h4-10m-n3-c32-balanced-r3-cassandra,2026-09-09T00:47:23.4004436Z,491.99,8.998999999999999,0.8699607849121094,4819.46875
c_h4-10m-n3-c32-balanced-r3-cassandra,2026-09-09T00:47:30.6740399Z,492.85,9.001,0.8699607849121094,4823.40625
c_h4-10m-n3-c32-balanced-r3-cassandra,2026-09-09T00:47:37.8065909Z,489.48,9.001999999999999,0.8701667785644531,4827.453125
c_h4-10m-n3-c32-read_heavy-r1-cassandra,2026-09-09T03:01:11.5317831Z,489.41999999999996,9.003,0.8801918029785156,4721.0625
c_h4-10m-n3-c32-read_heavy-r1-cassandra,2026-09-09T03:01:18.8064204Z,484.26,9.004,0.8801956176757812,4725.140625
c_h4-10m-n3-c32-read_heavy-r1-cassandra,2026-09-09T03:01:26.0852531Z,492.65,9.002,0.8803520202636719,4729.265625
c_h4-10m-n3-c32-read_heavy-r1-cassandra,2026-09-09T03:01:32.5928902Z,489.56,9.001000000000001,0.8806533813476562,4732.59375
c_h4-10m-n3-c32-read_heavy-r1-cassandra,2026-09-09T03:01:39.8775710Z,462.27,9.001000000000001,0.8806533813476562,4736.40625
c_h4-10m-n3-c32-read_heavy-r1-cassandra,2026-09-09T03:01:47.1469202Z,491.51,9.002,0.8806533813476562,4740.546875
c_h4-10m-n3-c32-read_heavy-r1-cassandra,2026-09-09T03:01:53.6519312Z,484.4,9.002,0.8806533813476562,4744.046875
c_h4-10m-n3-c32-read_heavy-r1-cassandra,2026-09-09T03:02:00.9344585Z,471.31,9.001000000000001,0.8806533813476562,4747.84375
c_h4-10m-n3-c32-read_heavy-r1-cassandra,2026-09-09T03:02:08.2160514Z,483.40000000000003,9.003,0.8806533813476562,4752.0625
c_h4-10m-n3-c32-read_heavy-r1-cassandra,2026-09-09T03:02:15.4989727Z,495.98,9.001000000000001,0.8806533813476562,4756.390625
c_h4-10m-n3-c32-read_heavy-r1-cassandra,2026-09-09T03:02:22.6278544Z,484.40000000000003,9.001000000000001,0.8808670043945312,4760.515625
c_h4-10m-n3-c32-read_heavy-r1-cassandra,2026-09-09T03:02:29.9298395Z,477.9,9.002,0.8808746337890625,4764.4375
c_h4-10m-n3-c32-read_heavy-r1-cassandra,2026-09-09T03:02:37.2079949Z,486.49,9.001000000000001,0.8808746337890625,4768.140625
c_h4-10m-n3-c32-read_heavy-r1-cassandra,2026-09-09T03:02:43.6179814Z,490.52,9.003,0.8808746337890625,4772.359375
c_h4-10m-n3-c32-read_heavy-r1-cassandra,2026-09-09T03:02:50.9002397Z,473.33,9.002,0.8808746337890625,4776.703125
c_h4-10m-n3-c32-read_heavy-r1-cassandra,2026-09-09T03:02:58.1691142Z,490.49,9.002,0.8808746337890625,4780.234375
c_h4-10m-n3-c32-read_heavy-r1-cassandra,2026-09-09T03:03:05.4477787Z,482.40999999999997,9.002,0.8808746337890625,4784.53125
c_h4-10m-n3-c32-read_heavy-r1-cassandra,2026-09-09T03:03:12.6304127Z,479.27,9.001000000000001,0.8810882568359375,4788.25
c_h4-10m-n3-c32-read_heavy-r1-cassandra,2026-09-09T03:03:19.9191575Z,459.55,9.001000000000001,0.8810882568359375,4792.703125
c_h4-10m-n3-c32-read_heavy-r1-cassandra,2026-09-09T03:03:27.1974557Z,481.9,9.0,0.8810882568359375,4796.484375
c_h4-10m-n3-c32-read_heavy-r1-cassandra,2026-09-09T03:03:33.6817140Z,486.65,9.0,0.8810882568359375,4800.125
c_h4-10m-n3-c32-read_heavy-r1-cassandra,2026-09-09T03:03:40.9659801Z,462.96999999999997,9.001000000000001,0.8810882568359375,4803.6875
c_h4-10m-n3-c32-read_heavy-r1-cassandra,2026-09-09T03:03:48.2449399Z,474.23,9.001000000000001,0.8810882568359375,4807.6875
c_h4-10m-n3-c32-read_heavy-r1-cassandra,2026-09-09T03:03:55.5245773Z,482.33,9.006,0.8810882568359375,4811.765625
c_h4-10m-n3-c32-read_heavy-r1-cassandra,2026-09-09T03:04:02.6333506Z,507.78999999999996,9.009,0.8813629150390625,4815.21875
c_h4-10m-n3-c32-read_heavy-r2-cassandra,2026-09-09T05:37:39.6885051Z,448.1,9.003,0.8551101684570312,4802.1875
c_h4-10m-n3-c32-read_heavy-r2-cassandra,2026-09-09T05:37:47.1737181Z,427.38,9.004,0.8551673889160156,4804.28125
c_h4-10m-n3-c32-read_heavy-r2-cassandra,2026-09-09T05:37:54.9762203Z,346.62,9.003,0.8552093505859375,4805.15625
c_h4-10m-n3-c32-read_heavy-r2-cassandra,2026-09-09T05:38:03.5372201Z,458.71000000000004,9.003,0.8556098937988281,4806.046875
c_h4-10m-n3-c32-read_heavy-r2-cassandra,2026-09-09T05:38:10.5788351Z,451.05999999999995,9.003,0.8613357543945312,4807.671875
c_h4-10m-n3-c32-read_heavy-r2-cassandra,2026-09-09T05:38:17.6206375Z,468.56,9.004,0.8632240295410156,4810.796875
c_h4-10m-n3-c32-read_heavy-r2-cassandra,2026-09-09T05:38:24.9449184Z,474.7,9.001999999999999,0.8632240295410156,4814.046875
c_h4-10m-n3-c32-read_heavy-r2-cassandra,2026-09-09T05:38:32.2590019Z,488.26,9.003,0.8632240295410156,4817.421875
c_h4-10m-n3-c32-read_heavy-r2-cassandra,2026-09-09T05:38:38.6145503Z,467.26,9.003,0.8632240295410156,4820.1875
c_h4-10m-n3-c32-read_heavy-r2-cassandra,2026-09-09T05:38:45.9139413Z,436.35,9.003,0.8640365600585938,4823.453125
c_h4-10m-n3-c32-read_heavy-r2-cassandra,2026-09-09T05:38:53.2246090Z,480.70000000000005,9.004,0.8640365600585938,4826.734375
c_h4-10m-n3-c32-read_heavy-r2-cassandra,2026-09-09T05:38:59.6930758Z,454.52,9.003,0.8640365600585938,4829.375
c_h4-10m-n3-c32-read_heavy-r2-cassandra,2026-09-09T05:39:07.0054249Z,459.03999999999996,9.003,0.8640365600585938,4832.484375
c_h4-10m-n3-c32-read_heavy-r2-cassandra,2026-09-09T05:39:14.3211740Z,472.12,9.003,0.8640365600585938,4835.828125
c_h4-10m-n3-c32-read_heavy-r2-cassandra,2026-09-09T05:39:21.6858281Z,452.9,9.001999999999999,0.8640365600585938,4838.1875
c_h4-10m-n3-c32-read_heavy-r2-cassandra,2026-09-09T05:39:28.4223393Z,424.84000000000003,9.001999999999999,0.8640365600585938,4839.640625
c_h4-10m-n3-c32-read_heavy-r2-cassandra,2026-09-09T05:39:35.7185464Z,454.66,9.003,0.8649024963378906,4843.15625
c_h4-10m-n3-c32-read_heavy-r2-cassandra,2026-09-09T05:39:43.0629628Z,466.21000000000004,9.003,0.8649024963378906,4845.796875
c_h4-10m-n3-c32-read_heavy-r2-cassandra,2026-09-09T05:39:49.7065740Z,469.06000000000006,9.003,0.8649063110351562,4848.78125
c_h4-10m-n3-c32-read_heavy-r2-cassandra,2026-09-09T05:39:57.0092939Z,446.59000000000003,9.003,0.8649063110351562,4852.015625
c_h4-10m-n3-c32-read_heavy-r2-cassandra,2026-09-09T05:40:04.2988394Z,475.63,9.003,0.8649063110351562,4855.140625
c_h4-10m-n3-c32-read_heavy-r2-cassandra,2026-09-09T05:40:11.7892208Z,478.20000000000005,9.003,0.8649063110351562,4857.046875
c_h4-10m-n3-c32-read_heavy-r2-cassandra,2026-09-09T05:40:18.4566706Z,471.59000000000003,9.003,0.8649063110351562,4857.5
c_h4-10m-n3-c32-read_heavy-r2-cassandra,2026-09-09T05:40:25.9250760Z,494.3,9.001999999999999,0.8649063110351562,4858.0625
c_h4-10m-n3-c32-read_heavy-r3-cassandra,2026-09-09T08:03:23.2286398Z,463.43,8.982,0.8543777465820312,4795.296875
c_h4-10m-n3-c32-read_heavy-r3-cassandra,2026-09-09T08:03:30.5122022Z,484.03000000000003,8.981,0.8575935363769531,4798.984375
c_h4-10m-n3-c32-read_heavy-r3-cassandra,2026-09-09T08:03:37.8243406Z,467.56,8.981,0.8608436584472656,4802.078125
c_h4-10m-n3-c32-read_heavy-r3-cassandra,2026-09-09T08:03:44.2842766Z,474.52,8.981,0.8620681762695312,4804.875
c_h4-10m-n3-c32-read_heavy-r3-cassandra,2026-09-09T08:03:51.5728547Z,439.23,8.981,0.8620758056640625,4808.09375
c_h4-10m-n3-c32-read_heavy-r3-cassandra,2026-09-09T08:03:58.8869769Z,471.24,8.981,0.8621368408203125,4811.78125
c_h4-10m-n3-c32-read_heavy-r3-cassandra,2026-09-09T08:04:05.3010354Z,464.53,8.98,0.8621368408203125,4815.25
c_h4-10m-n3-c32-read_heavy-r3-cassandra,2026-09-09T08:04:12.6024363Z,475.65999999999997,8.981,0.8621368408203125,4819.4375
c_h4-10m-n3-c32-read_heavy-r3-cassandra,2026-09-09T08:04:19.9023370Z,477.79999999999995,8.98,0.8621368408203125,4823.375
c_h4-10m-n3-c32-read_heavy-r3-cassandra,2026-09-09T08:04:27.2087901Z,494.58000000000004,8.98,0.8621368408203125,4827.484375
c_h4-10m-n3-c32-read_heavy-r3-cassandra,2026-09-09T08:04:34.2765563Z,484.82000000000005,8.981,0.8621368408203125,4831.140625
c_h4-10m-n3-c32-read_heavy-r3-cassandra,2026-09-09T08:04:41.5791194Z,454.07000000000005,8.98,0.8623313903808594,4835.296875
c_h4-10m-n3-c32-read_heavy-r3-cassandra,2026-09-09T08:04:48.8952159Z,480.23,8.981,0.8623313903808594,4839.046875
c_h4-10m-n3-c32-read_heavy-r3-cassandra,2026-09-09T08:04:55.3506491Z,477.34000000000003,8.981,0.862335205078125,4843.109375
c_h4-10m-n3-c32-read_heavy-r3-cassandra,2026-09-09T08:05:02.6606941Z,464.05,8.982,0.862335205078125,4847.34375
c_h4-10m-n3-c32-read_heavy-r3-cassandra,2026-09-09T08:05:09.9763486Z,525.4,8.98,0.862335205078125,4850.953125
c_h4-10m-n3-c32-read_heavy-r3-cassandra,2026-09-09T08:05:17.2628588Z,498.69,8.98,0.862335205078125,4854.125
c_h4-10m-n3-c32-read_heavy-r3-cassandra,2026-09-09T08:05:24.2874018Z,478.75,8.98,0.862335205078125,4858.203125
c_h4-10m-n3-c32-read_heavy-r3-cassandra,2026-09-09T08:05:31.5850881Z,455.22,8.981,0.862335205078125,4862.0625
c_h4-10m-n3-c32-read_heavy-r3-cassandra,2026-09-09T08:05:38.8658937Z,484.84000000000003,8.981,0.8625411987304688,4865.78125
c_h4-10m-n3-c32-read_heavy-r3-cassandra,2026-09-09T08:05:45.3383035Z,487.94,8.981,0.8625411987304688,4869.15625
c_h4-10m-n3-c32-read_heavy-r3-cassandra,2026-09-09T08:05:52.6266863Z,469.67,8.981,0.8625411987304688,4873.296875
c_h4-10m-n3-c32-read_heavy-r3-cassandra,2026-09-09T08:05:59.9036491Z,484.82000000000005,8.98,0.8625411987304688,4877.34375
c_h4-10m-n3-c32-read_heavy-r3-cassandra,2026-09-09T08:06:07.1859435Z,469.55,8.981,0.8625411987304688,4881.171875
c_h4-10m-n3-c32-read_heavy-r3-cassandra,2026-09-09T08:06:14.2941628Z,486.54999999999995,8.981,0.8625450134277344,4885.21875
c_h4-10m-n3-c32-write_heavy-r1-cassandra,2026-09-09T10:22:10.2440299Z,488.14,8.996,0.8782730102539062,4722.921875
c_h4-10m-n3-c32-write_heavy-r1-cassandra,2026-09-09T10:22:17.5572421Z,474.13,8.997,0.8568954467773438,4727.65625
c_h4-10m-n3-c32-write_heavy-r1-cassandra,2026-09-09T10:22:24.8349785Z,486.03000000000003,8.996,0.8635482788085938,4731.921875
c_h4-10m-n3-c32-write_heavy-r1-cassandra,2026-09-09T10:22:32.0994864Z,478.79999999999995,8.996,0.8641128540039062,4735.328125
c_h4-10m-n3-c32-write_heavy-r1-cassandra,2026-09-09T10:22:38.4852782Z,480.08000000000004,8.997,0.8641128540039062,4738.53125
c_h4-10m-n3-c32-write_heavy-r1-cassandra,2026-09-09T10:22:45.7672960Z,477.52,8.996,0.8641128540039062,4742.4375
c_h4-10m-n3-c32-write_heavy-r1-cassandra,2026-09-09T10:22:53.0340898Z,535.73,9.004,0.8644332885742188,4745.859375
c_h4-10m-n3-c32-write_heavy-r1-cassandra,2026-09-09T10:22:59.4980097Z,520.88,9.007,0.8646087646484375,4748.96875
c_h4-10m-n3-c32-write_heavy-r1-cassandra,2026-09-09T10:23:06.7863849Z,454.83000000000004,9.001,0.8646087646484375,4752.875
c_h4-10m-n3-c32-write_heavy-r1-cassandra,2026-09-09T10:23:14.0727030Z,491.07000000000005,9.001,0.8646087646484375,4757.265625
c_h4-10m-n3-c32-write_heavy-r1-cassandra,2026-09-09T10:23:20.5279311Z,485.0,9.001999999999999,0.8646087646484375,4761.3125
c_h4-10m-n3-c32-write_heavy-r1-cassandra,2026-09-09T10:23:27.8282363Z,472.90999999999997,9.003,0.8646087646484375,4765.234375
c_h4-10m-n3-c32-write_heavy-r1-cassandra,2026-09-09T10:23:35.0964357Z,507.89,9.003,0.8646087646484375,4769.25
c_h4-10m-n3-c32-write_heavy-r1-cassandra,2026-09-09T10:23:42.3824037Z,490.24,9.001999999999999,0.864837646484375,4773.140625
c_h4-10m-n3-c32-write_heavy-r1-cassandra,2026-09-09T10:23:49.5278599Z,487.51,9.006,0.864837646484375,4777.171875
c_h4-10m-n3-c32-write_heavy-r1-cassandra,2026-09-09T10:23:56.8272059Z,453.78000000000003,9.007,0.864837646484375,4780.953125
c_h4-10m-n3-c32-write_heavy-r1-cassandra,2026-09-09T10:24:04.1089472Z,493.1,9.008,0.864837646484375,4784.96875
c_h4-10m-n3-c32-write_heavy-r1-cassandra,2026-09-09T10:24:10.5797099Z,501.68,9.009,0.864837646484375,4788.8125
c_h4-10m-n3-c32-write_heavy-r1-cassandra,2026-09-09T10:24:17.8772040Z,477.28,9.012,0.864837646484375,4792.546875
c_h4-10m-n3-c32-write_heavy-r1-cassandra,2026-09-09T10:24:25.1542772Z,465.31,9.013,0.864837646484375,4795.84375
c_h4-10m-n3-c32-write_heavy-r1-cassandra,2026-09-09T10:24:32.4469761Z,481.48,9.014,0.8651084899902344,4800.234375
c_h4-10m-n3-c32-write_heavy-r1-cassandra,2026-09-09T10:24:39.5613260Z,483.92,9.014,0.8655242919921875,4804.25
c_h4-10m-n3-c32-write_heavy-r1-cassandra,2026-09-09T10:24:46.8422555Z,462.86,9.017,0.8573074340820312,4807.90625
c_h4-10m-n3-c32-write_heavy-r1-cassandra,2026-09-09T10:24:54.1255470Z,490.05,9.016,0.8573074340820312,4812.109375
c_h4-10m-n3-c32-write_heavy-r1-cassandra,2026-09-09T10:25:00.6763778Z,485.32000000000005,9.016,0.8573074340820312,4815.140625
c_h4-10m-n3-c32-write_heavy-r1-cassandra,2026-09-09T10:25:07.9630171Z,469.53999999999996,9.016,0.8573074340820312,4819.015625
c_h4-10m-n3-c32-write_heavy-r2-cassandra,2026-09-09T12:40:14.4155771Z,479.28,9.033,0.8571090698242188,4765.5625
c_h4-10m-n3-c32-write_heavy-r2-cassandra,2026-09-09T12:40:21.6954953Z,493.6,9.035,0.8664360046386719,4769.96875
c_h4-10m-n3-c32-write_heavy-r2-cassandra,2026-09-09T12:40:28.9756311Z,479.99,9.035,0.8686065673828125,4773.9375
c_h4-10m-n3-c32-write_heavy-r2-cassandra,2026-09-09T12:40:35.3928457Z,487.71999999999997,9.033999999999999,0.8686294555664062,4777.296875
c_h4-10m-n3-c32-write_heavy-r2-cassandra,2026-09-09T12:40:42.6782647Z,484.6,9.035,0.8688278198242188,4781.78125
c_h4-10m-n3-c32-write_heavy-r2-cassandra,2026-09-09T12:40:49.9574060Z,521.96,9.036999999999999,0.8688278198242188,4785.109375
c_h4-10m-n3-c32-write_heavy-r2-cassandra,2026-09-09T12:40:56.4387592Z,527.71,9.044,0.8688278198242188,4788.171875
c_h4-10m-n3-c32-write_heavy-r2-cassandra,2026-09-09T12:41:03.7351125Z,504.01,9.044,0.8688278198242188,4792
c_h4-10m-n3-c32-write_heavy-r2-cassandra,2026-09-09T12:41:11.0274652Z,488.51,9.04,0.8688316345214844,4796.203125
c_h4-10m-n3-c32-write_heavy-r2-cassandra,2026-09-09T12:41:17.4430218Z,485.15,9.04,0.8688316345214844,4800.171875
c_h4-10m-n3-c32-write_heavy-r2-cassandra,2026-09-09T12:41:24.7377257Z,471.62,9.041,0.8688316345214844,4804.171875
c_h4-10m-n3-c32-write_heavy-r2-cassandra,2026-09-09T12:41:32.0150041Z,496.07,9.041,0.8688316345214844,4808.1875
c_h4-10m-n3-c32-write_heavy-r2-cassandra,2026-09-09T12:41:39.3040131Z,480.86,9.041,0.8690681457519531,4811.40625
c_h4-10m-n3-c32-write_heavy-r2-cassandra,2026-09-09T12:41:46.4288706Z,500.32000000000005,9.043,0.8690681457519531,4815
c_h4-10m-n3-c32-write_heavy-r2-cassandra,2026-09-09T12:41:53.7146878Z,471.13,9.045,0.8690681457519531,4818.71875
c_h4-10m-n3-c32-write_heavy-r2-cassandra,2026-09-09T12:42:01.0078177Z,515.65,9.044,0.8690681457519531,4822.953125
c_h4-10m-n3-c32-write_heavy-r2-cassandra,2026-09-09T12:42:07.4988763Z,485.15,9.047,0.8690681457519531,4826.828125
c_h4-10m-n3-c32-write_heavy-r2-cassandra,2026-09-09T12:42:14.7862087Z,451.91999999999996,9.047,0.8690681457519531,4830.15625
c_h4-10m-n3-c32-write_heavy-r2-cassandra,2026-09-09T12:42:22.0653651Z,493.82,9.05,0.8690681457519531,4833.96875
c_h4-10m-n3-c32-write_heavy-r2-cassandra,2026-09-09T12:42:29.3471122Z,493.15999999999997,9.052,0.8693046569824219,4837.828125
c_h4-10m-n3-c32-write_heavy-r2-cassandra,2026-09-09T12:42:36.4974518Z,491.26,9.051,0.8693046569824219,4841.96875
c_h4-10m-n3-c32-write_heavy-r2-cassandra,2026-09-09T12:42:43.7976355Z,456.35,9.043,0.8693046569824219,4845.46875
c_h4-10m-n3-c32-write_heavy-r2-cassandra,2026-09-09T12:42:51.1040086Z,479.2,8.99,0.8693046569824219,4849.328125
c_h4-10m-n3-c32-write_heavy-r2-cassandra,2026-09-09T12:42:57.5251616Z,490.71,8.99,0.8693084716796875,4852.734375
c_h4-10m-n3-c32-write_heavy-r2-cassandra,2026-09-09T12:43:04.8264519Z,472.45000000000005,8.991,0.8693084716796875,4856.75
c_h4-10m-n3-c32-write_heavy-r3-cassandra,2026-09-09T14:58:39.5201673Z,482.22,8.987,0.8808631896972656,4771.0625
c_h4-10m-n3-c32-write_heavy-r3-cassandra,2026-09-09T14:58:46.7967100Z,488.22,8.987,0.8809089660644531,4775
c_h4-10m-n3-c32-write_heavy-r3-cassandra,2026-09-09T14:58:54.0732503Z,478.6,8.987,0.8582916259765625,4779.71875
c_h4-10m-n3-c32-write_heavy-r3-cassandra,2026-09-09T14:59:00.5502263Z,484.21000000000004,8.987,0.8582916259765625,4783.203125
c_h4-10m-n3-c32-write_heavy-r3-cassandra,2026-09-09T14:59:07.8435552Z,493.97,8.986,0.8583755493164062,4787.5
c_h4-10m-n3-c32-write_heavy-r3-cassandra,2026-09-09T14:59:15.1307047Z,528.8299999999999,8.99,0.8584060668945312,4791.15625
c_h4-10m-n3-c32-write_heavy-r3-cassandra,2026-09-09T14:59:21.5768875Z,523.24,8.998,0.8584518432617188,4793.96875
c_h4-10m-n3-c32-write_heavy-r3-cassandra,2026-09-09T14:59:28.8592581Z,472.92999999999995,8.996,0.8586578369140625,4797.28125
c_h4-10m-n3-c32-write_heavy-r3-cassandra,2026-09-09T14:59:36.1409158Z,485.16999999999996,8.994,0.8586578369140625,4800.4375
c_h4-10m-n3-c32-write_heavy-r3-cassandra,2026-09-09T14:59:42.6078612Z,488.51,8.994,0.8586578369140625,4804.03125
c_h4-10m-n3-c32-write_heavy-r3-cassandra,2026-09-09T14:59:49.9001541Z,468.51,8.994,0.8586578369140625,4808.171875
c_h4-10m-n3-c32-write_heavy-r3-cassandra,2026-09-09T14:59:57.1820355Z,480.42,8.994,0.8586578369140625,4812.625
c_h4-10m-n3-c32-write_heavy-r3-cassandra,2026-09-09T15:00:04.4696778Z,479.22,8.993,0.8586578369140625,4816.515625
c_h4-10m-n3-c32-write_heavy-r3-cassandra,2026-09-09T15:00:11.5905751Z,483.84000000000003,8.995,0.8586578369140625,4820.609375
c_h4-10m-n3-c32-write_heavy-r3-cassandra,2026-09-09T15:00:18.8728084Z,467.69,8.997,0.8588790893554688,4824.890625
c_h4-10m-n3-c32-write_heavy-r3-cassandra,2026-09-09T15:00:26.1624331Z,496.83,8.998000000000001,0.8589286804199219,4829.015625
c_h4-10m-n3-c32-write_heavy-r3-cassandra,2026-09-09T15:00:32.6589419Z,493.57,9.0,0.8589286804199219,4832.09375
c_h4-10m-n3-c32-write_heavy-r3-cassandra,2026-09-09T15:00:39.9443269Z,490.95,9.001,0.8589286804199219,4836.03125
c_h4-10m-n3-c32-write_heavy-r3-cassandra,2026-09-09T15:00:47.2266590Z,481.93,9.003,0.8589286804199219,4839.75
c_h4-10m-n3-c32-write_heavy-r3-cassandra,2026-09-09T15:00:54.5084656Z,491.13,9.004,0.8589286804199219,4843.625
c_h4-10m-n3-c32-write_heavy-r3-cassandra,2026-09-09T15:01:01.6405695Z,483.65999999999997,9.005,0.8589286804199219,4847.0625
c_h4-10m-n3-c32-write_heavy-r3-cassandra,2026-09-09T15:01:08.9706184Z,434.74,9.004999999999999,0.8589286804199219,4849.421875
c_h4-10m-n3-c32-write_heavy-r3-cassandra,2026-09-09T15:01:16.2644778Z,488.58,9.007,0.8591423034667969,4852.9375
c_h4-10m-n3-c32-write_heavy-r3-cassandra,2026-09-09T15:01:22.8103145Z,459.71000000000004,9.009,0.8591423034667969,4855.734375
c_h4-10m-n3-c32-write_heavy-r3-cassandra,2026-09-09T15:01:30.1059882Z,479.55,9.006,0.8591423034667969,4859.703125
b_h3-1m-n1-c8-concurrent_write-r1-scylla,2026-09-09T15:08:59.4773863Z,62.81,2.465,0.7665519714355469,243.5
b_h3-1m-n1-c8-concurrent_write-r1-scylla,2026-09-09T15:09:05.8494780Z,60.19,2.491,0.7739486694335938,246.015625
b_h3-1m-n1-c8-concurrent_write-r1-scylla,2026-09-09T15:09:12.0729159Z,57.96,2.559,0.7655372619628906,248.890625
b_h3-1m-n1-c8-concurrent_write-r1-scylla,2026-09-09T15:09:18.2941496Z,63.82,2.584,0.7656822204589844,250.921875
b_h3-1m-n1-c8-concurrent_write-r1-scylla,2026-09-09T15:09:24.8838061Z,93.75,2.656,0.76568603515625,253.171875
b_h3-1m-n1-c8-concurrent_write-r1-scylla,2026-09-09T15:09:31.1082219Z,60.42,2.683,0.7657279968261719,255.78125
b_h3-1m-n1-c8-concurrent_write-r1-scylla,2026-09-09T15:09:37.3215188Z,57.53,2.708,0.7658500671386719,258.21875
b_h3-1m-n1-c8-concurrent_write-r1-scylla,2026-09-09T15:09:43.5326701Z,57.73,2.782,0.7658538818359375,260.578125
b_h3-1m-n1-c8-concurrent_write-r1-scylla,2026-09-09T15:09:49.7638852Z,61.48,2.809,0.7681121826171875,263.03125
b_h3-1m-n1-c8-concurrent_write-r1-scylla,2026-09-09T15:09:55.9842359Z,60.26,2.884,0.7681312561035156,265.3125
b_h3-1m-n1-c8-concurrent_write-r1-scylla,2026-09-09T15:10:02.2003016Z,59.36,2.91,0.7681350708007812,267.796875
b_h3-1m-n1-c8-concurrent_write-r1-scylla,2026-09-09T15:10:08.4167997Z,58.87,2.937,0.7681388854980469,270
b_h3-1m-n1-c8-concurrent_write-r1-scylla,2026-09-09T15:10:14.9069148Z,59.2,3.016,0.7681427001953125,272.171875
b_h3-1m-n1-c8-concurrent_write-r1-scylla,2026-09-09T15:10:21.1227546Z,58.22,3.042,0.7681465148925781,274.78125
b_h3-1m-n1-c8-concurrent_write-r1-scylla,2026-09-09T15:10:27.3385521Z,87.21,3.095,0.7681465148925781,276.953125
b_h3-1m-n1-c8-concurrent_write-r1-scylla,2026-09-09T15:10:33.5655989Z,58.23,3.149,0.7681465148925781,279.328125
b_h3-1m-n1-c8-concurrent_write-r1-scylla,2026-09-09T15:10:39.7797195Z,58.54,3.175,0.7681465148925781,281.609375
b_h3-1m-n1-c8-concurrent_write-r1-scylla,2026-09-09T15:10:45.9950729Z,86.55,3.259,0.7696456909179688,284.296875
b_h3-1m-n1-c8-concurrent_write-r1-scylla,2026-09-09T15:10:52.2134769Z,61.09,3.285,0.7696456909179688,286.671875
b_h3-1m-n1-c8-concurrent_write-r1-scylla,2026-09-09T15:10:58.4236076Z,60.69,3.311,0.7703285217285156,288.828125
b_h3-1m-n1-c8-concurrent_write-r1-scylla,2026-09-09T15:11:04.9495103Z,60.33,3.4,0.7659568786621094,291.390625
b_h3-1m-n1-c8-concurrent_write-r1-scylla,2026-09-09T15:11:11.1571184Z,60.62,3.426,0.7660064697265625,293.71875
b_h3-1m-n1-c8-concurrent_write-r1-scylla,2026-09-09T15:11:17.3844427Z,60.62,3.453,0.7660446166992188,295.984375
b_h3-1m-n1-c8-concurrent_write-r1-scylla,2026-09-09T15:11:23.6068649Z,112.92,3.543,0.7665863037109375,298.375
b_h3-1m-n1-c8-concurrent_write-r1-scylla,2026-09-09T15:11:29.8363205Z,57.28,3.569,0.7668266296386719,300.6875
b_h3-1m-n1-c8-concurrent_write-r1-scylla,2026-09-09T15:11:36.0591124Z,60.15,3.595,0.7668266296386719,302.8125
b_h3-1m-n1-c8-concurrent_write-r1-scylla,2026-09-09T15:11:42.2776629Z,59.36,3.622,0.7668266296386719,305.296875
b_h3-1m-n1-c8-concurrent_write-r1-scylla,2026-09-09T15:11:48.5007967Z,67.98,3.698,0.7668266296386719,307.453125
b_h3-1m-n1-c8-concurrent_write-r1-scylla,2026-09-09T15:11:55.0099340Z,59.05,3.725,0.7668266296386719,310.21875
b_h3-1m-n1-c8-concurrent_write-r2-scylla,2026-09-09T15:18:33.6713539Z,58.93,3.85,0.7663116455078125,240.609375
b_h3-1m-n1-c8-concurrent_write-r2-scylla,2026-09-09T15:18:39.8886422Z,57.69,3.85,0.7663459777832031,242.90625
b_h3-1m-n1-c8-concurrent_write-r2-scylla,2026-09-09T15:18:46.2843796Z,55.82,3.85,0.7722320556640625,245.203125
b_h3-1m-n1-c8-concurrent_write-r2-scylla,2026-09-09T15:18:52.5056180Z,59.15,3.849,0.7663002014160156,247.21875
b_h3-1m-n1-c8-concurrent_write-r2-scylla,2026-09-09T15:18:58.7251456Z,60.4,3.85,0.7663002014160156,249.171875
b_h3-1m-n1-c8-concurrent_write-r2-scylla,2026-09-09T15:19:05.2666079Z,59.99,3.85,0.7663078308105469,251.59375
b_h3-1m-n1-c8-concurrent_write-r2-scylla,2026-09-09T15:19:11.4919457Z,57.52,3.85,0.7664337158203125,254.140625
b_h3-1m-n1-c8-concurrent_write-r2-scylla,2026-09-09T15:19:17.7073648Z,93.76,3.85,0.7683792114257812,256.703125
b_h3-1m-n1-c8-concurrent_write-r2-scylla,2026-09-09T15:19:23.9214903Z,57.66,3.85,0.7683906555175781,259.234375
b_h3-1m-n1-c8-concurrent_write-r2-scylla,2026-09-09T15:19:30.1366291Z,58.44,3.85,0.7683906555175781,261.140625
b_h3-1m-n1-c8-concurrent_write-r2-scylla,2026-09-09T15:19:36.3525912Z,58.88,3.85,0.7683906555175781,262.96875
b_h3-1m-n1-c8-concurrent_write-r2-scylla,2026-09-09T15:19:42.5770470Z,59.77,3.85,0.7684516906738281,265.34375
b_h3-1m-n1-c8-concurrent_write-r2-scylla,2026-09-09T15:19:48.7903850Z,94.81,3.85,0.7684516906738281,268.1875
b_h3-1m-n1-c8-concurrent_write-r2-scylla,2026-09-09T15:19:55.3025805Z,59.5,3.85,0.7685813903808594,270.390625
b_h3-1m-n1-c8-concurrent_write-r2-scylla,2026-09-09T15:20:01.5207691Z,58.64,3.85,0.7685813903808594,272.484375
b_h3-1m-n1-c8-concurrent_write-r2-scylla,2026-09-09T15:20:07.7337250Z,58.51,3.85,0.7685813903808594,274.625
b_h3-1m-n1-c8-concurrent_write-r2-scylla,2026-09-09T15:20:13.9527707Z,58.38,3.85,0.7685813903808594,276.703125
b_h3-1m-n1-c8-concurrent_write-r2-scylla,2026-09-09T15:20:20.1718219Z,65.87,3.85,0.7685813903808594,279.3125
b_h3-1m-n1-c8-concurrent_write-r2-scylla,2026-09-09T15:20:26.3851264Z,59.17,3.85,0.7698516845703125,281.65625
b_h3-1m-n1-c8-concurrent_write-r2-scylla,2026-09-09T15:20:32.6036796Z,60.61,3.85,0.7710380554199219,284.3125
b_h3-1m-n1-c8-concurrent_write-r2-scylla,2026-09-09T15:20:38.8218047Z,60.35,3.85,0.7710380554199219,287.046875
b_h3-1m-n1-c8-concurrent_write-r2-scylla,2026-09-09T15:20:45.3457218Z,53.59,3.85,0.7710380554199219,289.609375
b_h3-1m-n1-c8-concurrent_write-r2-scylla,2026-09-09T15:20:51.5621879Z,58.77,3.85,0.7710380554199219,292.140625
b_h3-1m-n1-c8-concurrent_write-r2-scylla,2026-09-09T15:20:57.7828512Z,58.84,3.851,0.7710380554199219,294.484375
b_h3-1m-n1-c8-concurrent_write-r2-scylla,2026-09-09T15:21:03.9986170Z,57.92,3.85,0.7710838317871094,296.796875
b_h3-1m-n1-c8-concurrent_write-r2-scylla,2026-09-09T15:21:10.2178795Z,59.46,3.85,0.7713050842285156,299.34375
b_h3-1m-n1-c8-concurrent_write-r2-scylla,2026-09-09T15:21:16.4360206Z,57.0,3.85,0.7713050842285156,301.625
b_h3-1m-n1-c8-concurrent_write-r2-scylla,2026-09-09T15:21:22.6703498Z,69.69,3.85,0.7713050842285156,303.96875
b_h3-1m-n1-c8-concurrent_write-r2-scylla,2026-09-09T15:21:28.8862303Z,58.57,3.85,0.7713050842285156,306.1875
b_h3-1m-n1-c8-concurrent_write-r3-scylla,2026-09-09T15:28:14.0888681Z,58.19,3.851,0.766571044921875,239.984375
b_h3-1m-n1-c8-concurrent_write-r3-scylla,2026-09-09T15:28:20.3097428Z,56.4,3.851,0.766571044921875,242.046875
b_h3-1m-n1-c8-concurrent_write-r3-scylla,2026-09-09T15:28:26.6869240Z,58.25,3.85,0.7727127075195312,244.125
b_h3-1m-n1-c8-concurrent_write-r3-scylla,2026-09-09T15:28:32.8964964Z,58.03,3.851,0.7673301696777344,246.734375
b_h3-1m-n1-c8-concurrent_write-r3-scylla,2026-09-09T15:28:39.1070647Z,56.22,3.851,0.7673301696777344,249
b_h3-1m-n1-c8-concurrent_write-r3-scylla,2026-09-09T15:28:45.6973011Z,58.1,3.851,0.7673301696777344,251.3125
b_h3-1m-n1-c8-concurrent_write-r3-scylla,2026-09-09T15:28:51.9169452Z,58.01,3.851,0.7673492431640625,253.71875
b_h3-1m-n1-c8-concurrent_write-r3-scylla,2026-09-09T15:28:58.1439284Z,59.85,3.851,0.7673492431640625,255.875
b_h3-1m-n1-c8-concurrent_write-r3-scylla,2026-09-09T15:29:04.3506996Z,58.48,3.851,0.769775390625,258.3125
b_h3-1m-n1-c8-concurrent_write-r3-scylla,2026-09-09T15:29:10.5590236Z,58.08,3.851,0.769775390625,260.265625
b_h3-1m-n1-c8-concurrent_write-r3-scylla,2026-09-09T15:29:16.7824294Z,60.56,3.851,0.769989013671875,262.21875
b_h3-1m-n1-c8-concurrent_write-r3-scylla,2026-09-09T15:29:22.9958015Z,57.58,3.851,0.7710647583007812,264.515625
b_h3-1m-n1-c8-concurrent_write-r3-scylla,2026-09-09T15:29:29.2215077Z,77.72,3.851,0.7710647583007812,266.875
b_h3-1m-n1-c8-concurrent_write-r3-scylla,2026-09-09T15:29:35.7275161Z,56.75,3.851,0.7710647583007812,269.140625
b_h3-1m-n1-c8-concurrent_write-r3-scylla,2026-09-09T15:29:41.9452108Z,63.33,3.851,0.7710647583007812,271.484375
b_h3-1m-n1-c8-concurrent_write-r3-scylla,2026-09-09T15:29:48.1696403Z,60.98,3.851,0.7710647583007812,273.640625
b_h3-1m-n1-c8-concurrent_write-r3-scylla,2026-09-09T15:29:54.3878930Z,56.65,3.851,0.7710647583007812,275.859375
b_h3-1m-n1-c8-concurrent_write-r3-scylla,2026-09-09T15:30:00.6020449Z,58.97,3.851,0.7711906433105469,278.390625
b_h3-1m-n1-c8-concurrent_write-r3-scylla,2026-09-09T15:30:06.8228827Z,58.92,3.851,0.7711944580078125,280.546875
b_h3-1m-n1-c8-concurrent_write-r3-scylla,2026-09-09T15:30:13.0351798Z,58.4,3.851,0.7712135314941406,282.59375
b_h3-1m-n1-c8-concurrent_write-r3-scylla,2026-09-09T15:30:19.2496748Z,59.05,3.851,0.7712135314941406,284.9375
b_h3-1m-n1-c8-concurrent_write-r3-scylla,2026-09-09T15:30:25.7936648Z,55.44,3.851,0.7712135314941406,287.453125
b_h3-1m-n1-c8-concurrent_write-r3-scylla,2026-09-09T15:30:32.0192193Z,57.59,3.851,0.7712135314941406,289.625
b_h3-1m-n1-c8-concurrent_write-r3-scylla,2026-09-09T15:30:38.2443022Z,60.96,3.851,0.7713966369628906,292.296875
b_h3-1m-n1-c8-concurrent_write-r3-scylla,2026-09-09T15:30:44.4618578Z,81.41,3.851,0.7714080810546875,294.84375
b_h3-1m-n1-c8-concurrent_write-r3-scylla,2026-09-09T15:30:50.6876146Z,56.71,3.851,0.7714080810546875,297.15625
b_h3-1m-n1-c8-concurrent_write-r3-scylla,2026-09-09T15:30:56.8947731Z,57.89,3.851,0.7714080810546875,299.4375
b_h3-1m-n1-c8-concurrent_write-r3-scylla,2026-09-09T15:31:03.1155876Z,60.48,3.852,0.7714080810546875,302.28125
b_h3-1m-n1-c8-concurrent_write-r3-scylla,2026-09-09T15:31:09.3308338Z,58.66,3.851,0.7714080810546875,304.9375
b_h3-1m-n1-c8-read_single-r1-scylla,2026-09-09T15:35:10.9015008Z,84.63,3.851,0.7619094848632812,147.625
b_h3-1m-n1-c8-read_single-r1-scylla,2026-09-09T15:35:17.1311836Z,85.65,3.851,0.7626228332519531,150.53125
b_h3-1m-n1-c8-read_single-r1-scylla,2026-09-09T15:35:23.3538662Z,86.73,3.85,0.7626495361328125,153.21875
b_h3-1m-n1-c8-read_single-r1-scylla,2026-09-09T15:35:29.5787153Z,87.7,3.851,0.762725830078125,155.90625
b_h3-1m-n1-c8-read_single-r1-scylla,2026-09-09T15:35:35.9971889Z,85.7,3.851,0.7628517150878906,158.78125
b_h3-1m-n1-c8-read_single-r1-scylla,2026-09-09T15:35:42.2294184Z,85.49,3.851,0.7635154724121094,161.875
b_h3-1m-n1-c8-read_single-r1-scylla,2026-09-09T15:35:48.4632991Z,90.56,3.851,0.7635307312011719,164.984375
b_h3-1m-n1-c8-read_single-r1-scylla,2026-09-09T15:35:54.6792740Z,85.92,3.851,0.7635307312011719,167.890625
b_h3-1m-n1-c8-read_single-r1-scylla,2026-09-09T15:36:00.9061251Z,86.53,3.851,0.7671775817871094,170.4375
b_h3-1m-n1-c8-read_single-r1-scylla,2026-09-09T15:36:07.1402180Z,86.12,3.851,0.7674217224121094,173.359375
b_h3-1m-n1-c8-read_single-r1-scylla,2026-09-09T15:36:13.3639270Z,85.93,3.851,0.7674217224121094,176
b_h3-1m-n1-c8-read_single-r1-scylla,2026-09-09T15:36:19.5880604Z,85.98,3.851,0.7675971984863281,178.640625
b_h3-1m-n1-c8-read_single-r1-scylla,2026-09-09T15:36:26.0379908Z,88.17,3.851,0.7673187255859375,181.828125
b_h3-1m-n1-c8-read_single-r1-scylla,2026-09-09T15:36:32.2565482Z,87.36,3.851,0.7654342651367188,184.421875
b_h3-1m-n1-c8-read_single-r1-scylla,2026-09-09T15:36:38.4793564Z,88.74,3.851,0.7654342651367188,187.03125
b_h3-1m-n1-c8-read_single-r1-scylla,2026-09-09T15:36:44.7030560Z,83.53,3.851,0.7654342651367188,189.953125
b_h3-1m-n1-c8-read_single-r1-scylla,2026-09-09T15:36:50.9232067Z,87.62,3.851,0.7654342651367188,192.453125
b_h3-1m-n1-c8-read_single-r1-scylla,2026-09-09T15:36:57.1466883Z,91.66,3.851,0.76580810546875,195.125
b_h3-1m-n1-c8-read_single-r1-scylla,2026-09-09T15:37:03.3664808Z,87.13,3.851,0.7669296264648438,197.65625
b_h3-1m-n1-c8-read_single-r1-scylla,2026-09-09T15:37:09.5860856Z,86.65,3.851,0.7669334411621094,199.828125
b_h3-1m-n1-c8-read_single-r1-scylla,2026-09-09T15:37:16.0853468Z,88.58,3.851,0.7670402526855469,202.765625
b_h3-1m-n1-c8-read_single-r1-scylla,2026-09-09T15:37:22.3113820Z,86.87,3.851,0.7670402526855469,205.46875
b_h3-1m-n1-c8-read_single-r1-scylla,2026-09-09T15:37:28.5404125Z,86.62,3.851,0.7670402526855469,208.40625
b_h3-1m-n1-c8-read_single-r1-scylla,2026-09-09T15:37:34.7803383Z,85.01,3.851,0.7694129943847656,210.921875
b_h3-1m-n1-c8-read_single-r1-scylla,2026-09-09T15:37:41.0091784Z,90.87,3.851,0.7694129943847656,214.359375
b_h3-1m-n1-c8-read_single-r1-scylla,2026-09-09T15:37:47.2395512Z,86.16,3.851,0.7694129943847656,217.296875
b_h3-1m-n1-c8-read_single-r1-scylla,2026-09-09T15:37:53.4658175Z,88.78,3.851,0.7694129943847656,220.3125
b_h3-1m-n1-c8-read_single-r1-scylla,2026-09-09T15:37:59.6990659Z,88.15,3.851,0.7694129943847656,223.25
b_h3-1m-n1-c8-read_single-r2-scylla,2026-09-09T15:42:08.7377210Z,83.57,3.85,0.7629470825195312,153.828125
b_h3-1m-n1-c8-read_single-r2-scylla,2026-09-09T15:42:14.9581424Z,88.36,3.851,0.7635993957519531,156.359375
b_h3-1m-n1-c8-read_single-r2-scylla,2026-09-09T15:42:21.1834330Z,85.84,3.851,0.7635993957519531,158.796875
b_h3-1m-n1-c8-read_single-r2-scylla,2026-09-09T15:42:27.4124544Z,88.44,3.851,0.7635993957519531,161.359375
b_h3-1m-n1-c8-read_single-r2-scylla,2026-09-09T15:42:33.6350239Z,84.48,3.851,0.7635993957519531,164.265625
b_h3-1m-n1-c8-read_single-r2-scylla,2026-09-09T15:42:39.8651215Z,87.05,3.851,0.7636909484863281,166.828125
b_h3-1m-n1-c8-read_single-r2-scylla,2026-09-09T15:42:46.3060464Z,86.64,3.851,0.7636909484863281,169.640625
b_h3-1m-n1-c8-read_single-r2-scylla,2026-09-09T15:42:52.5352025Z,87.71,3.85,0.7636909484863281,172.140625
b_h3-1m-n1-c8-read_single-r2-scylla,2026-09-09T15:42:58.7616132Z,87.6,3.851,0.7666969299316406,175.0625
b_h3-1m-n1-c8-read_single-r2-scylla,2026-09-09T15:43:04.9897057Z,86.63,3.851,0.7667007446289062,177.640625
b_h3-1m-n1-c8-read_single-r2-scylla,2026-09-09T15:43:11.2101747Z,89.54,3.851,0.7686614990234375,180
b_h3-1m-n1-c8-read_single-r2-scylla,2026-09-09T15:43:17.4375548Z,87.09,3.851,0.7863502502441406,183.109375
b_h3-1m-n1-c8-read_single-r2-scylla,2026-09-09T15:43:23.6660696Z,88.68,3.851,0.7679023742675781,185.75
b_h3-1m-n1-c8-read_single-r2-scylla,2026-09-09T15:43:29.8965978Z,88.58,3.85,0.7679023742675781,188.5625
b_h3-1m-n1-c8-read_single-r2-scylla,2026-09-09T15:43:36.3336103Z,80.0,3.851,0.7679023742675781,191.609375
b_h3-1m-n1-c8-read_single-r2-scylla,2026-09-09T15:43:42.5662465Z,86.37,3.851,0.7690467834472656,194.65625
b_h3-1m-n1-c8-read_single-r2-scylla,2026-09-09T15:43:48.7896085Z,89.53,3.851,0.7690467834472656,196.9375
b_h3-1m-n1-c8-read_single-r2-scylla,2026-09-09T15:43:55.0094487Z,85.64,3.851,0.7690467834472656,199.5
b_h3-1m-n1-c8-read_single-r2-scylla,2026-09-09T15:44:01.2320501Z,88.37,3.851,0.7690467834472656,202.453125
b_h3-1m-n1-c8-read_single-r2-scylla,2026-09-09T15:44:07.4650370Z,86.84,3.851,0.7690925598144531,205.671875
b_h3-1m-n1-c8-read_single-r2-scylla,2026-09-09T15:44:13.6861689Z,84.42,3.851,0.7708892822265625,208.484375
b_h3-1m-n1-c8-read_single-r2-scylla,2026-09-09T15:44:19.9092259Z,86.3,3.851,0.7708892822265625,211
b_h3-1m-n1-c8-read_single-r2-scylla,2026-09-09T15:44:26.3773267Z,87.51,3.851,0.7708892822265625,213.9375
b_h3-1m-n1-c8-read_single-r2-scylla,2026-09-09T15:44:32.6210393Z,86.45,3.851,0.7708892822265625,216.4375
b_h3-1m-n1-c8-read_single-r2-scylla,2026-09-09T15:44:38.8395612Z,87.6,3.851,0.7708892822265625,218.71875
b_h3-1m-n1-c8-read_single-r2-scylla,2026-09-09T15:44:45.0676075Z,86.72,3.851,0.7708892822265625,221.265625
b_h3-1m-n1-c8-read_single-r2-scylla,2026-09-09T15:44:51.2913668Z,85.38,3.851,0.7724456787109375,223.921875
b_h3-1m-n1-c8-read_single-r2-scylla,2026-09-09T15:44:57.5123392Z,90.11,3.851,0.7724113464355469,226.359375
b_h3-1m-n1-c8-read_single-r3-scylla,2026-09-09T15:49:05.3152346Z,83.52,3.851,0.7621612548828125,151.0625
b_h3-1m-n1-c8-read_single-r3-scylla,2026-09-09T15:49:11.5592065Z,84.34,3.851,0.7627944946289062,153.515625
b_h3-1m-n1-c8-read_single-r3-scylla,2026-09-09T15:49:17.7904134Z,89.54,3.851,0.7627944946289062,156.4375
b_h3-1m-n1-c8-read_single-r3-scylla,2026-09-09T15:49:24.0266389Z,86.1,3.851,0.7627944946289062,159.203125
b_h3-1m-n1-c8-read_single-r3-scylla,2026-09-09T15:49:30.2480282Z,86.87,3.851,0.7627944946289062,161.890625
b_h3-1m-n1-c8-read_single-r3-scylla,2026-09-09T15:49:36.6631656Z,86.84,3.851,0.7627944946289062,165.015625
b_h3-1m-n1-c8-read_single-r3-scylla,2026-09-09T15:49:42.8799183Z,87.56,3.851,0.7630462646484375,167.59375
b_h3-1m-n1-c8-read_single-r3-scylla,2026-09-09T15:49:49.0978809Z,88.06,3.851,0.7630462646484375,170.625
b_h3-1m-n1-c8-read_single-r3-scylla,2026-09-09T15:49:55.3332439Z,88.3,3.851,0.762847900390625,172.984375
b_h3-1m-n1-c8-read_single-r3-scylla,2026-09-09T15:50:01.5981986Z,82.93,3.851,0.7638587951660156,175.40625
b_h3-1m-n1-c8-read_single-r3-scylla,2026-09-09T15:50:07.8278853Z,79.54,3.851,0.7638587951660156,177.609375
b_h3-1m-n1-c8-read_single-r3-scylla,2026-09-09T15:50:14.0719381Z,92.67,3.851,0.7660179138183594,180.40625
b_h3-1m-n1-c8-read_single-r3-scylla,2026-09-09T15:50:20.3083323Z,89.59,3.851,0.7765312194824219,183.921875
b_h3-1m-n1-c8-read_single-r3-scylla,2026-09-09T15:50:26.7089143Z,90.33,3.851,0.764862060546875,186.5625
b_h3-1m-n1-c8-read_single-r3-scylla,2026-09-09T15:50:32.9366431Z,88.61,3.851,0.764862060546875,189.046875
b_h3-1m-n1-c8-read_single-r3-scylla,2026-09-09T15:50:39.1689557Z,88.48,3.851,0.764862060546875,191.703125
b_h3-1m-n1-c8-read_single-r3-scylla,2026-09-09T15:50:45.3979816Z,85.49,3.851,0.7659873962402344,194.40625
b_h3-1m-n1-c8-read_single-r3-scylla,2026-09-09T15:50:51.6344583Z,86.68,3.851,0.7656097412109375,197.65625
b_h3-1m-n1-c8-read_single-r3-scylla,2026-09-09T15:50:57.8694947Z,81.03,3.851,0.7656097412109375,200.859375
b_h3-1m-n1-c8-read_single-r3-scylla,2026-09-09T15:51:04.0890380Z,86.73,3.851,0.7662811279296875,203.359375
b_h3-1m-n1-c8-read_single-r3-scylla,2026-09-09T15:51:10.3131698Z,84.33,3.851,0.7739295959472656,205.890625
b_h3-1m-n1-c8-read_single-r3-scylla,2026-09-09T15:51:16.7458048Z,89.11,3.851,0.7679290771484375,208.53125
b_h3-1m-n1-c8-read_single-r3-scylla,2026-09-09T15:51:22.9770372Z,89.05,3.851,0.7679595947265625,211.3125
b_h3-1m-n1-c8-read_single-r3-scylla,2026-09-09T15:51:29.2090795Z,88.19,3.851,0.7679595947265625,214.09375
b_h3-1m-n1-c8-read_single-r3-scylla,2026-09-09T15:51:35.4388668Z,88.35,3.851,0.7680473327636719,216.96875
b_h3-1m-n1-c8-read_single-r3-scylla,2026-09-09T15:51:41.6571043Z,89.72,3.851,0.7680587768554688,219.359375
b_h3-1m-n1-c8-read_single-r3-scylla,2026-09-09T15:51:47.8806461Z,89.61,3.851,0.7680587768554688,222.75
b_h3-1m-n1-c8-read_single-r3-scylla,2026-09-09T15:51:54.1172635Z,85.43,3.85,0.7699012756347656,225.390625
b_h3-1m-n1-c32-concurrent_write-r1-scylla,2026-09-09T15:58:44.2029838Z,96.63,3.853,0.7762947082519531,257.71875
b_h3-1m-n1-c32-concurrent_write-r1-scylla,2026-09-09T15:58:50.4361604Z,107.56,3.853,0.769134521484375,261.71875
b_h3-1m-n1-c32-concurrent_write-r1-scylla,2026-09-09T15:58:57.0965445Z,94.67,3.853,0.7693634033203125,266.125
b_h3-1m-n1-c32-concurrent_write-r1-scylla,2026-09-09T15:59:03.3306624Z,97.15,3.853,0.7725028991699219,270.359375
b_h3-1m-n1-c32-concurrent_write-r1-scylla,2026-09-09T15:59:09.5609399Z,98.48,3.852,0.7684402465820312,274.515625
b_h3-1m-n1-c32-concurrent_write-r1-scylla,2026-09-09T15:59:15.7945076Z,88.93,3.853,0.7698402404785156,278.5625
b_h3-1m-n1-c32-concurrent_write-r1-scylla,2026-09-09T15:59:22.0829857Z,95.43,3.853,0.7698478698730469,282.578125
b_h3-1m-n1-c32-concurrent_write-r1-scylla,2026-09-09T15:59:28.3101480Z,99.99,3.852,0.7698478698730469,286.5
b_h3-1m-n1-c32-concurrent_write-r1-scylla,2026-09-09T15:59:34.5405309Z,98.57,3.853,0.7698554992675781,290.890625
b_h3-1m-n1-c32-concurrent_write-r1-scylla,2026-09-09T15:59:40.7665038Z,99.49,3.852,0.7698936462402344,294.859375
b_h3-1m-n1-c32-concurrent_write-r1-scylla,2026-09-09T15:59:47.1613971Z,96.07,3.853,0.7699012756347656,299.015625
b_h3-1m-n1-c32-concurrent_write-r1-scylla,2026-09-09T15:59:53.3852260Z,93.25,3.853,0.7699012756347656,303.40625
b_h3-1m-n1-c32-concurrent_write-r1-scylla,2026-09-09T15:59:59.6112563Z,94.18,3.853,0.7711982727050781,306.90625
b_h3-1m-n1-c32-concurrent_write-r1-scylla,2026-09-09T16:00:05.8414480Z,88.26,3.853,0.7712059020996094,310.75
b_h3-1m-n1-c32-concurrent_write-r1-scylla,2026-09-09T16:00:12.0706879Z,92.35,3.853,0.7796630859375,315.25
b_h3-1m-n1-c32-concurrent_write-r1-scylla,2026-09-09T16:00:18.2995728Z,100.4,3.853,0.7796630859375,319.125
b_h3-1m-n1-c32-concurrent_write-r1-scylla,2026-09-09T16:00:24.5251131Z,108.72,3.853,0.7828750610351562,323.125
b_h3-1m-n1-c32-concurrent_write-r1-scylla,2026-09-09T16:00:30.7575926Z,102.56,3.853,0.7829017639160156,327.4375
b_h3-1m-n1-c32-concurrent_write-r1-scylla,2026-09-09T16:00:37.1515325Z,145.81,3.853,0.7850303649902344,331.296875
b_h3-1m-n1-c32-concurrent_write-r1-scylla,2026-09-09T16:00:43.3906740Z,165.38,3.853,0.7850303649902344,335.6875
b_h3-1m-n1-c32-concurrent_write-r1-scylla,2026-09-09T16:00:49.6383295Z,158.96,3.853,0.7871437072753906,339.609375
b_h3-1m-n1-c32-concurrent_write-r1-scylla,2026-09-09T16:00:55.8730775Z,107.9,3.853,0.7871437072753906,343.640625
b_h3-1m-n1-c32-concurrent_write-r1-scylla,2026-09-09T16:01:02.1214418Z,91.26,3.853,0.7893600463867188,347.28125
b_h3-1m-n1-c32-concurrent_write-r1-scylla,2026-09-09T16:01:08.3624481Z,96.02,3.853,0.7893638610839844,351.203125
b_h3-1m-n1-c32-concurrent_write-r1-scylla,2026-09-09T16:01:14.5882189Z,98.58,3.853,0.7914237976074219,354.890625
b_h3-1m-n1-c32-concurrent_write-r1-scylla,2026-09-09T16:01:20.8244613Z,97.99,3.853,0.7914237976074219,358.65625
b_h3-1m-n1-c32-concurrent_write-r1-scylla,2026-09-09T16:01:27.2338242Z,84.33,3.853,0.7935142517089844,362.4375
b_h3-1m-n1-c32-concurrent_write-r1-scylla,2026-09-09T16:01:33.4627438Z,94.45,3.853,0.7935752868652344,366.4375
b_h3-1m-n1-c32-concurrent_write-r1-scylla,2026-09-09T16:01:39.6897800Z,89.25,3.853,0.7935752868652344,370.171875
b_h3-1m-n1-c32-concurrent_write-r2-scylla,2026-09-09T16:08:24.5715214Z,91.49,3.856,0.8005332946777344,258.265625
b_h3-1m-n1-c32-concurrent_write-r2-scylla,2026-09-09T16:08:30.7994210Z,98.62,3.856,0.8078193664550781,262.921875
b_h3-1m-n1-c32-concurrent_write-r2-scylla,2026-09-09T16:08:37.5375614Z,92.36,3.856,0.8078193664550781,267.265625
b_h3-1m-n1-c32-concurrent_write-r2-scylla,2026-09-09T16:08:43.7720663Z,133.14,3.856,0.8081855773925781,271.15625
b_h3-1m-n1-c32-concurrent_write-r2-scylla,2026-09-09T16:08:50.0111194Z,94.65,3.857,0.8081855773925781,275.109375
b_h3-1m-n1-c32-concurrent_write-r2-scylla,2026-09-09T16:08:56.2356659Z,89.25,3.856,0.8082122802734375,278.96875
b_h3-1m-n1-c32-concurrent_write-r2-scylla,2026-09-09T16:09:02.4560739Z,94.15,3.856,0.8082160949707031,282.6875
b_h3-1m-n1-c32-concurrent_write-r2-scylla,2026-09-09T16:09:08.6879904Z,98.42,3.856,0.8082160949707031,286.734375
b_h3-1m-n1-c32-concurrent_write-r2-scylla,2026-09-09T16:09:14.9260066Z,92.84,3.857,0.8082199096679688,290.953125
b_h3-1m-n1-c32-concurrent_write-r2-scylla,2026-09-09T16:09:21.1667780Z,121.43,3.856,0.8082199096679688,294.78125
b_h3-1m-n1-c32-concurrent_write-r2-scylla,2026-09-09T16:09:27.5866006Z,97.2,3.857,0.8082389831542969,298.40625
b_h3-1m-n1-c32-concurrent_write-r2-scylla,2026-09-09T16:09:33.8361759Z,90.41,3.857,0.8086318969726562,302.40625
b_h3-1m-n1-c32-concurrent_write-r2-scylla,2026-09-09T16:09:40.0659813Z,93.53,3.857,0.8086318969726562,306
b_h3-1m-n1-c32-concurrent_write-r2-scylla,2026-09-09T16:09:46.2925124Z,92.16,3.857,0.8113021850585938,310.6875
b_h3-1m-n1-c32-concurrent_write-r2-scylla,2026-09-09T16:09:52.5276326Z,95.44,3.857,0.8113021850585938,315.21875
b_h3-1m-n1-c32-concurrent_write-r2-scylla,2026-09-09T16:09:58.7551153Z,98.05,3.857,0.8133888244628906,319.078125
b_h3-1m-n1-c32-concurrent_write-r2-scylla,2026-09-09T16:10:04.9855117Z,95.14,3.857,0.8133888244628906,323.1875
b_h3-1m-n1-c32-concurrent_write-r2-scylla,2026-09-09T16:10:11.2308155Z,101.62,3.857,0.8158149719238281,327.75
b_h3-1m-n1-c32-concurrent_write-r2-scylla,2026-09-09T16:10:17.5701620Z,98.93,3.857,0.8158187866210938,332.015625
b_h3-1m-n1-c32-concurrent_write-r2-scylla,2026-09-09T16:10:23.8063477Z,110.88,3.857,0.8178672790527344,335.71875
b_h3-1m-n1-c32-concurrent_write-r2-scylla,2026-09-09T16:10:30.0437597Z,154.8,3.857,0.8178672790527344,339.40625
b_h3-1m-n1-c32-concurrent_write-r2-scylla,2026-09-09T16:10:36.2790302Z,158.23,3.857,0.8198890686035156,343.765625
b_h3-1m-n1-c32-concurrent_write-r2-scylla,2026-09-09T16:10:42.5097797Z,101.22,3.857,0.8198928833007812,348.125
b_h3-1m-n1-c32-concurrent_write-r2-scylla,2026-09-09T16:10:48.7385708Z,98.56,3.857,0.8220939636230469,351.96875
b_h3-1m-n1-c32-concurrent_write-r2-scylla,2026-09-09T16:10:54.9633311Z,151.53,3.857,0.8220977783203125,356.78125
b_h3-1m-n1-c32-concurrent_write-r2-scylla,2026-09-09T16:11:01.2060745Z,97.0,3.857,0.824127197265625,362.265625
b_h3-1m-n1-c32-concurrent_write-r2-scylla,2026-09-09T16:11:07.6269490Z,92.74,3.857,0.824127197265625,366.40625
b_h3-1m-n1-c32-concurrent_write-r2-scylla,2026-09-09T16:11:13.8527963Z,101.81,3.857,0.8263015747070312,370.8125
b_h3-1m-n1-c32-concurrent_write-r2-scylla,2026-09-09T16:11:20.0961540Z,94.92,3.857,0.8263015747070312,374.59375
b_h3-1m-n1-c32-concurrent_write-r3-scylla,2026-09-09T16:18:04.0413308Z,93.75,3.857,0.7745208740234375,266.3125
b_h3-1m-n1-c32-concurrent_write-r3-scylla,2026-09-09T16:18:10.2719315Z,124.39,3.857,0.7745246887207031,271.734375
b_h3-1m-n1-c32-concurrent_write-r3-scylla,2026-09-09T16:18:16.5037148Z,96.71,3.857,0.7699775695800781,276.1875
b_h3-1m-n1-c32-concurrent_write-r3-scylla,2026-09-09T16:18:22.7391765Z,99.02,3.857,0.7729072570800781,281.3125
b_h3-1m-n1-c32-concurrent_write-r3-scylla,2026-09-09T16:18:28.9742264Z,96.36,3.857,0.7729873657226562,285.734375
b_h3-1m-n1-c32-concurrent_write-r3-scylla,2026-09-09T16:18:35.2027536Z,103.71,3.857,0.7731437683105469,290.21875
b_h3-1m-n1-c32-concurrent_write-r3-scylla,2026-09-09T16:18:41.4322227Z,100.45,3.857,0.7744522094726562,294.5625
b_h3-1m-n1-c32-concurrent_write-r3-scylla,2026-09-09T16:18:47.9849413Z,99.24,3.857,0.7744522094726562,298.9375
b_h3-1m-n1-c32-concurrent_write-r3-scylla,2026-09-09T16:18:54.2123567Z,98.9,3.857,0.7744560241699219,303.609375
b_h3-1m-n1-c32-concurrent_write-r3-scylla,2026-09-09T16:19:00.4357580Z,94.15,3.857,0.7744560241699219,307.265625
b_h3-1m-n1-c32-concurrent_write-r3-scylla,2026-09-09T16:19:06.6518725Z,89.45,3.857,0.7744560241699219,311.53125
b_h3-1m-n1-c32-concurrent_write-r3-scylla,2026-09-09T16:19:12.8794750Z,132.94,3.858,0.7755241394042969,316.390625
b_h3-1m-n1-c32-concurrent_write-r3-scylla,2026-09-09T16:19:19.1026256Z,100.18,3.857,0.7755279541015625,320.46875
b_h3-1m-n1-c32-concurrent_write-r3-scylla,2026-09-09T16:19:25.3226090Z,97.93,3.857,0.7779388427734375,324.859375
b_h3-1m-n1-c32-concurrent_write-r3-scylla,2026-09-09T16:19:31.5589551Z,98.67,3.857,0.7779388427734375,328.671875
b_h3-1m-n1-c32-concurrent_write-r3-scylla,2026-09-09T16:19:38.0294310Z,99.23,3.857,0.7800102233886719,332.75
b_h3-1m-n1-c32-concurrent_write-r3-scylla,2026-09-09T16:19:44.2641898Z,96.57,3.857,0.7811851501464844,336.453125
b_h3-1m-n1-c32-concurrent_write-r3-scylla,2026-09-09T16:19:50.4807048Z,93.07,3.857,0.7833633422851562,339.84375
b_h3-1m-n1-c32-concurrent_write-r3-scylla,2026-09-09T16:19:56.7155992Z,96.15,3.858,0.7833633422851562,343.96875
b_h3-1m-n1-c32-concurrent_write-r3-scylla,2026-09-09T16:20:02.9500546Z,126.61,3.857,0.7854270935058594,348.03125
b_h3-1m-n1-c32-concurrent_write-r3-scylla,2026-09-09T16:20:09.1887234Z,98.54,3.858,0.7854270935058594,352.875
b_h3-1m-n1-c32-concurrent_write-r3-scylla,2026-09-09T16:20:15.4223416Z,97.64,3.858,0.7876625061035156,357.40625
b_h3-1m-n1-c32-concurrent_write-r3-scylla,2026-09-09T16:20:21.6790286Z,141.99,3.857,0.7876625061035156,361.34375
b_h3-1m-n1-c32-concurrent_write-r3-scylla,2026-09-09T16:20:28.0600571Z,128.04,3.857,0.7897300720214844,365.03125
b_h3-1m-n1-c32-concurrent_write-r3-scylla,2026-09-09T16:20:34.2945037Z,114.99,3.857,0.7897300720214844,369.171875
b_h3-1m-n1-c32-concurrent_write-r3-scylla,2026-09-09T16:20:40.5218933Z,97.87,3.857,0.7897300720214844,373.1875
b_h3-1m-n1-c32-concurrent_write-r3-scylla,2026-09-09T16:20:46.7477480Z,95.25,3.858,0.79180908203125,377.03125
b_h3-1m-n1-c32-concurrent_write-r3-scylla,2026-09-09T16:20:52.9956877Z,142.89,3.857,0.79180908203125,381.203125
b_h3-1m-n1-c32-concurrent_write-r3-scylla,2026-09-09T16:20:59.2390779Z,101.02,3.858,0.7938995361328125,385.21875
b_h3-1m-n1-c32-read_single-r1-scylla,2026-09-09T16:25:00.7017948Z,117.35,3.856,0.7708740234375,168.515625
b_h3-1m-n1-c32-read_single-r1-scylla,2026-09-09T16:25:06.9260025Z,120.21,3.856,0.77593994140625,173.09375
b_h3-1m-n1-c32-read_single-r1-scylla,2026-09-09T16:25:13.1585710Z,116.99,3.856,0.7775459289550781,178.40625
b_h3-1m-n1-c32-read_single-r1-scylla,2026-09-09T16:25:19.3885561Z,118.46,3.856,0.7781982421875,182.96875
b_h3-1m-n1-c32-read_single-r1-scylla,2026-09-09T16:25:25.6210552Z,115.93,3.856,0.7803115844726562,187.375
b_h3-1m-n1-c32-read_single-r1-scylla,2026-09-09T16:25:31.8479618Z,119.54,3.856,0.7828216552734375,191.515625
b_h3-1m-n1-c32-read_single-r1-scylla,2026-09-09T16:25:38.2573150Z,118.21,3.857,0.7828788757324219,196.28125
b_h3-1m-n1-c32-read_single-r1-scylla,2026-09-09T16:25:44.4856488Z,118.17,3.856,0.7849464416503906,199.953125
b_h3-1m-n1-c32-read_single-r1-scylla,2026-09-09T16:25:50.7249429Z,113.87,3.857,0.7849464416503906,204.390625
b_h3-1m-n1-c32-read_single-r1-scylla,2026-09-09T16:25:56.9497933Z,110.01,3.857,0.7870292663574219,208.703125
b_h3-1m-n1-c32-read_single-r1-scylla,2026-09-09T16:26:03.1803996Z,118.65,3.857,0.7890892028808594,212.4375
b_h3-1m-n1-c32-read_single-r1-scylla,2026-09-09T16:26:09.4152908Z,120.61,3.856,0.7893257141113281,216.796875
b_h3-1m-n1-c32-read_single-r1-scylla,2026-09-09T16:26:15.6566764Z,118.87,3.856,0.7868766784667969,221.796875
b_h3-1m-n1-c32-read_single-r1-scylla,2026-09-09T16:26:21.8840079Z,120.83,3.856,0.7881965637207031,225.546875
b_h3-1m-n1-c32-read_single-r1-scylla,2026-09-09T16:26:28.2543491Z,116.89,3.857,0.7903022766113281,229.515625
b_h3-1m-n1-c32-read_single-r1-scylla,2026-09-09T16:26:34.4852652Z,120.27,3.856,0.7924957275390625,233.5625
b_h3-1m-n1-c32-read_single-r1-scylla,2026-09-09T16:26:40.7058010Z,119.87,3.856,0.7924957275390625,237.828125
b_h3-1m-n1-c32-read_single-r1-scylla,2026-09-09T16:26:46.9352747Z,110.09,3.856,0.7926521301269531,242.53125
b_h3-1m-n1-c32-read_single-r1-scylla,2026-09-09T16:26:53.1521556Z,121.13,3.856,0.7926521301269531,247.171875
b_h3-1m-n1-c32-read_single-r1-scylla,2026-09-09T16:26:59.3947107Z,114.47,3.857,0.7927284240722656,251.34375
b_h3-1m-n1-c32-read_single-r1-scylla,2026-09-09T16:27:05.6290972Z,117.02,3.856,0.7927322387695312,255.640625
b_h3-1m-n1-c32-read_single-r1-scylla,2026-09-09T16:27:11.8663675Z,119.98,3.856,0.7929611206054688,259.140625
b_h3-1m-n1-c32-read_single-r1-scylla,2026-09-09T16:27:18.3117858Z,117.68,3.856,0.7929649353027344,263.59375
b_h3-1m-n1-c32-read_single-r1-scylla,2026-09-09T16:27:24.5310048Z,118.28,3.856,0.7929649353027344,267.640625
b_h3-1m-n1-c32-read_single-r1-scylla,2026-09-09T16:27:30.7668005Z,114.13,3.857,0.79296875,272.203125
b_h3-1m-n1-c32-read_single-r1-scylla,2026-09-09T16:27:36.9931250Z,112.13,3.856,0.7933158874511719,276.234375
b_h3-1m-n1-c32-read_single-r1-scylla,2026-09-09T16:27:43.2549315Z,116.97,3.856,0.7933158874511719,280.734375
b_h3-1m-n1-c32-read_single-r1-scylla,2026-09-09T16:27:49.4824798Z,116.0,3.856,0.7933311462402344,284.625
b_h3-1m-n1-c32-read_single-r1-scylla,2026-09-09T16:27:55.7072674Z,114.63,3.856,0.7932968139648438,289.359375
b_h3-1m-n1-c32-read_single-r2-scylla,2026-09-09T16:31:57.1734105Z,110.9,3.856,0.7697944641113281,177.421875
b_h3-1m-n1-c32-read_single-r2-scylla,2026-09-09T16:32:03.3979223Z,120.2,3.856,0.7726211547851562,182.078125
b_h3-1m-n1-c32-read_single-r2-scylla,2026-09-09T16:32:09.6197586Z,119.4,3.856,0.7751731872558594,186
b_h3-1m-n1-c32-read_single-r2-scylla,2026-09-09T16:32:15.8524328Z,117.54,3.856,0.7738456726074219,190.59375
b_h3-1m-n1-c32-read_single-r2-scylla,2026-09-09T16:32:22.1014428Z,117.44,3.856,0.7756462097167969,195.046875
b_h3-1m-n1-c32-read_single-r2-scylla,2026-09-09T16:32:28.5094379Z,119.44,3.856,0.7777061462402344,199.859375
b_h3-1m-n1-c32-read_single-r2-scylla,2026-09-09T16:32:34.7409019Z,118.68,3.856,0.7797889709472656,204.3125
b_h3-1m-n1-c32-read_single-r2-scylla,2026-09-09T16:32:40.9621686Z,114.85,3.856,0.7819366455078125,209.390625
b_h3-1m-n1-c32-read_single-r2-scylla,2026-09-09T16:32:47.1906007Z,116.3,3.856,0.7819366455078125,212.796875
b_h3-1m-n1-c32-read_single-r2-scylla,2026-09-09T16:32:53.4130089Z,118.85,3.856,0.7840499877929688,216.671875
b_h3-1m-n1-c32-read_single-r2-scylla,2026-09-09T16:32:59.6478745Z,119.26,3.856,0.7841110229492188,221.453125
b_h3-1m-n1-c32-read_single-r2-scylla,2026-09-09T16:33:05.8739683Z,116.91,3.856,0.7864341735839844,225.15625
b_h3-1m-n1-c32-read_single-r2-scylla,2026-09-09T16:33:12.1042277Z,120.14,3.856,0.7904891967773438,230.171875
b_h3-1m-n1-c32-read_single-r2-scylla,2026-09-09T16:33:18.5340359Z,118.73,3.856,0.7901992797851562,234.953125
b_h3-1m-n1-c32-read_single-r2-scylla,2026-09-09T16:33:24.7741017Z,118.51,3.856,0.7928466796875,238.703125
b_h3-1m-n1-c32-read_single-r2-scylla,2026-09-09T16:33:31.0158052Z,120.58,3.856,0.7928466796875,242.59375
b_h3-1m-n1-c32-read_single-r2-scylla,2026-09-09T16:33:37.2349297Z,109.98,3.856,0.7939567565917969,246.96875
b_h3-1m-n1-c32-read_single-r2-scylla,2026-09-09T16:33:43.4696562Z,123.07,3.856,0.7941169738769531,251.796875
b_h3-1m-n1-c32-read_single-r2-scylla,2026-09-09T16:33:49.6957543Z,112.73,3.856,0.7941169738769531,256.359375
b_h3-1m-n1-c32-read_single-r2-scylla,2026-09-09T16:33:55.9371356Z,120.79,3.856,0.7941207885742188,260.671875
b_h3-1m-n1-c32-read_single-r2-scylla,2026-09-09T16:34:02.1596689Z,109.01,3.857,0.7941207885742188,265.28125
b_h3-1m-n1-c32-read_single-r2-scylla,2026-09-09T16:34:08.5879570Z,117.49,3.856,0.7941207885742188,269.828125
b_h3-1m-n1-c32-read_single-r2-scylla,2026-09-09T16:34:14.8195314Z,114.94,3.856,0.7941207885742188,273.703125
b_h3-1m-n1-c32-read_single-r2-scylla,2026-09-09T16:34:21.0525682Z,119.42,3.856,0.79412841796875,278.515625
b_h3-1m-n1-c32-read_single-r2-scylla,2026-09-09T16:34:27.2725870Z,113.34,3.856,0.7941322326660156,282.96875
b_h3-1m-n1-c32-read_single-r2-scylla,2026-09-09T16:34:33.5040585Z,118.0,3.856,0.7941322326660156,286.953125
b_h3-1m-n1-c32-read_single-r2-scylla,2026-09-09T16:34:39.8373948Z,84.15,3.856,0.7944183349609375,291.046875
b_h3-1m-n1-c32-read_single-r2-scylla,2026-09-09T16:34:46.0646414Z,121.75,3.856,0.7944183349609375,294.71875
b_h3-1m-n1-c32-read_single-r2-scylla,2026-09-09T16:34:52.2881218Z,119.75,3.856,0.7943878173828125,298.890625
b_h3-1m-n1-c32-read_single-r3-scylla,2026-09-09T16:38:53.6788077Z,116.03,3.856,0.7690467834472656,169.5
b_h3-1m-n1-c32-read_single-r3-scylla,2026-09-09T16:38:59.9121822Z,123.15,3.856,0.7691688537597656,174.671875
b_h3-1m-n1-c32-read_single-r3-scylla,2026-09-09T16:39:06.1483503Z,120.63,3.856,0.7707481384277344,179.25
b_h3-1m-n1-c32-read_single-r3-scylla,2026-09-09T16:39:12.3907939Z,117.38,3.857,0.7729988098144531,184.03125
b_h3-1m-n1-c32-read_single-r3-scylla,2026-09-09T16:39:18.8116863Z,119.89,3.856,0.7730789184570312,188.25
b_h3-1m-n1-c32-read_single-r3-scylla,2026-09-09T16:39:25.0410578Z,123.49,3.856,0.7744407653808594,192.5625
b_h3-1m-n1-c32-read_single-r3-scylla,2026-09-09T16:39:31.2829504Z,118.72,3.856,0.7777671813964844,197.65625
b_h3-1m-n1-c32-read_single-r3-scylla,2026-09-09T16:39:37.5053158Z,112.99,3.857,0.77777099609375,202
b_h3-1m-n1-c32-read_single-r3-scylla,2026-09-09T16:39:43.7349422Z,118.58,3.856,0.7799568176269531,206.234375
b_h3-1m-n1-c32-read_single-r3-scylla,2026-09-09T16:39:49.9707073Z,109.12,3.856,0.7799568176269531,210.4375
b_h3-1m-n1-c32-read_single-r3-scylla,2026-09-09T16:39:56.2020923Z,117.41,3.856,0.782012939453125,214.765625
b_h3-1m-n1-c32-read_single-r3-scylla,2026-09-09T16:40:02.4351441Z,118.01,3.856,0.782257080078125,219.171875
b_h3-1m-n1-c32-read_single-r3-scylla,2026-09-09T16:40:08.8694026Z,117.49,3.856,0.79583740234375,225
b_h3-1m-n1-c32-read_single-r3-scylla,2026-09-09T16:40:15.1017445Z,119.59,3.856,0.787506103515625,228.828125
b_h3-1m-n1-c32-read_single-r3-scylla,2026-09-09T16:40:21.3253172Z,117.35,3.856,0.7875518798828125,233.8125
b_h3-1m-n1-c32-read_single-r3-scylla,2026-09-09T16:40:27.5576226Z,108.85,3.857,0.7897529602050781,238.625
b_h3-1m-n1-c32-read_single-r3-scylla,2026-09-09T16:40:33.7804228Z,125.03,3.856,0.7897529602050781,242.5625
b_h3-1m-n1-c32-read_single-r3-scylla,2026-09-09T16:40:40.0050579Z,117.91,3.856,0.7898292541503906,246.359375
b_h3-1m-n1-c32-read_single-r3-scylla,2026-09-09T16:40:46.2342067Z,119.26,3.857,0.7899093627929688,250.28125
b_h3-1m-n1-c32-read_single-r3-scylla,2026-09-09T16:40:52.4730076Z,122.1,3.856,0.7899093627929688,255.171875
b_h3-1m-n1-c32-read_single-r3-scylla,2026-09-09T16:40:58.8621194Z,120.23,3.856,0.7902412414550781,259.4375
b_h3-1m-n1-c32-read_single-r3-scylla,2026-09-09T16:41:05.0872475Z,116.36,3.856,0.7902450561523438,263.984375
b_h3-1m-n1-c32-read_single-r3-scylla,2026-09-09T16:41:11.3122617Z,119.09,3.856,0.7902679443359375,267.75
b_h3-1m-n1-c32-read_single-r3-scylla,2026-09-09T16:41:17.5450755Z,118.75,3.857,0.7902717590332031,271.984375
b_h3-1m-n1-c32-read_single-r3-scylla,2026-09-09T16:41:23.7712900Z,121.58,3.856,0.7902717590332031,276.453125
b_h3-1m-n1-c32-read_single-r3-scylla,2026-09-09T16:41:30.0028409Z,116.41,3.857,0.7904434204101562,280.375
b_h3-1m-n1-c32-read_single-r3-scylla,2026-09-09T16:41:36.2188207Z,119.32,3.856,0.7904434204101562,284.796875
b_h3-1m-n1-c32-read_single-r3-scylla,2026-09-09T16:41:42.4459650Z,117.63,3.856,0.7904434204101562,288.9375
b_h3-1m-n1-c32-read_single-r3-scylla,2026-09-09T16:41:48.8986069Z,117.43,3.856,0.7904396057128906,293.765625
b_h3-1m-n2-c8-concurrent_write-r1-scylla,2026-09-09T16:51:03.2981090Z,160.93,2.32,0.7722053527832031,394.09375
b_h3-1m-n2-c8-concurrent_write-r1-scylla,2026-09-09T16:51:10.5574645Z,158.76,2.344,0.7709121704101562,398.53125
b_h3-1m-n2-c8-concurrent_write-r1-scylla,2026-09-09T16:51:17.2940476Z,161.45,2.368,0.7710113525390625,402.625
b_h3-1m-n2-c8-concurrent_write-r1-scylla,2026-09-09T16:51:23.5391849Z,153.95,2.3890000000000002,0.7720794677734375,406.21875
b_h3-1m-n2-c8-concurrent_write-r1-scylla,2026-09-09T16:51:30.8043583Z,164.49,2.412,0.7721099853515625,410.78125
b_h3-1m-n2-c8-concurrent_write-r1-scylla,2026-09-09T16:51:37.2972929Z,162.98000000000002,2.435,0.7730827331542969,414.765625
b_h3-1m-n2-c8-concurrent_write-r1-scylla,2026-09-09T16:51:44.5581928Z,164.57999999999998,2.458,0.7731094360351562,419.625
b_h3-1m-n2-c8-concurrent_write-r1-scylla,2026-09-09T16:51:50.8335861Z,163.21,2.481,0.7731285095214844,423.6875
b_h3-1m-n2-c8-concurrent_write-r1-scylla,2026-09-09T16:51:57.3030608Z,163.63,2.503,0.7731285095214844,427.640625
b_h3-1m-n2-c8-concurrent_write-r1-scylla,2026-09-09T16:52:04.5635864Z,161.14999999999998,2.526,0.7731285095214844,431.640625
b_h3-1m-n2-c8-concurrent_write-r1-scylla,2026-09-09T16:52:11.8173830Z,162.97000000000003,2.55,0.7731285095214844,435.71875
b_h3-1m-n2-c8-concurrent_write-r1-scylla,2026-09-09T16:52:19.0829519Z,161.38,2.573,0.7731285095214844,440.46875
b_h3-1m-n2-c8-concurrent_write-r1-scylla,2026-09-09T16:52:26.2894684Z,165.44,2.6159999999999997,0.7740287780761719,444.921875
b_h3-1m-n2-c8-concurrent_write-r1-scylla,2026-09-09T16:52:33.5437175Z,158.43,2.668,0.7740287780761719,448.984375
b_h3-1m-n2-c8-concurrent_write-r1-scylla,2026-09-09T16:52:40.8048924Z,158.38,2.708,0.7740898132324219,453.453125
b_h3-1m-n2-c8-concurrent_write-r1-scylla,2026-09-09T16:52:47.3455444Z,164.24,2.748,0.7954597473144531,457.8125
b_h3-1m-n2-c8-concurrent_write-r1-scylla,2026-09-09T16:52:54.6075682Z,176.31,2.7880000000000003,0.7719154357910156,461.921875
b_h3-1m-n2-c8-concurrent_write-r1-scylla,2026-09-09T16:53:01.8604054Z,167.66000000000003,2.83,0.7719154357910156,466.265625
b_h3-1m-n2-c8-concurrent_write-r1-scylla,2026-09-09T16:53:09.1185137Z,167.95,2.871,0.7720069885253906,470.546875
b_h3-1m-n2-c8-concurrent_write-r1-scylla,2026-09-09T16:53:16.3181426Z,160.63,2.9139999999999997,0.7725410461425781,475.21875
b_h3-1m-n2-c8-concurrent_write-r1-scylla,2026-09-09T16:53:23.5817614Z,164.48000000000002,2.973,0.7725639343261719,479.4375
b_h3-1m-n2-c8-concurrent_write-r1-scylla,2026-09-09T16:53:30.8369018Z,166.11,3.0140000000000002,0.7725639343261719,483.828125
b_h3-1m-n2-c8-concurrent_write-r1-scylla,2026-09-09T16:53:37.3592545Z,169.1,3.058,0.7725830078125,487.59375
b_h3-1m-n2-c8-concurrent_write-r1-scylla,2026-09-09T16:53:43.6189099Z,176.4,3.097,0.7725830078125,491.453125
b_h3-1m-n2-c8-concurrent_write-r1-scylla,2026-09-09T16:53:49.8737582Z,160.56,3.138,0.7725830078125,494.9375
b_h3-1m-n2-c8-concurrent_write-r2-scylla,2026-09-09T17:02:20.8966636Z,165.20999999999998,5.1690000000000005,0.774658203125,391.90625
b_h3-1m-n2-c8-concurrent_write-r2-scylla,2026-09-09T17:02:27.6991256Z,164.19,5.192,0.7710914611816406,396
b_h3-1m-n2-c8-concurrent_write-r2-scylla,2026-09-09T17:02:33.9490829Z,154.51999999999998,5.212999999999999,0.7712135314941406,399.828125
b_h3-1m-n2-c8-concurrent_write-r2-scylla,2026-09-09T17:02:41.1987152Z,164.95,5.234,0.7712135314941406,404.1875
b_h3-1m-n2-c8-concurrent_write-r2-scylla,2026-09-09T17:02:47.7185307Z,167.26,5.259,0.7731666564941406,408.078125
b_h3-1m-n2-c8-concurrent_write-r2-scylla,2026-09-09T17:02:54.9885772Z,161.12,5.281000000000001,0.7731666564941406,411.796875
b_h3-1m-n2-c8-concurrent_write-r2-scylla,2026-09-09T17:03:02.2496891Z,163.95,5.306,0.7731742858886719,416.109375
b_h3-1m-n2-c8-concurrent_write-r2-scylla,2026-09-09T17:03:09.5020959Z,161.56,5.33,0.7732734680175781,419.9375
b_h3-1m-n2-c8-concurrent_write-r2-scylla,2026-09-09T17:03:16.6793430Z,168.1,5.356,0.7732734680175781,423.71875
b_h3-1m-n2-c8-concurrent_write-r2-scylla,2026-09-09T17:03:23.9526010Z,164.85,5.378,0.7732734680175781,428.15625
b_h3-1m-n2-c8-concurrent_write-r2-scylla,2026-09-09T17:03:30.2272003Z,164.13,5.401,0.7732734680175781,431.8125
b_h3-1m-n2-c8-concurrent_write-r2-scylla,2026-09-09T17:03:36.7164184Z,166.62,5.423,0.7732734680175781,435.390625
b_h3-1m-n2-c8-concurrent_write-r2-scylla,2026-09-09T17:03:43.9857424Z,159.75,5.46,0.7747421264648438,439.5625
b_h3-1m-n2-c8-concurrent_write-r2-scylla,2026-09-09T17:03:51.2595462Z,169.97,5.516,0.7747421264648438,443.65625
b_h3-1m-n2-c8-concurrent_write-r2-scylla,2026-09-09T17:03:57.7282309Z,160.18,5.554,0.7718238830566406,447.421875
b_h3-1m-n2-c8-concurrent_write-r2-scylla,2026-09-09T17:04:04.9833935Z,156.25,5.593,0.7718276977539062,452.015625
b_h3-1m-n2-c8-concurrent_write-r2-scylla,2026-09-09T17:04:12.2485611Z,165.62,5.635999999999999,0.7730293273925781,455.890625
b_h3-1m-n2-c8-concurrent_write-r2-scylla,2026-09-09T17:04:19.5021008Z,170.26999999999998,5.677,0.7730293273925781,459.53125
b_h3-1m-n2-c8-concurrent_write-r2-scylla,2026-09-09T17:04:26.7194857Z,179.86,5.737,0.7730293273925781,463.703125
b_h3-1m-n2-c8-concurrent_write-r2-scylla,2026-09-09T17:04:33.9753609Z,160.82,5.757,0.7730293273925781,467.453125
b_h3-1m-n2-c8-concurrent_write-r2-scylla,2026-09-09T17:04:41.4784453Z,172.04,5.817,0.7730293273925781,471.515625
b_h3-1m-n2-c8-concurrent_write-r2-scylla,2026-09-09T17:04:47.7479232Z,151.07,5.855,0.7730522155761719,475.328125
b_h3-1m-n2-c8-concurrent_write-r2-scylla,2026-09-09T17:04:55.0241219Z,169.11,5.898,0.7730522155761719,479.578125
b_h3-1m-n2-c8-concurrent_write-r2-scylla,2026-09-09T17:05:02.2745522Z,171.99,5.941,0.7730522155761719,483.640625
b_h3-1m-n2-c8-concurrent_write-r2-scylla,2026-09-09T17:05:08.5349078Z,171.39,5.981,0.7730522155761719,486.796875
b_h3-1m-n2-c8-concurrent_write-r3-scylla,2026-09-09T17:13:39.4515545Z,157.8,7.6739999999999995,0.7752647399902344,398.328125
b_h3-1m-n2-c8-concurrent_write-r3-scylla,2026-09-09T17:13:46.0513191Z,160.99,7.6739999999999995,0.7782173156738281,402.046875
b_h3-1m-n2-c8-concurrent_write-r3-scylla,2026-09-09T17:13:53.3054628Z,165.28,7.6739999999999995,0.7782783508300781,406.515625
b_h3-1m-n2-c8-concurrent_write-r3-scylla,2026-09-09T17:14:00.5681965Z,161.32999999999998,7.675,0.7782783508300781,411.03125
b_h3-1m-n2-c8-concurrent_write-r3-scylla,2026-09-09T17:14:07.0447049Z,160.78,7.676,0.7788047790527344,414.90625
b_h3-1m-n2-c8-concurrent_write-r3-scylla,2026-09-09T17:14:14.3111653Z,160.49,7.676,0.7788047790527344,419.328125
b_h3-1m-n2-c8-concurrent_write-r3-scylla,2026-09-09T17:14:21.5595901Z,165.57999999999998,7.676,0.7788047790527344,423.546875
b_h3-1m-n2-c8-concurrent_write-r3-scylla,2026-09-09T17:14:28.1874356Z,170.07,7.678000000000001,0.7789077758789062,427.046875
b_h3-1m-n2-c8-concurrent_write-r3-scylla,2026-09-09T17:14:35.4654543Z,168.1,7.676,0.7789077758789062,431.390625
b_h3-1m-n2-c8-concurrent_write-r3-scylla,2026-09-09T17:14:42.7246482Z,159.59,7.676,0.7789154052734375,435.015625
b_h3-1m-n2-c8-concurrent_write-r3-scylla,2026-09-09T17:14:49.9802377Z,165.36,7.678000000000001,0.7789154052734375,439.234375
b_h3-1m-n2-c8-concurrent_write-r3-scylla,2026-09-09T17:14:57.0720015Z,163.76,7.679,0.7789154052734375,443.09375
b_h3-1m-n2-c8-concurrent_write-r3-scylla,2026-09-09T17:15:04.3215324Z,168.23000000000002,7.679,0.7791023254394531,447.09375
b_h3-1m-n2-c8-concurrent_write-r3-scylla,2026-09-09T17:15:11.5811473Z,166.06,7.681,0.7791023254394531,452.03125
b_h3-1m-n2-c8-concurrent_write-r3-scylla,2026-09-09T17:15:18.1276792Z,164.14,7.681,0.7722663879394531,455.65625
b_h3-1m-n2-c8-concurrent_write-r3-scylla,2026-09-09T17:15:25.3809682Z,159.86,7.682,0.7722740173339844,459.796875
b_h3-1m-n2-c8-concurrent_write-r3-scylla,2026-09-09T17:15:31.6403163Z,163.92000000000002,7.683,0.7967033386230469,464.328125
b_h3-1m-n2-c8-concurrent_write-r3-scylla,2026-09-09T17:15:38.1014854Z,163.24,7.684,0.7966995239257812,467.5625
b_h3-1m-n2-c8-concurrent_write-r3-scylla,2026-09-09T17:15:45.3683012Z,174.64,7.6850000000000005,0.7966995239257812,472.046875
b_h3-1m-n2-c8-concurrent_write-r3-scylla,2026-09-09T17:15:52.6383603Z,175.07999999999998,7.6850000000000005,0.7966995239257812,476.15625
b_h3-1m-n2-c8-concurrent_write-r3-scylla,2026-09-09T17:15:58.8912071Z,166.29,7.6850000000000005,0.7966995239257812,479.859375
b_h3-1m-n2-c8-concurrent_write-r3-scylla,2026-09-09T17:16:06.1270021Z,162.41000000000003,7.6850000000000005,0.7966995239257812,484.140625
b_h3-1m-n2-c8-concurrent_write-r3-scylla,2026-09-09T17:16:13.3984646Z,165.70999999999998,7.6850000000000005,0.7967071533203125,488.9375
b_h3-1m-n2-c8-concurrent_write-r3-scylla,2026-09-09T17:16:20.6556360Z,163.73000000000002,7.684,0.7967071533203125,492.6875
b_h3-1m-n2-c8-concurrent_write-r3-scylla,2026-09-09T17:16:27.1554915Z,159.67000000000002,7.6850000000000005,0.7967071533203125,496.75
b_h3-1m-n2-c8-read_single-r1-scylla,2026-09-09T17:21:41.8862385Z,189.11,7.688,0.766815185546875,233.078125
b_h3-1m-n2-c8-read_single-r1-scylla,2026-09-09T17:21:48.3461501Z,186.91,7.688,0.7813987731933594,237.984375
b_h3-1m-n2-c8-read_single-r1-scylla,2026-09-09T17:21:55.6067239Z,180.09,7.688000000000001,0.766571044921875,242.453125
b_h3-1m-n2-c8-read_single-r1-scylla,2026-09-09T17:22:02.8675613Z,184.72,7.688,0.7678680419921875,247.640625
b_h3-1m-n2-c8-read_single-r1-scylla,2026-09-09T17:22:10.1220473Z,179.41,7.688,0.76666259765625,252.03125
b_h3-1m-n2-c8-read_single-r1-scylla,2026-09-09T17:22:17.3811971Z,180.18,7.688000000000001,0.76666259765625,256.328125
b_h3-1m-n2-c8-read_single-r1-scylla,2026-09-09T17:22:24.6392684Z,177.76999999999998,7.689,0.7688980102539062,260.578125
b_h3-1m-n2-c8-read_single-r1-scylla,2026-09-09T17:22:31.8983335Z,179.23000000000002,7.688,0.7688980102539062,265.171875
b_h3-1m-n2-c8-read_single-r1-scylla,2026-09-09T17:22:38.4276197Z,188.53,7.689,0.7689018249511719,268.875
b_h3-1m-n2-c8-read_single-r1-scylla,2026-09-09T17:22:44.6784909Z,175.01,7.689,0.7689018249511719,272.5
b_h3-1m-n2-c8-read_single-r1-scylla,2026-09-09T17:22:51.9555694Z,185.35,7.688000000000001,0.7689018249511719,277.109375
b_h3-1m-n2-c8-read_single-r1-scylla,2026-09-09T17:22:58.4229727Z,187.88,7.688,0.7689018249511719,281.109375
b_h3-1m-n2-c8-read_single-r1-scylla,2026-09-09T17:23:05.6928392Z,173.99,7.689,0.7709465026855469,285.359375
b_h3-1m-n2-c8-read_single-r1-scylla,2026-09-09T17:23:12.9471368Z,180.28,7.688,0.769012451171875,289.640625
b_h3-1m-n2-c8-read_single-r1-scylla,2026-09-09T17:23:20.2063773Z,184.87,7.689,0.7690544128417969,293.484375
b_h3-1m-n2-c8-read_single-r1-scylla,2026-09-09T17:23:27.4288045Z,182.9,7.688,0.7690200805664062,298
b_h3-1m-n2-c8-read_single-r1-scylla,2026-09-09T17:23:34.6773274Z,179.15,7.688,0.7719306945800781,302.0625
b_h3-1m-n2-c8-read_single-r1-scylla,2026-09-09T17:23:41.9274828Z,182.48000000000002,7.688,0.7733268737792969,306.53125
b_h3-1m-n2-c8-read_single-r1-scylla,2026-09-09T17:23:48.4418061Z,182.98000000000002,7.688,0.7733268737792969,311.375
b_h3-1m-n2-c8-read_single-r1-scylla,2026-09-09T17:23:55.7043843Z,178.15,7.686999999999999,0.7733917236328125,315.78125
b_h3-1m-n2-c8-read_single-r1-scylla,2026-09-09T17:24:02.9631592Z,186.78,7.688,0.7734031677246094,320.5
b_h3-1m-n2-c8-read_single-r1-scylla,2026-09-09T17:24:10.2163550Z,181.87,7.689,0.7734031677246094,324.890625
b_h3-1m-n2-c8-read_single-r1-scylla,2026-09-09T17:24:17.4485351Z,183.68,7.688,0.7734031677246094,329.25
b_h3-1m-n2-c8-read_single-r1-scylla,2026-09-09T17:24:24.6972445Z,182.68,7.688000000000001,0.7745094299316406,333.671875
b_h3-1m-n2-c8-read_single-r1-scylla,2026-09-09T17:24:31.9600138Z,186.5,7.689,0.7745094299316406,337.578125
b_h3-1m-n2-c8-read_single-r2-scylla,2026-09-09T17:29:25.9386511Z,177.86,7.689,0.7698326110839844,226.34375
b_h3-1m-n2-c8-read_single-r2-scylla,2026-09-09T17:29:33.1989708Z,179.70999999999998,7.688,0.7659835815429688,230.453125
b_h3-1m-n2-c8-read_single-r2-scylla,2026-09-09T17:29:40.4654072Z,182.04,7.69,0.7704620361328125,234.640625
b_h3-1m-n2-c8-read_single-r2-scylla,2026-09-09T17:29:47.6301283Z,185.32999999999998,7.689,0.7704658508300781,239.09375
b_h3-1m-n2-c8-read_single-r2-scylla,2026-09-09T17:29:54.8955729Z,178.1,7.689,0.7679634094238281,243.75
b_h3-1m-n2-c8-read_single-r2-scylla,2026-09-09T17:30:02.1545276Z,181.76,7.689,0.7693862915039062,248.3125
b_h3-1m-n2-c8-read_single-r2-scylla,2026-09-09T17:30:08.6372338Z,181.95,7.689,0.7700729370117188,252.265625
b_h3-1m-n2-c8-read_single-r2-scylla,2026-09-09T17:30:15.8938037Z,177.2,7.69,0.7700729370117188,256.75
b_h3-1m-n2-c8-read_single-r2-scylla,2026-09-09T17:30:23.1577041Z,179.11,7.689,0.7700767517089844,260.734375
b_h3-1m-n2-c8-read_single-r2-scylla,2026-09-09T17:30:30.4102970Z,177.36,7.689,0.7829437255859375,265.90625
b_h3-1m-n2-c8-read_single-r2-scylla,2026-09-09T17:30:37.6553855Z,187.87,7.689,0.7666244506835938,270.484375
b_h3-1m-n2-c8-read_single-r2-scylla,2026-09-09T17:30:43.9051669Z,180.17000000000002,7.689,0.7667503356933594,273.96875
b_h3-1m-n2-c8-read_single-r2-scylla,2026-09-09T17:30:51.1591847Z,179.8,7.689,0.7687797546386719,278.296875
b_h3-1m-n2-c8-read_single-r2-scylla,2026-09-09T17:30:57.6589952Z,186.89,7.689,0.7688026428222656,282.28125
b_h3-1m-n2-c8-read_single-r2-scylla,2026-09-09T17:31:04.9233441Z,183.26,7.688,0.7717666625976562,286.140625
b_h3-1m-n2-c8-read_single-r2-scylla,2026-09-09T17:31:12.1771318Z,183.72,7.69,0.7717666625976562,290.453125
b_h3-1m-n2-c8-read_single-r2-scylla,2026-09-09T17:31:18.6827354Z,178.87,7.689,0.7726516723632812,294.03125
b_h3-1m-n2-c8-read_single-r2-scylla,2026-09-09T17:31:25.9367763Z,177.07999999999998,7.689,0.7739448547363281,298.5
b_h3-1m-n2-c8-read_single-r2-scylla,2026-09-09T17:31:33.1883712Z,179.29000000000002,7.689,0.7739105224609375,302.40625
b_h3-1m-n2-c8-read_single-r2-scylla,2026-09-09T17:31:40.4415071Z,184.32,7.69,0.7739105224609375,307.0625
b_h3-1m-n2-c8-read_single-r2-scylla,2026-09-09T17:31:46.7066433Z,185.66,7.688,0.7739715576171875,310.71875
b_h3-1m-n2-c8-read_single-r2-scylla,2026-09-09T17:31:53.9564247Z,180.24,7.689,0.7739715576171875,315.171875
b_h3-1m-n2-c8-read_single-r2-scylla,2026-09-09T17:32:01.2120523Z,186.6,7.689,0.7739715576171875,319.359375
b_h3-1m-n2-c8-read_single-r2-scylla,2026-09-09T17:32:07.7157432Z,177.02,7.689,0.7751846313476562,323.21875
b_h3-1m-n2-c8-read_single-r2-scylla,2026-09-09T17:32:13.9558359Z,178.89999999999998,7.689,0.7751846313476562,327.078125
b_h3-1m-n2-c8-read_single-r2-scylla,2026-09-09T17:32:21.2146992Z,180.87,7.688,0.7751846313476562,331.609375
b_h3-1m-n2-c8-read_single-r3-scylla,2026-09-09T17:37:08.9871527Z,184.88,7.691000000000001,0.7750205993652344,226.09375
b_h3-1m-n2-c8-read_single-r3-scylla,2026-09-09T17:37:16.2515719Z,183.55,7.69,0.767852783203125,230.203125
b_h3-1m-n2-c8-read_single-r3-scylla,2026-09-09T17:37:23.5057931Z,181.97,7.689,0.7721176147460938,234.765625
b_h3-1m-n2-c8-read_single-r3-scylla,2026-09-09T17:37:30.7640129Z,176.13,7.69,0.7678451538085938,239.3125
b_h3-1m-n2-c8-read_single-r3-scylla,2026-09-09T17:37:37.9246661Z,183.07,7.689,0.7683982849121094,244.390625
b_h3-1m-n2-c8-read_single-r3-scylla,2026-09-09T17:37:45.1659157Z,180.11,7.689,0.7717323303222656,249.359375
b_h3-1m-n2-c8-read_single-r3-scylla,2026-09-09T17:37:52.4186328Z,181.96,7.69,0.7676734924316406,253.78125
b_h3-1m-n2-c8-read_single-r3-scylla,2026-09-09T17:37:58.9553206Z,184.79,7.691000000000001,0.7677421569824219,257.640625
b_h3-1m-n2-c8-read_single-r3-scylla,2026-09-09T17:38:06.2084571Z,177.51999999999998,7.689,0.7677421569824219,261.703125
b_h3-1m-n2-c8-read_single-r3-scylla,2026-09-09T17:38:13.4761328Z,178.57,7.689,0.7680206298828125,266.0625
b_h3-1m-n2-c8-read_single-r3-scylla,2026-09-09T17:38:20.7293083Z,183.26999999999998,7.691000000000001,0.76849365234375,270.609375
b_h3-1m-n2-c8-read_single-r3-scylla,2026-09-09T17:38:27.9664985Z,181.11,7.691000000000001,0.76849365234375,275.625
b_h3-1m-n2-c8-read_single-r3-scylla,2026-09-09T17:38:35.2364340Z,181.88,7.69,0.76849365234375,279.84375
b_h3-1m-n2-c8-read_single-r3-scylla,2026-09-09T17:38:42.4905731Z,184.36,7.689,0.76849365234375,284.28125
b_h3-1m-n2-c8-read_single-r3-scylla,2026-09-09T17:38:49.0014888Z,186.8,7.6899999999999995,0.7724609375,288.296875
b_h3-1m-n2-c8-read_single-r3-scylla,2026-09-09T17:38:56.2720455Z,173.07999999999998,7.691000000000001,0.7724609375,292.234375
b_h3-1m-n2-c8-read_single-r3-scylla,2026-09-09T17:39:03.5303280Z,184.74,7.69,0.769561767578125,296.796875
b_h3-1m-n2-c8-read_single-r3-scylla,2026-09-09T17:39:10.8036381Z,179.95,7.689,0.769561767578125,301.546875
b_h3-1m-n2-c8-read_single-r3-scylla,2026-09-09T17:39:18.0114844Z,185.17000000000002,7.689,0.7695274353027344,306.46875
b_h3-1m-n2-c8-read_single-r3-scylla,2026-09-09T17:39:25.2740204Z,177.14,7.69,0.7695274353027344,310.453125
b_h3-1m-n2-c8-read_single-r3-scylla,2026-09-09T17:39:32.5308704Z,189.88,7.69,0.7709426879882812,314.734375
b_h3-1m-n2-c8-read_single-r3-scylla,2026-09-09T17:39:39.0514351Z,184.44,7.6899999999999995,0.7713661193847656,318.703125
b_h3-1m-n2-c8-read_single-r3-scylla,2026-09-09T17:39:46.3106097Z,183.85,7.691000000000001,0.7713661193847656,323.46875
b_h3-1m-n2-c8-read_single-r3-scylla,2026-09-09T17:39:53.5695371Z,180.99,7.689,0.7713661193847656,327.921875
b_h3-1m-n2-c8-read_single-r3-scylla,2026-09-09T17:40:00.8177796Z,185.06,7.689,0.7713661193847656,332.515625
b_h3-1m-n2-c32-concurrent_write-r1-scylla,2026-09-09T17:48:26.4272155Z,242.76999999999998,7.702999999999999,0.7749214172363281,400.421875
b_h3-1m-n2-c32-concurrent_write-r1-scylla,2026-09-09T17:48:33.6928494Z,249.29,7.702999999999999,0.78076171875,407.125
b_h3-1m-n2-c32-concurrent_write-r1-scylla,2026-09-09T17:48:40.9699080Z,252.79,7.702999999999999,0.7807655334472656,412.65625
b_h3-1m-n2-c32-concurrent_write-r1-scylla,2026-09-09T17:48:47.3948052Z,263.33000000000004,7.703,0.7807960510253906,417.71875
b_h3-1m-n2-c32-concurrent_write-r1-scylla,2026-09-09T17:48:54.6588195Z,257.48,7.704000000000001,0.7808609008789062,423.265625
b_h3-1m-n2-c32-concurrent_write-r1-scylla,2026-09-09T17:49:01.9319277Z,254.3,7.704000000000001,0.7808609008789062,428.828125
b_h3-1m-n2-c32-concurrent_write-r1-scylla,2026-09-09T17:49:08.4637543Z,252.63,7.702999999999999,0.7810783386230469,434.171875
b_h3-1m-n2-c32-concurrent_write-r1-scylla,2026-09-09T17:49:15.7500711Z,251.15999999999997,7.704000000000001,0.7810783386230469,440.015625
b_h3-1m-n2-c32-concurrent_write-r1-scylla,2026-09-09T17:49:23.0178176Z,271.34000000000003,7.705,0.7813682556152344,445.8125
b_h3-1m-n2-c32-concurrent_write-r1-scylla,2026-09-09T17:49:29.4642812Z,255.56,7.705,0.7816238403320312,451.25
b_h3-1m-n2-c32-concurrent_write-r1-scylla,2026-09-09T17:49:36.7376951Z,256.45,7.704000000000001,0.781829833984375,456.875
b_h3-1m-n2-c32-concurrent_write-r1-scylla,2026-09-09T17:49:44.0048030Z,259.27,7.705,0.78192138671875,462.296875
b_h3-1m-n2-c32-concurrent_write-r1-scylla,2026-09-09T17:49:51.2889314Z,247.92000000000002,7.704000000000001,0.78192138671875,467.59375
b_h3-1m-n2-c32-concurrent_write-r1-scylla,2026-09-09T17:49:58.4676847Z,255.99,7.705,0.78192138671875,473.703125
b_h3-1m-n2-c32-concurrent_write-r1-scylla,2026-09-09T17:50:05.7466537Z,251.02,7.7059999999999995,0.7819328308105469,478.828125
b_h3-1m-n2-c32-concurrent_write-r1-scylla,2026-09-09T17:50:13.0449653Z,261.86,7.7059999999999995,0.7819328308105469,483.84375
b_h3-1m-n2-c32-concurrent_write-r1-scylla,2026-09-09T17:50:19.4947653Z,239.10000000000002,7.7059999999999995,0.7819671630859375,488.609375
b_h3-1m-n2-c32-concurrent_write-r1-scylla,2026-09-09T17:50:26.7831953Z,240.76,7.7059999999999995,0.7842445373535156,494.328125
b_h3-1m-n2-c32-concurrent_write-r1-scylla,2026-09-09T17:50:33.0702938Z,250.45,7.7059999999999995,0.7842445373535156,499.734375
b_h3-1m-n2-c32-concurrent_write-r1-scylla,2026-09-09T17:50:39.5602515Z,252.48999999999998,7.7059999999999995,0.7842445373535156,503.703125
b_h3-1m-n2-c32-concurrent_write-r1-scylla,2026-09-09T17:50:46.9221964Z,238.04000000000002,7.7059999999999995,0.7864532470703125,507.90625
b_h3-1m-n2-c32-concurrent_write-r1-scylla,2026-09-09T17:50:54.1985318Z,260.48,7.707000000000001,0.7864570617675781,512.921875
b_h3-1m-n2-c32-concurrent_write-r1-scylla,2026-09-09T17:51:01.4812170Z,255.86,7.7059999999999995,0.7865142822265625,519.328125
b_h3-1m-n2-c32-concurrent_write-r1-scylla,2026-09-09T17:51:08.5221540Z,247.84,7.707000000000001,0.7886009216308594,524.828125
b_h3-1m-n2-c32-concurrent_write-r1-scylla,2026-09-09T17:51:15.7834711Z,272.87,7.707000000000001,0.7886009216308594,531.1875
b_h3-1m-n2-c32-concurrent_write-r2-scylla,2026-09-09T17:59:44.9021200Z,257.6,7.708,0.774444580078125,404.359375
b_h3-1m-n2-c32-concurrent_write-r2-scylla,2026-09-09T17:59:52.1866485Z,251.55,7.707000000000001,0.7760391235351562,410.109375
b_h3-1m-n2-c32-concurrent_write-r2-scylla,2026-09-09T17:59:58.8728198Z,261.33000000000004,7.707000000000001,0.7760543823242188,416.09375
b_h3-1m-n2-c32-concurrent_write-r2-scylla,2026-09-09T18:00:06.1499182Z,247.57,7.708,0.7761650085449219,422.765625
b_h3-1m-n2-c32-concurrent_write-r2-scylla,2026-09-09T18:00:13.4318061Z,261.9,7.709,0.7762374877929688,428.84375
b_h3-1m-n2-c32-concurrent_write-r2-scylla,2026-09-09T18:00:19.9096260Z,261.35,7.709,0.7762374877929688,434.828125
b_h3-1m-n2-c32-concurrent_write-r2-scylla,2026-09-09T18:00:27.1900989Z,244.01,7.708,0.7764778137207031,441.65625
b_h3-1m-n2-c32-concurrent_write-r2-scylla,2026-09-09T18:00:34.4565699Z,262.77,7.708,0.7765274047851562,447.53125
b_h3-1m-n2-c32-concurrent_write-r2-scylla,2026-09-09T18:00:41.7177985Z,267.91999999999996,7.709,0.7776870727539062,453.203125
b_h3-1m-n2-c32-concurrent_write-r2-scylla,2026-09-09T18:00:48.8910484Z,243.76,7.708,0.7790985107421875,459.125
b_h3-1m-n2-c32-concurrent_write-r2-scylla,2026-09-09T18:00:56.1768003Z,240.16,7.709,0.7790985107421875,464.75
b_h3-1m-n2-c32-concurrent_write-r2-scylla,2026-09-09T18:01:03.4446789Z,246.98999999999998,7.709,0.7791099548339844,471.234375
b_h3-1m-n2-c32-concurrent_write-r2-scylla,2026-09-09T18:01:09.9279591Z,242.67000000000002,7.709,0.7792015075683594,476.03125
b_h3-1m-n2-c32-concurrent_write-r2-scylla,2026-09-09T18:01:17.1931205Z,259.06,7.709,0.7792015075683594,482.5
b_h3-1m-n2-c32-concurrent_write-r2-scylla,2026-09-09T18:01:24.4699065Z,262.61,7.709,0.7876243591308594,488.578125
b_h3-1m-n2-c32-concurrent_write-r2-scylla,2026-09-09T18:01:31.7376868Z,252.95,7.709,0.7876243591308594,494.890625
b_h3-1m-n2-c32-concurrent_write-r2-scylla,2026-09-09T18:01:38.9396969Z,248.82,7.709,0.7986526489257812,501.71875
b_h3-1m-n2-c32-concurrent_write-r2-scylla,2026-09-09T18:01:46.2111535Z,243.51999999999998,7.709,0.7773933410644531,507.71875
b_h3-1m-n2-c32-concurrent_write-r2-scylla,2026-09-09T18:01:53.4690649Z,253.87,7.709,0.7773933410644531,514.3125
b_h3-1m-n2-c32-concurrent_write-r2-scylla,2026-09-09T18:01:59.9858796Z,259.5,7.709,0.7795257568359375,519.734375
b_h3-1m-n2-c32-concurrent_write-r2-scylla,2026-09-09T18:02:07.2675553Z,249.32999999999998,7.709,0.7795257568359375,525.46875
b_h3-1m-n2-c32-concurrent_write-r2-scylla,2026-09-09T18:02:14.5431798Z,249.09,7.709,0.7795257568359375,531.71875
b_h3-1m-n2-c32-concurrent_write-r2-scylla,2026-09-09T18:02:21.8297656Z,276.57,7.709,0.7816047668457031,537.34375
b_h3-1m-n2-c32-concurrent_write-r2-scylla,2026-09-09T18:02:28.9569303Z,261.53999999999996,7.709,0.7816047668457031,542.734375
b_h3-1m-n2-c32-concurrent_write-r2-scylla,2026-09-09T18:02:36.2201150Z,257.8,7.71,0.7816047668457031,548.1875
b_h3-1m-n2-c32-concurrent_write-r3-scylla,2026-09-09T18:10:58.2261522Z,250.11,7.711,0.7743721008300781,408.03125
b_h3-1m-n2-c32-concurrent_write-r3-scylla,2026-09-09T18:11:05.4904535Z,254.89,7.71,0.7775306701660156,414.03125
b_h3-1m-n2-c32-concurrent_write-r3-scylla,2026-09-09T18:11:12.7651719Z,247.7,7.71,0.7775344848632812,419.71875
b_h3-1m-n2-c32-concurrent_write-r3-scylla,2026-09-09T18:11:19.2610311Z,252.2,7.71,0.7775955200195312,424.78125
b_h3-1m-n2-c32-concurrent_write-r3-scylla,2026-09-09T18:11:26.5367880Z,243.64,7.71,0.7776069641113281,430.765625
b_h3-1m-n2-c32-concurrent_write-r3-scylla,2026-09-09T18:11:33.8222468Z,259.0,7.71,0.7776718139648438,437.265625
b_h3-1m-n2-c32-concurrent_write-r3-scylla,2026-09-09T18:11:40.3204657Z,266.34,7.71,0.7779121398925781,442.453125
b_h3-1m-n2-c32-concurrent_write-r3-scylla,2026-09-09T18:11:47.6045705Z,248.12,7.709,0.7779159545898438,448
b_h3-1m-n2-c32-concurrent_write-r3-scylla,2026-09-09T18:11:54.8766984Z,253.71,7.711,0.7779159545898438,454.09375
b_h3-1m-n2-c32-concurrent_write-r3-scylla,2026-09-09T18:12:02.1607915Z,256.62,7.71,0.7780838012695312,459.796875
b_h3-1m-n2-c32-concurrent_write-r3-scylla,2026-09-09T18:12:09.3058624Z,252.83999999999997,7.711,0.7780876159667969,465.578125
b_h3-1m-n2-c32-concurrent_write-r3-scylla,2026-09-09T18:12:16.5863909Z,239.43,7.71,0.7780876159667969,471.328125
b_h3-1m-n2-c32-concurrent_write-r3-scylla,2026-09-09T18:12:23.8632556Z,274.11,7.71,0.7780914306640625,477.84375
b_h3-1m-n2-c32-concurrent_write-r3-scylla,2026-09-09T18:12:30.3343300Z,269.34000000000003,7.711,0.7780914306640625,483.0625
b_h3-1m-n2-c32-concurrent_write-r3-scylla,2026-09-09T18:12:37.6280010Z,241.98000000000002,7.711,0.7787055969238281,488.640625
b_h3-1m-n2-c32-concurrent_write-r3-scylla,2026-09-09T18:12:44.9055044Z,253.99,7.711,0.7751121520996094,495.109375
b_h3-1m-n2-c32-concurrent_write-r3-scylla,2026-09-09T18:12:52.1813821Z,246.61,7.71,0.7759819030761719,500.28125
b_h3-1m-n2-c32-concurrent_write-r3-scylla,2026-09-09T18:12:59.3694680Z,254.48000000000002,7.711,0.7783012390136719,506.40625
b_h3-1m-n2-c32-concurrent_write-r3-scylla,2026-09-09T18:13:06.6397623Z,247.10000000000002,7.711,0.7783012390136719,513.140625
b_h3-1m-n2-c32-concurrent_write-r3-scylla,2026-09-09T18:13:12.9245792Z,254.85999999999999,7.71,0.7783012390136719,518
b_h3-1m-n2-c32-concurrent_write-r3-scylla,2026-09-09T18:13:19.3121638Z,250.22,7.71,0.7803993225097656,522.65625
b_h3-1m-n2-c32-concurrent_write-r3-scylla,2026-09-09T18:13:26.5807185Z,251.51,7.711,0.7803993225097656,527.734375
b_h3-1m-n2-c32-concurrent_write-r3-scylla,2026-09-09T18:13:33.8539750Z,268.06,7.71,0.7824630737304688,533.078125
b_h3-1m-n2-c32-concurrent_write-r3-scylla,2026-09-09T18:13:40.3838150Z,258.03,7.712,0.7824630737304688,538.421875
b_h3-1m-n2-c32-concurrent_write-r3-scylla,2026-09-09T18:13:47.6809592Z,235.1,7.711,0.7824630737304688,543.671875
b_h3-1m-n2-c32-read_single-r1-scylla,2026-09-09T18:18:45.8013749Z,272.46000000000004,7.71,0.7763557434082031,244.8125
b_h3-1m-n2-c32-read_single-r1-scylla,2026-09-09T18:18:53.0679379Z,271.26,7.709,0.7731552124023438,250.671875
b_h3-1m-n2-c32-read_single-r1-scylla,2026-09-09T18:18:59.5336638Z,273.96000000000004,7.709,0.7744636535644531,256.53125
b_h3-1m-n2-c32-read_single-r1-scylla,2026-09-09T18:19:06.8208974Z,265.56,7.71,0.774658203125,262.375
b_h3-1m-n2-c32-read_single-r1-scylla,2026-09-09T18:19:13.0880736Z,273.15,7.709,0.775604248046875,267.921875
b_h3-1m-n2-c32-read_single-r1-scylla,2026-09-09T18:19:19.5640861Z,283.92,7.709,0.7774391174316406,272.4375
b_h3-1m-n2-c32-read_single-r1-scylla,2026-09-09T18:19:26.8383441Z,261.81,7.709,0.7774391174316406,277.953125
b_h3-1m-n2-c32-read_single-r1-scylla,2026-09-09T18:19:33.1041404Z,276.14,7.708,0.7788887023925781,283.15625
b_h3-1m-n2-c32-read_single-r1-scylla,2026-09-09T18:19:39.5590346Z,271.27,7.709,0.7788887023925781,288.9375
b_h3-1m-n2-c32-read_single-r1-scylla,2026-09-09T18:19:45.8488192Z,282.90999999999997,7.709,0.7800445556640625,295.078125
b_h3-1m-n2-c32-read_single-r1-scylla,2026-09-09T18:19:53.1232942Z,277.19,7.709,0.7826423645019531,301
b_h3-1m-n2-c32-read_single-r1-scylla,2026-09-09T18:19:59.5669463Z,260.45,7.709,0.7779769897460938,306.90625
b_h3-1m-n2-c32-read_single-r1-scylla,2026-09-09T18:20:06.8345365Z,264.37,7.709,0.7817802429199219,313.515625
b_h3-1m-n2-c32-read_single-r1-scylla,2026-09-09T18:20:13.1116359Z,279.78999999999996,7.708,0.7817802429199219,318.578125
b_h3-1m-n2-c32-read_single-r1-scylla,2026-09-09T18:20:19.5853708Z,277.7,7.708,0.783843994140625,324.921875
b_h3-1m-n2-c32-read_single-r1-scylla,2026-09-09T18:20:26.8493584Z,267.45,7.709,0.7838478088378906,330.1875
b_h3-1m-n2-c32-read_single-r1-scylla,2026-09-09T18:20:34.1198662Z,272.56,7.709,0.7840385437011719,336.65625
b_h3-1m-n2-c32-read_single-r1-scylla,2026-09-09T18:20:40.5923729Z,279.45000000000005,7.71,0.7860641479492188,341.40625
b_h3-1m-n2-c32-read_single-r1-scylla,2026-09-09T18:20:47.8694653Z,268.08,7.709,0.7860298156738281,347.3125
b_h3-1m-n2-c32-read_single-r1-scylla,2026-09-09T18:20:55.1299040Z,268.65999999999997,7.709,0.7880859375,353.03125
b_h3-1m-n2-c32-read_single-r1-scylla,2026-09-09T18:21:02.3859994Z,272.87,7.709,0.7865791320800781,358.78125
b_h3-1m-n2-c32-read_single-r1-scylla,2026-09-09T18:21:09.6107585Z,276.87,7.709,0.7886734008789062,365.15625
b_h3-1m-n2-c32-read_single-r1-scylla,2026-09-09T18:21:16.8927375Z,265.17999999999995,7.71,0.78875732421875,371.125
b_h3-1m-n2-c32-read_single-r1-scylla,2026-09-09T18:21:24.1638418Z,275.84,7.708,0.7909507751464844,376.703125
b_h3-1m-n2-c32-read_single-r1-scylla,2026-09-09T18:21:30.6282379Z,275.53,7.709,0.7909507751464844,381.796875
b_h3-1m-n2-c32-read_single-r1-scylla,2026-09-09T18:21:36.8930731Z,256.69,7.709,0.7909507751464844,386.625
b_h3-1m-n2-c32-read_single-r2-scylla,2026-09-09T18:26:38.0458792Z,265.14,7.708,0.7722244262695312,244.09375
b_h3-1m-n2-c32-read_single-r2-scylla,2026-09-09T18:26:45.3129500Z,276.29999999999995,7.71,0.7740402221679688,250
b_h3-1m-n2-c32-read_single-r2-scylla,2026-09-09T18:26:52.5918326Z,274.09,7.71,0.7753524780273438,255.875
b_h3-1m-n2-c32-read_single-r2-scylla,2026-09-09T18:26:59.8368697Z,275.77,7.708,0.7745475769042969,262.484375
b_h3-1m-n2-c32-read_single-r2-scylla,2026-09-09T18:27:07.0916571Z,261.84000000000003,7.708,0.7777214050292969,268.984375
b_h3-1m-n2-c32-read_single-r2-scylla,2026-09-09T18:27:14.3668123Z,276.71,7.709,0.7777252197265625,275.484375
b_h3-1m-n2-c32-read_single-r2-scylla,2026-09-09T18:27:20.8358447Z,265.08000000000004,7.708,0.7794685363769531,281.03125
b_h3-1m-n2-c32-read_single-r2-scylla,2026-09-09T18:27:28.1110322Z,265.07,7.71,0.7795791625976562,286.921875
b_h3-1m-n2-c32-read_single-r2-scylla,2026-09-09T18:27:35.3749041Z,273.08000000000004,7.709,0.7830619812011719,292.953125
b_h3-1m-n2-c32-read_single-r2-scylla,2026-09-09T18:27:42.6390370Z,269.61,7.708,0.7832717895507812,298.90625
b_h3-1m-n2-c32-read_single-r2-scylla,2026-09-09T18:27:49.8200045Z,279.54999999999995,7.71,0.7832756042480469,304.859375
b_h3-1m-n2-c32-read_single-r2-scylla,2026-09-09T18:27:57.0753169Z,260.87,7.71,0.7854042053222656,309.578125
b_h3-1m-n2-c32-read_single-r2-scylla,2026-09-09T18:28:04.3580737Z,271.19,7.708,0.7854042053222656,315.234375
b_h3-1m-n2-c32-read_single-r2-scylla,2026-09-09T18:28:10.8773504Z,267.34000000000003,7.708,0.7874488830566406,320.25
b_h3-1m-n2-c32-read_single-r2-scylla,2026-09-09T18:28:18.1411286Z,258.83,7.708,0.7874488830566406,325.84375
b_h3-1m-n2-c32-read_single-r2-scylla,2026-09-09T18:28:25.4107227Z,271.86,7.709,0.7894668579101562,331.71875
b_h3-1m-n2-c32-read_single-r2-scylla,2026-09-09T18:28:32.6815025Z,268.6,7.708,0.7894668579101562,337.53125
b_h3-1m-n2-c32-read_single-r2-scylla,2026-09-09T18:28:39.8476140Z,272.48,7.709,0.7914581298828125,343.578125
b_h3-1m-n2-c32-read_single-r2-scylla,2026-09-09T18:28:46.1051907Z,271.72,7.708,0.7914581298828125,348.546875
b_h3-1m-n2-c32-read_single-r2-scylla,2026-09-09T18:28:53.3733011Z,269.86,7.709,0.7915191650390625,354.171875
b_h3-1m-n2-c32-read_single-r2-scylla,2026-09-09T18:28:59.8645204Z,269.83000000000004,7.709,0.7935638427734375,359.484375
b_h3-1m-n2-c32-read_single-r2-scylla,2026-09-09T18:29:07.1264538Z,262.86,7.709,0.7935638427734375,365.265625
b_h3-1m-n2-c32-read_single-r2-scylla,2026-09-09T18:29:14.4045833Z,271.40999999999997,7.71,0.7956352233886719,370.953125
b_h3-1m-n2-c32-read_single-r2-scylla,2026-09-09T18:29:20.9094792Z,275.33000000000004,7.708,0.7956352233886719,376.609375
b_h3-1m-n2-c32-read_single-r2-scylla,2026-09-09T18:29:28.1989030Z,265.94,7.708,0.7956352233886719,382.25
b_h3-1m-n2-c32-read_single-r3-scylla,2026-09-09T18:35:21.1596751Z,276.56,7.709,0.7749671936035156,247.4375
b_h3-1m-n2-c32-read_single-r3-scylla,2026-09-09T18:35:28.4428889Z,263.54,7.709,0.7696914672851562,253.203125
b_h3-1m-n2-c32-read_single-r3-scylla,2026-09-09T18:35:35.7327678Z,274.19,7.708,0.77203369140625,258.984375
b_h3-1m-n2-c32-read_single-r3-scylla,2026-09-09T18:35:43.0109336Z,279.34,7.709,0.7729454040527344,264.5625
b_h3-1m-n2-c32-read_single-r3-scylla,2026-09-09T18:35:50.1494955Z,273.5,7.71,0.7742424011230469,270.15625
b_h3-1m-n2-c32-read_single-r3-scylla,2026-09-09T18:35:57.4526914Z,263.28,7.709,0.7743034362792969,274.984375
b_h3-1m-n2-c32-read_single-r3-scylla,2026-09-09T18:36:04.7358996Z,275.76,7.708,0.7743034362792969,279.9375
b_h3-1m-n2-c32-read_single-r3-scylla,2026-09-09T18:36:11.1874780Z,279.06,7.709,0.7778244018554688,285.328125
b_h3-1m-n2-c32-read_single-r3-scylla,2026-09-09T18:36:18.4847644Z,264.74,7.71,0.778717041015625,290.546875
b_h3-1m-n2-c32-read_single-r3-scylla,2026-09-09T18:36:25.7600154Z,272.2,7.709,0.7804031372070312,296.421875
b_h3-1m-n2-c32-read_single-r3-scylla,2026-09-09T18:36:33.0505446Z,278.43,7.709,0.7803688049316406,301.109375
b_h3-1m-n2-c32-read_single-r3-scylla,2026-09-09T18:36:40.1906840Z,287.88,7.709,0.7803688049316406,306.78125
b_h3-1m-n2-c32-read_single-r3-scylla,2026-09-09T18:36:47.4787069Z,268.62,7.709,0.7824134826660156,311.140625
b_h3-1m-n2-c32-read_single-r3-scylla,2026-09-09T18:36:54.7435961Z,274.35,7.71,0.7824134826660156,317.265625
b_h3-1m-n2-c32-read_single-r3-scylla,2026-09-09T18:37:01.2128299Z,271.93,7.709,0.7824134826660156,321.671875
b_h3-1m-n2-c32-read_single-r3-scylla,2026-09-09T18:37:07.4870514Z,247.19,7.709,0.78448486328125,327.125
b_h3-1m-n2-c32-read_single-r3-scylla,2026-09-09T18:37:14.7633153Z,273.95000000000005,7.71,0.78448486328125,332.921875
b_h3-1m-n2-c32-read_single-r3-scylla,2026-09-09T18:37:21.2193704Z,280.85,7.709,0.7865142822265625,338.328125
b_h3-1m-n2-c32-read_single-r3-scylla,2026-09-09T18:37:28.4949078Z,263.68,7.709,0.7865142822265625,345.078125
b_h3-1m-n2-c32-read_single-r3-scylla,2026-09-09T18:37:34.7710395Z,278.54999999999995,7.709,0.7865142822265625,350.34375
b_h3-1m-n2-c32-read_single-r3-scylla,2026-09-09T18:37:41.2179585Z,269.94,7.709,0.7885665893554688,355.265625
b_h3-1m-n2-c32-read_single-r3-scylla,2026-09-09T18:37:48.4899726Z,267.33000000000004,7.709,0.7885665893554688,360.671875
b_h3-1m-n2-c32-read_single-r3-scylla,2026-09-09T18:37:55.7557484Z,278.94,7.709,0.7906036376953125,366.390625
b_h3-1m-n2-c32-read_single-r3-scylla,2026-09-09T18:38:03.0292197Z,271.37,7.709,0.7906036376953125,372.703125
b_h3-1m-n2-c32-read_single-r3-scylla,2026-09-09T18:38:10.2090161Z,279.47,7.709,0.79266357421875,378.71875
a_h1_h2-1m-n3-c1-concurrent_write-r1-scylla,2026-09-09T18:49:04.4217178Z,70.5,6.671,0.7781867980957031,394.734375
a_h1_h2-1m-n3-c1-concurrent_write-r1-scylla,2026-09-09T18:49:11.6441024Z,73.28999999999999,6.806,0.7752151489257812,395.484375
a_h1_h2-1m-n3-c1-concurrent_write-r1-scylla,2026-09-09T18:49:18.0913741Z,72.47,6.819,0.7752151489257812,396.359375
a_h1_h2-1m-n3-c1-concurrent_write-r1-scylla,2026-09-09T18:49:25.3042170Z,78.78,6.83,0.7752151489257812,397.15625
a_h1_h2-1m-n3-c1-concurrent_write-r1-scylla,2026-09-09T18:49:32.5117336Z,71.86,6.843,0.7756729125976562,398.25
a_h1_h2-1m-n3-c1-concurrent_write-r1-scylla,2026-09-09T18:49:39.1157131Z,70.78999999999999,6.855,0.7757492065429688,399.140625
a_h1_h2-1m-n3-c1-concurrent_write-r1-scylla,2026-09-09T18:49:46.3391574Z,72.19,6.868,0.7757492065429688,400.015625
a_h1_h2-1m-n3-c1-concurrent_write-r1-scylla,2026-09-09T18:49:53.5562374Z,72.75999999999999,6.881,0.7757492065429688,400.671875
a_h1_h2-1m-n3-c1-concurrent_write-r1-scylla,2026-09-09T18:50:00.1455864Z,71.13,6.891,0.7757492065429688,401.453125
a_h1_h2-1m-n3-c1-concurrent_write-r1-scylla,2026-09-09T18:50:07.3647197Z,71.93,6.905,0.7758636474609375,402.5
a_h1_h2-1m-n3-c1-concurrent_write-r1-scylla,2026-09-09T18:50:14.5778164Z,73.08,6.917,0.775848388671875,403.484375
a_h1_h2-1m-n3-c1-concurrent_write-r1-scylla,2026-09-09T18:50:21.7890320Z,72.42,6.929,0.775909423828125,404.703125
a_h1_h2-1m-n3-c1-concurrent_write-r1-scylla,2026-09-09T18:50:28.1748195Z,71.77000000000001,6.941000000000001,0.775909423828125,405.640625
a_h1_h2-1m-n3-c1-concurrent_write-r1-scylla,2026-09-09T18:50:35.3849329Z,72.34,6.952,0.7799835205078125,406.546875
a_h1_h2-1m-n3-c1-concurrent_write-r1-scylla,2026-09-09T18:50:42.5991897Z,99.25,7.072,0.7799835205078125,407.578125
a_h1_h2-1m-n3-c1-concurrent_write-r1-scylla,2026-09-09T18:50:49.1898784Z,72.99,7.106,0.7799835205078125,408.640625
a_h1_h2-1m-n3-c1-concurrent_write-r1-scylla,2026-09-09T18:50:56.3984834Z,72.35,7.117,0.7799835205078125,409.421875
a_h1_h2-1m-n3-c1-concurrent_write-r1-scylla,2026-09-09T18:51:03.6213369Z,72.17999999999999,7.13,0.7799835205078125,410.28125
a_h1_h2-1m-n3-c1-concurrent_write-r1-scylla,2026-09-09T18:51:10.2221438Z,71.99,7.1419999999999995,0.7799835205078125,411.171875
a_h1_h2-1m-n3-c1-concurrent_write-r1-scylla,2026-09-09T18:51:17.4356300Z,72.64,7.153,0.780029296875,411.90625
a_h1_h2-1m-n3-c1-concurrent_write-r1-scylla,2026-09-09T18:51:24.6572084Z,73.59,7.166,0.780029296875,412.734375
a_h1_h2-1m-n3-c1-concurrent_write-r1-scylla,2026-09-09T18:51:31.8736060Z,72.77000000000001,7.177,0.780029296875,413.71875
a_h1_h2-1m-n3-c1-concurrent_write-r1-scylla,2026-09-09T18:51:38.2058374Z,72.61,7.1899999999999995,0.780029296875,414.328125
a_h1_h2-1m-n3-c1-concurrent_write-r1-scylla,2026-09-09T18:51:45.4212621Z,73.74000000000001,7.201,0.7811126708984375,415.125
a_h1_h2-1m-n3-c1-concurrent_write-r1-scylla,2026-09-09T18:51:52.6396649Z,73.52000000000001,7.211,0.7811126708984375,416
a_h1_h2-1m-n3-c1-concurrent_write-r1-scylla,2026-09-09T18:51:59.2707555Z,71.41,7.223,0.7811126708984375,416.734375
a_h1_h2-1m-n3-c1-concurrent_write-r2-scylla,2026-09-09T19:02:13.8752462Z,74.16,11.533,0.7749900817871094,385.75
a_h1_h2-1m-n3-c1-concurrent_write-r2-scylla,2026-09-09T19:02:20.5830199Z,71.02,11.533,0.7754135131835938,387.234375
a_h1_h2-1m-n3-c1-concurrent_write-r2-scylla,2026-09-09T19:02:27.7994012Z,96.38,11.533999999999999,0.7754135131835938,388.140625
a_h1_h2-1m-n3-c1-concurrent_write-r2-scylla,2026-09-09T19:02:35.0090152Z,72.12,11.533,0.775421142578125,389.15625
a_h1_h2-1m-n3-c1-concurrent_write-r2-scylla,2026-09-09T19:02:42.2342064Z,70.73,11.535,0.776123046875,390.09375
a_h1_h2-1m-n3-c1-concurrent_write-r2-scylla,2026-09-09T19:02:48.5674343Z,72.39,11.533999999999999,0.776123046875,390.875
a_h1_h2-1m-n3-c1-concurrent_write-r2-scylla,2026-09-09T19:02:55.7758975Z,71.44,11.536,0.776123046875,391.875
a_h1_h2-1m-n3-c1-concurrent_write-r2-scylla,2026-09-09T19:03:02.9847396Z,71.87,11.535,0.7771072387695312,392.6875
a_h1_h2-1m-n3-c1-concurrent_write-r2-scylla,2026-09-09T19:03:09.6194415Z,70.19,11.533999999999999,0.7771072387695312,393.296875
a_h1_h2-1m-n3-c1-concurrent_write-r2-scylla,2026-09-09T19:03:16.8323639Z,70.24000000000001,11.536,0.7771072387695312,394.1875
a_h1_h2-1m-n3-c1-concurrent_write-r2-scylla,2026-09-09T19:03:24.0426322Z,70.86,11.536,0.7770767211914062,394.859375
a_h1_h2-1m-n3-c1-concurrent_write-r2-scylla,2026-09-09T19:03:30.6338349Z,72.66,11.536,0.7770767211914062,395.765625
a_h1_h2-1m-n3-c1-concurrent_write-r2-scylla,2026-09-09T19:03:37.8514834Z,72.05,11.536,0.7770767211914062,396.625
a_h1_h2-1m-n3-c1-concurrent_write-r2-scylla,2026-09-09T19:03:45.0698876Z,72.57,11.536,0.7821807861328125,397.65625
a_h1_h2-1m-n3-c1-concurrent_write-r2-scylla,2026-09-09T19:03:52.2816112Z,72.24,11.536,0.7821807861328125,398.484375
a_h1_h2-1m-n3-c1-concurrent_write-r2-scylla,2026-09-09T19:03:58.6353480Z,71.71000000000001,11.535,0.7821807861328125,399.203125
a_h1_h2-1m-n3-c1-concurrent_write-r2-scylla,2026-09-09T19:04:05.8536111Z,71.91,11.536999999999999,0.7821807861328125,400.046875
a_h1_h2-1m-n3-c1-concurrent_write-r2-scylla,2026-09-09T19:04:13.0686403Z,72.25999999999999,11.538,0.7821807861328125,400.90625
a_h1_h2-1m-n3-c1-concurrent_write-r2-scylla,2026-09-09T19:04:19.6492341Z,70.4,11.536,0.7821807861328125,401.8125
a_h1_h2-1m-n3-c1-concurrent_write-r2-scylla,2026-09-09T19:04:26.8671556Z,71.56,11.538,0.7821807861328125,402.78125
a_h1_h2-1m-n3-c1-concurrent_write-r2-scylla,2026-09-09T19:04:34.0879024Z,73.03,11.536999999999999,0.7821807861328125,403.71875
a_h1_h2-1m-n3-c1-concurrent_write-r2-scylla,2026-09-09T19:04:40.6894971Z,71.46000000000001,11.536999999999999,0.7821807861328125,404.421875
a_h1_h2-1m-n3-c1-concurrent_write-r2-scylla,2026-09-09T19:04:47.9070463Z,71.33,11.536,0.7821807861328125,405.3125
a_h1_h2-1m-n3-c1-concurrent_write-r2-scylla,2026-09-09T19:04:55.1211603Z,73.49,11.536999999999999,0.7822418212890625,406.25
a_h1_h2-1m-n3-c1-concurrent_write-r2-scylla,2026-09-09T19:05:02.3539133Z,78.35,11.536999999999999,0.7832870483398438,407.40625
a_h1_h2-1m-n3-c1-concurrent_write-r2-scylla,2026-09-09T19:05:08.6773723Z,71.93,11.538,0.7832870483398438,408.265625
a_h1_h2-1m-n3-c1-concurrent_write-r3-scylla,2026-09-09T19:15:20.9826833Z,71.71000000000001,11.544,0.7760810852050781,388.453125
a_h1_h2-1m-n3-c1-concurrent_write-r3-scylla,2026-09-09T19:15:28.1994316Z,71.66,11.544,0.7785186767578125,389.515625
a_h1_h2-1m-n3-c1-concurrent_write-r3-scylla,2026-09-09T19:15:35.4105948Z,75.5,11.541,0.7785186767578125,390.421875
a_h1_h2-1m-n3-c1-concurrent_write-r3-scylla,2026-09-09T19:15:42.6494230Z,75.86,11.542,0.7785186767578125,391.234375
a_h1_h2-1m-n3-c1-concurrent_write-r3-scylla,2026-09-09T19:15:49.0594469Z,70.71000000000001,11.542,0.778533935546875,392.046875
a_h1_h2-1m-n3-c1-concurrent_write-r3-scylla,2026-09-09T19:15:56.2699773Z,72.09,11.544,0.778594970703125,392.9375
a_h1_h2-1m-n3-c1-concurrent_write-r3-scylla,2026-09-09T19:16:03.4797831Z,71.39,11.544,0.778594970703125,394.125
a_h1_h2-1m-n3-c1-concurrent_write-r3-scylla,2026-09-09T19:16:10.0919795Z,72.75,11.544,0.778594970703125,395.109375
a_h1_h2-1m-n3-c1-concurrent_write-r3-scylla,2026-09-09T19:16:17.3077128Z,70.66,11.543,0.778594970703125,396.078125
a_h1_h2-1m-n3-c1-concurrent_write-r3-scylla,2026-09-09T19:16:24.5251120Z,71.61,11.543,0.778594970703125,397.03125
a_h1_h2-1m-n3-c1-concurrent_write-r3-scylla,2026-09-09T19:16:31.1439468Z,72.5,11.543,0.7785987854003906,397.984375
a_h1_h2-1m-n3-c1-concurrent_write-r3-scylla,2026-09-09T19:16:38.3660571Z,71.21000000000001,11.541,0.7785682678222656,398.75
a_h1_h2-1m-n3-c1-concurrent_write-r3-scylla,2026-09-09T19:16:45.5780158Z,72.83,11.541,0.7785682678222656,399.484375
a_h1_h2-1m-n3-c1-concurrent_write-r3-scylla,2026-09-09T19:16:52.7918366Z,71.52,11.544,0.7808761596679688,400.4375
a_h1_h2-1m-n3-c1-concurrent_write-r3-scylla,2026-09-09T19:16:59.1518706Z,71.83,11.544,0.7808761596679688,401.125
a_h1_h2-1m-n3-c1-concurrent_write-r3-scylla,2026-09-09T19:17:06.3658889Z,71.87,11.543,0.7808761596679688,402.078125
a_h1_h2-1m-n3-c1-concurrent_write-r3-scylla,2026-09-09T19:17:13.5709309Z,72.42,11.543,0.7808761596679688,402.953125
a_h1_h2-1m-n3-c1-concurrent_write-r3-scylla,2026-09-09T19:17:20.1734154Z,75.17,11.544,0.7812614440917969,403.890625
a_h1_h2-1m-n3-c1-concurrent_write-r3-scylla,2026-09-09T19:17:27.3885436Z,72.26,11.543,0.7812614440917969,404.75
a_h1_h2-1m-n3-c1-concurrent_write-r3-scylla,2026-09-09T19:17:34.6078368Z,71.56,11.543,0.7812614440917969,405.640625
a_h1_h2-1m-n3-c1-concurrent_write-r3-scylla,2026-09-09T19:17:41.2068618Z,74.12,11.543,0.7812614440917969,406.453125
a_h1_h2-1m-n3-c1-concurrent_write-r3-scylla,2026-09-09T19:17:48.4189743Z,72.23,11.544,0.7812614440917969,407.453125
a_h1_h2-1m-n3-c1-concurrent_write-r3-scylla,2026-09-09T19:17:55.6319519Z,67.13,11.543,0.7812614440917969,408.125
a_h1_h2-1m-n3-c1-concurrent_write-r3-scylla,2026-09-09T19:18:02.8472534Z,72.94,11.543,0.7812614440917969,409.1875
a_h1_h2-1m-n3-c1-concurrent_write-r3-scylla,2026-09-09T19:18:09.1843840Z,72.66,11.543,0.7814521789550781,410.078125
a_h1_h2-1m-n3-c1-concurrent_write-r3-scylla,2026-09-09T19:18:16.3975712Z,71.4,11.544,0.7751426696777344,411.078125
a_h1_h2-1m-n3-c1-read_single-r1-scylla,2026-09-09T19:24:04.8523649Z,61.51,11.541,0.7698478698730469,205.890625
a_h1_h2-1m-n3-c1-read_single-r1-scylla,2026-09-09T19:24:11.4611273Z,62.25,11.541,0.7698554992675781,206.734375
a_h1_h2-1m-n3-c1-read_single-r1-scylla,2026-09-09T19:24:18.6842646Z,63.519999999999996,11.541,0.7698554992675781,207.75
a_h1_h2-1m-n3-c1-read_single-r1-scylla,2026-09-09T19:24:25.8998285Z,61.3,11.541,0.7698554992675781,209.0625
a_h1_h2-1m-n3-c1-read_single-r1-scylla,2026-09-09T19:24:33.1276859Z,60.3,11.541,0.7698631286621094,209.828125
a_h1_h2-1m-n3-c1-read_single-r1-scylla,2026-09-09T19:24:39.4130115Z,68.48,11.541,0.770172119140625,210.734375
a_h1_h2-1m-n3-c1-read_single-r1-scylla,2026-09-09T19:24:46.6219527Z,61.84,11.541,0.770233154296875,211.640625
a_h1_h2-1m-n3-c1-read_single-r1-scylla,2026-09-09T19:24:53.8339255Z,61.85,11.541,0.7702369689941406,212.71875
a_h1_h2-1m-n3-c1-read_single-r1-scylla,2026-09-09T19:25:00.4392244Z,63.16,11.541,0.7702713012695312,213.421875
a_h1_h2-1m-n3-c1-read_single-r1-scylla,2026-09-09T19:25:07.6466361Z,61.82,11.541,0.7702713012695312,214.359375
a_h1_h2-1m-n3-c1-read_single-r1-scylla,2026-09-09T19:25:14.8510011Z,64.59,11.541,0.7702369689941406,215.15625
a_h1_h2-1m-n3-c1-read_single-r1-scylla,2026-09-09T19:25:21.4752844Z,63.33,11.541,0.7702369689941406,215.65625
a_h1_h2-1m-n3-c1-read_single-r1-scylla,2026-09-09T19:25:28.6792512Z,62.31,11.541,0.7702369689941406,216.609375
a_h1_h2-1m-n3-c1-read_single-r1-scylla,2026-09-09T19:25:35.8793482Z,63.92,11.541,0.7702369689941406,217.578125
a_h1_h2-1m-n3-c1-read_single-r1-scylla,2026-09-09T19:25:43.0894574Z,61.56,11.541,0.7696189880371094,218.46875
a_h1_h2-1m-n3-c1-read_single-r1-scylla,2026-09-09T19:25:49.4961912Z,63.01,11.542,0.7696189880371094,219.25
a_h1_h2-1m-n3-c1-read_single-r1-scylla,2026-09-09T19:25:56.7023821Z,62.53,11.541,0.7696266174316406,220.078125
a_h1_h2-1m-n3-c1-read_single-r1-scylla,2026-09-09T19:26:03.9159068Z,62.55,11.541,0.7696266174316406,220.828125
a_h1_h2-1m-n3-c1-read_single-r1-scylla,2026-09-09T19:26:10.5048027Z,62.510000000000005,11.541,0.7696266174316406,221.703125
a_h1_h2-1m-n3-c1-read_single-r1-scylla,2026-09-09T19:26:17.7159527Z,61.92,11.541,0.7696266174316406,222.828125
a_h1_h2-1m-n3-c1-read_single-r1-scylla,2026-09-09T19:26:24.9319662Z,62.650000000000006,11.541,0.7696762084960938,223.9375
a_h1_h2-1m-n3-c1-read_single-r1-scylla,2026-09-09T19:26:31.5523938Z,63.42,11.541,0.7697296142578125,224.875
a_h1_h2-1m-n3-c1-read_single-r1-scylla,2026-09-09T19:26:38.7615245Z,61.47,11.541,0.7697296142578125,225.703125
a_h1_h2-1m-n3-c1-read_single-r1-scylla,2026-09-09T19:26:45.9625679Z,61.89,11.541,0.77288818359375,226.34375
a_h1_h2-1m-n3-c1-read_single-r1-scylla,2026-09-09T19:26:53.2014507Z,63.56,11.541,0.77288818359375,227.375
a_h1_h2-1m-n3-c1-read_single-r1-scylla,2026-09-09T19:26:59.5278467Z,62.28,11.541,0.77288818359375,228.234375
a_h1_h2-1m-n3-c1-read_single-r2-scylla,2026-09-09T19:32:48.9372853Z,60.69,11.542,0.7765464782714844,219.859375
a_h1_h2-1m-n3-c1-read_single-r2-scylla,2026-09-09T19:32:56.1435088Z,61.92,11.542,0.7765464782714844,220.765625
a_h1_h2-1m-n3-c1-read_single-r2-scylla,2026-09-09T19:33:03.3620597Z,62.43,11.543,0.7765464782714844,221.546875
a_h1_h2-1m-n3-c1-read_single-r2-scylla,2026-09-09T19:33:09.7049727Z,61.64,11.542,0.7765464782714844,222.203125
a_h1_h2-1m-n3-c1-read_single-r2-scylla,2026-09-09T19:33:16.9255457Z,62.620000000000005,11.543,0.7765464782714844,222.890625
a_h1_h2-1m-n3-c1-read_single-r2-scylla,2026-09-09T19:33:24.1340856Z,63.28,11.542,0.7765464782714844,223.734375
a_h1_h2-1m-n3-c1-read_single-r2-scylla,2026-09-09T19:33:30.7132309Z,59.4,11.542,0.7765464782714844,224.6875
a_h1_h2-1m-n3-c1-read_single-r2-scylla,2026-09-09T19:33:37.9341525Z,62.06999999999999,11.542,0.7765464782714844,225.609375
a_h1_h2-1m-n3-c1-read_single-r2-scylla,2026-09-09T19:33:45.1477005Z,62.8,11.543,0.7765579223632812,226.734375
a_h1_h2-1m-n3-c1-read_single-r2-scylla,2026-09-09T19:33:51.7429222Z,63.06999999999999,11.542,0.7766227722167969,227.453125
a_h1_h2-1m-n3-c1-read_single-r2-scylla,2026-09-09T19:33:58.9542566Z,62.519999999999996,11.542,0.7765884399414062,228.703125
a_h1_h2-1m-n3-c1-read_single-r2-scylla,2026-09-09T19:34:06.1610470Z,61.86,11.542,0.7765884399414062,229.796875
a_h1_h2-1m-n3-c1-read_single-r2-scylla,2026-09-09T19:34:13.3754390Z,61.84,11.542,0.7765884399414062,230.90625
a_h1_h2-1m-n3-c1-read_single-r2-scylla,2026-09-09T19:34:19.7582758Z,60.94,11.542,0.7765884399414062,231.6875
a_h1_h2-1m-n3-c1-read_single-r2-scylla,2026-09-09T19:34:26.9771962Z,63.129999999999995,11.542,0.7783699035644531,232.65625
a_h1_h2-1m-n3-c1-read_single-r2-scylla,2026-09-09T19:34:34.1891774Z,62.12,11.542,0.7783699035644531,233.484375
a_h1_h2-1m-n3-c1-read_single-r2-scylla,2026-09-09T19:34:40.7753113Z,61.81999999999999,11.543,0.7783699035644531,234.453125
a_h1_h2-1m-n3-c1-read_single-r2-scylla,2026-09-09T19:34:47.9843601Z,93.25,11.542,0.7783699035644531,235.28125
a_h1_h2-1m-n3-c1-read_single-r2-scylla,2026-09-09T19:34:55.1968027Z,63.230000000000004,11.542,0.7783699035644531,236.109375
a_h1_h2-1m-n3-c1-read_single-r2-scylla,2026-09-09T19:35:01.7998978Z,62.64,11.542,0.7783699035644531,236.734375
a_h1_h2-1m-n3-c1-read_single-r2-scylla,2026-09-09T19:35:09.0104495Z,62.36,11.543,0.7783699035644531,237.578125
a_h1_h2-1m-n3-c1-read_single-r2-scylla,2026-09-09T19:35:16.2268585Z,61.55,11.542,0.7783699035644531,238.375
a_h1_h2-1m-n3-c1-read_single-r2-scylla,2026-09-09T19:35:23.4532444Z,62.269999999999996,11.542,0.7783699035644531,239.375
a_h1_h2-1m-n3-c1-read_single-r2-scylla,2026-09-09T19:35:29.7962500Z,62.74,11.542,0.7783699035644531,240.28125
a_h1_h2-1m-n3-c1-read_single-r2-scylla,2026-09-09T19:35:37.0068302Z,64.01,11.542,0.7783699035644531,241.484375
a_h1_h2-1m-n3-c1-read_single-r2-scylla,2026-09-09T19:35:44.2200763Z,62.18000000000001,11.542,0.7783699035644531,242.453125
a_h1_h2-1m-n3-c1-read_single-r3-scylla,2026-09-09T19:41:33.7098507Z,64.19,11.549,0.7785606384277344,214.046875
a_h1_h2-1m-n3-c1-read_single-r3-scylla,2026-09-09T19:41:40.1002912Z,61.48,11.549,0.7703094482421875,215.046875
a_h1_h2-1m-n3-c1-read_single-r3-scylla,2026-09-09T19:41:47.3155411Z,61.19,11.549,0.7703399658203125,216.15625
a_h1_h2-1m-n3-c1-read_single-r3-scylla,2026-09-09T19:41:54.5286758Z,61.15,11.549,0.7704200744628906,217.234375
a_h1_h2-1m-n3-c1-read_single-r3-scylla,2026-09-09T19:42:01.1182149Z,62.92,11.549,0.7704200744628906,218.390625
a_h1_h2-1m-n3-c1-read_single-r3-scylla,2026-09-09T19:42:08.3387016Z,63.64,11.549,0.7711296081542969,219.34375
a_h1_h2-1m-n3-c1-read_single-r3-scylla,2026-09-09T19:42:15.5453864Z,63.019999999999996,11.549,0.7711296081542969,220.4375
a_h1_h2-1m-n3-c1-read_single-r3-scylla,2026-09-09T19:42:22.1489587Z,62.989999999999995,11.549,0.7711296081542969,221.390625
a_h1_h2-1m-n3-c1-read_single-r3-scylla,2026-09-09T19:42:29.3673378Z,61.870000000000005,11.549,0.771331787109375,222.296875
a_h1_h2-1m-n3-c1-read_single-r3-scylla,2026-09-09T19:42:36.5754257Z,62.73,11.549,0.771331787109375,223.078125
a_h1_h2-1m-n3-c1-read_single-r3-scylla,2026-09-09T19:42:43.7959932Z,62.92,11.549,0.7712974548339844,224.046875
a_h1_h2-1m-n3-c1-read_single-r3-scylla,2026-09-09T19:42:50.1337834Z,62.17,11.549,0.7712974548339844,224.640625
a_h1_h2-1m-n3-c1-read_single-r3-scylla,2026-09-09T19:42:57.3504526Z,60.73,11.55,0.7712974548339844,225.4375
a_h1_h2-1m-n3-c1-read_single-r3-scylla,2026-09-09T19:43:04.5718880Z,64.50999999999999,11.549,0.7712974548339844,226.453125
a_h1_h2-1m-n3-c1-read_single-r3-scylla,2026-09-09T19:43:11.1517264Z,63.45,11.549,0.7757225036621094,227.3125
a_h1_h2-1m-n3-c1-read_single-r3-scylla,2026-09-09T19:43:18.3603873Z,63.76,11.549,0.7708015441894531,228.078125
a_h1_h2-1m-n3-c1-read_single-r3-scylla,2026-09-09T19:43:25.5804913Z,63.25,11.549,0.7709541320800781,229.0625
a_h1_h2-1m-n3-c1-read_single-r3-scylla,2026-09-09T19:43:32.1756849Z,62.6,11.549,0.7709541320800781,229.6875
a_h1_h2-1m-n3-c1-read_single-r3-scylla,2026-09-09T19:43:39.3861204Z,59.84,11.549,0.7709541320800781,230.765625
a_h1_h2-1m-n3-c1-read_single-r3-scylla,2026-09-09T19:43:46.5969097Z,61.58,11.549,0.7709541320800781,231.71875
a_h1_h2-1m-n3-c1-read_single-r3-scylla,2026-09-09T19:43:53.8179755Z,62.019999999999996,11.549,0.7709541320800781,232.90625
a_h1_h2-1m-n3-c1-read_single-r3-scylla,2026-09-09T19:44:00.1776877Z,61.84,11.549,0.7709541320800781,233.90625
a_h1_h2-1m-n3-c1-read_single-r3-scylla,2026-09-09T19:44:07.3809649Z,62.64,11.549,0.7709541320800781,234.8125
a_h1_h2-1m-n3-c1-read_single-r3-scylla,2026-09-09T19:44:14.5957360Z,61.56,11.549,0.7711639404296875,235.671875
a_h1_h2-1m-n3-c1-read_single-r3-scylla,2026-09-09T19:44:21.1994686Z,63.19,11.549,0.7711906433105469,236.34375
a_h1_h2-1m-n3-c1-read_single-r3-scylla,2026-09-09T19:44:28.4218423Z,62.61,11.549,0.7711906433105469,237.25
a_h1_h2-1m-n3-c8-concurrent_write-r1-scylla,2026-09-09T19:54:48.8362221Z,277.41999999999996,11.557,0.7767257690429688,415.359375
a_h1_h2-1m-n3-c8-concurrent_write-r1-scylla,2026-09-09T19:54:56.1487598Z,263.86,11.556000000000001,0.7767448425292969,418.890625
a_h1_h2-1m-n3-c8-concurrent_write-r1-scylla,2026-09-09T19:55:02.8494615Z,254.33999999999997,11.557,0.7808914184570312,421.890625
a_h1_h2-1m-n3-c8-concurrent_write-r1-scylla,2026-09-09T19:55:10.1248218Z,276.45,11.557,0.7808914184570312,425.59375
a_h1_h2-1m-n3-c8-concurrent_write-r1-scylla,2026-09-09T19:55:17.3894294Z,264.47,11.557,0.7744369506835938,429.28125
a_h1_h2-1m-n3-c8-concurrent_write-r1-scylla,2026-09-09T19:55:24.6742656Z,257.05,11.557,0.7750701904296875,432.828125
a_h1_h2-1m-n3-c8-concurrent_write-r1-scylla,2026-09-09T19:55:31.8094659Z,292.77,11.557,0.7751045227050781,436.875
a_h1_h2-1m-n3-c8-concurrent_write-r1-scylla,2026-09-09T19:55:39.0775478Z,259.93,11.556000000000001,0.7751045227050781,440.421875
a_h1_h2-1m-n3-c8-concurrent_write-r1-scylla,2026-09-09T19:55:46.3417310Z,257.39,11.557,0.7751045227050781,444.734375
a_h1_h2-1m-n3-c8-concurrent_write-r1-scylla,2026-09-09T19:55:52.8747917Z,281.83,11.557,0.7750778198242188,447.921875
a_h1_h2-1m-n3-c8-concurrent_write-r1-scylla,2026-09-09T19:56:00.1515497Z,254.01999999999998,11.557,0.7750778198242188,451.40625
a_h1_h2-1m-n3-c8-concurrent_write-r1-scylla,2026-09-09T19:56:07.4183843Z,247.63,11.557,0.7750778198242188,455.15625
a_h1_h2-1m-n3-c8-concurrent_write-r1-scylla,2026-09-09T19:56:14.6975575Z,280.51,11.556000000000001,0.7751235961914062,458.375
a_h1_h2-1m-n3-c8-concurrent_write-r1-scylla,2026-09-09T19:56:21.8832973Z,250.25,11.557,0.7753486633300781,462.15625
a_h1_h2-1m-n3-c8-concurrent_write-r1-scylla,2026-09-09T19:56:29.1678308Z,249.18,11.556000000000001,0.7753486633300781,465.984375
a_h1_h2-1m-n3-c8-concurrent_write-r1-scylla,2026-09-09T19:56:36.4421636Z,257.3,11.556000000000001,0.7753486633300781,470.15625
a_h1_h2-1m-n3-c8-concurrent_write-r1-scylla,2026-09-09T19:56:42.8772782Z,247.5,11.556000000000001,0.7753486633300781,473.328125
a_h1_h2-1m-n3-c8-concurrent_write-r1-scylla,2026-09-09T19:56:50.1479886Z,266.26,11.556000000000001,0.7753486633300781,477.03125
a_h1_h2-1m-n3-c8-concurrent_write-r1-scylla,2026-09-09T19:56:57.4061043Z,248.26,11.557,0.7753524780273438,481.1875
a_h1_h2-1m-n3-c8-concurrent_write-r1-scylla,2026-09-09T19:57:04.6729309Z,254.03,11.557,0.7753524780273438,484.84375
a_h1_h2-1m-n3-c8-concurrent_write-r1-scylla,2026-09-09T19:57:11.8859274Z,308.95,11.558,0.7783584594726562,488.875
a_h1_h2-1m-n3-c8-concurrent_write-r1-scylla,2026-09-09T19:57:19.1588682Z,248.27,11.557,0.7783584594726562,492.96875
a_h1_h2-1m-n3-c8-concurrent_write-r1-scylla,2026-09-09T19:57:26.4289272Z,252.19,11.556000000000001,0.7783584594726562,496.703125
a_h1_h2-1m-n3-c8-concurrent_write-r1-scylla,2026-09-09T19:57:32.8977353Z,259.13,11.557,0.7783660888671875,500.0625
a_h1_h2-1m-n3-c8-concurrent_write-r1-scylla,2026-09-09T19:57:40.1792764Z,290.1,11.557,0.7783660888671875,503.328125
a_h1_h2-1m-n3-c8-concurrent_write-r2-scylla,2026-09-09T20:07:53.1325423Z,257.89,11.559000000000001,0.7843437194824219,414.4375
a_h1_h2-1m-n3-c8-concurrent_write-r2-scylla,2026-09-09T20:08:00.4146754Z,240.84,11.559000000000001,0.7771263122558594,418.8125
a_h1_h2-1m-n3-c8-concurrent_write-r2-scylla,2026-09-09T20:08:07.6762742Z,247.93,11.559000000000001,0.7850990295410156,423.046875
a_h1_h2-1m-n3-c8-concurrent_write-r2-scylla,2026-09-09T20:08:14.9388695Z,264.78,11.558,0.7851791381835938,426.65625
a_h1_h2-1m-n3-c8-concurrent_write-r2-scylla,2026-09-09T20:08:21.3527285Z,252.33,11.558,0.7851791381835938,429.859375
a_h1_h2-1m-n3-c8-concurrent_write-r2-scylla,2026-09-09T20:08:28.6164496Z,245.58999999999997,11.559000000000001,0.7851791381835938,433.609375
a_h1_h2-1m-n3-c8-concurrent_write-r2-scylla,2026-09-09T20:08:35.8904736Z,271.01,11.559000000000001,0.7860145568847656,437.625
a_h1_h2-1m-n3-c8-concurrent_write-r2-scylla,2026-09-09T20:08:42.3672297Z,253.49,11.559000000000001,0.7860755920410156,440.578125
a_h1_h2-1m-n3-c8-concurrent_write-r2-scylla,2026-09-09T20:08:49.6325427Z,247.83999999999997,11.559000000000001,0.7860755920410156,444.453125
a_h1_h2-1m-n3-c8-concurrent_write-r2-scylla,2026-09-09T20:08:56.8881644Z,251.62,11.559000000000001,0.7860755920410156,448
a_h1_h2-1m-n3-c8-concurrent_write-r2-scylla,2026-09-09T20:09:03.4324112Z,243.04000000000002,11.559000000000001,0.7860603332519531,450.640625
a_h1_h2-1m-n3-c8-concurrent_write-r2-scylla,2026-09-09T20:09:10.6994421Z,251.36,11.559000000000001,0.7860603332519531,454.203125
a_h1_h2-1m-n3-c8-concurrent_write-r2-scylla,2026-09-09T20:09:17.9543545Z,243.66,11.559000000000001,0.78607177734375,458.0625
a_h1_h2-1m-n3-c8-concurrent_write-r2-scylla,2026-09-09T20:09:25.2331252Z,286.53,11.56,0.7860870361328125,461.25
a_h1_h2-1m-n3-c8-concurrent_write-r2-scylla,2026-09-09T20:09:32.4289559Z,250.88,11.559000000000001,0.7860870361328125,465.078125
a_h1_h2-1m-n3-c8-concurrent_write-r2-scylla,2026-09-09T20:09:39.7057013Z,249.59,11.56,0.7860870361328125,468.765625
a_h1_h2-1m-n3-c8-concurrent_write-r2-scylla,2026-09-09T20:09:46.9762130Z,265.02,11.559000000000001,0.7861061096191406,472.5625
a_h1_h2-1m-n3-c8-concurrent_write-r2-scylla,2026-09-09T20:09:53.4318056Z,263.01,11.559000000000001,0.7861061096191406,475.609375
a_h1_h2-1m-n3-c8-concurrent_write-r2-scylla,2026-09-09T20:10:00.7093706Z,263.09000000000003,11.559000000000001,0.7861061096191406,479.296875
a_h1_h2-1m-n3-c8-concurrent_write-r2-scylla,2026-09-09T20:10:07.9748893Z,241.06,11.559000000000001,0.7861061096191406,482.96875
a_h1_h2-1m-n3-c8-concurrent_write-r2-scylla,2026-09-09T20:10:15.2497859Z,253.6,11.559000000000001,0.7863349914550781,486.796875
a_h1_h2-1m-n3-c8-concurrent_write-r2-scylla,2026-09-09T20:10:22.4497977Z,259.17,11.559000000000001,0.7863349914550781,490.109375
a_h1_h2-1m-n3-c8-concurrent_write-r2-scylla,2026-09-09T20:10:29.7139124Z,244.36,11.559000000000001,0.7863349914550781,494.578125
a_h1_h2-1m-n3-c8-concurrent_write-r2-scylla,2026-09-09T20:10:36.9881877Z,262.14,11.559000000000001,0.7863349914550781,497.65625
a_h1_h2-1m-n3-c8-concurrent_write-r2-scylla,2026-09-09T20:10:43.4562494Z,253.71,11.559000000000001,0.7863349914550781,500.03125
a_h1_h2-1m-n3-c8-concurrent_write-r3-scylla,2026-09-09T20:21:05.3094717Z,252.0,11.56,0.776123046875,411.53125
a_h1_h2-1m-n3-c8-concurrent_write-r3-scylla,2026-09-09T20:21:11.8398859Z,231.33999999999997,11.559000000000001,0.7760963439941406,415.828125
a_h1_h2-1m-n3-c8-concurrent_write-r3-scylla,2026-09-09T20:21:19.1098251Z,252.96,11.56,0.781829833984375,419.609375
a_h1_h2-1m-n3-c8-concurrent_write-r3-scylla,2026-09-09T20:21:26.3774238Z,273.21,11.559000000000001,0.781829833984375,423.609375
a_h1_h2-1m-n3-c8-concurrent_write-r3-scylla,2026-09-09T20:21:32.8918855Z,253.3,11.56,0.7823944091796875,427.171875
a_h1_h2-1m-n3-c8-concurrent_write-r3-scylla,2026-09-09T20:21:40.1481801Z,252.98000000000002,11.56,0.7824821472167969,430.703125
a_h1_h2-1m-n3-c8-concurrent_write-r3-scylla,2026-09-09T20:21:47.4221935Z,269.04,11.559000000000001,0.7824821472167969,434.734375
a_h1_h2-1m-n3-c8-concurrent_write-r3-scylla,2026-09-09T20:21:53.9061047Z,238.24,11.56,0.7824821472167969,438.53125
a_h1_h2-1m-n3-c8-concurrent_write-r3-scylla,2026-09-09T20:22:01.1692126Z,262.4,11.56,0.7756843566894531,442.125
a_h1_h2-1m-n3-c8-concurrent_write-r3-scylla,2026-09-09T20:22:08.4345617Z,292.76,11.561,0.7756881713867188,446.015625
a_h1_h2-1m-n3-c8-concurrent_write-r3-scylla,2026-09-09T20:22:15.7048949Z,249.88,11.561,0.7756576538085938,449.515625
a_h1_h2-1m-n3-c8-concurrent_write-r3-scylla,2026-09-09T20:22:22.9097521Z,245.78,11.56,0.7757034301757812,453.03125
a_h1_h2-1m-n3-c8-concurrent_write-r3-scylla,2026-09-09T20:22:30.1729021Z,242.79000000000002,11.559000000000001,0.7760734558105469,456.65625
a_h1_h2-1m-n3-c8-concurrent_write-r3-scylla,2026-09-09T20:22:37.4499025Z,247.32,11.559000000000001,0.7761001586914062,460.53125
a_h1_h2-1m-n3-c8-concurrent_write-r3-scylla,2026-09-09T20:22:43.9757048Z,243.75,11.562000000000001,0.7761001586914062,464.8125
a_h1_h2-1m-n3-c8-concurrent_write-r3-scylla,2026-09-09T20:22:51.2294248Z,245.32,11.56,0.7763786315917969,468.28125
a_h1_h2-1m-n3-c8-concurrent_write-r3-scylla,2026-09-09T20:22:58.4945875Z,281.04,11.56,0.7763786315917969,472.375
a_h1_h2-1m-n3-c8-concurrent_write-r3-scylla,2026-09-09T20:23:05.7582988Z,254.55,11.559000000000001,0.7763786315917969,476.234375
a_h1_h2-1m-n3-c8-concurrent_write-r3-scylla,2026-09-09T20:23:12.9559138Z,254.32,11.559000000000001,0.7763786315917969,479.578125
a_h1_h2-1m-n3-c8-concurrent_write-r3-scylla,2026-09-09T20:23:20.2214905Z,255.78,11.56,0.7763786315917969,482.96875
a_h1_h2-1m-n3-c8-concurrent_write-r3-scylla,2026-09-09T20:23:27.4795520Z,289.42,11.56,0.7763786315917969,486.59375
a_h1_h2-1m-n3-c8-concurrent_write-r3-scylla,2026-09-09T20:23:34.0125222Z,238.73000000000002,11.56,0.7763900756835938,489.84375
a_h1_h2-1m-n3-c8-concurrent_write-r3-scylla,2026-09-09T20:23:41.2815233Z,240.19,11.559000000000001,0.7763900756835938,492.921875
a_h1_h2-1m-n3-c8-concurrent_write-r3-scylla,2026-09-09T20:23:48.5477549Z,250.88,11.56,0.7763900756835938,497.34375
a_h1_h2-1m-n3-c8-concurrent_write-r3-scylla,2026-09-09T20:23:55.8210971Z,315.72,11.56,0.7763900756835938,500.859375
a_h1_h2-1m-n3-c8-read_single-r1-scylla,2026-09-09T20:29:44.2822147Z,289.33,11.557,0.7730674743652344,244.46875
a_h1_h2-1m-n3-c8-read_single-r1-scylla,2026-09-09T20:29:51.5592700Z,261.83000000000004,11.557,0.77691650390625,248.546875
a_h1_h2-1m-n3-c8-read_single-r1-scylla,2026-09-09T20:29:58.8370728Z,267.4,11.557,0.783233642578125,253.171875
a_h1_h2-1m-n3-c8-read_single-r1-scylla,2026-09-09T20:30:06.1034548Z,274.69,11.557,0.783294677734375,257.109375
a_h1_h2-1m-n3-c8-read_single-r1-scylla,2026-09-09T20:30:13.2910561Z,258.02,11.556000000000001,0.783294677734375,261.640625
a_h1_h2-1m-n3-c8-read_single-r1-scylla,2026-09-09T20:30:20.5639038Z,256.56,11.557,0.7833251953125,265.65625
a_h1_h2-1m-n3-c8-read_single-r1-scylla,2026-09-09T20:30:27.8334840Z,269.65,11.558,0.78338623046875,270.3125
a_h1_h2-1m-n3-c8-read_single-r1-scylla,2026-09-09T20:30:34.2813345Z,269.45,11.558,0.7833938598632812,273.46875
a_h1_h2-1m-n3-c8-read_single-r1-scylla,2026-09-09T20:30:41.5579999Z,271.46000000000004,11.556000000000001,0.7833938598632812,277.5625
a_h1_h2-1m-n3-c8-read_single-r1-scylla,2026-09-09T20:30:48.8265982Z,261.83,11.557,0.7839126586914062,281.84375
a_h1_h2-1m-n3-c8-read_single-r1-scylla,2026-09-09T20:30:56.0902039Z,271.63,11.556000000000001,0.7838783264160156,285.359375
a_h1_h2-1m-n3-c8-read_single-r1-scylla,2026-09-09T20:31:03.2974227Z,263.37,11.558,0.7838783264160156,289.171875
a_h1_h2-1m-n3-c8-read_single-r1-scylla,2026-09-09T20:31:10.5664255Z,250.57,11.556000000000001,0.7840614318847656,293.203125
a_h1_h2-1m-n3-c8-read_single-r1-scylla,2026-09-09T20:31:17.8306346Z,261.22,11.557,0.7840614318847656,297.046875
a_h1_h2-1m-n3-c8-read_single-r1-scylla,2026-09-09T20:31:24.3116897Z,257.90999999999997,11.557,0.7840614318847656,300.609375
a_h1_h2-1m-n3-c8-read_single-r1-scylla,2026-09-09T20:31:31.5762279Z,273.28000000000003,11.558,0.7840614318847656,304.859375
a_h1_h2-1m-n3-c8-read_single-r1-scylla,2026-09-09T20:31:38.8405107Z,261.97,11.557,0.784149169921875,309.1875
a_h1_h2-1m-n3-c8-read_single-r1-scylla,2026-09-09T20:31:46.1018898Z,273.18,11.557,0.784149169921875,313.125
a_h1_h2-1m-n3-c8-read_single-r1-scylla,2026-09-09T20:31:53.3085716Z,265.83000000000004,11.559000000000001,0.784149169921875,317.28125
a_h1_h2-1m-n3-c8-read_single-r1-scylla,2026-09-09T20:32:00.5812865Z,256.57,11.558,0.7861976623535156,321.703125
a_h1_h2-1m-n3-c8-read_single-r1-scylla,2026-09-09T20:32:07.8524243Z,269.55,11.559000000000001,0.7861976623535156,325.875
a_h1_h2-1m-n3-c8-read_single-r1-scylla,2026-09-09T20:32:14.3266055Z,269.85,11.558,0.7861976623535156,329.46875
a_h1_h2-1m-n3-c8-read_single-r1-scylla,2026-09-09T20:32:21.6008785Z,271.48,11.557,0.7861976623535156,334.140625
a_h1_h2-1m-n3-c8-read_single-r1-scylla,2026-09-09T20:32:28.8674485Z,262.86,11.557,0.7861976623535156,337.9375
a_h1_h2-1m-n3-c8-read_single-r1-scylla,2026-09-09T20:32:36.1393587Z,262.9,11.558,0.7861976623535156,341.71875
a_h1_h2-1m-n3-c8-read_single-r2-scylla,2026-09-09T20:38:31.8695358Z,263.64,11.558,0.7706794738769531,240.375
a_h1_h2-1m-n3-c8-read_single-r2-scylla,2026-09-09T20:38:39.1304337Z,266.4,11.556000000000001,0.7706832885742188,244.484375
a_h1_h2-1m-n3-c8-read_single-r2-scylla,2026-09-09T20:38:46.3897032Z,282.3,11.559000000000001,0.7764167785644531,247.84375
a_h1_h2-1m-n3-c8-read_single-r2-scylla,2026-09-09T20:38:53.5868355Z,273.52,11.559000000000001,0.771148681640625,252.109375
a_h1_h2-1m-n3-c8-read_single-r2-scylla,2026-09-09T20:39:00.8609143Z,258.4,11.56,0.7706413269042969,256.390625
a_h1_h2-1m-n3-c8-read_single-r2-scylla,2026-09-09T20:39:08.1237418Z,270.68,11.56,0.7706413269042969,261.296875
a_h1_h2-1m-n3-c8-read_single-r2-scylla,2026-09-09T20:39:14.6006953Z,275.26,11.56,0.7712326049804688,265.03125
a_h1_h2-1m-n3-c8-read_single-r2-scylla,2026-09-09T20:39:21.8671741Z,260.26,11.561,0.7712440490722656,269.359375
a_h1_h2-1m-n3-c8-read_single-r2-scylla,2026-09-09T20:39:29.1335432Z,259.77,11.56,0.7714462280273438,273.4375
a_h1_h2-1m-n3-c8-read_single-r2-scylla,2026-09-09T20:39:36.3892360Z,271.89,11.561,0.7710762023925781,277.328125
a_h1_h2-1m-n3-c8-read_single-r2-scylla,2026-09-09T20:39:43.6218724Z,264.52,11.56,0.7711868286132812,281.609375
a_h1_h2-1m-n3-c8-read_single-r2-scylla,2026-09-09T20:39:50.8921593Z,259.67,11.56,0.7711868286132812,285.421875
a_h1_h2-1m-n3-c8-read_single-r2-scylla,2026-09-09T20:39:58.1554760Z,270.11,11.56,0.7711868286132812,288.8125
a_h1_h2-1m-n3-c8-read_single-r2-scylla,2026-09-09T20:40:04.6944514Z,261.23,11.56,0.7742652893066406,292.921875
a_h1_h2-1m-n3-c8-read_single-r2-scylla,2026-09-09T20:40:11.9589374Z,265.78,11.56,0.7713813781738281,296.96875
a_h1_h2-1m-n3-c8-read_single-r2-scylla,2026-09-09T20:40:19.2297975Z,259.26,11.56,0.7717323303222656,300.765625
a_h1_h2-1m-n3-c8-read_single-r2-scylla,2026-09-09T20:40:26.4899778Z,266.15999999999997,11.56,0.7717323303222656,304.75
a_h1_h2-1m-n3-c8-read_single-r2-scylla,2026-09-09T20:40:33.6420152Z,274.49,11.56,0.7717323303222656,308.796875
a_h1_h2-1m-n3-c8-read_single-r2-scylla,2026-09-09T20:40:40.9197309Z,254.57,11.56,0.7717323303222656,312.984375
a_h1_h2-1m-n3-c8-read_single-r2-scylla,2026-09-09T20:40:48.1923990Z,269.69,11.56,0.7717323303222656,316.875
a_h1_h2-1m-n3-c8-read_single-r2-scylla,2026-09-09T20:40:54.6817427Z,275.21,11.559000000000001,0.7738494873046875,320.515625
a_h1_h2-1m-n3-c8-read_single-r2-scylla,2026-09-09T20:41:01.9495395Z,269.55,11.56,0.7738494873046875,324.46875
a_h1_h2-1m-n3-c8-read_single-r2-scylla,2026-09-09T20:41:09.2203321Z,262.86,11.559000000000001,0.7738494873046875,328.9375
a_h1_h2-1m-n3-c8-read_single-r2-scylla,2026-09-09T20:41:16.4945895Z,272.46,11.559000000000001,0.7738494873046875,332.3125
a_h1_h2-1m-n3-c8-read_single-r2-scylla,2026-09-09T20:41:23.7192274Z,281.33,11.559000000000001,0.7738494873046875,336.671875
a_h1_h2-1m-n3-c8-read_single-r3-scylla,2026-09-09T20:47:28.4577150Z,267.01,11.565,0.7759933471679688,244.3125
a_h1_h2-1m-n3-c8-read_single-r3-scylla,2026-09-09T20:47:34.9496215Z,265.77,11.565,0.7724571228027344,248.15625
a_h1_h2-1m-n3-c8-read_single-r3-scylla,2026-09-09T20:47:42.2284801Z,255.73000000000002,11.565,0.7769851684570312,252.015625
a_h1_h2-1m-n3-c8-read_single-r3-scylla,2026-09-09T20:47:49.4960781Z,268.09000000000003,11.565999999999999,0.7729339599609375,256.078125
a_h1_h2-1m-n3-c8-read_single-r3-scylla,2026-09-09T20:47:56.7887217Z,272.90999999999997,11.565,0.775634765625,258.53125
a_h1_h2-1m-n3-c8-read_single-r3-scylla,2026-09-09T20:48:04.0207830Z,281.8,11.565,0.7715339660644531,262.1875
a_h1_h2-1m-n3-c8-read_single-r3-scylla,2026-09-09T20:48:11.2927654Z,276.26,11.564,0.7715339660644531,265.84375
a_h1_h2-1m-n3-c8-read_single-r3-scylla,2026-09-09T20:48:18.5704320Z,268.90999999999997,11.565999999999999,0.7716445922851562,270.375
a_h1_h2-1m-n3-c8-read_single-r3-scylla,2026-09-09T20:48:25.0015565Z,282.22,11.564,0.7720947265625,273.703125
a_h1_h2-1m-n3-c8-read_single-r3-scylla,2026-09-09T20:48:32.2757372Z,266.2,11.565,0.7720718383789062,277.234375
a_h1_h2-1m-n3-c8-read_single-r3-scylla,2026-09-09T20:48:39.5489504Z,268.99,11.565,0.7723579406738281,281.109375
a_h1_h2-1m-n3-c8-read_single-r3-scylla,2026-09-09T20:48:46.8223047Z,276.98,11.565,0.7724075317382812,285.59375
a_h1_h2-1m-n3-c8-read_single-r3-scylla,2026-09-09T20:48:53.9882748Z,280.08,11.565999999999999,0.7729530334472656,289.03125
a_h1_h2-1m-n3-c8-read_single-r3-scylla,2026-09-09T20:49:01.2705604Z,260.44,11.565,0.7729721069335938,292.21875
a_h1_h2-1m-n3-c8-read_single-r3-scylla,2026-09-09T20:49:08.5417869Z,262.32,11.565,0.7729721069335938,296.375
a_h1_h2-1m-n3-c8-read_single-r3-scylla,2026-09-09T20:49:15.0051267Z,259.02,11.565,0.7729721069335938,299.484375
a_h1_h2-1m-n3-c8-read_single-r3-scylla,2026-09-09T20:49:22.2796869Z,268.63,11.565999999999999,0.7729721069335938,303.25
a_h1_h2-1m-n3-c8-read_single-r3-scylla,2026-09-09T20:49:29.5583889Z,272.49,11.565,0.7750358581542969,307.234375
a_h1_h2-1m-n3-c8-read_single-r3-scylla,2026-09-09T20:49:36.8295820Z,261.19,11.564,0.7750358581542969,311.171875
a_h1_h2-1m-n3-c8-read_single-r3-scylla,2026-09-09T20:49:44.0004517Z,274.39,11.565,0.7750358581542969,315.140625
a_h1_h2-1m-n3-c8-read_single-r3-scylla,2026-09-09T20:49:51.2576192Z,263.5,11.565999999999999,0.7750358581542969,318.6875
a_h1_h2-1m-n3-c8-read_single-r3-scylla,2026-09-09T20:49:58.5268579Z,250.08,11.565,0.7750358581542969,322.03125
a_h1_h2-1m-n3-c8-read_single-r3-scylla,2026-09-09T20:50:05.0348479Z,254.98,11.565,0.7750358581542969,325.484375
a_h1_h2-1m-n3-c8-read_single-r3-scylla,2026-09-09T20:50:12.3054944Z,271.43,11.565,0.7750358581542969,329.203125
a_h1_h2-1m-n3-c8-read_single-r3-scylla,2026-09-09T20:50:19.5679523Z,257.31,11.565,0.7764625549316406,332.828125
a_h1_h2-1m-n3-c32-concurrent_write-r1-scylla,2026-09-09T21:00:53.5489204Z,356.3,11.569,0.7855949401855469,429.578125
a_h1_h2-1m-n3-c32-concurrent_write-r1-scylla,2026-09-09T21:01:00.8335946Z,350.94,11.569,0.7772750854492188,434.75
a_h1_h2-1m-n3-c32-concurrent_write-r1-scylla,2026-09-09T21:01:08.1131772Z,378.4,11.569,0.7774848937988281,439.75
a_h1_h2-1m-n3-c32-concurrent_write-r1-scylla,2026-09-09T21:01:14.5391075Z,356.09000000000003,11.569,0.7775077819824219,442.953125
a_h1_h2-1m-n3-c32-concurrent_write-r1-scylla,2026-09-09T21:01:21.8279687Z,335.63,11.57,0.7775077819824219,448.203125
a_h1_h2-1m-n3-c32-concurrent_write-r1-scylla,2026-09-09T21:01:29.1157135Z,358.35,11.57,0.7775764465332031,452.8125
a_h1_h2-1m-n3-c32-concurrent_write-r1-scylla,2026-09-09T21:01:35.6132029Z,353.77,11.569,0.7776756286621094,456.84375
a_h1_h2-1m-n3-c32-concurrent_write-r1-scylla,2026-09-09T21:01:42.9126414Z,345.94,11.569,0.7765274047851562,463.15625
a_h1_h2-1m-n3-c32-concurrent_write-r1-scylla,2026-09-09T21:01:50.1890024Z,355.99,11.569,0.7770156860351562,469.21875
a_h1_h2-1m-n3-c32-concurrent_write-r1-scylla,2026-09-09T21:01:57.4612155Z,352.24,11.569,0.7773094177246094,474.125
a_h1_h2-1m-n3-c32-concurrent_write-r1-scylla,2026-09-09T21:02:04.5882429Z,387.66,11.57,0.7773361206054688,478.8125
a_h1_h2-1m-n3-c32-concurrent_write-r1-scylla,2026-09-09T21:02:11.8699444Z,330.73,11.57,0.7773399353027344,484.21875
a_h1_h2-1m-n3-c32-concurrent_write-r1-scylla,2026-09-09T21:02:19.1418050Z,419.39,11.571,0.7773513793945312,488.8125
a_h1_h2-1m-n3-c32-concurrent_write-r1-scylla,2026-09-09T21:02:25.6117325Z,354.74,11.571,0.7789154052734375,493.234375
a_h1_h2-1m-n3-c32-concurrent_write-r1-scylla,2026-09-09T21:02:32.8977931Z,392.73,11.57,0.7796401977539062,498.046875
a_h1_h2-1m-n3-c32-concurrent_write-r1-scylla,2026-09-09T21:02:40.1761953Z,349.82,11.57,0.7796401977539062,503.9375
a_h1_h2-1m-n3-c32-concurrent_write-r1-scylla,2026-09-09T21:02:47.4671934Z,379.6,11.57,0.7796401977539062,509.21875
a_h1_h2-1m-n3-c32-concurrent_write-r1-scylla,2026-09-09T21:02:54.6043579Z,351.90999999999997,11.571,0.7796669006347656,514.03125
a_h1_h2-1m-n3-c32-concurrent_write-r1-scylla,2026-09-09T21:03:01.8778303Z,342.77,11.571,0.7796783447265625,518.53125
a_h1_h2-1m-n3-c32-concurrent_write-r1-scylla,2026-09-09T21:03:09.1707196Z,375.24,11.57,0.7796783447265625,523.328125
a_h1_h2-1m-n3-c32-concurrent_write-r1-scylla,2026-09-09T21:03:15.6733961Z,354.2,11.571,0.7796783447265625,527.515625
a_h1_h2-1m-n3-c32-concurrent_write-r1-scylla,2026-09-09T21:03:22.9567282Z,397.27,11.571,0.7810630798339844,532.140625
a_h1_h2-1m-n3-c32-concurrent_write-r1-scylla,2026-09-09T21:03:30.2289590Z,356.65,11.571,0.7810630798339844,537.171875
a_h1_h2-1m-n3-c32-concurrent_write-r1-scylla,2026-09-09T21:03:37.4997173Z,353.45,11.57,0.7810707092285156,541.40625
a_h1_h2-1m-n3-c32-concurrent_write-r1-scylla,2026-09-09T21:03:44.6136937Z,358.11,11.57,0.7810707092285156,547.515625
a_h1_h2-1m-n3-c32-concurrent_write-r2-scylla,2026-09-09T21:13:57.3836539Z,349.28,11.573,0.7988395690917969,424.40625
a_h1_h2-1m-n3-c32-concurrent_write-r2-scylla,2026-09-09T21:14:04.0212041Z,357.06,11.572,0.7987785339355469,430
a_h1_h2-1m-n3-c32-concurrent_write-r2-scylla,2026-09-09T21:14:11.3079867Z,355.62,11.573,0.79888916015625,434.984375
a_h1_h2-1m-n3-c32-concurrent_write-r2-scylla,2026-09-09T21:14:18.5984231Z,347.03,11.572,0.7989616394042969,439.8125
a_h1_h2-1m-n3-c32-concurrent_write-r2-scylla,2026-09-09T21:14:25.0747829Z,350.57,11.573,0.7989616394042969,443.359375
a_h1_h2-1m-n3-c32-concurrent_write-r2-scylla,2026-09-09T21:14:32.3656933Z,338.17,11.573,0.7989616394042969,448.453125
a_h1_h2-1m-n3-c32-concurrent_write-r2-scylla,2026-09-09T21:14:39.6353799Z,414.08,11.572,0.7989616394042969,453.203125
a_h1_h2-1m-n3-c32-concurrent_write-r2-scylla,2026-09-09T21:14:46.1309477Z,393.95,11.573,0.7989730834960938,457.53125
a_h1_h2-1m-n3-c32-concurrent_write-r2-scylla,2026-09-09T21:14:53.4217461Z,340.58,11.573,0.7989730834960938,462.390625
a_h1_h2-1m-n3-c32-concurrent_write-r2-scylla,2026-09-09T21:15:00.7050742Z,344.18,11.573,0.798980712890625,468.265625
a_h1_h2-1m-n3-c32-concurrent_write-r2-scylla,2026-09-09T21:15:07.9827411Z,362.86,11.573,0.7989540100097656,473.59375
a_h1_h2-1m-n3-c32-concurrent_write-r2-scylla,2026-09-09T21:15:15.0989648Z,346.39,11.573,0.7991905212402344,478.984375
a_h1_h2-1m-n3-c32-concurrent_write-r2-scylla,2026-09-09T21:15:22.3658267Z,332.28,11.573,0.7991905212402344,483.78125
a_h1_h2-1m-n3-c32-concurrent_write-r2-scylla,2026-09-09T21:15:29.6486846Z,367.4,11.573,0.7991905212402344,488.65625
a_h1_h2-1m-n3-c32-concurrent_write-r2-scylla,2026-09-09T21:15:36.1539072Z,353.43,11.573,0.7992591857910156,493.421875
a_h1_h2-1m-n3-c32-concurrent_write-r2-scylla,2026-09-09T21:15:43.4340691Z,339.47,11.573,0.7994003295898438,498.1875
a_h1_h2-1m-n3-c32-concurrent_write-r2-scylla,2026-09-09T21:15:50.7192994Z,349.12,11.573,0.7994003295898438,503.046875
a_h1_h2-1m-n3-c32-concurrent_write-r2-scylla,2026-09-09T21:15:57.9965886Z,345.78,11.573,0.7994003295898438,507.484375
a_h1_h2-1m-n3-c32-concurrent_write-r2-scylla,2026-09-09T21:16:05.1434815Z,357.4,11.573,0.799407958984375,512.203125
a_h1_h2-1m-n3-c32-concurrent_write-r2-scylla,2026-09-09T21:16:12.4181815Z,348.55,11.573,0.799407958984375,517.078125
a_h1_h2-1m-n3-c32-concurrent_write-r2-scylla,2026-09-09T21:16:19.6948891Z,347.88,11.574,0.799407958984375,522.1875
a_h1_h2-1m-n3-c32-concurrent_write-r2-scylla,2026-09-09T21:16:26.1779191Z,350.88,11.573,0.799407958984375,527.40625
a_h1_h2-1m-n3-c32-concurrent_write-r2-scylla,2026-09-09T21:16:33.4657433Z,347.57,11.574,0.8010826110839844,532.578125
a_h1_h2-1m-n3-c32-concurrent_write-r2-scylla,2026-09-09T21:16:40.7515286Z,363.12,11.573,0.8010826110839844,537.703125
a_h1_h2-1m-n3-c32-concurrent_write-r2-scylla,2026-09-09T21:16:48.0257115Z,342.55,11.573,0.8010826110839844,541.9375
a_h1_h2-1m-n3-c32-concurrent_write-r3-scylla,2026-09-09T21:27:07.9519996Z,351.59000000000003,11.573,0.7788810729980469,423.15625
a_h1_h2-1m-n3-c32-concurrent_write-r3-scylla,2026-09-09T21:27:14.5514384Z,357.53000000000003,11.573,0.7810401916503906,427.546875
a_h1_h2-1m-n3-c32-concurrent_write-r3-scylla,2026-09-09T21:27:21.8346728Z,370.34000000000003,11.573,0.7815399169921875,432.671875
a_h1_h2-1m-n3-c32-concurrent_write-r3-scylla,2026-09-09T21:27:29.1191642Z,346.04,11.573,0.7815399169921875,438.265625
a_h1_h2-1m-n3-c32-concurrent_write-r3-scylla,2026-09-09T21:27:35.5661676Z,358.18,11.573,0.7815513610839844,442.65625
a_h1_h2-1m-n3-c32-concurrent_write-r3-scylla,2026-09-09T21:27:42.8479121Z,347.32,11.574,0.7778434753417969,447.40625
a_h1_h2-1m-n3-c32-concurrent_write-r3-scylla,2026-09-09T21:27:50.1233406Z,361.82,11.573,0.7780303955078125,452.203125
a_h1_h2-1m-n3-c32-concurrent_write-r3-scylla,2026-09-09T21:27:56.7062238Z,343.61,11.573,0.7780418395996094,456.9375
a_h1_h2-1m-n3-c32-concurrent_write-r3-scylla,2026-09-09T21:28:03.9985441Z,340.02,11.573,0.7808074951171875,461.71875
a_h1_h2-1m-n3-c32-concurrent_write-r3-scylla,2026-09-09T21:28:11.2963579Z,345.54,11.573,0.7817726135253906,466.859375
a_h1_h2-1m-n3-c32-concurrent_write-r3-scylla,2026-09-09T21:28:18.5726813Z,350.57,11.573,0.7817726135253906,471.65625
a_h1_h2-1m-n3-c32-concurrent_write-r3-scylla,2026-09-09T21:28:25.6365225Z,348.69,11.574,0.7820701599121094,477.21875
a_h1_h2-1m-n3-c32-concurrent_write-r3-scylla,2026-09-09T21:28:32.9112954Z,360.02,11.573,0.7820701599121094,482.140625
a_h1_h2-1m-n3-c32-concurrent_write-r3-scylla,2026-09-09T21:28:40.1930001Z,359.55,11.573,0.7820701599121094,487.34375
a_h1_h2-1m-n3-c32-concurrent_write-r3-scylla,2026-09-09T21:28:46.6366204Z,365.37,11.573,0.7821502685546875,491.109375
a_h1_h2-1m-n3-c32-concurrent_write-r3-scylla,2026-09-09T21:28:53.9475100Z,348.03,11.574,0.7821540832519531,496.296875
a_h1_h2-1m-n3-c32-concurrent_write-r3-scylla,2026-09-09T21:29:01.2280917Z,354.24,11.574,0.7821540832519531,501.125
a_h1_h2-1m-n3-c32-concurrent_write-r3-scylla,2026-09-09T21:29:08.5219787Z,359.66,11.575,0.7821540832519531,506.25
a_h1_h2-1m-n3-c32-concurrent_write-r3-scylla,2026-09-09T21:29:15.6694357Z,346.77,11.573,0.7822189331054688,511.140625
a_h1_h2-1m-n3-c32-concurrent_write-r3-scylla,2026-09-09T21:29:22.9599046Z,333.78,11.573,0.7822189331054688,515.34375
a_h1_h2-1m-n3-c32-concurrent_write-r3-scylla,2026-09-09T21:29:30.2514698Z,339.1,11.575,0.7822189331054688,520.125
a_h1_h2-1m-n3-c32-concurrent_write-r3-scylla,2026-09-09T21:29:36.6978021Z,350.49,11.573,0.7822189331054688,524.71875
a_h1_h2-1m-n3-c32-concurrent_write-r3-scylla,2026-09-09T21:29:43.9817432Z,359.40000000000003,11.574,0.7841835021972656,529.640625
a_h1_h2-1m-n3-c32-concurrent_write-r3-scylla,2026-09-09T21:29:51.2676286Z,368.65,11.573,0.7841835021972656,534.40625
a_h1_h2-1m-n3-c32-concurrent_write-r3-scylla,2026-09-09T21:29:58.5328921Z,360.53,11.573,0.7841835021972656,539.40625
a_h1_h2-1m-n3-c32-read_single-r1-scylla,2026-09-09T21:35:48.7371369Z,350.12,11.571,0.7793006896972656,250.4375
a_h1_h2-1m-n3-c32-read_single-r1-scylla,2026-09-09T21:35:55.8883524Z,348.97,11.57,0.7806854248046875,256.28125
a_h1_h2-1m-n3-c32-read_single-r1-scylla,2026-09-09T21:36:03.1617810Z,329.57,11.57,0.773101806640625,261.484375
a_h1_h2-1m-n3-c32-read_single-r1-scylla,2026-09-09T21:36:10.4295823Z,353.79,11.57,0.7732200622558594,267.046875
a_h1_h2-1m-n3-c32-read_single-r1-scylla,2026-09-09T21:36:16.9085090Z,352.46000000000004,11.57,0.775390625,271.296875
a_h1_h2-1m-n3-c32-read_single-r1-scylla,2026-09-09T21:36:24.1936786Z,341.99,11.57,0.7754783630371094,277.28125
a_h1_h2-1m-n3-c32-read_single-r1-scylla,2026-09-09T21:36:31.4694424Z,354.85,11.57,0.7755279541015625,282.25
a_h1_h2-1m-n3-c32-read_single-r1-scylla,2026-09-09T21:36:38.7442868Z,354.32,11.57,0.7772865295410156,287.53125
a_h1_h2-1m-n3-c32-read_single-r1-scylla,2026-09-09T21:36:45.8865902Z,345.84000000000003,11.57,0.7796516418457031,292.296875
a_h1_h2-1m-n3-c32-read_single-r1-scylla,2026-09-09T21:36:53.1661567Z,356.82,11.57,0.7776145935058594,297.96875
a_h1_h2-1m-n3-c32-read_single-r1-scylla,2026-09-09T21:37:00.4535473Z,358.9,11.571,0.7777976989746094,303.28125
a_h1_h2-1m-n3-c32-read_single-r1-scylla,2026-09-09T21:37:06.8787848Z,353.99,11.57,0.7779998779296875,308.109375
a_h1_h2-1m-n3-c32-read_single-r1-scylla,2026-09-09T21:37:14.1484604Z,348.88,11.57,0.7779998779296875,313.109375
a_h1_h2-1m-n3-c32-read_single-r1-scylla,2026-09-09T21:37:21.4312749Z,353.56,11.571,0.7800941467285156,318.3125
a_h1_h2-1m-n3-c32-read_single-r1-scylla,2026-09-09T21:37:28.7223108Z,361.74,11.57,0.7800941467285156,324.390625
a_h1_h2-1m-n3-c32-read_single-r1-scylla,2026-09-09T21:37:35.8913329Z,357.25,11.57,0.7800979614257812,329.59375
a_h1_h2-1m-n3-c32-read_single-r1-scylla,2026-09-09T21:37:43.1618358Z,343.29,11.571,0.7800979614257812,334.546875
a_h1_h2-1m-n3-c32-read_single-r1-scylla,2026-09-09T21:37:50.4378445Z,358.25,11.57,0.7822494506835938,339.65625
a_h1_h2-1m-n3-c32-read_single-r1-scylla,2026-09-09T21:37:56.9424719Z,351.14,11.571,0.7822494506835938,343.671875
a_h1_h2-1m-n3-c32-read_single-r1-scylla,2026-09-09T21:38:04.2192404Z,351.34000000000003,11.57,0.7822494506835938,348.796875
a_h1_h2-1m-n3-c32-read_single-r1-scylla,2026-09-09T21:38:11.5008471Z,348.59000000000003,11.57,0.784912109375,353.96875
a_h1_h2-1m-n3-c32-read_single-r1-scylla,2026-09-09T21:38:18.7849744Z,356.42,11.57,0.7849464416503906,359.65625
a_h1_h2-1m-n3-c32-read_single-r1-scylla,2026-09-09T21:38:25.9468575Z,365.94,11.57,0.7849464416503906,364.75
a_h1_h2-1m-n3-c32-read_single-r1-scylla,2026-09-09T21:38:33.2308336Z,340.82,11.571,0.7869758605957031,370.203125
a_h1_h2-1m-n3-c32-read_single-r1-scylla,2026-09-09T21:38:40.5147302Z,350.49,11.572,0.7870368957519531,375.78125
a_h1_h2-1m-n3-c32-read_single-r2-scylla,2026-09-09T21:44:44.5438370Z,331.03000000000003,11.573,0.77911376953125,253.71875
a_h1_h2-1m-n3-c32-read_single-r2-scylla,2026-09-09T21:44:51.8272582Z,360.95,11.573,0.7731895446777344,258.984375
a_h1_h2-1m-n3-c32-read_single-r2-scylla,2026-09-09T21:44:59.1099989Z,354.57,11.573,0.7747116088867188,264.3125
a_h1_h2-1m-n3-c32-read_single-r2-scylla,2026-09-09T21:45:06.1977973Z,351.53,11.573,0.7768135070800781,270.234375
a_h1_h2-1m-n3-c32-read_single-r2-scylla,2026-09-09T21:45:13.4886648Z,336.51,11.573,0.775604248046875,275.9375
a_h1_h2-1m-n3-c32-read_single-r2-scylla,2026-09-09T21:45:20.7948759Z,386.45,11.574,0.7757301330566406,281.046875
a_h1_h2-1m-n3-c32-read_single-r2-scylla,2026-09-09T21:45:27.2558443Z,380.44,11.574,0.7761459350585938,285.6875
a_h1_h2-1m-n3-c32-read_single-r2-scylla,2026-09-09T21:45:34.5524832Z,332.17,11.573,0.7788810729980469,290.65625
a_h1_h2-1m-n3-c32-read_single-r2-scylla,2026-09-09T21:45:41.8218437Z,361.22,11.573,0.7789230346679688,295.59375
a_h1_h2-1m-n3-c32-read_single-r2-scylla,2026-09-09T21:45:49.0894861Z,360.57,11.573,0.7789154052734375,300.59375
a_h1_h2-1m-n3-c32-read_single-r2-scylla,2026-09-09T21:45:56.2160328Z,360.67,11.574,0.7818565368652344,305.546875
a_h1_h2-1m-n3-c32-read_single-r2-scylla,2026-09-09T21:46:03.4974774Z,339.40999999999997,11.573,0.7818565368652344,310.21875
a_h1_h2-1m-n3-c32-read_single-r2-scylla,2026-09-09T21:46:10.7931444Z,353.46000000000004,11.573,0.7818565368652344,315.59375
a_h1_h2-1m-n3-c32-read_single-r2-scylla,2026-09-09T21:46:17.2142145Z,353.48,11.574,0.7834739685058594,320.578125
a_h1_h2-1m-n3-c32-read_single-r2-scylla,2026-09-09T21:46:24.4992557Z,342.19,11.573,0.7834739685058594,325.1875
a_h1_h2-1m-n3-c32-read_single-r2-scylla,2026-09-09T21:46:31.7805650Z,349.24,11.574,0.7834739685058594,330.765625
a_h1_h2-1m-n3-c32-read_single-r2-scylla,2026-09-09T21:46:39.0599844Z,354.9,11.573,0.7849464416503906,335.46875
a_h1_h2-1m-n3-c32-read_single-r2-scylla,2026-09-09T21:46:46.2737524Z,353.58,11.573,0.7849464416503906,341.09375
a_h1_h2-1m-n3-c32-read_single-r2-scylla,2026-09-09T21:46:53.5588926Z,343.32,11.573,0.7849464416503906,346.09375
a_h1_h2-1m-n3-c32-read_single-r2-scylla,2026-09-09T21:47:00.8393212Z,360.51,11.573,0.787017822265625,351.15625
a_h1_h2-1m-n3-c32-read_single-r2-scylla,2026-09-09T21:47:07.2697111Z,360.77,11.573,0.7870941162109375,356.203125
a_h1_h2-1m-n3-c32-read_single-r2-scylla,2026-09-09T21:47:14.5641453Z,346.43,11.574,0.7870941162109375,361.828125
a_h1_h2-1m-n3-c32-read_single-r2-scylla,2026-09-09T21:47:21.8428144Z,356.42,11.573,0.7891807556152344,367.34375
a_h1_h2-1m-n3-c32-read_single-r2-scylla,2026-09-09T21:47:29.1197551Z,361.06,11.574,0.7891807556152344,372.8125
a_h1_h2-1m-n3-c32-read_single-r2-scylla,2026-09-09T21:47:36.2706229Z,358.90999999999997,11.573,0.7891807556152344,377.84375
a_h1_h2-1m-n3-c32-read_single-r3-scylla,2026-09-09T21:53:24.9465817Z,359.11,11.573,0.7722969055175781,236.0625
a_h1_h2-1m-n3-c32-read_single-r3-scylla,2026-09-09T21:53:32.2374330Z,362.75,11.573,0.772552490234375,240.03125
a_h1_h2-1m-n3-c32-read_single-r3-scylla,2026-09-09T21:53:39.5335491Z,383.78999999999996,11.573,0.7770347595214844,244.0625
a_h1_h2-1m-n3-c32-read_single-r3-scylla,2026-09-09T21:53:46.6986808Z,378.56,11.573,0.7770957946777344,247.859375
a_h1_h2-1m-n3-c32-read_single-r3-scylla,2026-09-09T21:53:53.9931855Z,341.75,11.575,0.7771110534667969,252.25
a_h1_h2-1m-n3-c32-read_single-r3-scylla,2026-09-09T21:54:01.3179842Z,368.91999999999996,11.573,0.7771415710449219,256.328125
a_h1_h2-1m-n3-c32-read_single-r3-scylla,2026-09-09T21:54:07.7174460Z,401.48,11.573,0.7777252197265625,259.640625
a_h1_h2-1m-n3-c32-read_single-r3-scylla,2026-09-09T21:54:15.0754224Z,397.93,11.573,0.7777252197265625,261.328125
a_h1_h2-1m-n3-c32-read_single-r3-scylla,2026-09-09T21:54:22.3896203Z,525.2,11.574,0.7777252197265625,263.8125
a_h1_h2-1m-n3-c32-read_single-r3-scylla,2026-09-09T21:54:29.6849775Z,366.53,11.574,0.7777290344238281,267.796875
a_h1_h2-1m-n3-c32-read_single-r3-scylla,2026-09-09T21:54:36.7228441Z,354.67,11.573,0.7776947021484375,271.25
a_h1_h2-1m-n3-c32-read_single-r3-scylla,2026-09-09T21:54:44.0115594Z,350.39,11.573,0.7776985168457031,274.53125
a_h1_h2-1m-n3-c32-read_single-r3-scylla,2026-09-09T21:54:51.3052166Z,374.52,11.573,0.7798233032226562,278.625
a_h1_h2-1m-n3-c32-read_single-r3-scylla,2026-09-09T21:54:57.7185309Z,380.43,11.574,0.7798233032226562,282.578125
a_h1_h2-1m-n3-c32-read_single-r3-scylla,2026-09-09T21:55:05.0567316Z,405.59000000000003,11.573,0.7798233032226562,286.03125
a_h1_h2-1m-n3-c32-read_single-r3-scylla,2026-09-09T21:55:12.3382657Z,355.8,11.573,0.7798690795898438,289.890625
a_h1_h2-1m-n3-c32-read_single-r3-scylla,2026-09-09T21:55:19.6412634Z,370.62,11.574,0.7812995910644531,294.046875
a_h1_h2-1m-n3-c32-read_single-r3-scylla,2026-09-09T21:55:26.6409129Z,357.12,11.573,0.7812995910644531,299.21875
a_h1_h2-1m-n3-c32-read_single-r3-scylla,2026-09-09T21:55:33.9283744Z,363.69,11.573,0.7812995910644531,303.640625
a_h1_h2-1m-n3-c32-read_single-r3-scylla,2026-09-09T21:55:41.2114625Z,350.94,11.573,0.7813072204589844,309.359375
a_h1_h2-1m-n3-c32-read_single-r3-scylla,2026-09-09T21:55:47.6522688Z,335.07,11.573,0.7829017639160156,313.828125
a_h1_h2-1m-n3-c32-read_single-r3-scylla,2026-09-09T21:55:54.9583176Z,348.45,11.573,0.7829017639160156,319.5
a_h1_h2-1m-n3-c32-read_single-r3-scylla,2026-09-09T21:56:02.2487044Z,352.83,11.573,0.7829093933105469,324.4375
a_h1_h2-1m-n3-c32-read_single-r3-scylla,2026-09-09T21:56:09.5399186Z,348.55,11.573,0.7853622436523438,329.828125
a_h1_h2-1m-n3-c32-read_single-r3-scylla,2026-09-09T21:56:16.6456573Z,362.21,11.573,0.7853622436523438,334.46875
a_h1_h2-1m-n3-c128-concurrent_write-r1-scylla,2026-09-09T22:06:42.2535285Z,398.38,11.577,0.8399696350097656,440.765625
a_h1_h2-1m-n3-c128-concurrent_write-r1-scylla,2026-09-09T22:06:49.5408243Z,403.04999999999995,11.577,0.8401641845703125,446.625
a_h1_h2-1m-n3-c128-concurrent_write-r1-scylla,2026-09-09T22:06:56.0478138Z,395.36,11.577,0.8401641845703125,451.515625
a_h1_h2-1m-n3-c128-concurrent_write-r1-scylla,2026-09-09T22:07:03.3460935Z,403.19,11.576,0.8401985168457031,458.453125
a_h1_h2-1m-n3-c128-concurrent_write-r1-scylla,2026-09-09T22:07:10.6261231Z,407.23,11.578,0.8402671813964844,464.703125
a_h1_h2-1m-n3-c128-concurrent_write-r1-scylla,2026-09-09T22:07:17.0685377Z,401.05,11.578,0.8402938842773438,470.109375
a_h1_h2-1m-n3-c128-concurrent_write-r1-scylla,2026-09-09T22:07:24.3478612Z,402.70000000000005,11.578,0.840301513671875,476.578125
a_h1_h2-1m-n3-c128-concurrent_write-r1-scylla,2026-09-09T22:07:31.6384467Z,413.4,11.577,0.8402976989746094,482.46875
a_h1_h2-1m-n3-c128-concurrent_write-r1-scylla,2026-09-09T22:07:38.1652877Z,407.71999999999997,11.577,0.840301513671875,487.125
a_h1_h2-1m-n3-c128-concurrent_write-r1-scylla,2026-09-09T22:07:45.4511829Z,397.34000000000003,11.577,0.840301513671875,492.3125
a_h1_h2-1m-n3-c128-concurrent_write-r1-scylla,2026-09-09T22:07:52.7421569Z,433.49,11.576,0.8423843383789062,497.234375
a_h1_h2-1m-n3-c128-concurrent_write-r1-scylla,2026-09-09T22:08:00.0315458Z,421.25,11.576,0.8444709777832031,503.046875
a_h1_h2-1m-n3-c128-concurrent_write-r1-scylla,2026-09-09T22:08:07.1626609Z,424.31000000000006,11.579,0.8444709777832031,509.015625
a_h1_h2-1m-n3-c128-concurrent_write-r1-scylla,2026-09-09T22:08:14.4475088Z,413.12,11.577,0.8465461730957031,514.40625
a_h1_h2-1m-n3-c128-concurrent_write-r1-scylla,2026-09-09T22:08:21.7363033Z,495.93,11.578,0.8465461730957031,520.140625
a_h1_h2-1m-n3-c128-concurrent_write-r1-scylla,2026-09-09T22:08:28.1880240Z,409.93,11.579,0.8486442565917969,525.0625
a_h1_h2-1m-n3-c128-concurrent_write-r1-scylla,2026-09-09T22:08:35.4945772Z,410.76,11.579,0.8486442565917969,530.484375
a_h1_h2-1m-n3-c128-concurrent_write-r1-scylla,2026-09-09T22:08:42.7912581Z,484.95,11.578,0.8506317138671875,536.671875
a_h1_h2-1m-n3-c128-concurrent_write-r1-scylla,2026-09-09T22:08:50.0859636Z,432.85,11.579,0.8506317138671875,542.515625
a_h1_h2-1m-n3-c128-concurrent_write-r1-scylla,2026-09-09T22:08:57.1536177Z,415.51,11.579,0.8526268005371094,547.40625
a_h1_h2-1m-n3-c128-concurrent_write-r1-scylla,2026-09-09T22:09:04.4651834Z,388.40999999999997,11.579,0.8546218872070312,552.1875
a_h1_h2-1m-n3-c128-concurrent_write-r1-scylla,2026-09-09T22:09:11.7529823Z,427.51,11.578,0.8546218872070312,557.3125
a_h1_h2-1m-n3-c128-concurrent_write-r1-scylla,2026-09-09T22:09:18.1970567Z,462.08000000000004,11.578,0.8566665649414062,562.46875
a_h1_h2-1m-n3-c128-concurrent_write-r1-scylla,2026-09-09T22:09:25.4976268Z,392.89,11.579,0.8566665649414062,568.375
a_h1_h2-1m-n3-c128-concurrent_write-r1-scylla,2026-09-09T22:09:32.7922278Z,432.18,11.579,0.8586807250976562,573.9375
a_h1_h2-1m-n3-c128-concurrent_write-r2-scylla,2026-09-09T22:19:59.9658045Z,399.93,11.58,0.8220443725585938,434.015625
a_h1_h2-1m-n3-c128-concurrent_write-r2-scylla,2026-09-09T22:20:06.5402883Z,425.32,11.581,0.8222770690917969,438.828125
a_h1_h2-1m-n3-c128-concurrent_write-r2-scylla,2026-09-09T22:20:13.8286382Z,399.8,11.581,0.8223190307617188,444.28125
a_h1_h2-1m-n3-c128-concurrent_write-r2-scylla,2026-09-09T22:20:21.1136360Z,406.16,11.581,0.8224067687988281,450.671875
a_h1_h2-1m-n3-c128-concurrent_write-r2-scylla,2026-09-09T22:20:27.5462365Z,402.44,11.58,0.8234329223632812,456.296875
a_h1_h2-1m-n3-c128-concurrent_write-r2-scylla,2026-09-09T22:20:34.8367524Z,389.85,11.58,0.8235969543457031,462.09375
a_h1_h2-1m-n3-c128-concurrent_write-r2-scylla,2026-09-09T22:20:42.1197204Z,414.89,11.581,0.8236885070800781,468.546875
a_h1_h2-1m-n3-c128-concurrent_write-r2-scylla,2026-09-09T22:20:48.6325419Z,438.24,11.58,0.8236923217773438,474.453125
a_h1_h2-1m-n3-c128-concurrent_write-r2-scylla,2026-09-09T22:20:55.9130098Z,412.04,11.581,0.8236923217773438,480.046875
a_h1_h2-1m-n3-c128-concurrent_write-r2-scylla,2026-09-09T22:21:03.2190262Z,412.42999999999995,11.581,0.8257789611816406,485.75
a_h1_h2-1m-n3-c128-concurrent_write-r2-scylla,2026-09-09T22:21:10.5252051Z,407.62,11.58,0.8258857727050781,491.015625
a_h1_h2-1m-n3-c128-concurrent_write-r2-scylla,2026-09-09T22:21:17.6257171Z,428.94,11.581,0.8280563354492188,496.328125
a_h1_h2-1m-n3-c128-concurrent_write-r2-scylla,2026-09-09T22:21:24.9289234Z,415.61,11.581,0.8281707763671875,501.671875
a_h1_h2-1m-n3-c128-concurrent_write-r2-scylla,2026-09-09T22:21:32.2278316Z,410.48,11.581,0.8312797546386719,507.5
a_h1_h2-1m-n3-c128-concurrent_write-r2-scylla,2026-09-09T22:21:38.6266378Z,466.24,11.582,0.8333015441894531,512.671875
a_h1_h2-1m-n3-c128-concurrent_write-r2-scylla,2026-09-09T22:21:45.9148309Z,412.58,11.582,0.8333206176757812,517.5625
a_h1_h2-1m-n3-c128-concurrent_write-r2-scylla,2026-09-09T22:21:53.2246686Z,438.76,11.58,0.8353195190429688,522.84375
a_h1_h2-1m-n3-c128-concurrent_write-r2-scylla,2026-09-09T22:22:00.5161258Z,477.87,11.582,0.8353233337402344,528.21875
a_h1_h2-1m-n3-c128-concurrent_write-r2-scylla,2026-09-09T22:22:07.6084310Z,407.79,11.581,0.8372879028320312,533.40625
a_h1_h2-1m-n3-c128-concurrent_write-r2-scylla,2026-09-09T22:22:14.8978752Z,423.37,11.582,0.8393058776855469,539.359375
a_h1_h2-1m-n3-c128-concurrent_write-r2-scylla,2026-09-09T22:22:22.2055474Z,410.74,11.582,0.8393058776855469,544.890625
a_h1_h2-1m-n3-c128-concurrent_write-r2-scylla,2026-09-09T22:22:28.6365179Z,409.33000000000004,11.581,0.8413314819335938,549.671875
a_h1_h2-1m-n3-c128-concurrent_write-r2-scylla,2026-09-09T22:22:35.9483677Z,461.04999999999995,11.581,0.8413314819335938,554.78125
a_h1_h2-1m-n3-c128-concurrent_write-r2-scylla,2026-09-09T22:22:43.2249641Z,414.61,11.582,0.8435325622558594,560.890625
a_h1_h2-1m-n3-c128-concurrent_write-r2-scylla,2026-09-09T22:22:50.5221244Z,407.15,11.582,0.8435325622558594,565.21875
a_h1_h2-1m-n3-c128-concurrent_write-r3-scylla,2026-09-09T22:33:12.2053742Z,442.95000000000005,11.582,0.8191337585449219,438.53125
a_h1_h2-1m-n3-c128-concurrent_write-r3-scylla,2026-09-09T22:33:19.1600661Z,405.27,11.581,0.8191413879394531,444.484375
a_h1_h2-1m-n3-c128-concurrent_write-r3-scylla,2026-09-09T22:33:26.4637012Z,395.37,11.581,0.8202018737792969,450.21875
a_h1_h2-1m-n3-c128-concurrent_write-r3-scylla,2026-09-09T22:33:33.7672418Z,407.75,11.582,0.8203620910644531,455.71875
a_h1_h2-1m-n3-c128-concurrent_write-r3-scylla,2026-09-09T22:33:41.0523974Z,405.55,11.582,0.8203697204589844,461.28125
a_h1_h2-1m-n3-c128-concurrent_write-r3-scylla,2026-09-09T22:33:48.0202836Z,412.05,11.581,0.8204536437988281,466.703125
a_h1_h2-1m-n3-c128-concurrent_write-r3-scylla,2026-09-09T22:33:55.3139770Z,398.22,11.582,0.820465087890625,472.5
a_h1_h2-1m-n3-c128-concurrent_write-r3-scylla,2026-09-09T22:34:02.6021987Z,418.1,11.582,0.8205490112304688,478.0625
a_h1_h2-1m-n3-c128-concurrent_write-r3-scylla,2026-09-09T22:34:09.0865950Z,420.51,11.582,0.8205680847167969,483.390625
a_h1_h2-1m-n3-c128-concurrent_write-r3-scylla,2026-09-09T22:34:16.3751459Z,412.53999999999996,11.581,0.8211097717285156,488.34375
a_h1_h2-1m-n3-c128-concurrent_write-r3-scylla,2026-09-09T22:34:23.6504570Z,423.82000000000005,11.582,0.8231201171875,493.359375
a_h1_h2-1m-n3-c128-concurrent_write-r3-scylla,2026-09-09T22:34:30.9454749Z,422.93,11.582,0.8252334594726562,499.15625
a_h1_h2-1m-n3-c128-concurrent_write-r3-scylla,2026-09-09T22:34:38.1068349Z,409.32,11.583,0.8252334594726562,504.53125
a_h1_h2-1m-n3-c128-concurrent_write-r3-scylla,2026-09-09T22:34:45.4037972Z,432.92,11.582,0.8272628784179688,509.9375
a_h1_h2-1m-n3-c128-concurrent_write-r3-scylla,2026-09-09T22:34:52.7031184Z,426.41,11.582,0.8280563354492188,515.40625
a_h1_h2-1m-n3-c128-concurrent_write-r3-scylla,2026-09-09T22:34:59.0985486Z,408.9,11.582,0.8301315307617188,519.671875
a_h1_h2-1m-n3-c128-concurrent_write-r3-scylla,2026-09-09T22:35:06.4031037Z,392.53,11.582,0.8301315307617188,525.234375
a_h1_h2-1m-n3-c128-concurrent_write-r3-scylla,2026-09-09T22:35:13.6839114Z,415.73,11.582,0.8322105407714844,530.828125
a_h1_h2-1m-n3-c128-concurrent_write-r3-scylla,2026-09-09T22:35:20.9797959Z,413.36,11.582,0.834197998046875,535.640625
a_h1_h2-1m-n3-c128-concurrent_write-r3-scylla,2026-09-09T22:35:28.1465810Z,469.18,11.582,0.8342018127441406,541.21875
a_h1_h2-1m-n3-c128-concurrent_write-r3-scylla,2026-09-09T22:35:35.4422555Z,392.70000000000005,11.582,0.836212158203125,545.9375
a_h1_h2-1m-n3-c128-concurrent_write-r3-scylla,2026-09-09T22:35:42.7234609Z,427.44,11.582,0.836212158203125,551.640625
a_h1_h2-1m-n3-c128-concurrent_write-r3-scylla,2026-09-09T22:35:49.1750069Z,443.81,11.582,0.8382606506347656,556.046875
a_h1_h2-1m-n3-c128-concurrent_write-r3-scylla,2026-09-09T22:35:56.5034111Z,441.35,11.582,0.8382606506347656,560.65625
a_h1_h2-1m-n3-c128-concurrent_write-r3-scylla,2026-09-09T22:36:03.7872179Z,428.95,11.582,0.8403282165527344,565.703125
a_h1_h2-1m-n3-c128-read_single-r1-scylla,2026-09-09T22:42:01.2888266Z,412.65999999999997,11.579,0.7867431640625,254.828125
a_h1_h2-1m-n3-c128-read_single-r1-scylla,2026-09-09T22:42:08.3913635Z,409.44,11.58,0.7902717590332031,260.75
a_h1_h2-1m-n3-c128-read_single-r1-scylla,2026-09-09T22:42:15.6680709Z,389.1,11.58,0.7917823791503906,267.359375
a_h1_h2-1m-n3-c128-read_single-r1-scylla,2026-09-09T22:42:22.9563864Z,390.58,11.579,0.7933464050292969,274.140625
a_h1_h2-1m-n3-c128-read_single-r1-scylla,2026-09-09T22:42:29.4195256Z,394.34,11.58,0.7955513000488281,279.265625
a_h1_h2-1m-n3-c128-read_single-r1-scylla,2026-09-09T22:42:36.7121512Z,396.43,11.581,0.7956581115722656,285.234375
a_h1_h2-1m-n3-c128-read_single-r1-scylla,2026-09-09T22:42:43.9933963Z,409.92,11.579,0.7977104187011719,292.59375
a_h1_h2-1m-n3-c128-read_single-r1-scylla,2026-09-09T22:42:51.2881156Z,406.40999999999997,11.58,0.7997703552246094,298.59375
a_h1_h2-1m-n3-c128-read_single-r1-scylla,2026-09-09T22:42:58.4118261Z,406.57,11.581,0.7998809814453125,304.8125
a_h1_h2-1m-n3-c128-read_single-r1-scylla,2026-09-09T22:43:05.7079950Z,381.78999999999996,11.58,0.8020477294921875,311.578125
a_h1_h2-1m-n3-c128-read_single-r1-scylla,2026-09-09T22:43:12.9890871Z,398.98,11.58,0.8041000366210938,317.734375
a_h1_h2-1m-n3-c128-read_single-r1-scylla,2026-09-09T22:43:19.4716542Z,404.13,11.579,0.8041000366210938,322.375
a_h1_h2-1m-n3-c128-read_single-r1-scylla,2026-09-09T22:43:26.7455004Z,396.54,11.58,0.8061790466308594,329.25
a_h1_h2-1m-n3-c128-read_single-r1-scylla,2026-09-09T22:43:34.0285615Z,399.22,11.58,0.8081398010253906,336.078125
a_h1_h2-1m-n3-c128-read_single-r1-scylla,2026-09-09T22:43:41.3076412Z,409.95,11.58,0.8081436157226562,342.421875
a_h1_h2-1m-n3-c128-read_single-r1-scylla,2026-09-09T22:43:48.4586134Z,393.86,11.579,0.8084640502929688,348.53125
a_h1_h2-1m-n3-c128-read_single-r1-scylla,2026-09-09T22:43:55.7539017Z,386.19,11.58,0.8085098266601562,354.9375
a_h1_h2-1m-n3-c128-read_single-r1-scylla,2026-09-09T22:44:03.0439599Z,409.43,11.58,0.8085136413574219,360.65625
a_h1_h2-1m-n3-c128-read_single-r1-scylla,2026-09-09T22:44:09.5184349Z,404.21999999999997,11.58,0.8087120056152344,365.8125
a_h1_h2-1m-n3-c128-read_single-r1-scylla,2026-09-09T22:44:16.8184868Z,398.76,11.58,0.8087387084960938,372.609375
a_h1_h2-1m-n3-c128-read_single-r1-scylla,2026-09-09T22:44:24.1094736Z,408.51,11.58,0.8087387084960938,379.21875
a_h1_h2-1m-n3-c128-read_single-r1-scylla,2026-09-09T22:44:31.3920428Z,407.27,11.58,0.808746337890625,385.1875
a_h1_h2-1m-n3-c128-read_single-r1-scylla,2026-09-09T22:44:38.6100377Z,404.90999999999997,11.58,0.8092384338378906,391.015625
a_h1_h2-1m-n3-c128-read_single-r1-scylla,2026-09-09T22:44:45.9022232Z,383.92,11.579,0.8092384338378906,396.6875
a_h1_h2-1m-n3-c128-read_single-r1-scylla,2026-09-09T22:44:53.1892321Z,400.07000000000005,11.58,0.8092384338378906,402.625
a_h1_h2-1m-n3-c128-read_single-r2-scylla,2026-09-09T22:50:49.7981813Z,402.86,11.58,0.792724609375,268.5
a_h1_h2-1m-n3-c128-read_single-r2-scylla,2026-09-09T22:50:57.0953902Z,391.49,11.58,0.7950706481933594,274.390625
a_h1_h2-1m-n3-c128-read_single-r2-scylla,2026-09-09T22:51:04.3921015Z,406.28999999999996,11.579,0.7953948974609375,279.8125
a_h1_h2-1m-n3-c128-read_single-r2-scylla,2026-09-09T22:51:11.6908310Z,407.63,11.581,0.790374755859375,286.234375
a_h1_h2-1m-n3-c128-read_single-r2-scylla,2026-09-09T22:51:18.8013579Z,404.6,11.58,0.7926902770996094,292.34375
a_h1_h2-1m-n3-c128-read_single-r2-scylla,2026-09-09T22:51:26.0904891Z,388.09,11.579,0.7930870056152344,298.953125
a_h1_h2-1m-n3-c128-read_single-r2-scylla,2026-09-09T22:51:33.3674852Z,419.71000000000004,11.58,0.7955741882324219,304.34375
a_h1_h2-1m-n3-c128-read_single-r2-scylla,2026-09-09T22:51:39.8514500Z,396.37,11.58,0.7976875305175781,309.640625
a_h1_h2-1m-n3-c128-read_single-r2-scylla,2026-09-09T22:51:47.1465994Z,394.02,11.579,0.7977981567382812,315.8125
a_h1_h2-1m-n3-c128-read_single-r2-scylla,2026-09-09T22:51:54.4300327Z,412.15999999999997,11.58,0.7999458312988281,322.25
a_h1_h2-1m-n3-c128-read_single-r2-scylla,2026-09-09T22:52:01.7234431Z,410.63,11.58,0.8020172119140625,328.515625
a_h1_h2-1m-n3-c128-read_single-r2-scylla,2026-09-09T22:52:08.8134636Z,403.52,11.58,0.8020172119140625,334.84375
a_h1_h2-1m-n3-c128-read_single-r2-scylla,2026-09-09T22:52:16.0900743Z,387.64,11.58,0.8040962219238281,341.078125
a_h1_h2-1m-n3-c128-read_single-r2-scylla,2026-09-09T22:52:23.3764085Z,399.69000000000005,11.58,0.8089332580566406,347.3125
a_h1_h2-1m-n3-c128-read_single-r2-scylla,2026-09-09T22:52:29.8958310Z,400.53999999999996,11.58,0.8089370727539062,352.25
a_h1_h2-1m-n3-c128-read_single-r2-scylla,2026-09-09T22:52:37.1966822Z,394.89,11.579,0.8090858459472656,358.796875
a_h1_h2-1m-n3-c128-read_single-r2-scylla,2026-09-09T22:52:44.4638088Z,414.65,11.58,0.8092269897460938,364.890625
a_h1_h2-1m-n3-c128-read_single-r2-scylla,2026-09-09T22:52:51.7503424Z,403.98,11.58,0.8092460632324219,371.390625
a_h1_h2-1m-n3-c128-read_single-r2-scylla,2026-09-09T22:52:58.8681568Z,401.45,11.58,0.8092994689941406,377.796875
a_h1_h2-1m-n3-c128-read_single-r2-scylla,2026-09-09T22:53:06.1697508Z,378.21,11.579,0.8095626831054688,383.109375
a_h1_h2-1m-n3-c128-read_single-r2-scylla,2026-09-09T22:53:13.4473644Z,402.78,11.58,0.8098564147949219,388.546875
a_h1_h2-1m-n3-c128-read_single-r2-scylla,2026-09-09T22:53:19.9228564Z,400.63,11.58,0.8098602294921875,393.3125
a_h1_h2-1m-n3-c128-read_single-r2-scylla,2026-09-09T22:53:27.2134630Z,402.82,11.579,0.8102989196777344,399.4375
a_h1_h2-1m-n3-c128-read_single-r2-scylla,2026-09-09T22:53:34.4920557Z,402.46000000000004,11.58,0.8103904724121094,406.265625
a_h1_h2-1m-n3-c128-read_single-r2-scylla,2026-09-09T22:53:41.7750163Z,402.77,11.579,0.8103904724121094,412.53125
a_h1_h2-1m-n3-c128-read_single-r3-scylla,2026-09-09T22:59:30.1981351Z,415.99,11.58,0.7862129211425781,259.1875
a_h1_h2-1m-n3-c128-read_single-r3-scylla,2026-09-09T22:59:37.5176521Z,394.78000000000003,11.58,0.7909088134765625,265.390625
a_h1_h2-1m-n3-c128-read_single-r3-scylla,2026-09-09T22:59:44.7972311Z,406.07,11.58,0.7909088134765625,271.828125
a_h1_h2-1m-n3-c128-read_single-r3-scylla,2026-09-09T22:59:52.0843278Z,401.64,11.581,0.7930145263671875,277.65625
a_h1_h2-1m-n3-c128-read_single-r3-scylla,2026-09-09T22:59:59.1704497Z,408.56,11.58,0.7956275939941406,283.5625
a_h1_h2-1m-n3-c128-read_single-r3-scylla,2026-09-09T23:00:06.4540442Z,387.02,11.581,0.7976722717285156,289.765625
a_h1_h2-1m-n3-c128-read_single-r3-scylla,2026-09-09T23:00:13.7390582Z,403.4,11.58,0.7976722717285156,295.515625
a_h1_h2-1m-n3-c128-read_single-r3-scylla,2026-09-09T23:00:20.2228721Z,406.45000000000005,11.58,0.7997360229492188,300.578125
a_h1_h2-1m-n3-c128-read_single-r3-scylla,2026-09-09T23:00:27.4989982Z,397.47,11.581,0.8018684387207031,306.546875
a_h1_h2-1m-n3-c128-read_single-r3-scylla,2026-09-09T23:00:34.7935368Z,413.18,11.58,0.8018760681152344,312.21875
a_h1_h2-1m-n3-c128-read_single-r3-scylla,2026-09-09T23:00:42.0765121Z,400.90999999999997,11.58,0.8040084838867188,318.703125
a_h1_h2-1m-n3-c128-read_single-r3-scylla,2026-09-09T23:00:49.2197197Z,398.06,11.58,0.8061065673828125,324.765625
a_h1_h2-1m-n3-c128-read_single-r3-scylla,2026-09-09T23:00:56.4890743Z,388.77,11.58,0.8061485290527344,330.3125
a_h1_h2-1m-n3-c128-read_single-r3-scylla,2026-09-09T23:01:03.7762607Z,400.40000000000003,11.581,0.8082160949707031,336.5
a_h1_h2-1m-n3-c128-read_single-r3-scylla,2026-09-09T23:01:10.2605243Z,403.07,11.58,0.8087844848632812,342.046875
a_h1_h2-1m-n3-c128-read_single-r3-scylla,2026-09-09T23:01:17.5531534Z,403.08,11.58,0.8087882995605469,348.640625
a_h1_h2-1m-n3-c128-read_single-r3-scylla,2026-09-09T23:01:24.8475363Z,411.33000000000004,11.58,0.8089103698730469,354.53125
a_h1_h2-1m-n3-c128-read_single-r3-scylla,2026-09-09T23:01:32.1315984Z,409.44,11.581,0.8089256286621094,360.0625
a_h1_h2-1m-n3-c128-read_single-r3-scylla,2026-09-09T23:01:39.2475123Z,397.5,11.58,0.8090362548828125,366.140625
a_h1_h2-1m-n3-c128-read_single-r3-scylla,2026-09-09T23:01:46.5200387Z,395.78999999999996,11.58,0.8093109130859375,371.921875
a_h1_h2-1m-n3-c128-read_single-r3-scylla,2026-09-09T23:01:53.8189616Z,406.32,11.582,0.8093109130859375,378.15625
a_h1_h2-1m-n3-c128-read_single-r3-scylla,2026-09-09T23:02:00.2720541Z,411.90999999999997,11.58,0.8093109130859375,382.875
a_h1_h2-1m-n3-c128-read_single-r3-scylla,2026-09-09T23:02:07.5711593Z,401.84000000000003,11.58,0.8093185424804688,389.390625
a_h1_h2-1m-n3-c128-read_single-r3-scylla,2026-09-09T23:02:14.8497696Z,402.96000000000004,11.58,0.8095664978027344,394.71875
a_h1_h2-1m-n3-c128-read_single-r3-scylla,2026-09-09T23:02:22.1346323Z,403.59,11.579,0.8096351623535156,400.78125
a_h1_h2-10m-n3-c1-concurrent_write-r1-scylla,2026-09-10T00:25:47.3303293Z,85.68,11.629999999999999,0.8580894470214844,3568.5625
a_h1_h2-10m-n3-c1-concurrent_write-r1-scylla,2026-09-10T00:25:54.5493760Z,71.94999999999999,11.629999999999999,0.85809326171875,3569.640625
a_h1_h2-10m-n3-c1-concurrent_write-r1-scylla,2026-09-10T00:26:01.0227669Z,71.81,11.629,0.85809326171875,3570.296875
a_h1_h2-10m-n3-c1-concurrent_write-r1-scylla,2026-09-10T00:26:08.2399591Z,71.34,11.629,0.85809326171875,3571.15625
a_h1_h2-10m-n3-c1-concurrent_write-r1-scylla,2026-09-10T00:26:15.4505249Z,70.65,11.629,0.8581581115722656,3572.09375
a_h1_h2-10m-n3-c1-concurrent_write-r1-scylla,2026-09-10T00:26:21.9957408Z,71.9,11.629999999999999,0.8581581115722656,3572.9375
a_h1_h2-10m-n3-c1-concurrent_write-r1-scylla,2026-09-10T00:26:29.2046223Z,71.46000000000001,11.629999999999999,0.8581581115722656,3573.75
a_h1_h2-10m-n3-c1-concurrent_write-r1-scylla,2026-09-10T00:26:36.4230231Z,72.27,11.629999999999999,0.8581581115722656,3574.75
a_h1_h2-10m-n3-c1-concurrent_write-r1-scylla,2026-09-10T00:26:43.0383215Z,72.52,11.629999999999999,0.8581581115722656,3575.515625
a_h1_h2-10m-n3-c1-concurrent_write-r1-scylla,2026-09-10T00:26:50.2668712Z,73.84,11.629999999999999,0.8581581115722656,3576.375
a_h1_h2-10m-n3-c1-concurrent_write-r1-scylla,2026-09-10T00:26:57.4705029Z,71.43,11.629,0.8581581115722656,3577.34375
a_h1_h2-10m-n3-c1-concurrent_write-r1-scylla,2026-09-10T00:27:04.6801110Z,73.5,11.629,0.8581581115722656,3578.328125
a_h1_h2-10m-n3-c1-concurrent_write-r1-scylla,2026-09-10T00:27:10.9991506Z,72.49,11.629,0.8581581115722656,3579.0625
a_h1_h2-10m-n3-c1-concurrent_write-r1-scylla,2026-09-10T00:27:18.2088985Z,72.15,11.631,0.8605537414550781,3580.171875
a_h1_h2-10m-n3-c1-concurrent_write-r1-scylla,2026-09-10T00:27:25.4343669Z,71.7,11.629999999999999,0.8605537414550781,3580.90625
a_h1_h2-10m-n3-c1-concurrent_write-r1-scylla,2026-09-10T00:27:32.0443541Z,72.34,11.629999999999999,0.8605537414550781,3581.859375
a_h1_h2-10m-n3-c1-concurrent_write-r1-scylla,2026-09-10T00:27:39.2639400Z,74.16,11.629999999999999,0.8605537414550781,3582.796875
a_h1_h2-10m-n3-c1-concurrent_write-r1-scylla,2026-09-10T00:27:46.4750287Z,72.2,11.629999999999999,0.8605690002441406,3583.96875
a_h1_h2-10m-n3-c1-concurrent_write-r1-scylla,2026-09-10T00:27:53.0607733Z,72.37,11.629999999999999,0.8605690002441406,3584.71875
a_h1_h2-10m-n3-c1-concurrent_write-r1-scylla,2026-09-10T00:28:00.2797338Z,73.66,11.629,0.8605690002441406,3585.71875
a_h1_h2-10m-n3-c1-concurrent_write-r1-scylla,2026-09-10T00:28:07.4893602Z,72.62,11.629,0.8607368469238281,3586.953125
a_h1_h2-10m-n3-c1-concurrent_write-r1-scylla,2026-09-10T00:28:14.7139777Z,73.00999999999999,11.629999999999999,0.8607368469238281,3587.796875
a_h1_h2-10m-n3-c1-concurrent_write-r1-scylla,2026-09-10T00:28:21.0522672Z,72.63,11.629,0.8607864379882812,3588.5
a_h1_h2-10m-n3-c1-concurrent_write-r1-scylla,2026-09-10T00:28:28.2595869Z,71.3,11.629999999999999,0.8607864379882812,3589.59375
a_h1_h2-10m-n3-c1-concurrent_write-r1-scylla,2026-09-10T00:28:35.4758556Z,73.19,11.629999999999999,0.8607864379882812,3590.46875
a_h1_h2-10m-n3-c1-concurrent_write-r2-scylla,2026-09-10T01:52:23.9125318Z,71.72,11.643,0.8807792663574219,3580.625
a_h1_h2-10m-n3-c1-concurrent_write-r2-scylla,2026-09-10T01:52:31.1204035Z,72.92,11.643,0.8807868957519531,3581.75
a_h1_h2-10m-n3-c1-concurrent_write-r2-scylla,2026-09-10T01:52:38.3366988Z,86.59,11.643,0.8807868957519531,3582.578125
a_h1_h2-10m-n3-c1-concurrent_write-r2-scylla,2026-09-10T01:52:44.9592562Z,71.21000000000001,11.643,0.8808479309082031,3583.546875
a_h1_h2-10m-n3-c1-concurrent_write-r2-scylla,2026-09-10T01:52:52.1649810Z,73.39,11.643,0.8809089660644531,3584.390625
a_h1_h2-10m-n3-c1-concurrent_write-r2-scylla,2026-09-10T01:52:59.3795885Z,72.48,11.643,0.8809089660644531,3585.296875
a_h1_h2-10m-n3-c1-concurrent_write-r2-scylla,2026-09-10T01:53:05.9949313Z,72.46000000000001,11.643,0.8809089660644531,3586.140625
a_h1_h2-10m-n3-c1-concurrent_write-r2-scylla,2026-09-10T01:53:13.2056307Z,72.73,11.644,0.8809700012207031,3587.046875
a_h1_h2-10m-n3-c1-concurrent_write-r2-scylla,2026-09-10T01:53:20.4201407Z,72.05000000000001,11.643,0.8809700012207031,3588.09375
a_h1_h2-10m-n3-c1-concurrent_write-r2-scylla,2026-09-10T01:53:27.6321264Z,73.27000000000001,11.643,0.8809700012207031,3588.96875
a_h1_h2-10m-n3-c1-concurrent_write-r2-scylla,2026-09-10T01:53:33.9743262Z,72.17,11.643,0.8809700012207031,3589.8125
a_h1_h2-10m-n3-c1-concurrent_write-r2-scylla,2026-09-10T01:53:41.1922392Z,72.92,11.643,0.8809700012207031,3590.640625
a_h1_h2-10m-n3-c1-concurrent_write-r2-scylla,2026-09-10T01:53:48.3978114Z,71.52,11.644,0.8809700012207031,3591.75
a_h1_h2-10m-n3-c1-concurrent_write-r2-scylla,2026-09-10T01:53:55.0214998Z,72.16,11.643,0.8547935485839844,3592.640625
a_h1_h2-10m-n3-c1-concurrent_write-r2-scylla,2026-09-10T01:54:02.2369430Z,73.78999999999999,11.643,0.8552093505859375,3593.796875
a_h1_h2-10m-n3-c1-concurrent_write-r2-scylla,2026-09-10T01:54:09.4468194Z,72.11,11.643,0.8552093505859375,3594.71875
a_h1_h2-10m-n3-c1-concurrent_write-r2-scylla,2026-09-10T01:54:16.1076166Z,71.68,11.645,0.8552093505859375,3595.421875
a_h1_h2-10m-n3-c1-concurrent_write-r2-scylla,2026-09-10T01:54:23.3218500Z,74.58,11.645,0.8552093505859375,3596.28125
a_h1_h2-10m-n3-c1-concurrent_write-r2-scylla,2026-09-10T01:54:30.5292747Z,72.97,11.645,0.8552093505859375,3597.34375
a_h1_h2-10m-n3-c1-concurrent_write-r2-scylla,2026-09-10T01:54:37.7518803Z,73.3,11.645,0.8552093505859375,3598.234375
a_h1_h2-10m-n3-c1-concurrent_write-r2-scylla,2026-09-10T01:54:44.0579946Z,73.59,11.645,0.8554611206054688,3599.0625
a_h1_h2-10m-n3-c1-concurrent_write-r2-scylla,2026-09-10T01:54:51.2818972Z,73.78999999999999,11.645,0.8554611206054688,3599.859375
a_h1_h2-10m-n3-c1-concurrent_write-r2-scylla,2026-09-10T01:54:58.5019115Z,72.65,11.646,0.8554611206054688,3601.0625
a_h1_h2-10m-n3-c1-concurrent_write-r2-scylla,2026-09-10T01:55:05.0877007Z,71.58,11.645,0.8577613830566406,3602
a_h1_h2-10m-n3-c1-concurrent_write-r2-scylla,2026-09-10T01:55:12.2998200Z,73.75,11.645,0.8579673767089844,3602.890625
a_h1_h2-10m-n3-c1-concurrent_write-r3-scylla,2026-09-10T07:12:13.8934080Z,65.5,11.702,0.85614013671875,3448.015625
a_h1_h2-10m-n3-c1-concurrent_write-r3-scylla,2026-09-10T07:12:20.2873230Z,66.63,11.7,0.85614013671875,3448.6875
a_h1_h2-10m-n3-c1-concurrent_write-r3-scylla,2026-09-10T07:12:27.4653645Z,67.67999999999999,11.7,0.8562049865722656,3450
a_h1_h2-10m-n3-c1-concurrent_write-r3-scylla,2026-09-10T07:12:34.6540471Z,67.78,11.701,0.8947486877441406,3452.65625
a_h1_h2-10m-n3-c1-concurrent_write-r3-scylla,2026-09-10T07:12:41.3475433Z,67.49000000000001,11.701,0.8538665771484375,3453.40625
a_h1_h2-10m-n3-c1-concurrent_write-r3-scylla,2026-09-10T07:12:48.5389263Z,69.59,11.701,0.8540992736816406,3454.171875
a_h1_h2-10m-n3-c1-concurrent_write-r3-scylla,2026-09-10T07:12:55.7400046Z,67.42999999999999,11.7,0.8541145324707031,3455.140625
a_h1_h2-10m-n3-c1-concurrent_write-r3-scylla,2026-09-10T07:13:02.3509823Z,66.97,11.701,0.854461669921875,3455.96875
a_h1_h2-10m-n3-c1-concurrent_write-r3-scylla,2026-09-10T07:13:09.5564285Z,68.33,11.701,0.854461669921875,3456.9375
a_h1_h2-10m-n3-c1-concurrent_write-r3-scylla,2026-09-10T07:13:16.7545225Z,67.3,11.701,0.8544845581054688,3457.828125
a_h1_h2-10m-n3-c1-concurrent_write-r3-scylla,2026-09-10T07:13:23.9479560Z,68.77,11.7,0.8590087890625,3458.890625
a_h1_h2-10m-n3-c1-concurrent_write-r3-scylla,2026-09-10T07:13:30.3617989Z,66.77,11.701,0.8590087890625,3459.90625
a_h1_h2-10m-n3-c1-concurrent_write-r3-scylla,2026-09-10T07:13:37.5499706Z,67.17,11.701,0.8590087890625,3460.609375
a_h1_h2-10m-n3-c1-concurrent_write-r3-scylla,2026-09-10T07:13:44.7367540Z,68.5,11.701,0.8590087890625,3461.265625
a_h1_h2-10m-n3-c1-concurrent_write-r3-scylla,2026-09-10T07:13:51.3840420Z,68.32,11.702,0.8590087890625,3461.96875
a_h1_h2-10m-n3-c1-concurrent_write-r3-scylla,2026-09-10T07:13:58.5843404Z,68.47,11.7,0.8590087890625,3463.109375
a_h1_h2-10m-n3-c1-concurrent_write-r3-scylla,2026-09-10T07:14:05.7727261Z,67.63,11.702,0.8590087890625,3464.140625
a_h1_h2-10m-n3-c1-concurrent_write-r3-scylla,2026-09-10T07:14:12.4463007Z,67.27,11.702,0.8590087890625,3465.1875
a_h1_h2-10m-n3-c1-concurrent_write-r3-scylla,2026-09-10T07:14:19.6462571Z,69.37,11.701,0.8590087890625,3466.078125
a_h1_h2-10m-n3-c1-concurrent_write-r3-scylla,2026-09-10T07:14:26.8474286Z,69.5,11.702,0.85986328125,3467.140625
a_h1_h2-10m-n3-c1-concurrent_write-r3-scylla,2026-09-10T07:14:34.0375704Z,67.45,11.701,0.85986328125,3468.078125
a_h1_h2-10m-n3-c1-concurrent_write-r3-scylla,2026-09-10T07:14:40.4210719Z,67.37,11.7,0.85986328125,3469.015625
a_h1_h2-10m-n3-c1-concurrent_write-r3-scylla,2026-09-10T07:14:47.6182087Z,68.1,11.701,0.8601112365722656,3469.84375
a_h1_h2-10m-n3-c1-concurrent_write-r3-scylla,2026-09-10T07:14:54.8129950Z,67.78,11.701,0.8601303100585938,3470.859375
a_h1_h2-10m-n3-c1-concurrent_write-r3-scylla,2026-09-10T07:15:01.4329195Z,67.22,11.701,0.8605575561523438,3471.8125
a_h1_h2-10m-n3-c1-concurrent_write-r3-scylla,2026-09-10T07:15:08.6341065Z,68.89,11.702,0.8605575561523438,3472.6875
a_h1_h2-10m-n3-c1-read_single-r1-scylla,2026-09-10T07:52:40.0080954Z,58.620000000000005,11.703,0.8205718994140625,1750.546875
a_h1_h2-10m-n3-c1-read_single-r1-scylla,2026-09-10T07:52:47.2084521Z,58.83,11.703,0.82080078125,1751.4375
a_h1_h2-10m-n3-c1-read_single-r1-scylla,2026-09-10T07:52:53.8265686Z,59.44,11.703,0.82080078125,1752.140625
a_h1_h2-10m-n3-c1-read_single-r1-scylla,2026-09-10T07:53:01.0352727Z,58.44,11.703,0.8209342956542969,1752.890625
a_h1_h2-10m-n3-c1-read_single-r1-scylla,2026-09-10T07:53:08.2294572Z,58.849999999999994,11.703,0.8209457397460938,1753.859375
a_h1_h2-10m-n3-c1-read_single-r1-scylla,2026-09-10T07:53:15.4318484Z,57.83,11.703,0.8209457397460938,1754.84375
a_h1_h2-10m-n3-c1-read_single-r1-scylla,2026-09-10T07:53:21.8183333Z,59.86,11.703,0.8209457397460938,1755.796875
a_h1_h2-10m-n3-c1-read_single-r1-scylla,2026-09-10T07:53:29.0117476Z,60.34,11.703,0.8209457397460938,1756.671875
a_h1_h2-10m-n3-c1-read_single-r1-scylla,2026-09-10T07:53:36.2123246Z,59.849999999999994,11.703,0.8209457397460938,1757.671875
a_h1_h2-10m-n3-c1-read_single-r1-scylla,2026-09-10T07:53:42.8477494Z,59.23,11.704,0.8209457397460938,1758.71875
a_h1_h2-10m-n3-c1-read_single-r1-scylla,2026-09-10T07:53:50.0450029Z,60.08,11.703,0.8210067749023438,1759.6875
a_h1_h2-10m-n3-c1-read_single-r1-scylla,2026-09-10T07:53:57.2410225Z,59.9,11.703,0.8229827880859375,1760.796875
a_h1_h2-10m-n3-c1-read_single-r1-scylla,2026-09-10T07:54:03.8934260Z,59.900000000000006,11.703,0.8229827880859375,1761.625
a_h1_h2-10m-n3-c1-read_single-r1-scylla,2026-09-10T07:54:11.0838541Z,59.19,11.703,0.8229827880859375,1762.8125
a_h1_h2-10m-n3-c1-read_single-r1-scylla,2026-09-10T07:54:18.2777285Z,60.72,11.703,0.8229827880859375,1763.9375
a_h1_h2-10m-n3-c1-read_single-r1-scylla,2026-09-10T07:54:25.4749109Z,59.519999999999996,11.704,0.8229827880859375,1764.796875
a_h1_h2-10m-n3-c1-read_single-r1-scylla,2026-09-10T07:54:32.0732665Z,64.05,11.703,0.822998046875,1765.578125
a_h1_h2-10m-n3-c1-read_single-r1-scylla,2026-09-10T07:54:39.2793552Z,58.57,11.704,0.822998046875,1766.28125
a_h1_h2-10m-n3-c1-read_single-r1-scylla,2026-09-10T07:54:46.4745189Z,56.510000000000005,11.704,0.822998046875,1767.421875
a_h1_h2-10m-n3-c1-read_single-r1-scylla,2026-09-10T07:54:52.8937765Z,59.94,11.703,0.822998046875,1768.234375
a_h1_h2-10m-n3-c1-read_single-r1-scylla,2026-09-10T07:55:00.0999369Z,59.379999999999995,11.703,0.82305908203125,1769.109375
a_h1_h2-10m-n3-c1-read_single-r1-scylla,2026-09-10T07:55:07.3104898Z,58.4,11.703,0.8232498168945312,1770.109375
a_h1_h2-10m-n3-c1-read_single-r1-scylla,2026-09-10T07:55:13.8938386Z,59.709999999999994,11.704,0.8232498168945312,1771.015625
a_h1_h2-10m-n3-c1-read_single-r1-scylla,2026-09-10T07:55:21.0918579Z,60.29,11.703,0.8232841491699219,1771.828125
a_h1_h2-10m-n3-c1-read_single-r1-scylla,2026-09-10T07:55:28.2894828Z,58.709999999999994,11.703,0.8232841491699219,1772.53125
a_h1_h2-10m-n3-c1-read_single-r2-scylla,2026-09-10T08:33:19.6524151Z,58.11,11.707,0.824920654296875,1748.859375
a_h1_h2-10m-n3-c1-read_single-r2-scylla,2026-09-10T08:33:26.8515185Z,56.4,11.707,0.824920654296875,1750.015625
a_h1_h2-10m-n3-c1-read_single-r2-scylla,2026-09-10T08:33:33.2528467Z,58.61,11.707,0.8249931335449219,1750.8125
a_h1_h2-10m-n3-c1-read_single-r2-scylla,2026-09-10T08:33:40.4406808Z,60.89,11.707,0.8249931335449219,1751.703125
a_h1_h2-10m-n3-c1-read_single-r2-scylla,2026-09-10T08:33:47.6330413Z,58.5,11.707,0.8250007629394531,1752.6875
a_h1_h2-10m-n3-c1-read_single-r2-scylla,2026-09-10T08:33:54.2861388Z,58.97,11.707,0.8250007629394531,1753.71875
a_h1_h2-10m-n3-c1-read_single-r2-scylla,2026-09-10T08:34:01.4736323Z,59.21,11.707,0.8250007629394531,1754.859375
a_h1_h2-10m-n3-c1-read_single-r2-scylla,2026-09-10T08:34:08.6749240Z,58.8,11.707,0.8250007629394531,1755.828125
a_h1_h2-10m-n3-c1-read_single-r2-scylla,2026-09-10T08:34:15.3253408Z,60.64,11.707,0.8250045776367188,1756.859375
a_h1_h2-10m-n3-c1-read_single-r2-scylla,2026-09-10T08:34:22.5288888Z,61.96,11.707,0.8250045776367188,1757.828125
a_h1_h2-10m-n3-c1-read_single-r2-scylla,2026-09-10T08:34:29.7275760Z,58.25,11.707,0.82647705078125,1758.734375
a_h1_h2-10m-n3-c1-read_single-r2-scylla,2026-09-10T08:34:36.9303619Z,59.19,11.707,0.82647705078125,1759.609375
a_h1_h2-10m-n3-c1-read_single-r2-scylla,2026-09-10T08:34:43.3261055Z,59.09,11.707,0.82647705078125,1760.546875
a_h1_h2-10m-n3-c1-read_single-r2-scylla,2026-09-10T08:34:50.5236779Z,60.2,11.707,0.82647705078125,1761.40625
a_h1_h2-10m-n3-c1-read_single-r2-scylla,2026-09-10T08:34:57.7256619Z,61.480000000000004,11.707,0.82647705078125,1762.25
a_h1_h2-10m-n3-c1-read_single-r2-scylla,2026-09-10T08:35:04.3661763Z,60.78,11.707,0.8265380859375,1763.3125
a_h1_h2-10m-n3-c1-read_single-r2-scylla,2026-09-10T08:35:11.5721919Z,57.980000000000004,11.707,0.8265380859375,1764.234375
a_h1_h2-10m-n3-c1-read_single-r2-scylla,2026-09-10T08:35:18.7747609Z,60.2,11.707,0.8265380859375,1765.046875
a_h1_h2-10m-n3-c1-read_single-r2-scylla,2026-09-10T08:35:25.3933142Z,59.18000000000001,11.707,0.8265380859375,1765.859375
a_h1_h2-10m-n3-c1-read_single-r2-scylla,2026-09-10T08:35:32.5984299Z,58.59,11.707,0.8265380859375,1766.78125
a_h1_h2-10m-n3-c1-read_single-r2-scylla,2026-09-10T08:35:39.7968772Z,58.55,11.707,0.8265380859375,1767.8125
a_h1_h2-10m-n3-c1-read_single-r2-scylla,2026-09-10T08:35:47.0031887Z,60.989999999999995,11.707,0.8268089294433594,1768.703125
a_h1_h2-10m-n3-c1-read_single-r2-scylla,2026-09-10T08:35:53.3837459Z,59.17,11.707,0.8129920959472656,1769.90625
a_h1_h2-10m-n3-c1-read_single-r2-scylla,2026-09-10T08:36:00.5875498Z,60.36,11.707,0.8129920959472656,1770.796875
a_h1_h2-10m-n3-c1-read_single-r2-scylla,2026-09-10T08:36:07.7862190Z,59.650000000000006,11.707,0.8169670104980469,1771.828125
a_h1_h2-10m-n3-c1-read_single-r3-scylla,2026-09-10T09:17:40.3004230Z,57.519999999999996,11.711,0.8176498413085938,1781.296875
a_h1_h2-10m-n3-c1-read_single-r3-scylla,2026-09-10T09:17:46.8883799Z,59.790000000000006,11.711,0.817657470703125,1782.078125
a_h1_h2-10m-n3-c1-read_single-r3-scylla,2026-09-10T09:17:54.1160530Z,59.58,11.711,0.817657470703125,1782.890625
a_h1_h2-10m-n3-c1-read_single-r3-scylla,2026-09-10T09:18:01.3265485Z,59.79,11.711,0.8176651000976562,1783.828125
a_h1_h2-10m-n3-c1-read_single-r3-scylla,2026-09-10T09:18:08.5374296Z,60.09,11.711,0.8176727294921875,1784.765625
a_h1_h2-10m-n3-c1-read_single-r3-scylla,2026-09-10T09:18:14.8925175Z,58.11,11.711,0.8176727294921875,1785.796875
a_h1_h2-10m-n3-c1-read_single-r3-scylla,2026-09-10T09:18:22.0992757Z,59.239999999999995,11.711,0.8177413940429688,1786.71875
a_h1_h2-10m-n3-c1-read_single-r3-scylla,2026-09-10T09:18:29.3173818Z,58.81,11.711,0.8177413940429688,1787.453125
a_h1_h2-10m-n3-c1-read_single-r3-scylla,2026-09-10T09:18:35.9226436Z,60.44,11.711,0.8177413940429688,1788.296875
a_h1_h2-10m-n3-c1-read_single-r3-scylla,2026-09-10T09:18:43.1364323Z,63.959999999999994,11.711,0.8177413940429688,1789.28125
a_h1_h2-10m-n3-c1-read_single-r3-scylla,2026-09-10T09:18:50.3532308Z,59.76,11.711,0.8178024291992188,1790.28125
a_h1_h2-10m-n3-c1-read_single-r3-scylla,2026-09-10T09:18:56.9258466Z,59.8,11.711,0.8178634643554688,1791.078125
a_h1_h2-10m-n3-c1-read_single-r3-scylla,2026-09-10T09:19:04.1421471Z,61.85,11.711,0.8178634643554688,1792
a_h1_h2-10m-n3-c1-read_single-r3-scylla,2026-09-10T09:19:11.3571804Z,60.06,11.711,0.8178634643554688,1792.96875
a_h1_h2-10m-n3-c1-read_single-r3-scylla,2026-09-10T09:19:18.5778552Z,61.41,11.711,0.81787109375,1793.9375
a_h1_h2-10m-n3-c1-read_single-r3-scylla,2026-09-10T09:19:24.9290656Z,60.2,11.711,0.8137550354003906,1794.875
a_h1_h2-10m-n3-c1-read_single-r3-scylla,2026-09-10T09:19:32.1412351Z,59.480000000000004,11.711,0.8137550354003906,1795.65625
a_h1_h2-10m-n3-c1-read_single-r3-scylla,2026-09-10T09:19:39.3606186Z,61.3,11.712,0.8137550354003906,1796.484375
a_h1_h2-10m-n3-c1-read_single-r3-scylla,2026-09-10T09:19:45.9261460Z,59.769999999999996,11.711,0.8137550354003906,1797.3125
a_h1_h2-10m-n3-c1-read_single-r3-scylla,2026-09-10T09:19:53.1525216Z,62.83,11.711,0.8137550354003906,1798.109375
a_h1_h2-10m-n3-c1-read_single-r3-scylla,2026-09-10T09:20:00.3698527Z,60.47,11.711,0.8137550354003906,1799.109375
a_h1_h2-10m-n3-c1-read_single-r3-scylla,2026-09-10T09:20:06.9849714Z,59.58,11.711,0.8137550354003906,1799.859375
a_h1_h2-10m-n3-c1-read_single-r3-scylla,2026-09-10T09:20:14.2041168Z,61.69,11.711,0.8137550354003906,1800.609375
a_h1_h2-10m-n3-c1-read_single-r3-scylla,2026-09-10T09:20:21.4162179Z,61.2,11.711,0.8137550354003906,1801.65625
a_h1_h2-10m-n3-c1-read_single-r3-scylla,2026-09-10T09:20:28.6404227Z,60.27,11.711,0.8138160705566406,1802.671875
a_h1_h2-10m-n3-c8-concurrent_write-r1-scylla,2026-09-10T10:39:09.7693054Z,207.36,11.722999999999999,0.8772697448730469,3615.75
a_h1_h2-10m-n3-c8-concurrent_write-r1-scylla,2026-09-10T10:39:17.0469518Z,407.53,11.722999999999999,0.8775596618652344,3619.75
a_h1_h2-10m-n3-c8-concurrent_write-r1-scylla,2026-09-10T10:39:24.3008453Z,241.3,11.724,0.8778228759765625,3623.59375
a_h1_h2-10m-n3-c8-concurrent_write-r1-scylla,2026-09-10T10:39:31.5723021Z,249.67000000000002,11.722,0.8778228759765625,3627.28125
a_h1_h2-10m-n3-c8-concurrent_write-r1-scylla,2026-09-10T10:39:37.8835827Z,241.57999999999998,11.722,0.8778915405273438,3630.109375
a_h1_h2-10m-n3-c8-concurrent_write-r1-scylla,2026-09-10T10:39:45.1429150Z,238.7,11.722999999999999,0.8778953552246094,3633.546875
a_h1_h2-10m-n3-c8-concurrent_write-r1-scylla,2026-09-10T10:39:52.4057407Z,312.82,11.722,0.8778953552246094,3637.625
a_h1_h2-10m-n3-c8-concurrent_write-r1-scylla,2026-09-10T10:39:58.9059941Z,251.34,11.722,0.8778953552246094,3642.03125
a_h1_h2-10m-n3-c8-concurrent_write-r1-scylla,2026-09-10T10:40:06.1744393Z,303.78,11.724,0.8778953552246094,3646.125
a_h1_h2-10m-n3-c8-concurrent_write-r1-scylla,2026-09-10T10:40:13.4405333Z,242.56,11.724,0.8778953552246094,3649.984375
a_h1_h2-10m-n3-c8-concurrent_write-r1-scylla,2026-09-10T10:40:19.9690100Z,246.70999999999998,11.724,0.8781089782714844,3653.515625
a_h1_h2-10m-n3-c8-concurrent_write-r1-scylla,2026-09-10T10:40:27.2429137Z,336.13,11.722999999999999,0.8781089782714844,3657.59375
a_h1_h2-10m-n3-c8-concurrent_write-r1-scylla,2026-09-10T10:40:34.5159940Z,295.56,11.722999999999999,0.8782310485839844,3662.203125
a_h1_h2-10m-n3-c8-concurrent_write-r1-scylla,2026-09-10T10:40:41.7753826Z,246.73,11.724,0.8782310485839844,3666.046875
a_h1_h2-10m-n3-c8-concurrent_write-r1-scylla,2026-09-10T10:40:48.9482663Z,377.18,11.722,0.8783111572265625,3670.140625
a_h1_h2-10m-n3-c8-concurrent_write-r1-scylla,2026-09-10T10:40:56.2170198Z,240.29,11.722999999999999,0.8783454895019531,3673.953125
a_h1_h2-10m-n3-c8-concurrent_write-r1-scylla,2026-09-10T10:41:03.4728461Z,242.82999999999998,11.722,0.8783454895019531,3677.96875
a_h1_h2-10m-n3-c8-concurrent_write-r1-scylla,2026-09-10T10:41:09.9897579Z,263.74,11.722999999999999,0.8783454895019531,3681.953125
a_h1_h2-10m-n3-c8-concurrent_write-r1-scylla,2026-09-10T10:41:17.2600644Z,278.81,11.722,0.8785858154296875,3686.203125
a_h1_h2-10m-n3-c8-concurrent_write-r1-scylla,2026-09-10T10:41:24.5375633Z,248.92000000000002,11.722999999999999,0.8785858154296875,3689.921875
a_h1_h2-10m-n3-c8-concurrent_write-r1-scylla,2026-09-10T10:41:31.8115930Z,282.45,11.722999999999999,0.8785858154296875,3693.296875
a_h1_h2-10m-n3-c8-concurrent_write-r1-scylla,2026-09-10T10:41:39.0314844Z,277.93,11.722999999999999,0.8785858154296875,3696.859375
a_h1_h2-10m-n3-c8-concurrent_write-r1-scylla,2026-09-10T10:41:46.2848060Z,248.19,11.724,0.8785858154296875,3700.5
a_h1_h2-10m-n3-c8-concurrent_write-r1-scylla,2026-09-10T10:41:53.5457508Z,240.2,11.724,0.8785858154296875,3704.640625
a_h1_h2-10m-n3-c8-concurrent_write-r1-scylla,2026-09-10T10:42:00.0367106Z,341.07,11.721,0.8785858154296875,3707.921875
a_h1_h2-10m-n3-c8-concurrent_write-r2-scylla,2026-09-10T12:04:54.6281886Z,206.76999999999998,11.733,0.8584632873535156,3606.671875
a_h1_h2-10m-n3-c8-concurrent_write-r2-scylla,2026-09-10T12:05:01.0824183Z,362.01,11.733,0.8610115051269531,3610
a_h1_h2-10m-n3-c8-concurrent_write-r2-scylla,2026-09-10T12:05:08.3411498Z,289.33000000000004,11.734,0.8610115051269531,3614.421875
a_h1_h2-10m-n3-c8-concurrent_write-r2-scylla,2026-09-10T12:05:15.6086206Z,241.3,11.734,0.8610115051269531,3618.375
a_h1_h2-10m-n3-c8-concurrent_write-r2-scylla,2026-09-10T12:05:22.1016654Z,289.48,11.734,0.8613243103027344,3622.109375
a_h1_h2-10m-n3-c8-concurrent_write-r2-scylla,2026-09-10T12:05:29.3889488Z,317.8,11.734,0.8616752624511719,3626.171875
a_h1_h2-10m-n3-c8-concurrent_write-r2-scylla,2026-09-10T12:05:36.6528679Z,245.97,11.734,0.8616752624511719,3629.75
a_h1_h2-10m-n3-c8-concurrent_write-r2-scylla,2026-09-10T12:05:43.1164877Z,239.62,11.734,0.8616752624511719,3632.84375
a_h1_h2-10m-n3-c8-concurrent_write-r2-scylla,2026-09-10T12:05:50.3965148Z,274.07,11.734,0.8616752624511719,3636.09375
a_h1_h2-10m-n3-c8-concurrent_write-r2-scylla,2026-09-10T12:05:57.6724540Z,246.15,11.734,0.8616752624511719,3640.078125
a_h1_h2-10m-n3-c8-concurrent_write-r2-scylla,2026-09-10T12:06:04.9438954Z,258.69,11.734,0.8616752624511719,3644.109375
a_h1_h2-10m-n3-c8-concurrent_write-r2-scylla,2026-09-10T12:06:12.1304791Z,364.19,11.733,0.8616752624511719,3647.421875
a_h1_h2-10m-n3-c8-concurrent_write-r2-scylla,2026-09-10T12:06:19.3973482Z,253.93,11.734,0.8619461059570312,3651.59375
a_h1_h2-10m-n3-c8-concurrent_write-r2-scylla,2026-09-10T12:06:26.6489652Z,255.61,11.733,0.8619461059570312,3655.421875
a_h1_h2-10m-n3-c8-concurrent_write-r2-scylla,2026-09-10T12:06:33.1609815Z,261.8,11.734,0.8619461059570312,3658.890625
a_h1_h2-10m-n3-c8-concurrent_write-r2-scylla,2026-09-10T12:06:40.4262182Z,241.38,11.734,0.862396240234375,3662.453125
a_h1_h2-10m-n3-c8-concurrent_write-r2-scylla,2026-09-10T12:06:47.6830424Z,318.61,11.734,0.862396240234375,3666.515625
a_h1_h2-10m-n3-c8-concurrent_write-r2-scylla,2026-09-10T12:06:54.9464846Z,245.29999999999998,11.734,0.862396240234375,3670.015625
a_h1_h2-10m-n3-c8-concurrent_write-r2-scylla,2026-09-10T12:07:02.1856055Z,247.54,11.734,0.862396240234375,3674.171875
a_h1_h2-10m-n3-c8-concurrent_write-r2-scylla,2026-09-10T12:07:09.4608006Z,256.79,11.733,0.8626594543457031,3678.296875
a_h1_h2-10m-n3-c8-concurrent_write-r2-scylla,2026-09-10T12:07:16.7209234Z,235.67000000000002,11.733,0.8626594543457031,3682.28125
a_h1_h2-10m-n3-c8-concurrent_write-r2-scylla,2026-09-10T12:07:23.2111249Z,247.48,11.733,0.8626632690429688,3686.171875
a_h1_h2-10m-n3-c8-concurrent_write-r2-scylla,2026-09-10T12:07:30.4760261Z,245.93,11.733,0.8626632690429688,3690.078125
a_h1_h2-10m-n3-c8-concurrent_write-r2-scylla,2026-09-10T12:07:37.7415077Z,246.6,11.734,0.8626632690429688,3693.90625
a_h1_h2-10m-n3-c8-concurrent_write-r2-scylla,2026-09-10T12:07:45.0071515Z,344.57,11.733,0.8626632690429688,3697.84375
a_h1_h2-10m-n3-c8-concurrent_write-r3-scylla,2026-09-10T13:21:42.8272014Z,228.48000000000002,11.74,0.8819808959960938,3518.34375
a_h1_h2-10m-n3-c8-concurrent_write-r3-scylla,2026-09-10T13:21:50.0904673Z,247.27999999999997,11.739,0.8820114135742188,3522.703125
a_h1_h2-10m-n3-c8-concurrent_write-r3-scylla,2026-09-10T13:21:57.3608720Z,250.82999999999998,11.738,0.8820114135742188,3526.515625
a_h1_h2-10m-n3-c8-concurrent_write-r3-scylla,2026-09-10T13:22:03.7320230Z,247.82,11.74,0.8822097778320312,3530.59375
a_h1_h2-10m-n3-c8-concurrent_write-r3-scylla,2026-09-10T13:22:11.0040519Z,271.59,11.739,0.8823432922363281,3534.671875
a_h1_h2-10m-n3-c8-concurrent_write-r3-scylla,2026-09-10T13:22:18.2724253Z,243.34,11.739,0.8823432922363281,3538.375
a_h1_h2-10m-n3-c8-concurrent_write-r3-scylla,2026-09-10T13:22:24.7685922Z,250.61,11.74,0.8823432922363281,3541.515625
a_h1_h2-10m-n3-c8-concurrent_write-r3-scylla,2026-09-10T13:22:32.0278074Z,231.26,11.739,0.8823432922363281,3545.078125
a_h1_h2-10m-n3-c8-concurrent_write-r3-scylla,2026-09-10T13:22:39.2996225Z,243.81,11.739,0.8823432922363281,3548.8125
a_h1_h2-10m-n3-c8-concurrent_write-r3-scylla,2026-09-10T13:22:45.7614264Z,235.85,11.739,0.8823432922363281,3552.25
a_h1_h2-10m-n3-c8-concurrent_write-r3-scylla,2026-09-10T13:22:53.0368735Z,294.54999999999995,11.74,0.8825721740722656,3556.03125
a_h1_h2-10m-n3-c8-concurrent_write-r3-scylla,2026-09-10T13:23:00.3037725Z,254.67000000000002,11.738,0.8825721740722656,3560
a_h1_h2-10m-n3-c8-concurrent_write-r3-scylla,2026-09-10T13:23:07.5771174Z,341.20000000000005,11.739,0.8826560974121094,3564.265625
a_h1_h2-10m-n3-c8-concurrent_write-r3-scylla,2026-09-10T13:23:14.7754036Z,240.35,11.739,0.8826942443847656,3567.90625
a_h1_h2-10m-n3-c8-concurrent_write-r3-scylla,2026-09-10T13:23:22.0497840Z,321.76,11.739,0.8545455932617188,3571.859375
a_h1_h2-10m-n3-c8-concurrent_write-r3-scylla,2026-09-10T13:23:29.3072228Z,244.53,11.739,0.8579254150390625,3575.375
a_h1_h2-10m-n3-c8-concurrent_write-r3-scylla,2026-09-10T13:23:35.7882094Z,288.91999999999996,11.739,0.8579254150390625,3579.078125
a_h1_h2-10m-n3-c8-concurrent_write-r3-scylla,2026-09-10T13:23:43.0612480Z,314.57,11.738,0.8579254150390625,3582.703125
a_h1_h2-10m-n3-c8-concurrent_write-r3-scylla,2026-09-10T13:23:50.3186313Z,281.9,11.739,0.8581733703613281,3586.234375
a_h1_h2-10m-n3-c8-concurrent_write-r3-scylla,2026-09-10T13:23:57.5790669Z,245.57,11.738,0.8581733703613281,3590.421875
a_h1_h2-10m-n3-c8-concurrent_write-r3-scylla,2026-09-10T13:24:04.8149088Z,251.66,11.739,0.8581733703613281,3593.984375
a_h1_h2-10m-n3-c8-concurrent_write-r3-scylla,2026-09-10T13:24:12.0821912Z,247.85999999999999,11.739,0.8581733703613281,3597.796875
a_h1_h2-10m-n3-c8-concurrent_write-r3-scylla,2026-09-10T13:24:19.3512309Z,267.69,11.739,0.8581733703613281,3601.71875
a_h1_h2-10m-n3-c8-concurrent_write-r3-scylla,2026-09-10T13:24:25.8347294Z,324.61,11.738,0.8582344055175781,3605.1875
a_h1_h2-10m-n3-c8-concurrent_write-r3-scylla,2026-09-10T13:24:33.1042962Z,308.13,11.738,0.8582344055175781,3608.125
a_h1_h2-10m-n3-c8-read_single-r1-scylla,2026-09-10T14:01:29.1292813Z,299.73,11.739,0.8126182556152344,1809.171875
a_h1_h2-10m-n3-c8-read_single-r1-scylla,2026-09-10T14:01:36.4045807Z,294.99,11.739,0.8182220458984375,1813.625
a_h1_h2-10m-n3-c8-read_single-r1-scylla,2026-09-10T14:01:43.6798302Z,300.3,11.737,0.8182220458984375,1818.5625
a_h1_h2-10m-n3-c8-read_single-r1-scylla,2026-09-10T14:01:50.9480797Z,288.8,11.737,0.8182220458984375,1822.703125
a_h1_h2-10m-n3-c8-read_single-r1-scylla,2026-09-10T14:01:58.1436875Z,299.79,11.738,0.8182830810546875,1827.015625
a_h1_h2-10m-n3-c8-read_single-r1-scylla,2026-09-10T14:02:05.4073807Z,291.01,11.738,0.8185920715332031,1831.765625
a_h1_h2-10m-n3-c8-read_single-r1-scylla,2026-09-10T14:02:12.6719524Z,293.19,11.737,0.8185920715332031,1835.875
a_h1_h2-10m-n3-c8-read_single-r1-scylla,2026-09-10T14:02:19.1615371Z,285.29,11.737,0.8188018798828125,1839.765625
a_h1_h2-10m-n3-c8-read_single-r1-scylla,2026-09-10T14:02:26.4396316Z,304.12,11.737,0.8188629150390625,1843.84375
a_h1_h2-10m-n3-c8-read_single-r1-scylla,2026-09-10T14:02:33.7113339Z,293.01,11.737,0.8188629150390625,1848.515625
a_h1_h2-10m-n3-c8-read_single-r1-scylla,2026-09-10T14:02:40.9800884Z,298.99,11.737,0.8188629150390625,1853.09375
a_h1_h2-10m-n3-c8-read_single-r1-scylla,2026-09-10T14:02:48.1575412Z,305.55,11.738,0.8188629150390625,1856.796875
a_h1_h2-10m-n3-c8-read_single-r1-scylla,2026-09-10T14:02:55.4280568Z,280.61,11.737,0.8188629150390625,1860.78125
a_h1_h2-10m-n3-c8-read_single-r1-scylla,2026-09-10T14:03:02.6940671Z,292.21,11.738,0.8190956115722656,1865.1875
a_h1_h2-10m-n3-c8-read_single-r1-scylla,2026-09-10T14:03:09.1753787Z,284.14,11.737,0.8190956115722656,1869.125
a_h1_h2-10m-n3-c8-read_single-r1-scylla,2026-09-10T14:03:16.4541185Z,289.46000000000004,11.737,0.813018798828125,1873.5625
a_h1_h2-10m-n3-c8-read_single-r1-scylla,2026-09-10T14:03:23.7229091Z,304.92,11.737,0.813018798828125,1878.171875
a_h1_h2-10m-n3-c8-read_single-r1-scylla,2026-09-10T14:03:30.9927713Z,287.1,11.737,0.813018798828125,1882.15625
a_h1_h2-10m-n3-c8-read_single-r1-scylla,2026-09-10T14:03:38.2353395Z,295.84,11.738,0.81591796875,1886.390625
a_h1_h2-10m-n3-c8-read_single-r1-scylla,2026-09-10T14:03:45.5075342Z,298.88,11.739,0.81591796875,1890.671875
a_h1_h2-10m-n3-c8-read_single-r1-scylla,2026-09-10T14:03:52.7721507Z,283.29,11.737,0.816162109375,1894.796875
a_h1_h2-10m-n3-c8-read_single-r1-scylla,2026-09-10T14:03:59.2286820Z,288.63,11.737,0.816162109375,1899.03125
a_h1_h2-10m-n3-c8-read_single-r1-scylla,2026-09-10T14:04:06.4869625Z,275.68,11.737,0.816162109375,1902.9375
a_h1_h2-10m-n3-c8-read_single-r1-scylla,2026-09-10T14:04:13.7552741Z,293.69,11.737,0.816162109375,1906.65625
a_h1_h2-10m-n3-c8-read_single-r1-scylla,2026-09-10T14:04:21.0278623Z,297.07,11.738,0.816162109375,1911.265625
a_h1_h2-10m-n3-c8-read_single-r2-scylla,2026-09-10T18:48:09.5288114Z,302.86,11.68,0.8133125305175781,1820.78125
a_h1_h2-10m-n3-c8-read_single-r2-scylla,2026-09-10T18:48:16.8243429Z,300.52,11.679,0.8133125305175781,1824.5625
a_h1_h2-10m-n3-c8-read_single-r2-scylla,2026-09-10T18:48:24.1245271Z,309.02,11.68,0.818695068359375,1828.234375
a_h1_h2-10m-n3-c8-read_single-r2-scylla,2026-09-10T18:48:31.2418371Z,303.28,11.68,0.818695068359375,1832.125
a_h1_h2-10m-n3-c8-read_single-r2-scylla,2026-09-10T18:48:38.5419066Z,308.8,11.68,0.8193817138671875,1836.03125
a_h1_h2-10m-n3-c8-read_single-r2-scylla,2026-09-10T18:48:45.8411571Z,299.05,11.68,0.8193817138671875,1839.640625
a_h1_h2-10m-n3-c8-read_single-r2-scylla,2026-09-10T18:48:52.2694077Z,303.52,11.68,0.8193817138671875,1842.90625
a_h1_h2-10m-n3-c8-read_single-r2-scylla,2026-09-10T18:48:59.5594813Z,297.8,11.68,0.8193817138671875,1847.140625
a_h1_h2-10m-n3-c8-read_single-r2-scylla,2026-09-10T18:49:06.8592018Z,303.56,11.68,0.829742431640625,1850.96875
a_h1_h2-10m-n3-c8-read_single-r2-scylla,2026-09-10T18:49:14.1397950Z,303.03,11.68,0.8134574890136719,1855.4375
a_h1_h2-10m-n3-c8-read_single-r2-scylla,2026-09-10T18:49:21.2117370Z,288.98,11.679,0.8138885498046875,1859.1875
a_h1_h2-10m-n3-c8-read_single-r2-scylla,2026-09-10T18:49:28.5181815Z,291.87,11.68,0.8138923645019531,1862.78125
a_h1_h2-10m-n3-c8-read_single-r2-scylla,2026-09-10T18:49:35.8134722Z,306.03000000000003,11.68,0.8164863586425781,1866.71875
a_h1_h2-10m-n3-c8-read_single-r2-scylla,2026-09-10T18:49:42.3610363Z,310.45,11.68,0.8164863586425781,1869.78125
a_h1_h2-10m-n3-c8-read_single-r2-scylla,2026-09-10T18:49:49.6713463Z,294.35,11.68,0.8174514770507812,1873.90625
a_h1_h2-10m-n3-c8-read_single-r2-scylla,2026-09-10T18:49:56.9523023Z,296.19,11.68,0.8174514770507812,1878.578125
a_h1_h2-10m-n3-c8-read_single-r2-scylla,2026-09-10T18:50:04.2382098Z,308.95,11.68,0.81793212890625,1882.125
a_h1_h2-10m-n3-c8-read_single-r2-scylla,2026-09-10T18:50:11.2904586Z,290.95,11.68,0.832427978515625,1886.15625
a_h1_h2-10m-n3-c8-read_single-r2-scylla,2026-09-10T18:50:18.5938138Z,292.14,11.679,0.8323593139648438,1890.4375
a_h1_h2-10m-n3-c8-read_single-r2-scylla,2026-09-10T18:50:25.8880053Z,307.72,11.68,0.8323631286621094,1894.359375
a_h1_h2-10m-n3-c8-read_single-r2-scylla,2026-09-10T18:50:32.3437033Z,315.75,11.68,0.8323631286621094,1897.71875
a_h1_h2-10m-n3-c8-read_single-r2-scylla,2026-09-10T18:50:39.6440348Z,291.55,11.679,0.8323631286621094,1901.859375
a_h1_h2-10m-n3-c8-read_single-r2-scylla,2026-09-10T18:50:46.9778606Z,328.4,11.68,0.8323631286621094,1905.515625
a_h1_h2-10m-n3-c8-read_single-r2-scylla,2026-09-10T18:50:54.2743200Z,318.1,11.68,0.832366943359375,1909.015625
a_h1_h2-10m-n3-c8-read_single-r2-scylla,2026-09-10T18:51:01.3223549Z,315.24,11.68,0.8325958251953125,1913.125
a_h1_h2-10m-n3-c8-read_single-r3-scylla,2026-09-10T19:30:20.0490089Z,282.51,11.705,0.8140029907226562,1827.203125
a_h1_h2-10m-n3-c8-read_single-r3-scylla,2026-09-10T19:30:27.3221223Z,274.04,11.706,0.8139839172363281,1831.875
a_h1_h2-10m-n3-c8-read_single-r3-scylla,2026-09-10T19:30:33.8400791Z,263.12,11.706,0.8201522827148438,1836
a_h1_h2-10m-n3-c8-read_single-r3-scylla,2026-09-10T19:30:41.1376462Z,297.7,11.705,0.8201522827148438,1840.546875
a_h1_h2-10m-n3-c8-read_single-r3-scylla,2026-09-10T19:30:48.4293417Z,296.26,11.706,0.8204078674316406,1844.78125
a_h1_h2-10m-n3-c8-read_single-r3-scylla,2026-09-10T19:30:55.7098448Z,301.86,11.706,0.8204078674316406,1848.625
a_h1_h2-10m-n3-c8-read_single-r3-scylla,2026-09-10T19:31:02.8063221Z,295.5,11.706,0.8206138610839844,1852.734375
a_h1_h2-10m-n3-c8-read_single-r3-scylla,2026-09-10T19:31:10.0799913Z,283.5,11.705,0.8206138610839844,1857.25
a_h1_h2-10m-n3-c8-read_single-r3-scylla,2026-09-10T19:31:17.3617541Z,287.05,11.705,0.8206138610839844,1861.609375
a_h1_h2-10m-n3-c8-read_single-r3-scylla,2026-09-10T19:31:23.8437499Z,280.19,11.705,0.81390380859375,1866.09375
a_h1_h2-10m-n3-c8-read_single-r3-scylla,2026-09-10T19:31:31.1320325Z,279.5,11.705,0.8146400451660156,1870.140625
a_h1_h2-10m-n3-c8-read_single-r3-scylla,2026-09-10T19:31:38.4135866Z,283.17,11.706,0.8186492919921875,1874.28125
a_h1_h2-10m-n3-c8-read_single-r3-scylla,2026-09-10T19:31:45.6975330Z,294.47,11.706,0.8186492919921875,1877.984375
a_h1_h2-10m-n3-c8-read_single-r3-scylla,2026-09-10T19:31:52.8185667Z,289.12,11.706,0.8186492919921875,1882.375
a_h1_h2-10m-n3-c8-read_single-r3-scylla,2026-09-10T19:32:00.0896552Z,286.72,11.705,0.8186492919921875,1886.890625
a_h1_h2-10m-n3-c8-read_single-r3-scylla,2026-09-10T19:32:07.3678284Z,281.35,11.706,0.8196601867675781,1891.765625
a_h1_h2-10m-n3-c8-read_single-r3-scylla,2026-09-10T19:32:13.8631236Z,280.15,11.706,0.8196601867675781,1895.765625
a_h1_h2-10m-n3-c8-read_single-r3-scylla,2026-09-10T19:32:21.1388163Z,292.44,11.706,0.8208045959472656,1900.1875
a_h1_h2-10m-n3-c8-read_single-r3-scylla,2026-09-10T19:32:28.4122480Z,296.3,11.705,0.8208045959472656,1904.171875
a_h1_h2-10m-n3-c8-read_single-r3-scylla,2026-09-10T19:32:35.6996221Z,292.53,11.706,0.8208045959472656,1908.890625
a_h1_h2-10m-n3-c8-read_single-r3-scylla,2026-09-10T19:32:42.8450107Z,278.41999999999996,11.706,0.8208045959472656,1913.78125
a_h1_h2-10m-n3-c8-read_single-r3-scylla,2026-09-10T19:32:50.1246279Z,286.57,11.705,0.8208045959472656,1918.515625
a_h1_h2-10m-n3-c8-read_single-r3-scylla,2026-09-10T19:32:57.4057886Z,286.26,11.706,0.8208045959472656,1922.921875
a_h1_h2-10m-n3-c8-read_single-r3-scylla,2026-09-10T19:33:03.8453877Z,313.21,11.706,0.8208045959472656,1926.84375
a_h1_h2-10m-n3-c8-read_single-r3-scylla,2026-09-10T19:33:11.1280748Z,293.08,11.706,0.8210487365722656,1931.28125
a_h1_h2-10m-n3-c32-concurrent_write-r1-scylla,2026-09-10T20:49:02.6473220Z,422.59,11.718,0.866058349609375,3514.140625
a_h1_h2-10m-n3-c32-concurrent_write-r1-scylla,2026-09-10T20:49:09.9284067Z,407.32,11.716999999999999,0.8665695190429688,3519.859375
a_h1_h2-10m-n3-c32-concurrent_write-r1-scylla,2026-09-10T20:49:16.6726658Z,413.08,11.718,0.8665695190429688,3524.5625
a_h1_h2-10m-n3-c32-concurrent_write-r1-scylla,2026-09-10T20:49:23.9910979Z,426.46000000000004,11.718,0.8665695190429688,3529.875
a_h1_h2-10m-n3-c32-concurrent_write-r1-scylla,2026-09-10T20:49:31.2911225Z,413.97,11.718,0.8668251037597656,3534.828125
a_h1_h2-10m-n3-c32-concurrent_write-r1-scylla,2026-09-10T20:49:38.5866752Z,430.58000000000004,11.718,0.8668251037597656,3539.453125
a_h1_h2-10m-n3-c32-concurrent_write-r1-scylla,2026-09-10T20:49:45.6688707Z,413.56,11.719000000000001,0.8668899536132812,3544.34375
a_h1_h2-10m-n3-c32-concurrent_write-r1-scylla,2026-09-10T20:49:52.9802241Z,386.89,11.718,0.8671455383300781,3549.109375
a_h1_h2-10m-n3-c32-concurrent_write-r1-scylla,2026-09-10T20:50:00.2772438Z,422.59000000000003,11.716999999999999,0.8673744201660156,3553.234375
a_h1_h2-10m-n3-c32-concurrent_write-r1-scylla,2026-09-10T20:50:06.7372260Z,427.57,11.718,0.8673782348632812,3557.921875
a_h1_h2-10m-n3-c32-concurrent_write-r1-scylla,2026-09-10T20:50:14.0437490Z,379.87,11.719000000000001,0.8677711486816406,3563.125
a_h1_h2-10m-n3-c32-concurrent_write-r1-scylla,2026-09-10T20:50:21.3521699Z,425.83000000000004,11.716999999999999,0.8677711486816406,3567.71875
a_h1_h2-10m-n3-c32-concurrent_write-r1-scylla,2026-09-10T20:50:28.6516285Z,401.21000000000004,11.718,0.8680038452148438,3572.984375
a_h1_h2-10m-n3-c32-concurrent_write-r1-scylla,2026-09-10T20:50:35.9179921Z,444.82,11.718,0.8680038452148438,3577.46875
a_h1_h2-10m-n3-c32-concurrent_write-r1-scylla,2026-09-10T20:50:43.2392749Z,445.98,11.719000000000001,0.8680038452148438,3581.390625
a_h1_h2-10m-n3-c32-concurrent_write-r1-scylla,2026-09-10T20:50:50.5520387Z,402.66999999999996,11.718,0.8680038452148438,3586.03125
a_h1_h2-10m-n3-c32-concurrent_write-r1-scylla,2026-09-10T20:50:57.8657237Z,423.55,11.718,0.8682632446289062,3591.171875
a_h1_h2-10m-n3-c32-concurrent_write-r1-scylla,2026-09-10T20:51:04.8869609Z,408.64,11.718,0.8682670593261719,3594.40625
a_h1_h2-10m-n3-c32-concurrent_write-r1-scylla,2026-09-10T20:51:12.2288841Z,386.76,11.719000000000001,0.8682670593261719,3598.609375
a_h1_h2-10m-n3-c32-concurrent_write-r1-scylla,2026-09-10T20:51:19.5259138Z,407.32,11.719000000000001,0.8682670593261719,3602.71875
a_h1_h2-10m-n3-c32-concurrent_write-r1-scylla,2026-09-10T20:51:26.7192958Z,392.66999999999996,11.719000000000001,0.8685150146484375,3607.40625
a_h1_h2-10m-n3-c32-concurrent_write-r1-scylla,2026-09-10T20:51:34.0663550Z,452.03999999999996,11.719000000000001,0.8685150146484375,3612.515625
a_h1_h2-10m-n3-c32-concurrent_write-r1-scylla,2026-09-10T20:51:41.4013151Z,461.94,11.719000000000001,0.8685150146484375,3617.03125
a_h1_h2-10m-n3-c32-concurrent_write-r1-scylla,2026-09-10T20:51:48.6814270Z,405.87,11.716999999999999,0.8685150146484375,3622.09375
a_h1_h2-10m-n3-c32-concurrent_write-r1-scylla,2026-09-10T20:51:55.7474492Z,426.19,11.718,0.8686981201171875,3626.890625
a_h1_h2-10m-n3-c32-concurrent_write-r2-scylla,2026-09-10T22:07:48.0661989Z,387.51,11.723,0.8821792602539062,3605.828125
a_h1_h2-10m-n3-c32-concurrent_write-r2-scylla,2026-09-10T22:07:55.3436229Z,447.23,11.725,0.8567848205566406,3611.53125
a_h1_h2-10m-n3-c32-concurrent_write-r2-scylla,2026-09-10T22:08:02.6366547Z,392.88,11.725999999999999,0.8596725463867188,3616.46875
a_h1_h2-10m-n3-c32-concurrent_write-r2-scylla,2026-09-10T22:08:09.3308106Z,394.19,11.725,0.8600234985351562,3621.90625
a_h1_h2-10m-n3-c32-concurrent_write-r2-scylla,2026-09-10T22:08:16.6295192Z,454.27,11.725999999999999,0.8600234985351562,3627
a_h1_h2-10m-n3-c32-concurrent_write-r2-scylla,2026-09-10T22:08:23.9205140Z,404.14,11.725,0.8601188659667969,3631.609375
a_h1_h2-10m-n3-c32-concurrent_write-r2-scylla,2026-09-10T22:08:31.2184783Z,462.8,11.724,0.8601951599121094,3636.5
a_h1_h2-10m-n3-c32-concurrent_write-r2-scylla,2026-09-10T22:08:38.3040783Z,451.65999999999997,11.725,0.8604202270507812,3640.984375
a_h1_h2-10m-n3-c32-concurrent_write-r2-scylla,2026-09-10T22:08:45.5941274Z,386.1,11.725,0.8604202270507812,3645.96875
a_h1_h2-10m-n3-c32-concurrent_write-r2-scylla,2026-09-10T22:08:52.8796788Z,416.03000000000003,11.725999999999999,0.8604393005371094,3651.671875
a_h1_h2-10m-n3-c32-concurrent_write-r2-scylla,2026-09-10T22:08:59.3332069Z,447.64,11.725,0.8604393005371094,3655.921875
a_h1_h2-10m-n3-c32-concurrent_write-r2-scylla,2026-09-10T22:09:06.6316645Z,387.18,11.725,0.8606681823730469,3660.9375
a_h1_h2-10m-n3-c32-concurrent_write-r2-scylla,2026-09-10T22:09:13.9265202Z,443.85,11.724,0.8606681823730469,3665.90625
a_h1_h2-10m-n3-c32-concurrent_write-r2-scylla,2026-09-10T22:09:21.2221301Z,395.78999999999996,11.725,0.8606681823730469,3671.234375
a_h1_h2-10m-n3-c32-concurrent_write-r2-scylla,2026-09-10T22:09:28.3973228Z,449.89,11.727,0.8609619140625,3676.21875
a_h1_h2-10m-n3-c32-concurrent_write-r2-scylla,2026-09-10T22:09:35.6825389Z,434.4,11.725,0.8609619140625,3681.28125
a_h1_h2-10m-n3-c32-concurrent_write-r2-scylla,2026-09-10T22:09:42.9777788Z,460.43,11.725999999999999,0.8609619140625,3686.28125
a_h1_h2-10m-n3-c32-concurrent_write-r2-scylla,2026-09-10T22:09:49.3920797Z,400.90999999999997,11.725,0.86102294921875,3691.0625
a_h1_h2-10m-n3-c32-concurrent_write-r2-scylla,2026-09-10T22:09:56.6915465Z,435.93,11.725999999999999,0.86126708984375,3696.421875
a_h1_h2-10m-n3-c32-concurrent_write-r2-scylla,2026-09-10T22:10:03.9876033Z,438.49,11.725999999999999,0.86126708984375,3701.828125
a_h1_h2-10m-n3-c32-concurrent_write-r2-scylla,2026-09-10T22:10:11.2713634Z,408.03,11.725999999999999,0.86126708984375,3706.609375
a_h1_h2-10m-n3-c32-concurrent_write-r2-scylla,2026-09-10T22:10:18.3648144Z,427.86,11.725999999999999,0.86126708984375,3711.78125
a_h1_h2-10m-n3-c32-concurrent_write-r2-scylla,2026-09-10T22:10:25.6585981Z,472.17999999999995,11.725,0.8614616394042969,3716.734375
a_h1_h2-10m-n3-c32-concurrent_write-r2-scylla,2026-09-10T22:10:32.9451694Z,403.27,11.725,0.8614616394042969,3721.796875
a_h1_h2-10m-n3-c32-concurrent_write-r2-scylla,2026-09-10T22:10:39.4002313Z,407.93,11.725999999999999,0.8615036010742188,3727.03125
a_h1_h2-10m-n3-c32-concurrent_write-r3-scylla,2026-09-10T23:25:56.1497683Z,383.8,11.73,0.8826675415039062,3553.390625
a_h1_h2-10m-n3-c32-concurrent_write-r3-scylla,2026-09-10T23:26:03.4301625Z,412.23,11.732,0.8829536437988281,3558.71875
a_h1_h2-10m-n3-c32-concurrent_write-r3-scylla,2026-09-10T23:26:09.9048662Z,399.54999999999995,11.732,0.8829536437988281,3563.5625
a_h1_h2-10m-n3-c32-concurrent_write-r3-scylla,2026-09-10T23:26:17.2081394Z,442.56,11.731,0.8829536437988281,3569.515625
a_h1_h2-10m-n3-c32-concurrent_write-r3-scylla,2026-09-10T23:26:24.4917685Z,431.63,11.731,0.8831977844238281,3574.640625
a_h1_h2-10m-n3-c32-concurrent_write-r3-scylla,2026-09-10T23:26:30.9454828Z,388.16999999999996,11.732,0.8831977844238281,3579.609375
a_h1_h2-10m-n3-c32-concurrent_write-r3-scylla,2026-09-10T23:26:38.2359174Z,431.90999999999997,11.732,0.8832664489746094,3585.6875
a_h1_h2-10m-n3-c32-concurrent_write-r3-scylla,2026-09-10T23:26:45.5339133Z,461.42,11.732,0.8833465576171875,3590.984375
a_h1_h2-10m-n3-c32-concurrent_write-r3-scylla,2026-09-10T23:26:51.9405136Z,408.02,11.731,0.8835868835449219,3596.09375
a_h1_h2-10m-n3-c32-concurrent_write-r3-scylla,2026-09-10T23:26:59.2454705Z,447.93,11.732,0.8835868835449219,3601.375
a_h1_h2-10m-n3-c32-concurrent_write-r3-scylla,2026-09-10T23:27:06.5427419Z,410.82,11.732,0.8835868835449219,3606.421875
a_h1_h2-10m-n3-c32-concurrent_write-r3-scylla,2026-09-10T23:27:13.8260360Z,407.94,11.732,0.8835868835449219,3611.109375
a_h1_h2-10m-n3-c32-concurrent_write-r3-scylla,2026-09-10T23:27:20.9505318Z,407.6,11.732,0.8838729858398438,3616.8125
a_h1_h2-10m-n3-c32-concurrent_write-r3-scylla,2026-09-10T23:27:28.2324552Z,387.53,11.732,0.8838729858398438,3621.578125
a_h1_h2-10m-n3-c32-concurrent_write-r3-scylla,2026-09-10T23:27:35.5159147Z,394.71,11.732,0.8838729858398438,3626.78125
a_h1_h2-10m-n3-c32-concurrent_write-r3-scylla,2026-09-10T23:27:41.9897938Z,406.44000000000005,11.732,0.884063720703125,3631.265625
a_h1_h2-10m-n3-c32-concurrent_write-r3-scylla,2026-09-10T23:27:49.2767588Z,389.89,11.731,0.884063720703125,3636.03125
a_h1_h2-10m-n3-c32-concurrent_write-r3-scylla,2026-09-10T23:27:56.5881068Z,412.03,11.732,0.884063720703125,3640.9375
a_h1_h2-10m-n3-c32-concurrent_write-r3-scylla,2026-09-10T23:28:03.8768441Z,416.57,11.732,0.884063720703125,3646.328125
a_h1_h2-10m-n3-c32-concurrent_write-r3-scylla,2026-09-10T23:28:10.9501879Z,397.73,11.732,0.884307861328125,3650.859375
a_h1_h2-10m-n3-c32-concurrent_write-r3-scylla,2026-09-10T23:28:18.2363860Z,421.89,11.732,0.884307861328125,3655.765625
a_h1_h2-10m-n3-c32-concurrent_write-r3-scylla,2026-09-10T23:28:25.5330757Z,420.65,11.732,0.884307861328125,3660.625
a_h1_h2-10m-n3-c32-concurrent_write-r3-scylla,2026-09-10T23:28:32.0787278Z,400.29,11.731,0.884307861328125,3665.8125
a_h1_h2-10m-n3-c32-concurrent_write-r3-scylla,2026-09-10T23:28:39.3759726Z,414.91,11.732,0.884552001953125,3670.859375
a_h1_h2-10m-n3-c32-concurrent_write-r3-scylla,2026-09-10T23:28:46.6676361Z,403.4,11.731,0.884552001953125,3675.875
a_h1_h2-10m-n3-c32-read_single-r1-scylla,2026-09-11T00:07:16.9369359Z,397.53,11.731,0.8252601623535156,1820.40625
a_h1_h2-10m-n3-c32-read_single-r1-scylla,2026-09-11T00:07:23.3527973Z,418.72,11.731,0.8157196044921875,1824.828125
a_h1_h2-10m-n3-c32-read_single-r1-scylla,2026-09-11T00:07:30.6422661Z,398.01,11.732,0.8158226013183594,1830.421875
a_h1_h2-10m-n3-c32-read_single-r1-scylla,2026-09-11T00:07:37.9432910Z,401.35,11.732,0.816162109375,1836.40625
a_h1_h2-10m-n3-c32-read_single-r1-scylla,2026-09-11T00:07:45.2248634Z,390.8,11.732,0.8164253234863281,1841.796875
a_h1_h2-10m-n3-c32-read_single-r1-scylla,2026-09-11T00:07:52.3264373Z,408.04999999999995,11.731,0.8164253234863281,1847.296875
a_h1_h2-10m-n3-c32-read_single-r1-scylla,2026-09-11T00:07:59.6223108Z,387.32,11.731,0.8164291381835938,1852.796875
a_h1_h2-10m-n3-c32-read_single-r1-scylla,2026-09-11T00:08:06.9089581Z,403.6,11.732,0.8166542053222656,1858.671875
a_h1_h2-10m-n3-c32-read_single-r1-scylla,2026-09-11T00:08:13.4198854Z,402.53,11.731,0.8167686462402344,1863.96875
a_h1_h2-10m-n3-c32-read_single-r1-scylla,2026-09-11T00:08:20.7120031Z,390.90999999999997,11.732,0.8190689086914062,1869.875
a_h1_h2-10m-n3-c32-read_single-r1-scylla,2026-09-11T00:08:28.0129000Z,399.71999999999997,11.733,0.8192977905273438,1875.25
a_h1_h2-10m-n3-c32-read_single-r1-scylla,2026-09-11T00:08:35.2988876Z,404.52,11.732,0.8202590942382812,1881.21875
a_h1_h2-10m-n3-c32-read_single-r1-scylla,2026-09-11T00:08:42.3648856Z,410.62,11.732,0.8202590942382812,1886.859375
a_h1_h2-10m-n3-c32-read_single-r1-scylla,2026-09-11T00:08:49.6618972Z,390.03999999999996,11.731,0.8205413818359375,1892.453125
a_h1_h2-10m-n3-c32-read_single-r1-scylla,2026-09-11T00:08:56.9426373Z,394.32,11.731,0.8206024169921875,1898.046875
a_h1_h2-10m-n3-c32-read_single-r1-scylla,2026-09-11T00:09:03.3808724Z,391.06,11.732,0.8206634521484375,1903.796875
a_h1_h2-10m-n3-c32-read_single-r1-scylla,2026-09-11T00:09:10.6821287Z,392.37,11.731,0.8448028564453125,1910.53125
a_h1_h2-10m-n3-c32-read_single-r1-scylla,2026-09-11T00:09:17.9641734Z,403.66,11.732,0.8448028564453125,1916.328125
a_h1_h2-10m-n3-c32-read_single-r1-scylla,2026-09-11T00:09:25.2417594Z,399.77,11.732,0.8448028564453125,1921.375
a_h1_h2-10m-n3-c32-read_single-r1-scylla,2026-09-11T00:09:32.3810777Z,395.90999999999997,11.732,0.8450393676757812,1926.484375
a_h1_h2-10m-n3-c32-read_single-r1-scylla,2026-09-11T00:09:39.6755655Z,387.75,11.731,0.8450393676757812,1931.953125
a_h1_h2-10m-n3-c32-read_single-r1-scylla,2026-09-11T00:09:46.9662902Z,453.62,11.732,0.8454856872558594,1938
a_h1_h2-10m-n3-c32-read_single-r1-scylla,2026-09-11T00:09:53.4512554Z,397.96,11.731,0.8457298278808594,1942.578125
a_h1_h2-10m-n3-c32-read_single-r1-scylla,2026-09-11T00:10:00.7381639Z,382.02,11.732,0.8457298278808594,1948.75
a_h1_h2-10m-n3-c32-read_single-r1-scylla,2026-09-11T00:10:08.0240844Z,390.78,11.732,0.8457298278808594,1954.515625
a_h1_h2-10m-n3-c32-read_single-r2-scylla,2026-09-11T00:48:34.8181825Z,393.41999999999996,11.735,0.82293701171875,1836.984375
a_h1_h2-10m-n3-c32-read_single-r2-scylla,2026-09-11T00:48:42.1058986Z,382.19,11.734,0.8201065063476562,1844.234375
a_h1_h2-10m-n3-c32-read_single-r2-scylla,2026-09-11T00:48:49.4032642Z,411.01,11.734,0.8201141357421875,1849.484375
a_h1_h2-10m-n3-c32-read_single-r2-scylla,2026-09-11T00:48:56.6832063Z,402.87,11.735,0.820159912109375,1855.28125
a_h1_h2-10m-n3-c32-read_single-r2-scylla,2026-09-11T00:49:03.7762628Z,398.73,11.734,0.8204421997070312,1861
a_h1_h2-10m-n3-c32-read_single-r2-scylla,2026-09-11T00:49:11.0560105Z,381.84000000000003,11.735,0.8204460144042969,1866.6875
a_h1_h2-10m-n3-c32-read_single-r2-scylla,2026-09-11T00:49:18.3448270Z,406.1,11.734,0.8204460144042969,1872.34375
a_h1_h2-10m-n3-c32-read_single-r2-scylla,2026-09-11T00:49:24.8253816Z,394.77,11.735,0.8206901550292969,1877.71875
a_h1_h2-10m-n3-c32-read_single-r2-scylla,2026-09-11T00:49:32.1077836Z,392.40999999999997,11.734,0.8211784362792969,1882.9375
a_h1_h2-10m-n3-c32-read_single-r2-scylla,2026-09-11T00:49:39.4058262Z,398.03,11.735,0.8214111328125,1888.84375
a_h1_h2-10m-n3-c32-read_single-r2-scylla,2026-09-11T00:49:46.6939208Z,404.85,11.735,0.8215789794921875,1894.640625
a_h1_h2-10m-n3-c32-read_single-r2-scylla,2026-09-11T00:49:53.8434693Z,396.35,11.735,0.8215789794921875,1900.203125
a_h1_h2-10m-n3-c32-read_single-r2-scylla,2026-09-11T00:50:01.1336231Z,389.57,11.735,0.8216400146484375,1905.53125
a_h1_h2-10m-n3-c32-read_single-r2-scylla,2026-09-11T00:50:08.4240171Z,403.34,11.734,0.8219032287597656,1911.46875
a_h1_h2-10m-n3-c32-read_single-r2-scylla,2026-09-11T00:50:14.8666204Z,404.22,11.735,0.8219032287597656,1916.640625
a_h1_h2-10m-n3-c32-read_single-r2-scylla,2026-09-11T00:50:22.1453808Z,386.53000000000003,11.734,0.8219032287597656,1922.28125
a_h1_h2-10m-n3-c32-read_single-r2-scylla,2026-09-11T00:50:29.4213918Z,398.51,11.734,0.817535400390625,1929.390625
a_h1_h2-10m-n3-c32-read_single-r2-scylla,2026-09-11T00:50:36.7063728Z,404.24,11.735,0.817535400390625,1935.21875
a_h1_h2-10m-n3-c32-read_single-r2-scylla,2026-09-11T00:50:43.8764111Z,412.5,11.734,0.818389892578125,1941.5
a_h1_h2-10m-n3-c32-read_single-r2-scylla,2026-09-11T00:50:51.1656234Z,385.31,11.734,0.8186378479003906,1947.59375
a_h1_h2-10m-n3-c32-read_single-r2-scylla,2026-09-11T00:50:58.4439803Z,400.55,11.734,0.8186378479003906,1953.15625
a_h1_h2-10m-n3-c32-read_single-r2-scylla,2026-09-11T00:51:04.9232141Z,394.72,11.735,0.8186378479003906,1958.84375
a_h1_h2-10m-n3-c32-read_single-r2-scylla,2026-09-11T00:51:12.2132717Z,383.07,11.734,0.8189010620117188,1964.921875
a_h1_h2-10m-n3-c32-read_single-r2-scylla,2026-09-11T00:51:19.5018381Z,405.46000000000004,11.735,0.8189773559570312,1970.921875
a_h1_h2-10m-n3-c32-read_single-r2-scylla,2026-09-11T00:51:26.7818831Z,395.74,11.735,0.8189773559570312,1976.890625
a_h1_h2-10m-n3-c32-read_single-r3-scylla,2026-09-11T01:29:56.3307357Z,394.98,11.739,0.8210029602050781,1839.75
a_h1_h2-10m-n3-c32-read_single-r3-scylla,2026-09-11T01:30:03.6362730Z,401.4,11.738,0.8231391906738281,1846.5625
a_h1_h2-10m-n3-c32-read_single-r3-scylla,2026-09-11T01:30:10.9259801Z,407.83000000000004,11.738,0.8162574768066406,1852.265625
a_h1_h2-10m-n3-c32-read_single-r3-scylla,2026-09-11T01:30:18.2132417Z,400.25,11.737,0.81646728515625,1858.15625
a_h1_h2-10m-n3-c32-read_single-r3-scylla,2026-09-11T01:30:25.3198837Z,402.01,11.738,0.8167076110839844,1863.625
a_h1_h2-10m-n3-c32-read_single-r3-scylla,2026-09-11T01:30:32.6032318Z,387.51,11.738,0.8167076110839844,1870.328125
a_h1_h2-10m-n3-c32-read_single-r3-scylla,2026-09-11T01:30:39.9055886Z,408.82000000000005,11.738,0.8169288635253906,1875.875
a_h1_h2-10m-n3-c32-read_single-r3-scylla,2026-09-11T01:30:46.3382396Z,402.46000000000004,11.737,0.8169479370117188,1880.453125
a_h1_h2-10m-n3-c32-read_single-r3-scylla,2026-09-11T01:30:53.6411005Z,396.4,11.738,0.8170356750488281,1886.078125
a_h1_h2-10m-n3-c32-read_single-r3-scylla,2026-09-11T01:31:00.9168623Z,400.99,11.738,0.8170356750488281,1892.0625
a_h1_h2-10m-n3-c32-read_single-r3-scylla,2026-09-11T01:31:08.2110461Z,404.62,11.738,0.8193778991699219,1898.015625
a_h1_h2-10m-n3-c32-read_single-r3-scylla,2026-09-11T01:31:15.3122666Z,410.66,11.737,0.8202018737792969,1903.671875
a_h1_h2-10m-n3-c32-read_single-r3-scylla,2026-09-11T01:31:22.5903860Z,384.06,11.739,0.8202018737792969,1908.828125
a_h1_h2-10m-n3-c32-read_single-r3-scylla,2026-09-11T01:31:29.8776070Z,405.19,11.738,0.8204460144042969,1915.046875
a_h1_h2-10m-n3-c32-read_single-r3-scylla,2026-09-11T01:31:36.3327967Z,391.22,11.739,0.8204460144042969,1920.640625
a_h1_h2-10m-n3-c32-read_single-r3-scylla,2026-09-11T01:31:43.6128175Z,400.07000000000005,11.738,0.8444442749023438,1927.28125
a_h1_h2-10m-n3-c32-read_single-r3-scylla,2026-09-11T01:31:50.9127595Z,411.52,11.738,0.8175544738769531,1932.96875
a_h1_h2-10m-n3-c32-read_single-r3-scylla,2026-09-11T01:31:58.1964963Z,405.65,11.739,0.8176383972167969,1937.703125
a_h1_h2-10m-n3-c32-read_single-r3-scylla,2026-09-11T01:32:05.3273483Z,400.88,11.737,0.8176383972167969,1943.8125
a_h1_h2-10m-n3-c32-read_single-r3-scylla,2026-09-11T01:32:12.6115936Z,389.98,11.738,0.8178977966308594,1949.21875
a_h1_h2-10m-n3-c32-read_single-r3-scylla,2026-09-11T01:32:19.8919258Z,395.87,11.738,0.8178977966308594,1955
a_h1_h2-10m-n3-c32-read_single-r3-scylla,2026-09-11T01:32:26.3600545Z,396.97,11.738,0.8178977966308594,1960.015625
a_h1_h2-10m-n3-c32-read_single-r3-scylla,2026-09-11T01:32:33.6524609Z,391.58,11.737,0.8183250427246094,1966.40625
a_h1_h2-10m-n3-c32-read_single-r3-scylla,2026-09-11T01:32:40.9542065Z,405.89,11.74,0.8183250427246094,1972.15625
a_h1_h2-10m-n3-c32-read_single-r3-scylla,2026-09-11T01:32:48.2244614Z,402.17,11.738,0.8185806274414062,1977.828125
a_h1_h2-10m-n3-c128-concurrent_write-r1-scylla,2026-09-11T02:48:10.5514533Z,456.72,11.75,0.8882904052734375,3574.46875
a_h1_h2-10m-n3-c128-concurrent_write-r1-scylla,2026-09-11T02:48:16.9806292Z,475.17,11.751,0.8885345458984375,3578.828125
a_h1_h2-10m-n3-c128-concurrent_write-r1-scylla,2026-09-11T02:48:24.2750985Z,501.31,11.751,0.8885955810546875,3584.609375
a_h1_h2-10m-n3-c128-concurrent_write-r1-scylla,2026-09-11T02:48:31.5662638Z,506.92999999999995,11.751,0.8888473510742188,3589.984375
a_h1_h2-10m-n3-c128-concurrent_write-r1-scylla,2026-09-11T02:48:38.0909786Z,489.36,11.75,0.8888511657714844,3594.9375
a_h1_h2-10m-n3-c128-concurrent_write-r1-scylla,2026-09-11T02:48:45.3934710Z,536.58,11.748999999999999,0.8890953063964844,3601.5625
a_h1_h2-10m-n3-c128-concurrent_write-r1-scylla,2026-09-11T02:48:52.7069314Z,425.5,11.75,0.8893585205078125,3608
a_h1_h2-10m-n3-c128-concurrent_write-r1-scylla,2026-09-11T02:48:59.1309860Z,478.5,11.75,0.8893585205078125,3613.078125
a_h1_h2-10m-n3-c128-concurrent_write-r1-scylla,2026-09-11T02:49:06.4313984Z,492.9,11.748999999999999,0.8895797729492188,3619.015625
a_h1_h2-10m-n3-c128-concurrent_write-r1-scylla,2026-09-11T02:49:13.7331353Z,557.44,11.751,0.8895797729492188,3623.96875
a_h1_h2-10m-n3-c128-concurrent_write-r1-scylla,2026-09-11T02:49:21.0454395Z,511.78,11.748999999999999,0.8897933959960938,3628.421875
a_h1_h2-10m-n3-c128-concurrent_write-r1-scylla,2026-09-11T02:49:28.0650180Z,495.91999999999996,11.75,0.8897933959960938,3634.25
a_h1_h2-10m-n3-c128-concurrent_write-r1-scylla,2026-09-11T02:49:35.3969121Z,498.53999999999996,11.751,0.8900146484375,3639.84375
a_h1_h2-10m-n3-c128-concurrent_write-r1-scylla,2026-09-11T02:49:42.6999742Z,509.09000000000003,11.751,0.8900146484375,3645.4375
a_h1_h2-10m-n3-c128-concurrent_write-r1-scylla,2026-09-11T02:49:49.1082803Z,499.39,11.751,0.8902511596679688,3650.40625
a_h1_h2-10m-n3-c128-concurrent_write-r1-scylla,2026-09-11T02:49:56.4281990Z,484.73,11.75,0.8904800415039062,3656.390625
a_h1_h2-10m-n3-c128-concurrent_write-r1-scylla,2026-09-11T02:50:03.7328202Z,569.95,11.751,0.8904800415039062,3662.203125
a_h1_h2-10m-n3-c128-concurrent_write-r1-scylla,2026-09-11T02:50:11.0205154Z,460.64,11.751,0.8907012939453125,3667.40625
a_h1_h2-10m-n3-c128-concurrent_write-r1-scylla,2026-09-11T02:50:18.1216395Z,552.29,11.75,0.8907012939453125,3672.34375
a_h1_h2-10m-n3-c128-concurrent_write-r1-scylla,2026-09-11T02:50:25.4383031Z,454.05,11.75,0.8909645080566406,3677.65625
a_h1_h2-10m-n3-c128-concurrent_write-r1-scylla,2026-09-11T02:50:32.7207443Z,475.94,11.75,0.8909645080566406,3683.625
a_h1_h2-10m-n3-c128-concurrent_write-r1-scylla,2026-09-11T02:50:39.2226630Z,539.7,11.751,0.8912086486816406,3688.953125
a_h1_h2-10m-n3-c128-concurrent_write-r1-scylla,2026-09-11T02:50:46.5238961Z,487.88,11.751,0.8912086486816406,3695.265625
a_h1_h2-10m-n3-c128-concurrent_write-r1-scylla,2026-09-11T02:50:53.8359264Z,482.2,11.751,0.8914527893066406,3700.515625
a_h1_h2-10m-n3-c128-concurrent_write-r1-scylla,2026-09-11T02:51:01.1380081Z,527.84,11.751,0.8916549682617188,3705.984375
a_h1_h2-10m-n3-c128-concurrent_write-r2-scylla,2026-09-11T07:05:47.3897843Z,531.46,11.673,0.8678817749023438,3640.765625
a_h1_h2-10m-n3-c128-concurrent_write-r2-scylla,2026-09-11T07:05:54.6833942Z,479.49,11.672,0.8681449890136719,3647.03125
a_h1_h2-10m-n3-c128-concurrent_write-r2-scylla,2026-09-11T07:06:01.9957266Z,503.31000000000006,11.673,0.8681831359863281,3652.375
a_h1_h2-10m-n3-c128-concurrent_write-r2-scylla,2026-09-11T07:06:08.5978669Z,443.03999999999996,11.671,0.8685302734375,3658.859375
a_h1_h2-10m-n3-c128-concurrent_write-r2-scylla,2026-09-11T07:06:15.8748134Z,501.96000000000004,11.672,0.8685302734375,3664.53125
a_h1_h2-10m-n3-c128-concurrent_write-r2-scylla,2026-09-11T07:06:23.2080900Z,471.18,11.673,0.8687896728515625,3670.546875
a_h1_h2-10m-n3-c128-concurrent_write-r2-scylla,2026-09-11T07:06:30.5137438Z,499.35,11.673,0.8690338134765625,3677.328125
a_h1_h2-10m-n3-c128-concurrent_write-r2-scylla,2026-09-11T07:06:37.4993287Z,454.28,11.673,0.8690338134765625,3683.359375
a_h1_h2-10m-n3-c128-concurrent_write-r2-scylla,2026-09-11T07:06:44.7988990Z,503.46,11.671,0.869232177734375,3687.671875
a_h1_h2-10m-n3-c128-concurrent_write-r2-scylla,2026-09-11T07:06:52.0948196Z,565.1,11.673,0.869232177734375,3692.390625
a_h1_h2-10m-n3-c128-concurrent_write-r2-scylla,2026-09-11T07:06:58.6417029Z,491.31,11.672,0.8694534301757812,3698.265625
a_h1_h2-10m-n3-c128-concurrent_write-r2-scylla,2026-09-11T07:07:05.9525950Z,512.35,11.673,0.8712272644042969,3703.5625
a_h1_h2-10m-n3-c128-concurrent_write-r2-scylla,2026-09-11T07:07:13.2597132Z,533.5999999999999,11.672,0.8712272644042969,3710
a_h1_h2-10m-n3-c128-concurrent_write-r2-scylla,2026-09-11T07:07:20.5600930Z,444.56,11.673,0.8714714050292969,3715.375
a_h1_h2-10m-n3-c128-concurrent_write-r2-scylla,2026-09-11T07:07:27.7364467Z,490.08000000000004,11.673,0.8714714050292969,3719.828125
a_h1_h2-10m-n3-c128-concurrent_write-r2-scylla,2026-09-11T07:07:35.0405380Z,436.91999999999996,11.672,0.8716812133789062,3724.96875
a_h1_h2-10m-n3-c128-concurrent_write-r2-scylla,2026-09-11T07:07:42.3937387Z,547.39,11.671,0.8716812133789062,3730.625
a_h1_h2-10m-n3-c128-concurrent_write-r2-scylla,2026-09-11T07:07:49.7029678Z,508.91,11.672,0.8718986511230469,3735.546875
a_h1_h2-10m-n3-c128-concurrent_write-r2-scylla,2026-09-11T07:07:56.5670342Z,445.45000000000005,11.672,0.8718986511230469,3741
a_h1_h2-10m-n3-c128-concurrent_write-r2-scylla,2026-09-11T07:08:03.8756790Z,505.6,11.671,0.8721351623535156,3746.5625
a_h1_h2-10m-n3-c128-concurrent_write-r2-scylla,2026-09-11T07:08:11.1737428Z,511.44,11.674,0.8721351623535156,3752.953125
a_h1_h2-10m-n3-c128-concurrent_write-r2-scylla,2026-09-11T07:08:17.6160326Z,480.15999999999997,11.673,0.8723716735839844,3757.765625
a_h1_h2-10m-n3-c128-concurrent_write-r2-scylla,2026-09-11T07:08:24.9213873Z,507.74,11.671,0.872589111328125,3763.3125
a_h1_h2-10m-n3-c128-concurrent_write-r2-scylla,2026-09-11T07:08:32.2264646Z,511.03,11.672,0.872589111328125,3768.640625
a_h1_h2-10m-n3-c128-concurrent_write-r2-scylla,2026-09-11T07:08:38.6528533Z,486.22,11.672,0.8729896545410156,3773.71875
a_h1_h2-10m-n3-c128-concurrent_write-r3-scylla,2026-09-11T08:24:40.2176295Z,496.11,11.707,0.8895187377929688,3609.453125
a_h1_h2-10m-n3-c128-concurrent_write-r3-scylla,2026-09-11T08:24:47.5020900Z,467.33,11.705,0.8895454406738281,3614.734375
a_h1_h2-10m-n3-c128-concurrent_write-r3-scylla,2026-09-11T08:24:54.8053948Z,458.44,11.707,0.8897895812988281,3619.78125
a_h1_h2-10m-n3-c128-concurrent_write-r3-scylla,2026-09-11T08:25:01.4364195Z,507.16999999999996,11.706,0.8900337219238281,3624.328125
a_h1_h2-10m-n3-c128-concurrent_write-r3-scylla,2026-09-11T08:25:08.7272689Z,521.89,11.706,0.8900375366210938,3630.78125
a_h1_h2-10m-n3-c128-concurrent_write-r3-scylla,2026-09-11T08:25:16.0391554Z,475.35,11.707,0.8902549743652344,3637.84375
a_h1_h2-10m-n3-c128-concurrent_write-r3-scylla,2026-09-11T08:25:23.3280062Z,445.45000000000005,11.706,0.8902549743652344,3644.46875
a_h1_h2-10m-n3-c128-concurrent_write-r3-scylla,2026-09-11T08:25:30.4547862Z,471.5,11.706,0.8905220031738281,3650.046875
a_h1_h2-10m-n3-c128-concurrent_write-r3-scylla,2026-09-11T08:25:37.7567762Z,539.95,11.706,0.8907203674316406,3655.390625
a_h1_h2-10m-n3-c128-concurrent_write-r3-scylla,2026-09-11T08:25:45.0531111Z,460.76,11.705,0.8907203674316406,3661.65625
a_h1_h2-10m-n3-c128-concurrent_write-r3-scylla,2026-09-11T08:25:51.5726941Z,461.63,11.705,0.8909492492675781,3667.09375
a_h1_h2-10m-n3-c128-concurrent_write-r3-scylla,2026-09-11T08:25:58.8872078Z,534.8,11.706,0.8909492492675781,3671.984375
a_h1_h2-10m-n3-c128-concurrent_write-r3-scylla,2026-09-11T08:26:06.1955819Z,448.64,11.706,0.8911705017089844,3678.125
a_h1_h2-10m-n3-c128-concurrent_write-r3-scylla,2026-09-11T08:26:13.5106447Z,479.53999999999996,11.705,0.89117431640625,3683.65625
a_h1_h2-10m-n3-c128-concurrent_write-r3-scylla,2026-09-11T08:26:20.5509976Z,549.53,11.707,0.8914108276367188,3688.96875
a_h1_h2-10m-n3-c128-concurrent_write-r3-scylla,2026-09-11T08:26:27.8483147Z,447.13,11.706,0.8917083740234375,3694.8125
a_h1_h2-10m-n3-c128-concurrent_write-r3-scylla,2026-09-11T08:26:35.1527480Z,503.44,11.707,0.8917083740234375,3700.4375
a_h1_h2-10m-n3-c128-concurrent_write-r3-scylla,2026-09-11T08:26:41.5419148Z,500.29,11.705,0.891937255859375,3706.03125
a_h1_h2-10m-n3-c128-concurrent_write-r3-scylla,2026-09-11T08:26:48.8360139Z,431.27,11.706,0.891937255859375,3712.234375
a_h1_h2-10m-n3-c128-concurrent_write-r3-scylla,2026-09-11T08:26:56.1413464Z,549.52,11.707,0.8921356201171875,3717.9375
a_h1_h2-10m-n3-c128-concurrent_write-r3-scylla,2026-09-11T08:27:03.4618086Z,468.07,11.707,0.8921356201171875,3723.109375
a_h1_h2-10m-n3-c128-concurrent_write-r3-scylla,2026-09-11T08:27:10.5252114Z,457.82,11.707,0.8923606872558594,3728.25
a_h1_h2-10m-n3-c128-concurrent_write-r3-scylla,2026-09-11T08:27:17.8205438Z,521.39,11.706,0.8923606872558594,3733.546875
a_h1_h2-10m-n3-c128-concurrent_write-r3-scylla,2026-09-11T08:27:25.1375742Z,526.07,11.706,0.8926162719726562,3739.734375
a_h1_h2-10m-n3-c128-concurrent_write-r3-scylla,2026-09-11T08:27:31.6113637Z,512.75,11.707,0.8928451538085938,3745.078125
a_h1_h2-10m-n3-c128-read_single-r1-scylla,2026-09-11T09:05:32.7786040Z,455.87,11.709,0.8249702453613281,1849.828125
a_h1_h2-10m-n3-c128-read_single-r1-scylla,2026-09-11T09:05:40.0600929Z,442.36,11.708,0.8280525207519531,1856.109375
a_h1_h2-10m-n3-c128-read_single-r1-scylla,2026-09-11T09:05:47.3688535Z,455.57,11.708,0.8294410705566406,1863.921875
a_h1_h2-10m-n3-c128-read_single-r1-scylla,2026-09-11T09:05:54.6624237Z,456.4,11.71,0.8295211791992188,1869.890625
a_h1_h2-10m-n3-c128-read_single-r1-scylla,2026-09-11T09:06:01.8511616Z,450.67,11.709999999999999,0.8306465148925781,1877.078125
a_h1_h2-10m-n3-c128-read_single-r1-scylla,2026-09-11T09:06:09.1483649Z,440.05,11.709,0.8309707641601562,1883.609375
a_h1_h2-10m-n3-c128-read_single-r1-scylla,2026-09-11T09:06:16.4621491Z,453.84,11.708,0.8310432434082031,1890.921875
a_h1_h2-10m-n3-c128-read_single-r1-scylla,2026-09-11T09:06:22.8967451Z,447.7,11.709,0.8312835693359375,1896.796875
a_h1_h2-10m-n3-c128-read_single-r1-scylla,2026-09-11T09:06:30.1878633Z,432.09000000000003,11.709,0.8315162658691406,1903.75
a_h1_h2-10m-n3-c128-read_single-r1-scylla,2026-09-11T09:06:37.4810111Z,452.63,11.71,0.8321418762207031,1910.96875
a_h1_h2-10m-n3-c128-read_single-r1-scylla,2026-09-11T09:06:44.7630870Z,457.82,11.709,0.8321456909179688,1917.515625
a_h1_h2-10m-n3-c128-read_single-r1-scylla,2026-09-11T09:06:51.8358718Z,447.65,11.71,0.8323822021484375,1924.546875
a_h1_h2-10m-n3-c128-read_single-r1-scylla,2026-09-11T09:06:59.1313629Z,437.93,11.709,0.8327522277832031,1931.328125
a_h1_h2-10m-n3-c128-read_single-r1-scylla,2026-09-11T09:07:06.4413053Z,454.36,11.71,0.8327560424804688,1937.921875
a_h1_h2-10m-n3-c128-read_single-r1-scylla,2026-09-11T09:07:12.9327895Z,459.58,11.708,0.8328819274902344,1943.765625
a_h1_h2-10m-n3-c128-read_single-r1-scylla,2026-09-11T09:07:20.2213032Z,447.14,11.709,0.8330535888671875,1950.125
a_h1_h2-10m-n3-c128-read_single-r1-scylla,2026-09-11T09:07:27.5344012Z,450.75,11.709,0.8330764770507812,1956.953125
a_h1_h2-10m-n3-c128-read_single-r1-scylla,2026-09-11T09:07:34.8470941Z,453.09000000000003,11.709,0.8330764770507812,1962.890625
a_h1_h2-10m-n3-c128-read_single-r1-scylla,2026-09-11T09:07:41.9138593Z,455.86,11.709,0.8330955505371094,1969.90625
a_h1_h2-10m-n3-c128-read_single-r1-scylla,2026-09-11T09:07:49.1942096Z,433.65999999999997,11.709,0.833160400390625,1977.109375
a_h1_h2-10m-n3-c128-read_single-r1-scylla,2026-09-11T09:07:56.5073156Z,451.47,11.709,0.8548698425292969,1984.09375
a_h1_h2-10m-n3-c128-read_single-r1-scylla,2026-09-11T09:08:02.9701768Z,501.47,11.709,0.8548698425292969,1989.46875
a_h1_h2-10m-n3-c128-read_single-r1-scylla,2026-09-11T09:08:10.2619257Z,451.03,11.71,0.8551177978515625,1995.25
a_h1_h2-10m-n3-c128-read_single-r1-scylla,2026-09-11T09:08:17.5553866Z,467.42999999999995,11.708,0.8551177978515625,2000.734375
a_h1_h2-10m-n3-c128-read_single-r1-scylla,2026-09-11T09:08:24.8516731Z,451.48,11.71,0.8551177978515625,2007.421875
a_h1_h2-10m-n3-c128-read_single-r2-scylla,2026-09-11T09:47:21.6309283Z,440.33000000000004,11.713000000000001,0.82904052734375,1867.5
a_h1_h2-10m-n3-c128-read_single-r2-scylla,2026-09-11T09:47:28.9213331Z,446.32,11.714,0.8302230834960938,1874.796875
a_h1_h2-10m-n3-c128-read_single-r2-scylla,2026-09-11T09:47:36.2230676Z,458.77,11.715,0.8303260803222656,1881.9375
a_h1_h2-10m-n3-c128-read_single-r2-scylla,2026-09-11T09:47:43.3272777Z,450.52,11.713000000000001,0.8305702209472656,1888.21875
a_h1_h2-10m-n3-c128-read_single-r2-scylla,2026-09-11T09:47:50.6084715Z,437.91999999999996,11.713000000000001,0.8308334350585938,1893.96875
a_h1_h2-10m-n3-c128-read_single-r2-scylla,2026-09-11T09:47:57.9309913Z,449.14,11.713000000000001,0.8312873840332031,1900.390625
a_h1_h2-10m-n3-c128-read_single-r2-scylla,2026-09-11T09:48:04.3622833Z,458.06999999999994,11.713000000000001,0.8312873840332031,1905.359375
a_h1_h2-10m-n3-c128-read_single-r2-scylla,2026-09-11T09:48:11.6619271Z,437.4,11.713000000000001,0.832061767578125,1911.875
a_h1_h2-10m-n3-c128-read_single-r2-scylla,2026-09-11T09:48:18.9775508Z,448.87,11.713000000000001,0.8324356079101562,1918.796875
a_h1_h2-10m-n3-c128-read_single-r2-scylla,2026-09-11T09:48:26.2886772Z,449.52,11.714,0.8324356079101562,1927.203125
a_h1_h2-10m-n3-c128-read_single-r2-scylla,2026-09-11T09:48:33.3716948Z,447.71000000000004,11.713000000000001,0.8326873779296875,1933.421875
a_h1_h2-10m-n3-c128-read_single-r2-scylla,2026-09-11T09:48:40.6613141Z,431.93,11.716000000000001,0.8328781127929688,1939.5625
a_h1_h2-10m-n3-c128-read_single-r2-scylla,2026-09-11T09:48:47.9706643Z,451.45,11.715,0.85400390625,1947.0625
a_h1_h2-10m-n3-c128-read_single-r2-scylla,2026-09-11T09:48:54.4395832Z,445.89,11.715,0.8540115356445312,1952.328125
a_h1_h2-10m-n3-c128-read_single-r2-scylla,2026-09-11T09:49:01.7292425Z,446.61,11.714,0.8540802001953125,1959.078125
a_h1_h2-10m-n3-c128-read_single-r2-scylla,2026-09-11T09:49:09.0236186Z,448.31,11.716000000000001,0.854095458984375,1965.921875
a_h1_h2-10m-n3-c128-read_single-r2-scylla,2026-09-11T09:49:16.3187146Z,440.52,11.715,0.8541679382324219,1972.3125
a_h1_h2-10m-n3-c128-read_single-r2-scylla,2026-09-11T09:49:23.3974612Z,461.40000000000003,11.715,0.8541679382324219,1978.96875
a_h1_h2-10m-n3-c128-read_single-r2-scylla,2026-09-11T09:49:30.6901092Z,474.35,11.715,0.8542327880859375,1984.875
a_h1_h2-10m-n3-c128-read_single-r2-scylla,2026-09-11T09:49:38.0063660Z,449.13,11.715,0.8542404174804688,1992.109375
a_h1_h2-10m-n3-c128-read_single-r2-scylla,2026-09-11T09:49:44.4452587Z,457.6,11.715,0.8542404174804688,1998.140625
a_h1_h2-10m-n3-c128-read_single-r2-scylla,2026-09-11T09:49:51.7387911Z,434.0,11.715,0.8544883728027344,2004.640625
a_h1_h2-10m-n3-c128-read_single-r2-scylla,2026-09-11T09:49:59.0409681Z,444.83000000000004,11.715,0.8545112609863281,2010.609375
a_h1_h2-10m-n3-c128-read_single-r2-scylla,2026-09-11T09:50:06.3576159Z,458.23,11.714,0.8545150756835938,2017
a_h1_h2-10m-n3-c128-read_single-r2-scylla,2026-09-11T09:50:13.4324692Z,456.58000000000004,11.715,0.8548240661621094,2023.859375
a_h1_h2-10m-n3-c128-read_single-r3-scylla,2026-09-11T10:27:59.3475761Z,450.33000000000004,11.717,0.8301277160644531,1835
a_h1_h2-10m-n3-c128-read_single-r3-scylla,2026-09-11T10:28:05.8201014Z,443.99,11.718,0.8273582458496094,1841.234375
a_h1_h2-10m-n3-c128-read_single-r3-scylla,2026-09-11T10:28:13.1115078Z,452.55000000000007,11.719,0.8284530639648438,1848.53125
a_h1_h2-10m-n3-c128-read_single-r3-scylla,2026-09-11T10:28:20.4072745Z,451.21000000000004,11.719,0.8285102844238281,1856.75
a_h1_h2-10m-n3-c128-read_single-r3-scylla,2026-09-11T10:28:27.7090288Z,450.22,11.718,0.8288192749023438,1863.9375
a_h1_h2-10m-n3-c128-read_single-r3-scylla,2026-09-11T10:28:34.7894316Z,447.68,11.718,0.829071044921875,1871.0625
a_h1_h2-10m-n3-c128-read_single-r3-scylla,2026-09-11T10:28:42.0640428Z,439.4,11.719,0.8291244506835938,1878.34375
a_h1_h2-10m-n3-c128-read_single-r3-scylla,2026-09-11T10:28:49.3745863Z,457.1,11.717,0.8293647766113281,1885.546875
a_h1_h2-10m-n3-c128-read_single-r3-scylla,2026-09-11T10:28:55.8590725Z,437.98,11.717,0.82958984375,1892.265625
a_h1_h2-10m-n3-c128-read_single-r3-scylla,2026-09-11T10:29:03.1692131Z,444.53999999999996,11.717,0.8300437927246094,1899.046875
a_h1_h2-10m-n3-c128-read_single-r3-scylla,2026-09-11T10:29:10.4794875Z,454.56,11.718,0.8300437927246094,1906.703125
a_h1_h2-10m-n3-c128-read_single-r3-scylla,2026-09-11T10:29:17.7966557Z,457.56,11.718,0.8302764892578125,1913.359375
a_h1_h2-10m-n3-c128-read_single-r3-scylla,2026-09-11T10:29:24.8194820Z,455.56,11.717,0.8306198120117188,1920.734375
a_h1_h2-10m-n3-c128-read_single-r3-scylla,2026-09-11T10:29:32.1127650Z,435.28999999999996,11.718,0.8306236267089844,1927.21875
a_h1_h2-10m-n3-c128-read_single-r3-scylla,2026-09-11T10:29:39.4138952Z,452.71000000000004,11.719,0.8307991027832031,1934.84375
a_h1_h2-10m-n3-c128-read_single-r3-scylla,2026-09-11T10:29:45.8744310Z,458.15,11.718,0.8308868408203125,1941.625
a_h1_h2-10m-n3-c128-read_single-r3-scylla,2026-09-11T10:29:53.1677586Z,444.40999999999997,11.719999999999999,0.8308906555175781,1948.90625
a_h1_h2-10m-n3-c128-read_single-r3-scylla,2026-09-11T10:30:00.4691573Z,451.81,11.718,0.8308906555175781,1956.203125
a_h1_h2-10m-n3-c128-read_single-r3-scylla,2026-09-11T10:30:07.7722042Z,458.08000000000004,11.719,0.8308906555175781,1963.5625
a_h1_h2-10m-n3-c128-read_single-r3-scylla,2026-09-11T10:30:14.8485183Z,463.89,11.719,0.8309516906738281,1969.96875
a_h1_h2-10m-n3-c128-read_single-r3-scylla,2026-09-11T10:30:22.1571925Z,441.85,11.718,0.8310127258300781,1977.125
a_h1_h2-10m-n3-c128-read_single-r3-scylla,2026-09-11T10:30:29.4508192Z,452.45,11.718,0.8533859252929688,1984.984375
a_h1_h2-10m-n3-c128-read_single-r3-scylla,2026-09-11T10:30:35.8696714Z,453.93,11.718,0.82696533203125,1991.265625
a_h1_h2-10m-n3-c128-read_single-r3-scylla,2026-09-11T10:30:43.1583747Z,440.71000000000004,11.718,0.82720947265625,1999.171875
a_h1_h2-10m-n3-c128-read_single-r3-scylla,2026-09-11T10:30:50.4468855Z,444.5,11.717,0.8272171020507812,2005.34375
b_h3-1m-n3-c8-concurrent_write-r1-scylla,2026-09-11T10:39:33.1523415Z,187.38,11.717,0.7761802673339844,432.09375
b_h3-1m-n3-c8-concurrent_write-r1-scylla,2026-09-11T10:39:40.4234478Z,213.13,11.717,0.7750968933105469,437.03125
b_h3-1m-n3-c8-concurrent_write-r1-scylla,2026-09-11T10:39:47.7141867Z,206.42000000000002,11.718,0.7750968933105469,442.25
b_h3-1m-n3-c8-concurrent_write-r1-scylla,2026-09-11T10:39:54.0612382Z,198.9,11.717,0.7754554748535156,446.984375
b_h3-1m-n3-c8-concurrent_write-r1-scylla,2026-09-11T10:40:01.3184671Z,207.45999999999998,11.719,0.7793960571289062,452.09375
b_h3-1m-n3-c8-concurrent_write-r1-scylla,2026-09-11T10:40:08.5924134Z,200.88,11.718,0.7795562744140625,456.8125
b_h3-1m-n3-c8-concurrent_write-r1-scylla,2026-09-11T10:40:15.0735548Z,209.73,11.718,0.7795677185058594,461.21875
b_h3-1m-n3-c8-concurrent_write-r1-scylla,2026-09-11T10:40:22.3524968Z,204.52,11.718,0.7795677185058594,465.71875
b_h3-1m-n3-c8-concurrent_write-r1-scylla,2026-09-11T10:40:29.6354303Z,205.88,11.717,0.7795677185058594,470.890625
b_h3-1m-n3-c8-concurrent_write-r1-scylla,2026-09-11T10:40:36.1412710Z,203.15,11.718,0.7800445556640625,474.796875
b_h3-1m-n3-c8-concurrent_write-r1-scylla,2026-09-11T10:40:43.4224662Z,201.16000000000003,11.717,0.7800445556640625,480.03125
b_h3-1m-n3-c8-concurrent_write-r1-scylla,2026-09-11T10:40:50.7154444Z,199.81,11.717,0.7800445556640625,485.1875
b_h3-1m-n3-c8-concurrent_write-r1-scylla,2026-09-11T10:40:58.0076120Z,209.06,11.719,0.7800445556640625,490.3125
b_h3-1m-n3-c8-concurrent_write-r1-scylla,2026-09-11T10:41:05.1359289Z,198.42000000000002,11.717,0.7800445556640625,495.328125
b_h3-1m-n3-c8-concurrent_write-r1-scylla,2026-09-11T10:41:12.4148145Z,202.58,11.718,0.7800788879394531,500.546875
b_h3-1m-n3-c8-concurrent_write-r1-scylla,2026-09-11T10:41:19.7002707Z,280.74,11.719,0.7755012512207031,506.03125
b_h3-1m-n3-c8-concurrent_write-r1-scylla,2026-09-11T10:41:26.1945460Z,266.56,11.718,0.7755012512207031,510.515625
b_h3-1m-n3-c8-concurrent_write-r1-scylla,2026-09-11T10:41:33.4713455Z,201.28,11.717,0.7755012512207031,515.515625
b_h3-1m-n3-c8-concurrent_write-r1-scylla,2026-09-11T10:41:40.7651492Z,207.78000000000003,11.717,0.7755661010742188,520.25
b_h3-1m-n3-c8-concurrent_write-r1-scylla,2026-09-11T10:41:48.0582235Z,202.28,11.717,0.7759819030761719,525
b_h3-1m-n3-c8-concurrent_write-r1-scylla,2026-09-11T10:41:55.2167595Z,204.54000000000002,11.718,0.7759819030761719,530.21875
b_h3-1m-n3-c8-concurrent_write-r1-scylla,2026-09-11T10:42:02.4982906Z,195.45999999999998,11.719999999999999,0.7759819030761719,534.5625
b_h3-1m-n3-c8-concurrent_write-r1-scylla,2026-09-11T10:42:09.7722811Z,205.71,11.718,0.7759933471679688,539.59375
b_h3-1m-n3-c8-concurrent_write-r1-scylla,2026-09-11T10:42:16.2319944Z,204.93,11.718,0.7759933471679688,543.5625
b_h3-1m-n3-c8-concurrent_write-r1-scylla,2026-09-11T10:42:23.5029379Z,196.06,11.718,0.775970458984375,548.390625
b_h3-1m-n3-c8-concurrent_write-r2-scylla,2026-09-11T10:50:58.7511772Z,191.52,11.722,0.7763786315917969,429.90625
b_h3-1m-n3-c8-concurrent_write-r2-scylla,2026-09-11T10:51:05.3611769Z,200.97,11.721,0.7808799743652344,434.75
b_h3-1m-n3-c8-concurrent_write-r2-scylla,2026-09-11T10:51:12.6395223Z,205.76,11.719999999999999,0.7819366455078125,440.1875
b_h3-1m-n3-c8-concurrent_write-r2-scylla,2026-09-11T10:51:19.9206087Z,203.72,11.719999999999999,0.7819366455078125,445.34375
b_h3-1m-n3-c8-concurrent_write-r2-scylla,2026-09-11T10:51:26.5007665Z,205.73,11.719999999999999,0.7825202941894531,449.8125
b_h3-1m-n3-c8-concurrent_write-r2-scylla,2026-09-11T10:51:33.7741087Z,200.03,11.722,0.7825202941894531,454.84375
b_h3-1m-n3-c8-concurrent_write-r2-scylla,2026-09-11T10:51:41.0524392Z,210.58999999999997,11.719,0.7825202941894531,460
b_h3-1m-n3-c8-concurrent_write-r2-scylla,2026-09-11T10:51:48.3309513Z,209.79000000000002,11.721,0.7826118469238281,464.90625
b_h3-1m-n3-c8-concurrent_write-r2-scylla,2026-09-11T10:51:55.4682475Z,196.47,11.721,0.7826118469238281,470.109375
b_h3-1m-n3-c8-concurrent_write-r2-scylla,2026-09-11T10:52:02.7490683Z,204.1,11.719999999999999,0.7826118469238281,474.8125
b_h3-1m-n3-c8-concurrent_write-r2-scylla,2026-09-11T10:52:10.0421666Z,207.95,11.722,0.7826118469238281,479.796875
b_h3-1m-n3-c8-concurrent_write-r2-scylla,2026-09-11T10:52:16.5241494Z,202.75,11.721,0.7826423645019531,484.25
b_h3-1m-n3-c8-concurrent_write-r2-scylla,2026-09-11T10:52:23.8088761Z,206.5,11.719,0.7826423645019531,488.953125
b_h3-1m-n3-c8-concurrent_write-r2-scylla,2026-09-11T10:52:31.1068944Z,202.48000000000002,11.721,0.7828826904296875,493.953125
b_h3-1m-n3-c8-concurrent_write-r2-scylla,2026-09-11T10:52:38.3966844Z,206.24,11.722,0.7828826904296875,498.640625
b_h3-1m-n3-c8-concurrent_write-r2-scylla,2026-09-11T10:52:45.5174975Z,212.42000000000002,11.722,0.7829170227050781,503.609375
b_h3-1m-n3-c8-concurrent_write-r2-scylla,2026-09-11T10:52:52.7947957Z,205.61,11.719999999999999,0.77581787109375,509.046875
b_h3-1m-n3-c8-concurrent_write-r2-scylla,2026-09-11T10:53:00.0811581Z,206.61,11.719999999999999,0.77581787109375,514.21875
b_h3-1m-n3-c8-concurrent_write-r2-scylla,2026-09-11T10:53:06.5229287Z,206.60000000000002,11.721,0.77581787109375,518.53125
b_h3-1m-n3-c8-concurrent_write-r2-scylla,2026-09-11T10:53:13.8011236Z,207.4,11.719999999999999,0.7758331298828125,523.328125
b_h3-1m-n3-c8-concurrent_write-r2-scylla,2026-09-11T10:53:21.1003665Z,208.76,11.722,0.7758636474609375,527.671875
b_h3-1m-n3-c8-concurrent_write-r2-scylla,2026-09-11T10:53:28.3837142Z,210.86,11.721,0.7758636474609375,531.71875
b_h3-1m-n3-c8-concurrent_write-r2-scylla,2026-09-11T10:53:35.5363273Z,202.45,11.721,0.7758636474609375,536.859375
b_h3-1m-n3-c8-concurrent_write-r2-scylla,2026-09-11T10:53:42.8183699Z,211.31,11.721,0.7758636474609375,541
b_h3-1m-n3-c8-concurrent_write-r2-scylla,2026-09-11T10:53:50.1147017Z,206.25,11.719999999999999,0.7758636474609375,545.34375
b_h3-1m-n3-c8-concurrent_write-r3-scylla,2026-09-11T11:02:23.8487069Z,195.37,11.722,0.7791213989257812,437.96875
b_h3-1m-n3-c8-concurrent_write-r3-scylla,2026-09-11T11:02:31.1184685Z,197.44,11.722,0.7764739990234375,442.828125
b_h3-1m-n3-c8-concurrent_write-r3-scylla,2026-09-11T11:02:38.3993136Z,204.74,11.721,0.7764854431152344,447.71875
b_h3-1m-n3-c8-concurrent_write-r3-scylla,2026-09-11T11:02:44.7711566Z,205.47,11.721,0.7765464782714844,451.8125
b_h3-1m-n3-c8-concurrent_write-r3-scylla,2026-09-11T11:02:52.0404492Z,197.88,11.722,0.7784156799316406,456.671875
b_h3-1m-n3-c8-concurrent_write-r3-scylla,2026-09-11T11:02:59.3262505Z,203.14,11.722999999999999,0.7784156799316406,461.0625
b_h3-1m-n3-c8-concurrent_write-r3-scylla,2026-09-11T11:03:05.8106910Z,201.32999999999998,11.722,0.7784156799316406,465.328125
b_h3-1m-n3-c8-concurrent_write-r3-scylla,2026-09-11T11:03:13.0755321Z,201.73,11.722,0.7785301208496094,470.015625
b_h3-1m-n3-c8-concurrent_write-r3-scylla,2026-09-11T11:03:20.3424790Z,205.05,11.722,0.7785301208496094,474.75
b_h3-1m-n3-c8-concurrent_write-r3-scylla,2026-09-11T11:03:26.8602138Z,204.1,11.722,0.7785415649414062,479.578125
b_h3-1m-n3-c8-concurrent_write-r3-scylla,2026-09-11T11:03:34.1330695Z,195.16,11.722,0.7785415649414062,484.59375
b_h3-1m-n3-c8-concurrent_write-r3-scylla,2026-09-11T11:03:41.4119748Z,207.76,11.721,0.7785415649414062,489.875
b_h3-1m-n3-c8-concurrent_write-r3-scylla,2026-09-11T11:03:48.6897821Z,205.06,11.722999999999999,0.7793083190917969,494.453125
b_h3-1m-n3-c8-concurrent_write-r3-scylla,2026-09-11T11:03:55.8337979Z,202.72,11.722,0.7793083190917969,499.03125
b_h3-1m-n3-c8-concurrent_write-r3-scylla,2026-09-11T11:04:03.1057302Z,205.3,11.722,0.7799720764160156,503.90625
b_h3-1m-n3-c8-concurrent_write-r3-scylla,2026-09-11T11:04:10.3911990Z,204.70999999999998,11.722,0.7800102233886719,508.65625
b_h3-1m-n3-c8-concurrent_write-r3-scylla,2026-09-11T11:04:16.8744848Z,204.43,11.722,0.7765388488769531,513.65625
b_h3-1m-n3-c8-concurrent_write-r3-scylla,2026-09-11T11:04:24.1598098Z,201.76,11.722,0.7765388488769531,518.8125
b_h3-1m-n3-c8-concurrent_write-r3-scylla,2026-09-11T11:04:31.4428143Z,207.79000000000002,11.722,0.7766227722167969,523.609375
b_h3-1m-n3-c8-concurrent_write-r3-scylla,2026-09-11T11:04:38.7327506Z,210.37,11.722,0.7766380310058594,528.84375
b_h3-1m-n3-c8-concurrent_write-r3-scylla,2026-09-11T11:04:45.8904579Z,198.12,11.721,0.7766380310058594,533.203125
b_h3-1m-n3-c8-concurrent_write-r3-scylla,2026-09-11T11:04:53.1729181Z,288.82,11.722,0.7766609191894531,538.296875
b_h3-1m-n3-c8-concurrent_write-r3-scylla,2026-09-11T11:05:00.4728855Z,214.70000000000002,11.724,0.7766609191894531,543.265625
b_h3-1m-n3-c8-concurrent_write-r3-scylla,2026-09-11T11:05:06.9557214Z,207.56,11.722999999999999,0.7766609191894531,547.421875
b_h3-1m-n3-c8-concurrent_write-r3-scylla,2026-09-11T11:05:14.2491015Z,204.26,11.722999999999999,0.7767257690429688,552.484375
b_h3-1m-n3-c8-read_single-r1-scylla,2026-09-11T11:10:20.6156123Z,227.76,11.722,0.7771263122558594,258.1875
b_h3-1m-n3-c8-read_single-r1-scylla,2026-09-11T11:10:27.0521397Z,226.46999999999997,11.722999999999999,0.7707099914550781,262.859375
b_h3-1m-n3-c8-read_single-r1-scylla,2026-09-11T11:10:34.3336746Z,222.64,11.722,0.7708168029785156,267.71875
b_h3-1m-n3-c8-read_single-r1-scylla,2026-09-11T11:10:41.6110711Z,223.89,11.722,0.7712669372558594,272.953125
b_h3-1m-n3-c8-read_single-r1-scylla,2026-09-11T11:10:48.8986540Z,233.98000000000002,11.721,0.7712898254394531,278.21875
b_h3-1m-n3-c8-read_single-r1-scylla,2026-09-11T11:10:56.0360379Z,228.32,11.721,0.7726554870605469,283.40625
b_h3-1m-n3-c8-read_single-r1-scylla,2026-09-11T11:11:03.3339917Z,223.6,11.721,0.777069091796875,288.390625
b_h3-1m-n3-c8-read_single-r1-scylla,2026-09-11T11:11:10.6251146Z,232.4,11.721,0.7719612121582031,294.046875
b_h3-1m-n3-c8-read_single-r1-scylla,2026-09-11T11:11:17.0886001Z,231.71,11.721,0.7723121643066406,297.859375
b_h3-1m-n3-c8-read_single-r1-scylla,2026-09-11T11:11:24.3665215Z,228.75,11.721,0.7723121643066406,303.203125
b_h3-1m-n3-c8-read_single-r1-scylla,2026-09-11T11:11:31.6627896Z,230.95999999999998,11.721,0.7743721008300781,308.234375
b_h3-1m-n3-c8-read_single-r1-scylla,2026-09-11T11:11:38.9450957Z,231.06,11.721,0.7743721008300781,313.375
b_h3-1m-n3-c8-read_single-r1-scylla,2026-09-11T11:11:46.0732953Z,234.81,11.722,0.7739753723144531,318.109375
b_h3-1m-n3-c8-read_single-r1-scylla,2026-09-11T11:11:53.3567682Z,222.01,11.721,0.7739753723144531,322.78125
b_h3-1m-n3-c8-read_single-r1-scylla,2026-09-11T11:12:00.6495350Z,224.05,11.722,0.7739753723144531,327.46875
b_h3-1m-n3-c8-read_single-r1-scylla,2026-09-11T11:12:07.1688876Z,222.37,11.722,0.7752113342285156,331.71875
b_h3-1m-n3-c8-read_single-r1-scylla,2026-09-11T11:12:14.4489634Z,225.76999999999998,11.721,0.7752113342285156,336.546875
b_h3-1m-n3-c8-read_single-r1-scylla,2026-09-11T11:12:21.7356016Z,231.63,11.722,0.7752723693847656,341.703125
b_h3-1m-n3-c8-read_single-r1-scylla,2026-09-11T11:12:29.0262974Z,222.91,11.722,0.7752723693847656,346.53125
b_h3-1m-n3-c8-read_single-r1-scylla,2026-09-11T11:12:36.1315235Z,233.17000000000002,11.721,0.7752761840820312,351.453125
b_h3-1m-n3-c8-read_single-r1-scylla,2026-09-11T11:12:43.4085169Z,228.19,11.719999999999999,0.77703857421875,355.96875
b_h3-1m-n3-c8-read_single-r1-scylla,2026-09-11T11:12:50.6823006Z,227.86,11.722,0.77703857421875,361.046875
b_h3-1m-n3-c8-read_single-r1-scylla,2026-09-11T11:12:57.1346049Z,236.66,11.721,0.77703857421875,365.609375
b_h3-1m-n3-c8-read_single-r1-scylla,2026-09-11T11:13:04.4130273Z,237.27999999999997,11.722,0.7770462036132812,370.484375
b_h3-1m-n3-c8-read_single-r1-scylla,2026-09-11T11:13:11.7044541Z,234.69,11.721,0.7770462036132812,374.890625
b_h3-1m-n3-c8-read_single-r2-scylla,2026-09-11T11:18:11.8415915Z,234.29000000000002,11.722,0.7792243957519531,260.5
b_h3-1m-n3-c8-read_single-r2-scylla,2026-09-11T11:18:19.1145856Z,225.74,11.722,0.7713356018066406,265.5625
b_h3-1m-n3-c8-read_single-r2-scylla,2026-09-11T11:18:26.3047496Z,232.54000000000002,11.722,0.7716751098632812,271.09375
b_h3-1m-n3-c8-read_single-r2-scylla,2026-09-11T11:18:33.5816532Z,224.44,11.721,0.7746734619140625,277.28125
b_h3-1m-n3-c8-read_single-r2-scylla,2026-09-11T11:18:40.8612888Z,230.28,11.722999999999999,0.7747001647949219,282.140625
b_h3-1m-n3-c8-read_single-r2-scylla,2026-09-11T11:18:47.3472739Z,232.93,11.722,0.7754173278808594,286.6875
b_h3-1m-n3-c8-read_single-r2-scylla,2026-09-11T11:18:54.6340677Z,226.96,11.722999999999999,0.7754287719726562,292.25
b_h3-1m-n3-c8-read_single-r2-scylla,2026-09-11T11:19:01.9205972Z,228.81,11.722,0.7754287719726562,296.546875
b_h3-1m-n3-c8-read_single-r2-scylla,2026-09-11T11:19:09.2154231Z,235.88,11.722,0.7754287719726562,301.765625
b_h3-1m-n3-c8-read_single-r2-scylla,2026-09-11T11:19:16.3521774Z,233.29000000000002,11.722999999999999,0.7754592895507812,306.640625
b_h3-1m-n3-c8-read_single-r2-scylla,2026-09-11T11:19:23.6337582Z,221.18,11.722,0.7775230407714844,311.0625
b_h3-1m-n3-c8-read_single-r2-scylla,2026-09-11T11:19:30.9231647Z,226.66,11.722999999999999,0.7775230407714844,315.984375
b_h3-1m-n3-c8-read_single-r2-scylla,2026-09-11T11:19:37.3731376Z,230.45,11.721,0.77752685546875,320.171875
b_h3-1m-n3-c8-read_single-r2-scylla,2026-09-11T11:19:44.6493949Z,230.85000000000002,11.722,0.7782783508300781,325.046875
b_h3-1m-n3-c8-read_single-r2-scylla,2026-09-11T11:19:51.9409728Z,228.34,11.721,0.7749710083007812,329.703125
b_h3-1m-n3-c8-read_single-r2-scylla,2026-09-11T11:19:59.2249485Z,225.89,11.722,0.7793846130371094,334.921875
b_h3-1m-n3-c8-read_single-r2-scylla,2026-09-11T11:20:06.4455853Z,331.17,11.722,0.7793846130371094,339.59375
b_h3-1m-n3-c8-read_single-r2-scylla,2026-09-11T11:20:13.7216120Z,218.04,11.721,0.7793502807617188,345.078125
b_h3-1m-n3-c8-read_single-r2-scylla,2026-09-11T11:20:21.0050608Z,233.2,11.722999999999999,0.7793502807617188,349.40625
b_h3-1m-n3-c8-read_single-r2-scylla,2026-09-11T11:20:27.4309325Z,226.89,11.722999999999999,0.7793502807617188,353.65625
b_h3-1m-n3-c8-read_single-r2-scylla,2026-09-11T11:20:34.7168045Z,232.63,11.722,0.7793998718261719,358.46875
b_h3-1m-n3-c8-read_single-r2-scylla,2026-09-11T11:20:42.0051031Z,232.29000000000002,11.722,0.7814903259277344,364.25
b_h3-1m-n3-c8-read_single-r2-scylla,2026-09-11T11:20:49.2865653Z,237.51999999999998,11.722,0.7814979553222656,369.203125
b_h3-1m-n3-c8-read_single-r2-scylla,2026-09-11T11:20:56.4140513Z,228.22,11.722,0.7814979553222656,373.453125
b_h3-1m-n3-c8-read_single-r3-scylla,2026-09-11T11:26:04.9144545Z,231.04000000000002,11.722999999999999,0.7773895263671875,251.875
b_h3-1m-n3-c8-read_single-r3-scylla,2026-09-11T11:26:12.1900528Z,232.43,11.722999999999999,0.7759170532226562,256.671875
b_h3-1m-n3-c8-read_single-r3-scylla,2026-09-11T11:26:19.4868583Z,235.15,11.722,0.7969779968261719,262.3125
b_h3-1m-n3-c8-read_single-r3-scylla,2026-09-11T11:26:26.6422548Z,229.63,11.722999999999999,0.7716636657714844,266.65625
b_h3-1m-n3-c8-read_single-r3-scylla,2026-09-11T11:26:33.9071632Z,232.03,11.722,0.7718276977539062,271.328125
b_h3-1m-n3-c8-read_single-r3-scylla,2026-09-11T11:26:41.1916917Z,229.65,11.722,0.7741279602050781,276.109375
b_h3-1m-n3-c8-read_single-r3-scylla,2026-09-11T11:26:47.6438435Z,226.76,11.721,0.7741889953613281,280.453125
b_h3-1m-n3-c8-read_single-r3-scylla,2026-09-11T11:26:54.9244689Z,239.45,11.722999999999999,0.7772216796875,285.296875
b_h3-1m-n3-c8-read_single-r3-scylla,2026-09-11T11:27:02.2152916Z,226.86,11.722,0.7772216796875,290.28125
b_h3-1m-n3-c8-read_single-r3-scylla,2026-09-11T11:27:09.4996991Z,231.03,11.721,0.7772216796875,294.703125
b_h3-1m-n3-c8-read_single-r3-scylla,2026-09-11T11:27:16.6534256Z,233.22,11.722,0.7772216796875,299.0625
b_h3-1m-n3-c8-read_single-r3-scylla,2026-09-11T11:27:23.9324572Z,228.58999999999997,11.722999999999999,0.7792739868164062,304.171875
b_h3-1m-n3-c8-read_single-r3-scylla,2026-09-11T11:27:31.2195127Z,234.07,11.722999999999999,0.7792739868164062,309.140625
b_h3-1m-n3-c8-read_single-r3-scylla,2026-09-11T11:27:37.6985305Z,227.76,11.722999999999999,0.7798538208007812,313.421875
b_h3-1m-n3-c8-read_single-r3-scylla,2026-09-11T11:27:44.9701157Z,226.77,11.722999999999999,0.7743568420410156,318.546875
b_h3-1m-n3-c8-read_single-r3-scylla,2026-09-11T11:27:52.2645204Z,227.53000000000003,11.722999999999999,0.7776756286621094,323.015625
b_h3-1m-n3-c8-read_single-r3-scylla,2026-09-11T11:27:59.5474306Z,228.72,11.722999999999999,0.7791213989257812,327.859375
b_h3-1m-n3-c8-read_single-r3-scylla,2026-09-11T11:28:06.7338032Z,235.29000000000002,11.722999999999999,0.7791213989257812,332.859375
b_h3-1m-n3-c8-read_single-r3-scylla,2026-09-11T11:28:14.0165969Z,225.09,11.722999999999999,0.7791213989257812,337.6875
b_h3-1m-n3-c8-read_single-r3-scylla,2026-09-11T11:28:21.2919028Z,234.0,11.722,0.7791328430175781,342.109375
b_h3-1m-n3-c8-read_single-r3-scylla,2026-09-11T11:28:27.7398277Z,226.32,11.722999999999999,0.7791328430175781,346.8125
b_h3-1m-n3-c8-read_single-r3-scylla,2026-09-11T11:28:35.0230608Z,227.86,11.721,0.7813262939453125,351.578125
b_h3-1m-n3-c8-read_single-r3-scylla,2026-09-11T11:28:42.3145843Z,238.92000000000002,11.722,0.7813262939453125,357.203125
b_h3-1m-n3-c8-read_single-r3-scylla,2026-09-11T11:28:49.6016420Z,234.98000000000002,11.722999999999999,0.7813262939453125,361.9375
b_h3-1m-n3-c8-read_single-r3-scylla,2026-09-11T11:28:56.7651591Z,228.29,11.721,0.7813262939453125,367.28125
b_h3-1m-n3-c32-concurrent_write-r1-scylla,2026-09-11T11:38:32.5951748Z,348.57,11.726,0.7791213989257812,450.421875
b_h3-1m-n3-c32-concurrent_write-r1-scylla,2026-09-11T11:38:39.9357439Z,403.17,11.724,0.7837295532226562,456.40625
b_h3-1m-n3-c32-concurrent_write-r1-scylla,2026-09-11T11:38:46.4404883Z,464.53,11.725000000000001,0.7837486267089844,460.28125
b_h3-1m-n3-c32-concurrent_write-r1-scylla,2026-09-11T11:38:53.7556738Z,366.92,11.724,0.7838172912597656,466.4375
b_h3-1m-n3-c32-concurrent_write-r1-scylla,2026-09-11T11:39:01.0799713Z,413.83,11.722999999999999,0.7838172912597656,471.71875
b_h3-1m-n3-c32-concurrent_write-r1-scylla,2026-09-11T11:39:08.3415124Z,340.98,11.725,0.7838211059570312,477.65625
b_h3-1m-n3-c32-concurrent_write-r1-scylla,2026-09-11T11:39:15.6337285Z,343.14,11.724,0.7841072082519531,484.875
b_h3-1m-n3-c32-concurrent_write-r1-scylla,2026-09-11T11:39:22.9649925Z,369.82,11.724,0.7841072082519531,490.296875
b_h3-1m-n3-c32-concurrent_write-r1-scylla,2026-09-11T11:39:30.2970193Z,352.91,11.724,0.784332275390625,495.984375
b_h3-1m-n3-c32-concurrent_write-r1-scylla,2026-09-11T11:39:37.3699983Z,354.05,11.724,0.784332275390625,501.875
b_h3-1m-n3-c32-concurrent_write-r1-scylla,2026-09-11T11:39:44.6642527Z,332.0,11.722999999999999,0.784332275390625,508.28125
b_h3-1m-n3-c32-concurrent_write-r1-scylla,2026-09-11T11:39:52.0019365Z,430.78,11.725000000000001,0.784454345703125,513.375
b_h3-1m-n3-c32-concurrent_write-r1-scylla,2026-09-11T11:39:58.4310780Z,353.45,11.722999999999999,0.784454345703125,519.609375
b_h3-1m-n3-c32-concurrent_write-r1-scylla,2026-09-11T11:40:05.7674095Z,351.52,11.725000000000001,0.784454345703125,525.546875
b_h3-1m-n3-c32-concurrent_write-r1-scylla,2026-09-11T11:40:13.0677810Z,344.68,11.724,0.784454345703125,532.53125
b_h3-1m-n3-c32-concurrent_write-r1-scylla,2026-09-11T11:40:20.3778527Z,359.18,11.724,0.7844276428222656,538.796875
b_h3-1m-n3-c32-concurrent_write-r1-scylla,2026-09-11T11:40:27.4110143Z,348.6,11.724,0.7844276428222656,545.3125
b_h3-1m-n3-c32-concurrent_write-r1-scylla,2026-09-11T11:40:34.7916402Z,458.96999999999997,11.724,0.784637451171875,548.375
b_h3-1m-n3-c32-concurrent_write-r1-scylla,2026-09-11T11:40:42.1120872Z,353.24,11.725000000000001,0.784637451171875,553.71875
b_h3-1m-n3-c32-concurrent_write-r1-scylla,2026-09-11T11:40:48.6516432Z,350.67,11.724,0.7846412658691406,558.8125
b_h3-1m-n3-c32-concurrent_write-r1-scylla,2026-09-11T11:40:56.1305402Z,385.06,11.725000000000001,0.7846412658691406,562.09375
b_h3-1m-n3-c32-concurrent_write-r1-scylla,2026-09-11T11:41:03.4912362Z,407.85,11.722999999999999,0.7847023010253906,567.59375
b_h3-1m-n3-c32-concurrent_write-r1-scylla,2026-09-11T11:41:10.8111663Z,396.99,11.725,0.7847023010253906,572.28125
b_h3-1m-n3-c32-concurrent_write-r1-scylla,2026-09-11T11:41:17.5075072Z,333.94,11.724,0.7868995666503906,577.8125
b_h3-1m-n3-c32-concurrent_write-r1-scylla,2026-09-11T11:41:24.8237293Z,335.28999999999996,11.725000000000001,0.7868995666503906,584.28125
b_h3-1m-n3-c32-concurrent_write-r2-scylla,2026-09-11T11:50:27.6688903Z,340.89,11.726,0.7771186828613281,456.9375
b_h3-1m-n3-c32-concurrent_write-r2-scylla,2026-09-11T11:50:34.9639186Z,330.72,11.726,0.7803192138671875,465.046875
b_h3-1m-n3-c32-concurrent_write-r2-scylla,2026-09-11T11:50:42.2557608Z,335.97,11.726,0.7803421020507812,472.53125
b_h3-1m-n3-c32-concurrent_write-r2-scylla,2026-09-11T11:50:48.7899026Z,349.7,11.726,0.7803840637207031,479.0625
b_h3-1m-n3-c32-concurrent_write-r2-scylla,2026-09-11T11:50:56.0835874Z,344.45,11.726,0.7803916931152344,486.1875
b_h3-1m-n3-c32-concurrent_write-r2-scylla,2026-09-11T11:51:03.3929070Z,346.54,11.726,0.7806243896484375,493.296875
b_h3-1m-n3-c32-concurrent_write-r2-scylla,2026-09-11T11:51:10.6851616Z,345.63,11.726,0.7808036804199219,499.28125
b_h3-1m-n3-c32-concurrent_write-r2-scylla,2026-09-11T11:51:17.7970444Z,336.85,11.726,0.7808036804199219,505.875
b_h3-1m-n3-c32-concurrent_write-r2-scylla,2026-09-11T11:51:25.0840935Z,340.22,11.728,0.7809371948242188,512.5
b_h3-1m-n3-c32-concurrent_write-r2-scylla,2026-09-11T11:51:32.3775925Z,336.59,11.726,0.7809982299804688,519.75
b_h3-1m-n3-c32-concurrent_write-r2-scylla,2026-09-11T11:51:38.8154607Z,335.89,11.726,0.7809982299804688,526.125
b_h3-1m-n3-c32-concurrent_write-r2-scylla,2026-09-11T11:51:46.1120308Z,333.96000000000004,11.726,0.7810325622558594,532.34375
b_h3-1m-n3-c32-concurrent_write-r2-scylla,2026-09-11T11:51:53.4224708Z,342.17,11.726,0.7811088562011719,539
b_h3-1m-n3-c32-concurrent_write-r2-scylla,2026-09-11T11:52:00.7201971Z,345.13,11.726,0.7811164855957031,545.5625
b_h3-1m-n3-c32-concurrent_write-r2-scylla,2026-09-11T11:52:07.8375009Z,345.25,11.726,0.7811164855957031,552.265625
b_h3-1m-n3-c32-concurrent_write-r2-scylla,2026-09-11T11:52:15.1276922Z,333.52,11.725000000000001,0.7812538146972656,559.328125
b_h3-1m-n3-c32-concurrent_write-r2-scylla,2026-09-11T11:52:22.4444404Z,348.28999999999996,11.726,0.7830276489257812,566.46875
b_h3-1m-n3-c32-concurrent_write-r2-scylla,2026-09-11T11:52:28.8861419Z,342.88,11.726,0.7830276489257812,572.765625
b_h3-1m-n3-c32-concurrent_write-r2-scylla,2026-09-11T11:52:36.1938468Z,342.92,11.726,0.7830924987792969,579.34375
b_h3-1m-n3-c32-concurrent_write-r2-scylla,2026-09-11T11:52:43.4880128Z,365.22,11.726,0.7854118347167969,586.578125
b_h3-1m-n3-c32-concurrent_write-r2-scylla,2026-09-11T11:52:50.8061217Z,340.36,11.726,0.7858467102050781,594.359375
b_h3-1m-n3-c32-concurrent_write-r2-scylla,2026-09-11T11:52:57.8662350Z,354.58000000000004,11.726,0.7858161926269531,600.0625
b_h3-1m-n3-c32-concurrent_write-r2-scylla,2026-09-11T11:53:05.1787090Z,339.0,11.726,0.7878990173339844,607.171875
b_h3-1m-n3-c32-concurrent_write-r2-scylla,2026-09-11T11:53:12.4978793Z,373.84000000000003,11.726,0.7878990173339844,614.296875
b_h3-1m-n3-c32-concurrent_write-r2-scylla,2026-09-11T11:53:18.8898894Z,343.95,11.727,0.7878990173339844,619.90625
b_h3-1m-n3-c32-concurrent_write-r3-scylla,2026-09-11T12:02:00.6613882Z,339.99,11.728,0.7839126586914062,456.15625
b_h3-1m-n3-c32-concurrent_write-r3-scylla,2026-09-11T12:02:07.1537131Z,346.62,11.728,0.7844352722167969,462.375
b_h3-1m-n3-c32-concurrent_write-r3-scylla,2026-09-11T12:02:14.4324934Z,352.97,11.728,0.78448486328125,469.1875
b_h3-1m-n3-c32-concurrent_write-r3-scylla,2026-09-11T12:02:21.7179270Z,350.81,11.727,0.7850685119628906,475.765625
b_h3-1m-n3-c32-concurrent_write-r3-scylla,2026-09-11T12:02:28.1659706Z,340.28999999999996,11.727,0.78509521484375,481.984375
b_h3-1m-n3-c32-concurrent_write-r3-scylla,2026-09-11T12:02:35.4416786Z,334.57,11.728,0.7853317260742188,488.328125
b_h3-1m-n3-c32-concurrent_write-r3-scylla,2026-09-11T12:02:42.7351062Z,337.01,11.729,0.7853317260742188,495.890625
b_h3-1m-n3-c32-concurrent_write-r3-scylla,2026-09-11T12:02:49.1919619Z,344.36,11.728,0.7853317260742188,502.4375
b_h3-1m-n3-c32-concurrent_write-r3-scylla,2026-09-11T12:02:56.4842884Z,343.62,11.729,0.7854995727539062,509.25
b_h3-1m-n3-c32-concurrent_write-r3-scylla,2026-09-11T12:03:03.7720767Z,342.28,11.727,0.7854995727539062,516.546875
b_h3-1m-n3-c32-concurrent_write-r3-scylla,2026-09-11T12:03:11.0776754Z,354.24,11.728,0.7855072021484375,523.765625
b_h3-1m-n3-c32-concurrent_write-r3-scylla,2026-09-11T12:03:18.2358336Z,353.79999999999995,11.727,0.7855072021484375,530.390625
b_h3-1m-n3-c32-concurrent_write-r3-scylla,2026-09-11T12:03:25.5260160Z,331.7,11.727,0.7855072021484375,537.46875
b_h3-1m-n3-c32-concurrent_write-r3-scylla,2026-09-11T12:03:32.8311195Z,349.52,11.728,0.7855415344238281,544.578125
b_h3-1m-n3-c32-concurrent_write-r3-scylla,2026-09-11T12:03:39.2704121Z,346.2,11.728,0.7858543395996094,550.796875
b_h3-1m-n3-c32-concurrent_write-r3-scylla,2026-09-11T12:03:46.5704997Z,334.44,11.728,0.7858543395996094,557.59375
b_h3-1m-n3-c32-concurrent_write-r3-scylla,2026-09-11T12:03:53.8622018Z,345.90999999999997,11.726,0.7875251770019531,564.296875
b_h3-1m-n3-c32-concurrent_write-r3-scylla,2026-09-11T12:04:01.1577689Z,348.14,11.728,0.7876701354980469,571.34375
b_h3-1m-n3-c32-concurrent_write-r3-scylla,2026-09-11T12:04:08.2652384Z,338.42,11.728,0.7876701354980469,577.328125
b_h3-1m-n3-c32-concurrent_write-r3-scylla,2026-09-11T12:04:15.5597195Z,329.12,11.729,0.7899360656738281,583.921875
b_h3-1m-n3-c32-concurrent_write-r3-scylla,2026-09-11T12:04:22.8634533Z,337.7,11.727,0.7899360656738281,590.59375
b_h3-1m-n3-c32-concurrent_write-r3-scylla,2026-09-11T12:04:29.3280787Z,358.21999999999997,11.729,0.7899360656738281,596.453125
b_h3-1m-n3-c32-concurrent_write-r3-scylla,2026-09-11T12:04:36.6458978Z,343.24,11.727,0.7919921875,603.125
b_h3-1m-n3-c32-concurrent_write-r3-scylla,2026-09-11T12:04:43.9502381Z,347.41999999999996,11.726,0.791961669921875,610.453125
b_h3-1m-n3-c32-concurrent_write-r3-scylla,2026-09-11T12:04:51.2505212Z,351.68,11.728,0.791961669921875,616.96875
b_h3-1m-n3-c32-read_single-r1-scylla,2026-09-11T12:09:56.7616487Z,350.0,11.726,0.7752876281738281,266.4375
b_h3-1m-n3-c32-read_single-r1-scylla,2026-09-11T12:10:04.0640228Z,390.23,11.726,0.7793083190917969,272.421875
b_h3-1m-n3-c32-read_single-r1-scylla,2026-09-11T12:10:11.3751392Z,383.89,11.726,0.7758750915527344,279.171875
b_h3-1m-n3-c32-read_single-r1-scylla,2026-09-11T12:10:18.5477287Z,361.65,11.726,0.7826385498046875,286.3125
b_h3-1m-n3-c32-read_single-r1-scylla,2026-09-11T12:10:25.8414051Z,354.58,11.726,0.7826385498046875,293.203125
b_h3-1m-n3-c32-read_single-r1-scylla,2026-09-11T12:10:33.1498523Z,366.58,11.726,0.7826385498046875,299.765625
b_h3-1m-n3-c32-read_single-r1-scylla,2026-09-11T12:10:39.5258619Z,360.63,11.726,0.7845382690429688,306.15625
b_h3-1m-n3-c32-read_single-r1-scylla,2026-09-11T12:10:46.8160426Z,360.06,11.726,0.7845382690429688,313.9375
b_h3-1m-n3-c32-read_single-r1-scylla,2026-09-11T12:10:54.1153736Z,370.96000000000004,11.726,0.7860221862792969,320.421875
b_h3-1m-n3-c32-read_single-r1-scylla,2026-09-11T12:11:01.4013133Z,367.05,11.726,0.7860221862792969,327.15625
b_h3-1m-n3-c32-read_single-r1-scylla,2026-09-11T12:11:08.5097438Z,363.88,11.726,0.7860488891601562,334.046875
b_h3-1m-n3-c32-read_single-r1-scylla,2026-09-11T12:11:15.7984921Z,344.79,11.726,0.7877845764160156,341.078125
b_h3-1m-n3-c32-read_single-r1-scylla,2026-09-11T12:11:23.0936768Z,366.32,11.726,0.7877845764160156,347.734375
b_h3-1m-n3-c32-read_single-r1-scylla,2026-09-11T12:11:29.5694256Z,361.58,11.727,0.7898406982421875,354.5
b_h3-1m-n3-c32-read_single-r1-scylla,2026-09-11T12:11:36.8464418Z,352.9,11.726,0.7898406982421875,361.109375
b_h3-1m-n3-c32-read_single-r1-scylla,2026-09-11T12:11:44.1394558Z,374.37,11.726,0.7898406982421875,367.5
b_h3-1m-n3-c32-read_single-r1-scylla,2026-09-11T12:11:51.4480906Z,378.46000000000004,11.726,0.7921028137207031,374.46875
b_h3-1m-n3-c32-read_single-r1-scylla,2026-09-11T12:11:58.5037730Z,369.73,11.726,0.7920684814453125,381.203125
b_h3-1m-n3-c32-read_single-r1-scylla,2026-09-11T12:12:05.7944951Z,347.34000000000003,11.726,0.7941017150878906,387.625
b_h3-1m-n3-c32-read_single-r1-scylla,2026-09-11T12:12:13.0837934Z,366.47,11.726,0.7941017150878906,394.734375
b_h3-1m-n3-c32-read_single-r1-scylla,2026-09-11T12:12:19.5685639Z,367.65,11.726,0.7941017150878906,401.34375
b_h3-1m-n3-c32-read_single-r1-scylla,2026-09-11T12:12:26.8667835Z,363.07,11.726,0.7961349487304688,408.671875
b_h3-1m-n3-c32-read_single-r1-scylla,2026-09-11T12:12:34.1682853Z,363.59000000000003,11.726,0.7961349487304688,415.53125
b_h3-1m-n3-c32-read_single-r1-scylla,2026-09-11T12:12:41.4603281Z,361.03999999999996,11.726,0.7961349487304688,422.8125
b_h3-1m-n3-c32-read_single-r1-scylla,2026-09-11T12:12:48.5568723Z,372.82,11.727,0.7982254028320312,430.171875
b_h3-1m-n3-c32-read_single-r2-scylla,2026-09-11T12:17:49.6816271Z,375.08,11.726,0.7777862548828125,265.671875
b_h3-1m-n3-c32-read_single-r2-scylla,2026-09-11T12:17:56.9622297Z,361.07,11.728,0.7810478210449219,273.03125
b_h3-1m-n3-c32-read_single-r2-scylla,2026-09-11T12:18:04.2491945Z,374.90999999999997,11.728,0.7752685546875,279.171875
b_h3-1m-n3-c32-read_single-r2-scylla,2026-09-11T12:18:11.5459406Z,378.51,11.727,0.7878227233886719,287.109375
b_h3-1m-n3-c32-read_single-r2-scylla,2026-09-11T12:18:18.7158031Z,365.1,11.727,0.7781982421875,294.15625
b_h3-1m-n3-c32-read_single-r2-scylla,2026-09-11T12:18:26.0060424Z,356.38,11.726,0.7782096862792969,301.453125
b_h3-1m-n3-c32-read_single-r2-scylla,2026-09-11T12:18:33.3068978Z,357.65999999999997,11.726,0.7805671691894531,308.109375
b_h3-1m-n3-c32-read_single-r2-scylla,2026-09-11T12:18:39.7552051Z,371.5,11.726,0.7806243896484375,314.375
b_h3-1m-n3-c32-read_single-r2-scylla,2026-09-11T12:18:47.0497115Z,363.90999999999997,11.726,0.7806243896484375,321.453125
b_h3-1m-n3-c32-read_single-r2-scylla,2026-09-11T12:18:54.3517321Z,362.1,11.726,0.7830238342285156,328.609375
b_h3-1m-n3-c32-read_single-r2-scylla,2026-09-11T12:19:01.6339487Z,363.54,11.726,0.7830619812011719,335.140625
b_h3-1m-n3-c32-read_single-r2-scylla,2026-09-11T12:19:08.7362757Z,369.06,11.726,0.7847480773925781,341.734375
b_h3-1m-n3-c32-read_single-r2-scylla,2026-09-11T12:19:16.0257765Z,347.89,11.726,0.7848091125488281,348.578125
b_h3-1m-n3-c32-read_single-r2-scylla,2026-09-11T12:19:23.3303949Z,369.99,11.726,0.7848091125488281,354.890625
b_h3-1m-n3-c32-read_single-r2-scylla,2026-09-11T12:19:29.7649128Z,368.6,11.727,0.7868690490722656,360.8125
b_h3-1m-n3-c32-read_single-r2-scylla,2026-09-11T12:19:37.0650019Z,362.19,11.727,0.7868690490722656,367.4375
b_h3-1m-n3-c32-read_single-r2-scylla,2026-09-11T12:19:44.3704245Z,371.40999999999997,11.727,0.7889137268066406,374.359375
b_h3-1m-n3-c32-read_single-r2-scylla,2026-09-11T12:19:51.6638057Z,365.63,11.726,0.7888832092285156,380.71875
b_h3-1m-n3-c32-read_single-r2-scylla,2026-09-11T12:19:58.7618166Z,353.48,11.726,0.7888832092285156,388.21875
b_h3-1m-n3-c32-read_single-r2-scylla,2026-09-11T12:20:06.0545818Z,352.17,11.727,0.79095458984375,394.703125
b_h3-1m-n3-c32-read_single-r2-scylla,2026-09-11T12:20:13.3476734Z,366.65999999999997,11.726,0.79095458984375,401.078125
b_h3-1m-n3-c32-read_single-r2-scylla,2026-09-11T12:20:19.7912229Z,370.69,11.726,0.7930145263671875,407.65625
b_h3-1m-n3-c32-read_single-r2-scylla,2026-09-11T12:20:27.1024952Z,367.78,11.726,0.7930145263671875,414.78125
b_h3-1m-n3-c32-read_single-r2-scylla,2026-09-11T12:20:34.4080705Z,419.54,11.726,0.7930145263671875,420.765625
b_h3-1m-n3-c32-read_single-r2-scylla,2026-09-11T12:20:41.6883623Z,364.90999999999997,11.728,0.7950630187988281,428.109375
b_h3-1m-n3-c32-read_single-r3-scylla,2026-09-11T12:25:43.5935483Z,365.39,11.726,0.7750740051269531,264.8125
b_h3-1m-n3-c32-read_single-r3-scylla,2026-09-11T12:25:50.0181006Z,357.92,11.726,0.77996826171875,271.890625
b_h3-1m-n3-c32-read_single-r3-scylla,2026-09-11T12:25:57.3115504Z,354.8,11.727,0.7757720947265625,279
b_h3-1m-n3-c32-read_single-r3-scylla,2026-09-11T12:26:04.6338228Z,374.83,11.726,0.7902336120605469,286.421875
b_h3-1m-n3-c32-read_single-r3-scylla,2026-09-11T12:26:11.9393157Z,362.72,11.726,0.7789726257324219,292.203125
b_h3-1m-n3-c32-read_single-r3-scylla,2026-09-11T12:26:18.9998465Z,356.92,11.726,0.7809181213378906,299.109375
b_h3-1m-n3-c32-read_single-r3-scylla,2026-09-11T12:26:26.3022610Z,356.93,11.727,0.7809181213378906,305.984375
b_h3-1m-n3-c32-read_single-r3-scylla,2026-09-11T12:26:33.6106583Z,362.19,11.727,0.7809829711914062,312.5
b_h3-1m-n3-c32-read_single-r3-scylla,2026-09-11T12:26:40.0369947Z,365.79,11.726,0.7844924926757812,318.765625
b_h3-1m-n3-c32-read_single-r3-scylla,2026-09-11T12:26:47.3405566Z,359.69,11.727,0.7844924926757812,325.25
b_h3-1m-n3-c32-read_single-r3-scylla,2026-09-11T12:26:54.6390955Z,362.39,11.728,0.786712646484375,332.0625
b_h3-1m-n3-c32-read_single-r3-scylla,2026-09-11T12:27:01.9361690Z,365.15,11.726,0.786712646484375,339.546875
b_h3-1m-n3-c32-read_single-r3-scylla,2026-09-11T12:27:09.0226744Z,361.19,11.726,0.786712646484375,345.5625
b_h3-1m-n3-c32-read_single-r3-scylla,2026-09-11T12:27:16.3101685Z,341.87,11.728,0.7887840270996094,352.5
b_h3-1m-n3-c32-read_single-r3-scylla,2026-09-11T12:27:23.6024622Z,363.63,11.728,0.7887840270996094,359.796875
b_h3-1m-n3-c32-read_single-r3-scylla,2026-09-11T12:27:30.0785061Z,363.21999999999997,11.726,0.7908134460449219,366.1875
b_h3-1m-n3-c32-read_single-r3-scylla,2026-09-11T12:27:37.3705383Z,357.25,11.727,0.7908134460449219,372.28125
b_h3-1m-n3-c32-read_single-r3-scylla,2026-09-11T12:27:44.6734773Z,367.28999999999996,11.726,0.7868194580078125,379.109375
b_h3-1m-n3-c32-read_single-r3-scylla,2026-09-11T12:27:51.9740081Z,360.81,11.727,0.7888526916503906,386.265625
b_h3-1m-n3-c32-read_single-r3-scylla,2026-09-11T12:27:59.0436966Z,367.8,11.726,0.7888526916503906,393.0625
b_h3-1m-n3-c32-read_single-r3-scylla,2026-09-11T12:28:06.3463391Z,357.4,11.726,0.7909126281738281,399.890625
b_h3-1m-n3-c32-read_single-r3-scylla,2026-09-11T12:28:13.6381546Z,364.29999999999995,11.727,0.7909126281738281,407
b_h3-1m-n3-c32-read_single-r3-scylla,2026-09-11T12:28:20.0906105Z,362.1,11.726,0.7909126281738281,413.953125
b_h3-1m-n3-c32-read_single-r3-scylla,2026-09-11T12:28:27.3745212Z,358.56,11.727,0.7929725646972656,421.390625
b_h3-1m-n3-c32-read_single-r3-scylla,2026-09-11T12:28:34.6649817Z,371.74,11.727,0.7929725646972656,428.046875
c_h4-1m-n3-c32-balanced-r1-scylla,2026-09-11T12:37:59.1707696Z,430.77,11.729,0.7784194946289062,405.859375
c_h4-1m-n3-c32-balanced-r1-scylla,2026-09-11T12:38:06.4531364Z,440.74,11.729,0.7858200073242188,410.9375
c_h4-1m-n3-c32-balanced-r1-scylla,2026-09-11T12:38:13.7431396Z,456.75,11.729,0.7858428955078125,415.078125
c_h4-1m-n3-c32-balanced-r1-scylla,2026-09-11T12:38:20.4095619Z,453.41999999999996,11.73,0.7859153747558594,419.25
c_h4-1m-n3-c32-balanced-r1-scylla,2026-09-11T12:38:27.6970526Z,441.96000000000004,11.729,0.7859153747558594,424.625
c_h4-1m-n3-c32-balanced-r1-scylla,2026-09-11T12:38:34.9881407Z,444.9,11.729,0.7859153747558594,430.640625
c_h4-1m-n3-c32-balanced-r1-scylla,2026-09-11T12:38:42.2738157Z,458.48,11.73,0.7859306335449219,435.1875
c_h4-1m-n3-c32-balanced-r1-scylla,2026-09-11T12:38:49.4221545Z,451.0,11.729,0.7859306335449219,439.4375
c_h4-1m-n3-c32-balanced-r1-scylla,2026-09-11T12:38:56.7232102Z,433.36,11.73,0.7859649658203125,444.453125
c_h4-1m-n3-c32-balanced-r1-scylla,2026-09-11T12:39:04.0223289Z,443.1,11.729,0.7860984802246094,448.65625
c_h4-1m-n3-c32-balanced-r1-scylla,2026-09-11T12:39:10.4514390Z,440.2,11.73,0.7860984802246094,452.703125
c_h4-1m-n3-c32-balanced-r1-scylla,2026-09-11T12:39:17.7426269Z,430.88,11.73,0.7861137390136719,457.859375
c_h4-1m-n3-c32-balanced-r1-scylla,2026-09-11T12:39:25.0383757Z,442.53,11.73,0.7861137390136719,462.625
c_h4-1m-n3-c32-balanced-r1-scylla,2026-09-11T12:39:32.3346484Z,446.20000000000005,11.73,0.7861137390136719,467.6875
c_h4-1m-n3-c32-balanced-r1-scylla,2026-09-11T12:39:39.4823374Z,456.94000000000005,11.731,0.7861137390136719,472.65625
c_h4-1m-n3-c32-balanced-r1-scylla,2026-09-11T12:39:46.7675279Z,424.21,11.729,0.7861137390136719,477.53125
c_h4-1m-n3-c32-balanced-r1-scylla,2026-09-11T12:39:54.0741046Z,442.65999999999997,11.729,0.7863502502441406,482.25
c_h4-1m-n3-c32-balanced-r1-scylla,2026-09-11T12:40:00.5140663Z,446.39,11.729,0.7863502502441406,486.296875
c_h4-1m-n3-c32-balanced-r1-scylla,2026-09-11T12:40:07.7988813Z,434.85,11.73,0.7863197326660156,490.734375
c_h4-1m-n3-c32-balanced-r1-scylla,2026-09-11T12:40:15.0998146Z,448.40999999999997,11.73,0.7863197326660156,496.140625
c_h4-1m-n3-c32-balanced-r1-scylla,2026-09-11T12:40:22.4024213Z,452.15999999999997,11.73,0.7863197326660156,500.03125
c_h4-1m-n3-c32-balanced-r1-scylla,2026-09-11T12:40:29.5143452Z,445.09,11.729,0.7863807678222656,504.65625
c_h4-1m-n3-c32-balanced-r1-scylla,2026-09-11T12:40:36.8024230Z,433.6,11.73,0.7863807678222656,509.640625
c_h4-1m-n3-c32-balanced-r1-scylla,2026-09-11T12:40:44.1274458Z,444.85,11.73,0.7863807678222656,515.359375
c_h4-1m-n3-c32-balanced-r1-scylla,2026-09-11T12:40:50.5144630Z,448.98,11.732,0.7863807678222656,519.453125
c_h4-1m-n3-c32-balanced-r2-scylla,2026-09-11T12:50:24.1705719Z,440.56999999999994,11.734,0.79071044921875,407.96875
c_h4-1m-n3-c32-balanced-r2-scylla,2026-09-11T12:50:30.9338449Z,442.78,11.735,0.7780990600585938,412.734375
c_h4-1m-n3-c32-balanced-r2-scylla,2026-09-11T12:50:38.2272692Z,432.81,11.735,0.7783851623535156,417.859375
c_h4-1m-n3-c32-balanced-r2-scylla,2026-09-11T12:50:45.5324516Z,518.42,11.737,0.7785987854003906,422.140625
c_h4-1m-n3-c32-balanced-r2-scylla,2026-09-11T12:50:52.8310593Z,452.53999999999996,11.737,0.7903785705566406,426.4375
c_h4-1m-n3-c32-balanced-r2-scylla,2026-09-11T12:50:59.9213371Z,434.42,11.737,0.7906951904296875,431.5
c_h4-1m-n3-c32-balanced-r2-scylla,2026-09-11T12:51:07.2070987Z,432.76,11.737,0.7906951904296875,435.09375
c_h4-1m-n3-c32-balanced-r2-scylla,2026-09-11T12:51:14.5049235Z,460.7,11.736,0.7911529541015625,439.765625
c_h4-1m-n3-c32-balanced-r2-scylla,2026-09-11T12:51:20.9812343Z,439.52,11.737,0.7911567687988281,443.59375
c_h4-1m-n3-c32-balanced-r2-scylla,2026-09-11T12:51:28.2880482Z,432.05,11.737,0.7911605834960938,448.859375
c_h4-1m-n3-c32-balanced-r2-scylla,2026-09-11T12:51:35.6003931Z,449.51,11.736,0.7911605834960938,453.46875
c_h4-1m-n3-c32-balanced-r2-scylla,2026-09-11T12:51:42.8944889Z,438.99,11.737,0.7911605834960938,458.1875
c_h4-1m-n3-c32-balanced-r2-scylla,2026-09-11T12:51:49.9642429Z,440.0,11.736,0.79119873046875,463.171875
c_h4-1m-n3-c32-balanced-r2-scylla,2026-09-11T12:51:57.2503110Z,444.93,11.735,0.79119873046875,468.09375
c_h4-1m-n3-c32-balanced-r2-scylla,2026-09-11T12:52:04.5464747Z,445.92,11.734,0.79119873046875,473.0625
c_h4-1m-n3-c32-balanced-r2-scylla,2026-09-11T12:52:11.0309014Z,444.79999999999995,11.736,0.79119873046875,477.25
c_h4-1m-n3-c32-balanced-r2-scylla,2026-09-11T12:52:18.3318498Z,443.27,11.736,0.79119873046875,482.453125
c_h4-1m-n3-c32-balanced-r2-scylla,2026-09-11T12:52:25.6347999Z,452.36,11.737,0.7914085388183594,486.765625
c_h4-1m-n3-c32-balanced-r2-scylla,2026-09-11T12:52:32.9476788Z,442.09999999999997,11.736,0.7914237976074219,491.421875
c_h4-1m-n3-c32-balanced-r2-scylla,2026-09-11T12:52:39.9875690Z,441.6,11.737,0.7914237976074219,496.125
c_h4-1m-n3-c32-balanced-r2-scylla,2026-09-11T12:52:47.3019127Z,448.75,11.735,0.7914237976074219,501.265625
c_h4-1m-n3-c32-balanced-r2-scylla,2026-09-11T12:52:54.6242618Z,440.25,11.737,0.7914237976074219,505.515625
c_h4-1m-n3-c32-balanced-r2-scylla,2026-09-11T12:53:01.0460518Z,444.45,11.736,0.7915496826171875,509.15625
c_h4-1m-n3-c32-balanced-r2-scylla,2026-09-11T12:53:08.3525725Z,419.49,11.737,0.7915496826171875,513.765625
c_h4-1m-n3-c32-balanced-r2-scylla,2026-09-11T12:53:15.6469463Z,445.08,11.737,0.7915496826171875,518.171875
c_h4-1m-n3-c32-balanced-r3-scylla,2026-09-11T13:02:47.3702401Z,423.68,11.737,0.7772369384765625,399.921875
c_h4-1m-n3-c32-balanced-r3-scylla,2026-09-11T13:02:54.6584189Z,432.65999999999997,11.737,0.7865524291992188,405.390625
c_h4-1m-n3-c32-balanced-r3-scylla,2026-09-11T13:03:01.3923760Z,465.14,11.737,0.7866134643554688,409.921875
c_h4-1m-n3-c32-balanced-r3-scylla,2026-09-11T13:03:08.6784174Z,436.92,11.737,0.7866325378417969,414.515625
c_h4-1m-n3-c32-balanced-r3-scylla,2026-09-11T13:03:15.9792598Z,456.71000000000004,11.737,0.7866325378417969,419.796875
c_h4-1m-n3-c32-balanced-r3-scylla,2026-09-11T13:03:23.2650370Z,454.88,11.737,0.7779769897460938,424.5
c_h4-1m-n3-c32-balanced-r3-scylla,2026-09-11T13:03:30.3878851Z,443.38,11.738,0.7780075073242188,429.671875
c_h4-1m-n3-c32-balanced-r3-scylla,2026-09-11T13:03:37.6635195Z,432.62,11.739,0.8004264831542969,434.515625
c_h4-1m-n3-c32-balanced-r3-scylla,2026-09-11T13:03:44.9540977Z,443.93,11.737,0.800445556640625,438.8125
c_h4-1m-n3-c32-balanced-r3-scylla,2026-09-11T13:03:51.4143775Z,429.29,11.737,0.800445556640625,442.34375
c_h4-1m-n3-c32-balanced-r3-scylla,2026-09-11T13:03:58.7012023Z,441.35,11.737,0.8008079528808594,447.3125
c_h4-1m-n3-c32-balanced-r3-scylla,2026-09-11T13:04:06.0205222Z,448.56,11.737,0.77825927734375,452.1875
c_h4-1m-n3-c32-balanced-r3-scylla,2026-09-11T13:04:13.3257923Z,475.25,11.737,0.7782821655273438,457
c_h4-1m-n3-c32-balanced-r3-scylla,2026-09-11T13:04:20.3981757Z,456.28,11.738,0.7783279418945312,461.109375
c_h4-1m-n3-c32-balanced-r3-scylla,2026-09-11T13:04:27.7035966Z,426.62,11.738,0.7783279418945312,465.96875
c_h4-1m-n3-c32-balanced-r3-scylla,2026-09-11T13:04:35.0169204Z,451.07,11.738,0.7786445617675781,470.671875
c_h4-1m-n3-c32-balanced-r3-scylla,2026-09-11T13:04:41.4494232Z,445.03,11.739,0.7786178588867188,475.171875
c_h4-1m-n3-c32-balanced-r3-scylla,2026-09-11T13:04:48.7382938Z,436.96000000000004,11.737,0.7788009643554688,479.25
c_h4-1m-n3-c32-balanced-r3-scylla,2026-09-11T13:04:56.0460440Z,441.19000000000005,11.737,0.7788009643554688,484.109375
c_h4-1m-n3-c32-balanced-r3-scylla,2026-09-11T13:05:03.3440418Z,442.74,11.738,0.7788009643554688,488.71875
c_h4-1m-n3-c32-balanced-r3-scylla,2026-09-11T13:05:10.4746635Z,443.2,11.737,0.7788009643554688,492.890625
c_h4-1m-n3-c32-balanced-r3-scylla,2026-09-11T13:05:17.7625436Z,442.69,11.738,0.7788009643554688,497.203125
c_h4-1m-n3-c32-balanced-r3-scylla,2026-09-11T13:05:25.0626310Z,443.57000000000005,11.737,0.7789726257324219,502.25
c_h4-1m-n3-c32-balanced-r3-scylla,2026-09-11T13:05:31.4959114Z,436.67,11.738,0.7789726257324219,506.359375
c_h4-1m-n3-c32-balanced-r3-scylla,2026-09-11T13:05:38.7947294Z,430.03,11.738,0.7789726257324219,511.1875
c_h4-1m-n3-c32-read_heavy-r1-scylla,2026-09-11T13:15:01.6795895Z,436.44,11.74,0.7779655456542969,398.96875
c_h4-1m-n3-c32-read_heavy-r1-scylla,2026-09-11T13:15:08.9487359Z,452.52,11.74,0.7852897644042969,403.9375
c_h4-1m-n3-c32-read_heavy-r1-scylla,2026-09-11T13:15:16.2419256Z,447.27,11.739,0.7852897644042969,408.21875
c_h4-1m-n3-c32-read_heavy-r1-scylla,2026-09-11T13:15:23.5165459Z,440.67999999999995,11.739,0.7853050231933594,412.40625
c_h4-1m-n3-c32-read_heavy-r1-scylla,2026-09-11T13:15:30.7894553Z,446.11,11.74,0.785400390625,417
c_h4-1m-n3-c32-read_heavy-r1-scylla,2026-09-11T13:15:38.0698452Z,428.49,11.739,0.785400390625,422.125
c_h4-1m-n3-c32-read_heavy-r1-scylla,2026-09-11T13:15:45.3664907Z,450.90999999999997,11.74,0.785400390625,426.578125
c_h4-1m-n3-c32-read_heavy-r1-scylla,2026-09-11T13:15:51.8659156Z,458.19,11.739,0.7854042053222656,430.28125
c_h4-1m-n3-c32-read_heavy-r1-scylla,2026-09-11T13:15:59.1531776Z,437.42,11.739,0.7854042053222656,434.203125
c_h4-1m-n3-c32-read_heavy-r1-scylla,2026-09-11T13:16:06.4731169Z,445.26,11.741,0.7789230346679688,439.109375
c_h4-1m-n3-c32-read_heavy-r1-scylla,2026-09-11T13:16:13.7551988Z,444.38,11.74,0.7789230346679688,443.59375
c_h4-1m-n3-c32-read_heavy-r1-scylla,2026-09-11T13:16:20.8424327Z,439.37,11.739,0.7789230346679688,448.015625
c_h4-1m-n3-c32-read_heavy-r1-scylla,2026-09-11T13:16:28.1186307Z,429.75,11.74,0.7789230346679688,452.8125
c_h4-1m-n3-c32-read_heavy-r1-scylla,2026-09-11T13:16:35.4233474Z,444.48,11.739,0.7789306640625,458.15625
c_h4-1m-n3-c32-read_heavy-r1-scylla,2026-09-11T13:16:41.8755283Z,443.12,11.74,0.7789306640625,461.96875
c_h4-1m-n3-c32-read_heavy-r1-scylla,2026-09-11T13:16:49.1685005Z,444.25,11.739,0.7792739868164062,467.296875
c_h4-1m-n3-c32-read_heavy-r1-scylla,2026-09-11T13:16:56.4673301Z,441.49,11.74,0.7792739868164062,471.71875
c_h4-1m-n3-c32-read_heavy-r1-scylla,2026-09-11T13:17:03.7662781Z,451.14,11.74,0.7792816162109375,476.609375
c_h4-1m-n3-c32-read_heavy-r1-scylla,2026-09-11T13:17:10.8610996Z,446.19,11.739,0.7792816162109375,480.421875
c_h4-1m-n3-c32-read_heavy-r1-scylla,2026-09-11T13:17:18.1450342Z,425.78,11.739,0.7798805236816406,484.703125
c_h4-1m-n3-c32-read_heavy-r1-scylla,2026-09-11T13:17:25.4457036Z,447.37,11.74,0.7798805236816406,489.078125
c_h4-1m-n3-c32-read_heavy-r1-scylla,2026-09-11T13:17:31.8978913Z,452.16999999999996,11.74,0.7798805236816406,493.09375
c_h4-1m-n3-c32-read_heavy-r1-scylla,2026-09-11T13:17:39.1895497Z,436.47,11.74,0.7798805236816406,497.671875
c_h4-1m-n3-c32-read_heavy-r1-scylla,2026-09-11T13:17:46.4840218Z,455.81,11.74,0.7798805236816406,502.640625
c_h4-1m-n3-c32-read_heavy-r1-scylla,2026-09-11T13:17:53.7874891Z,434.42,11.74,0.779937744140625,506.9375
c_h4-1m-n3-c32-read_heavy-r2-scylla,2026-09-11T13:27:18.2719173Z,426.58,11.741,0.7775497436523438,398.609375
c_h4-1m-n3-c32-read_heavy-r2-scylla,2026-09-11T13:27:25.5729938Z,456.65999999999997,11.741,0.7859001159667969,403.453125
c_h4-1m-n3-c32-read_heavy-r2-scylla,2026-09-11T13:27:32.2477897Z,440.31,11.74,0.7859001159667969,407.296875
c_h4-1m-n3-c32-read_heavy-r2-scylla,2026-09-11T13:27:39.5377139Z,415.14,11.74,0.7860069274902344,412.078125
c_h4-1m-n3-c32-read_heavy-r2-scylla,2026-09-11T13:27:46.8275983Z,438.58,11.74,0.7860565185546875,416.953125
c_h4-1m-n3-c32-read_heavy-r2-scylla,2026-09-11T13:27:54.1233586Z,422.21,11.741,0.7860565185546875,421.703125
c_h4-1m-n3-c32-read_heavy-r2-scylla,2026-09-11T13:28:01.2835447Z,454.5,11.74,0.7860565185546875,425.75
c_h4-1m-n3-c32-read_heavy-r2-scylla,2026-09-11T13:28:08.5574115Z,425.5,11.74,0.7860679626464844,429.9375
c_h4-1m-n3-c32-read_heavy-r2-scylla,2026-09-11T13:28:15.8528507Z,446.19000000000005,11.741,0.796417236328125,434.546875
c_h4-1m-n3-c32-read_heavy-r2-scylla,2026-09-11T13:28:22.3267272Z,449.95,11.741,0.7778854370117188,438.40625
c_h4-1m-n3-c32-read_heavy-r2-scylla,2026-09-11T13:28:29.6194032Z,429.83,11.741,0.778045654296875,443.125
c_h4-1m-n3-c32-read_heavy-r2-scylla,2026-09-11T13:28:36.9099594Z,430.02,11.741,0.7780532836914062,447.265625
c_h4-1m-n3-c32-read_heavy-r2-scylla,2026-09-11T13:28:44.1895171Z,439.05,11.741,0.7780914306640625,451.015625
c_h4-1m-n3-c32-read_heavy-r2-scylla,2026-09-11T13:28:51.3330842Z,441.59,11.741,0.7780914306640625,455.46875
c_h4-1m-n3-c32-read_heavy-r2-scylla,2026-09-11T13:28:58.6372500Z,426.84000000000003,11.741,0.7780914306640625,460.09375
c_h4-1m-n3-c32-read_heavy-r2-scylla,2026-09-11T13:29:05.9438089Z,443.69,11.741,0.7784500122070312,464.96875
c_h4-1m-n3-c32-read_heavy-r2-scylla,2026-09-11T13:29:12.3752259Z,432.75,11.741,0.7784500122070312,469.25
c_h4-1m-n3-c32-read_heavy-r2-scylla,2026-09-11T13:29:19.6630821Z,438.27,11.742,0.7786865234375,473.546875
c_h4-1m-n3-c32-read_heavy-r2-scylla,2026-09-11T13:29:26.9525781Z,439.28,11.741,0.778656005859375,478.359375
c_h4-1m-n3-c32-read_heavy-r2-scylla,2026-09-11T13:29:34.2510366Z,447.10999999999996,11.741,0.778656005859375,482.484375
c_h4-1m-n3-c32-read_heavy-r2-scylla,2026-09-11T13:29:41.3517918Z,442.22,11.741,0.778656005859375,486.75
c_h4-1m-n3-c32-read_heavy-r2-scylla,2026-09-11T13:29:48.6450662Z,424.25,11.741,0.778656005859375,491.328125
c_h4-1m-n3-c32-read_heavy-r2-scylla,2026-09-11T13:29:55.9245120Z,438.27,11.741,0.7787322998046875,495.625
c_h4-1m-n3-c32-read_heavy-r2-scylla,2026-09-11T13:30:02.3992795Z,449.7,11.741,0.7787322998046875,499.546875
c_h4-1m-n3-c32-read_heavy-r2-scylla,2026-09-11T13:30:09.6881290Z,434.52,11.741,0.7787322998046875,504.109375
c_h4-1m-n3-c32-read_heavy-r3-scylla,2026-09-11T13:39:32.4591486Z,436.19,11.741,0.7788887023925781,395.03125
c_h4-1m-n3-c32-read_heavy-r3-scylla,2026-09-11T13:39:39.7425611Z,458.22,11.742,0.7860450744628906,400.53125
c_h4-1m-n3-c32-read_heavy-r3-scylla,2026-09-11T13:39:47.0347870Z,456.58000000000004,11.741,0.7785072326660156,406.046875
c_h4-1m-n3-c32-read_heavy-r3-scylla,2026-09-11T13:39:54.3129018Z,441.38,11.741,0.77886962890625,412.15625
c_h4-1m-n3-c32-read_heavy-r3-scylla,2026-09-11T13:40:00.7159984Z,444.36,11.742,0.7790412902832031,416.25
c_h4-1m-n3-c32-read_heavy-r3-scylla,2026-09-11T13:40:07.9872576Z,443.63,11.741,0.7790412902832031,421.3125
c_h4-1m-n3-c32-read_heavy-r3-scylla,2026-09-11T13:40:15.2826133Z,445.03,11.742,0.7790451049804688,426.515625
c_h4-1m-n3-c32-read_heavy-r3-scylla,2026-09-11T13:40:21.7564382Z,428.04,11.741,0.7791557312011719,430.65625
c_h4-1m-n3-c32-read_heavy-r3-scylla,2026-09-11T13:40:29.0417703Z,424.44,11.742,0.7791557312011719,435.046875
c_h4-1m-n3-c32-read_heavy-r3-scylla,2026-09-11T13:40:36.3415907Z,434.3,11.742,0.7800559997558594,439.78125
c_h4-1m-n3-c32-read_heavy-r3-scylla,2026-09-11T13:40:42.7909300Z,430.82,11.742,0.7800559997558594,444.125
c_h4-1m-n3-c32-read_heavy-r3-scylla,2026-09-11T13:40:50.0849100Z,428.06,11.742,0.7800559997558594,448.703125
c_h4-1m-n3-c32-read_heavy-r3-scylla,2026-09-11T13:40:57.3753961Z,450.99,11.742,0.7800674438476562,453.1875
c_h4-1m-n3-c32-read_heavy-r3-scylla,2026-09-11T13:41:04.6786003Z,453.0,11.742,0.7800674438476562,457.5
c_h4-1m-n3-c32-read_heavy-r3-scylla,2026-09-11T13:41:11.7811842Z,442.57,11.741,0.7800674438476562,461.609375
c_h4-1m-n3-c32-read_heavy-r3-scylla,2026-09-11T13:41:19.0609226Z,461.69,11.742,0.7800674438476562,465.859375
c_h4-1m-n3-c32-read_heavy-r3-scylla,2026-09-11T13:41:26.3710449Z,443.6,11.742,0.7800674438476562,471.109375
c_h4-1m-n3-c32-read_heavy-r3-scylla,2026-09-11T13:41:32.8193730Z,449.19,11.742,0.7802658081054688,474.71875
c_h4-1m-n3-c32-read_heavy-r3-scylla,2026-09-11T13:41:40.1327366Z,424.09,11.742,0.7802658081054688,479.578125
c_h4-1m-n3-c32-read_heavy-r3-scylla,2026-09-11T13:41:47.4226429Z,443.17,11.742,0.7814483642578125,483.828125
c_h4-1m-n3-c32-read_heavy-r3-scylla,2026-09-11T13:41:54.7101522Z,446.26,11.742,0.7814903259277344,488.625
c_h4-1m-n3-c32-read_heavy-r3-scylla,2026-09-11T13:42:01.8040975Z,429.36,11.742,0.7814903259277344,493.328125
c_h4-1m-n3-c32-read_heavy-r3-scylla,2026-09-11T13:42:09.0912416Z,431.39,11.742,0.7816200256347656,498.078125
c_h4-1m-n3-c32-read_heavy-r3-scylla,2026-09-11T13:42:16.3834862Z,445.28,11.742,0.7816200256347656,502.71875
c_h4-1m-n3-c32-read_heavy-r3-scylla,2026-09-11T13:42:22.8213670Z,447.67,11.741,0.7816200256347656,506.6875
c_h4-1m-n3-c32-write_heavy-r1-scylla,2026-09-11T13:51:49.2383215Z,406.21000000000004,11.743,0.7774505615234375,403.78125
c_h4-1m-n3-c32-write_heavy-r1-scylla,2026-09-11T13:51:56.5371159Z,428.34000000000003,11.742,0.7776107788085938,409.21875
c_h4-1m-n3-c32-write_heavy-r1-scylla,2026-09-11T13:52:03.2526000Z,413.0,11.743,0.7780952453613281,414.5625
c_h4-1m-n3-c32-write_heavy-r1-scylla,2026-09-11T13:52:10.5408854Z,406.65999999999997,11.742,0.7781143188476562,419.828125
c_h4-1m-n3-c32-write_heavy-r1-scylla,2026-09-11T13:52:17.8394214Z,426.31000000000006,11.744,0.7783470153808594,424.625
c_h4-1m-n3-c32-write_heavy-r1-scylla,2026-09-11T13:52:25.1314629Z,427.55,11.745000000000001,0.778350830078125,430.09375
c_h4-1m-n3-c32-write_heavy-r1-scylla,2026-09-11T13:52:32.2385983Z,427.07,11.743,0.778350830078125,434.5625
c_h4-1m-n3-c32-write_heavy-r1-scylla,2026-09-11T13:52:39.5346991Z,429.22,11.743,0.7783622741699219,439.78125
c_h4-1m-n3-c32-write_heavy-r1-scylla,2026-09-11T13:52:46.8355844Z,430.14,11.743,0.8022041320800781,445.328125
c_h4-1m-n3-c32-write_heavy-r1-scylla,2026-09-11T13:52:53.2913642Z,434.75,11.744,0.7785758972167969,449.75
c_h4-1m-n3-c32-write_heavy-r1-scylla,2026-09-11T13:53:00.5709616Z,416.8,11.742,0.7785758972167969,455.140625
c_h4-1m-n3-c32-write_heavy-r1-scylla,2026-09-11T13:53:07.8737973Z,426.35,11.743,0.7787933349609375,459.734375
c_h4-1m-n3-c32-write_heavy-r1-scylla,2026-09-11T13:53:15.1622643Z,460.85,11.743,0.7787933349609375,464.15625
c_h4-1m-n3-c32-write_heavy-r1-scylla,2026-09-11T13:53:22.2829255Z,429.87,11.744,0.7787933349609375,468.875
c_h4-1m-n3-c32-write_heavy-r1-scylla,2026-09-11T13:53:29.5744697Z,395.90999999999997,11.745000000000001,0.7789192199707031,474.984375
c_h4-1m-n3-c32-write_heavy-r1-scylla,2026-09-11T13:53:36.8746730Z,423.85,11.743,0.7829360961914062,479.875
c_h4-1m-n3-c32-write_heavy-r1-scylla,2026-09-11T13:53:43.3284019Z,421.1,11.742,0.7829360961914062,484.09375
c_h4-1m-n3-c32-write_heavy-r1-scylla,2026-09-11T13:53:50.6148399Z,435.24,11.744,0.7829360961914062,488.71875
c_h4-1m-n3-c32-write_heavy-r1-scylla,2026-09-11T13:53:57.9113655Z,418.36,11.745000000000001,0.7829132080078125,492.859375
c_h4-1m-n3-c32-write_heavy-r1-scylla,2026-09-11T13:54:05.2133789Z,425.34000000000003,11.745000000000001,0.7829132080078125,497.71875
c_h4-1m-n3-c32-write_heavy-r1-scylla,2026-09-11T13:54:12.3266800Z,419.27,11.744,0.7829132080078125,502.328125
c_h4-1m-n3-c32-write_heavy-r1-scylla,2026-09-11T13:54:19.6281707Z,416.99,11.744,0.7829132080078125,507
c_h4-1m-n3-c32-write_heavy-r1-scylla,2026-09-11T13:54:26.9337914Z,441.35,11.744,0.7829132080078125,511.859375
c_h4-1m-n3-c32-write_heavy-r1-scylla,2026-09-11T13:54:33.3754950Z,420.09000000000003,11.744,0.7829132080078125,516.921875
c_h4-1m-n3-c32-write_heavy-r1-scylla,2026-09-11T13:54:40.6832023Z,414.83000000000004,11.743,0.7861900329589844,522.328125
c_h4-1m-n3-c32-write_heavy-r2-scylla,2026-09-11T14:04:03.5778752Z,433.02,11.745000000000001,0.7858734130859375,405.140625
c_h4-1m-n3-c32-write_heavy-r2-scylla,2026-09-11T14:04:10.8751633Z,424.24,11.746,0.7858734130859375,410.734375
c_h4-1m-n3-c32-write_heavy-r2-scylla,2026-09-11T14:04:18.1679262Z,418.72,11.745000000000001,0.7859344482421875,416.328125
c_h4-1m-n3-c32-write_heavy-r2-scylla,2026-09-11T14:04:25.4575891Z,415.44,11.745000000000001,0.7859382629394531,421.390625
c_h4-1m-n3-c32-write_heavy-r2-scylla,2026-09-11T14:04:32.6866586Z,424.31,11.746,0.7860374450683594,426.921875
c_h4-1m-n3-c32-write_heavy-r2-scylla,2026-09-11T14:04:39.9665462Z,412.46000000000004,11.745000000000001,0.7860832214355469,431.265625
c_h4-1m-n3-c32-write_heavy-r2-scylla,2026-09-11T14:04:47.2679891Z,426.63,11.746,0.7932205200195312,436.796875
c_h4-1m-n3-c32-write_heavy-r2-scylla,2026-09-11T14:04:53.7468072Z,414.92,11.745000000000001,0.7932472229003906,441.09375
c_h4-1m-n3-c32-write_heavy-r2-scylla,2026-09-11T14:05:01.0458771Z,429.37,11.745000000000001,0.7932510375976562,445.78125
c_h4-1m-n3-c32-write_heavy-r2-scylla,2026-09-11T14:05:08.3508461Z,422.27,11.745000000000001,0.7973098754882812,450.78125
c_h4-1m-n3-c32-write_heavy-r2-scylla,2026-09-11T14:05:15.6365485Z,428.64,11.746,0.7973098754882812,455.625
c_h4-1m-n3-c32-write_heavy-r2-scylla,2026-09-11T14:05:22.7989174Z,426.84,11.746,0.7974891662597656,459.96875
c_h4-1m-n3-c32-write_heavy-r2-scylla,2026-09-11T14:05:30.0995637Z,410.25,11.745000000000001,0.7975120544433594,465.421875
c_h4-1m-n3-c32-write_heavy-r2-scylla,2026-09-11T14:05:37.4099043Z,438.88,11.746,0.7975120544433594,470.078125
c_h4-1m-n3-c32-write_heavy-r2-scylla,2026-09-11T14:05:43.7754936Z,425.39,11.745000000000001,0.7975120544433594,474.515625
c_h4-1m-n3-c32-write_heavy-r2-scylla,2026-09-11T14:05:51.0797725Z,410.51,11.746,0.79766845703125,479.25
c_h4-1m-n3-c32-write_heavy-r2-scylla,2026-09-11T14:05:58.3877096Z,438.17,11.747,0.79766845703125,484.5
c_h4-1m-n3-c32-write_heavy-r2-scylla,2026-09-11T14:06:05.6898402Z,441.58,11.747,0.79766845703125,489.078125
c_h4-1m-n3-c32-write_heavy-r2-scylla,2026-09-11T14:06:12.8106012Z,435.42,11.746,0.797637939453125,493.453125
c_h4-1m-n3-c32-write_heavy-r2-scylla,2026-09-11T14:06:20.0996078Z,480.24,11.747,0.797637939453125,497.96875
c_h4-1m-n3-c32-write_heavy-r2-scylla,2026-09-11T14:06:27.3872968Z,421.25,11.745000000000001,0.797637939453125,502.671875
c_h4-1m-n3-c32-write_heavy-r2-scylla,2026-09-11T14:06:33.8231826Z,429.59000000000003,11.745000000000001,0.797637939453125,506.375
c_h4-1m-n3-c32-write_heavy-r2-scylla,2026-09-11T14:06:41.1096781Z,418.41,11.745000000000001,0.79766845703125,512.34375
c_h4-1m-n3-c32-write_heavy-r2-scylla,2026-09-11T14:06:48.4075368Z,422.15,11.747,0.7993927001953125,516.90625
c_h4-1m-n3-c32-write_heavy-r3-scylla,2026-09-11T14:16:20.1942166Z,420.92,11.747,0.7853660583496094,406.625
c_h4-1m-n3-c32-write_heavy-r3-scylla,2026-09-11T14:16:27.4933486Z,421.18,11.747,0.7854461669921875,412.125
c_h4-1m-n3-c32-write_heavy-r3-scylla,2026-09-11T14:16:34.2043491Z,424.04,11.747,0.78558349609375,418
c_h4-1m-n3-c32-write_heavy-r3-scylla,2026-09-11T14:16:41.4936417Z,426.71,11.748,0.7855949401855469,423
c_h4-1m-n3-c32-write_heavy-r3-scylla,2026-09-11T14:16:48.7866877Z,422.61,11.746,0.7855987548828125,428.046875
c_h4-1m-n3-c32-write_heavy-r3-scylla,2026-09-11T14:16:56.0778416Z,428.34,11.747,0.7861404418945312,433.875
c_h4-1m-n3-c32-write_heavy-r3-scylla,2026-09-11T14:17:03.2317488Z,423.91999999999996,11.746,0.7861404418945312,438.890625
c_h4-1m-n3-c32-write_heavy-r3-scylla,2026-09-11T14:17:10.5199611Z,419.0,11.747,0.7861862182617188,444.140625
c_h4-1m-n3-c32-write_heavy-r3-scylla,2026-09-11T14:17:17.8231056Z,422.06,11.747,0.786376953125,449.640625
c_h4-1m-n3-c32-write_heavy-r3-scylla,2026-09-11T14:17:24.2303746Z,424.26,11.747,0.786376953125,453.953125
c_h4-1m-n3-c32-write_heavy-r3-scylla,2026-09-11T14:17:31.5154396Z,416.84,11.746,0.7873382568359375,458.765625
c_h4-1m-n3-c32-write_heavy-r3-scylla,2026-09-11T14:17:38.8236200Z,442.67,11.747,0.7875900268554688,464.5625
c_h4-1m-n3-c32-write_heavy-r3-scylla,2026-09-11T14:17:46.1289671Z,439.98,11.746,0.7876014709472656,470.59375
c_h4-1m-n3-c32-write_heavy-r3-scylla,2026-09-11T14:17:53.2505275Z,426.23,11.747,0.7876663208007812,475.359375
c_h4-1m-n3-c32-write_heavy-r3-scylla,2026-09-11T14:18:00.5408286Z,422.72,11.748,0.7876663208007812,480.171875
c_h4-1m-n3-c32-write_heavy-r3-scylla,2026-09-11T14:18:07.8574703Z,428.9,11.747,0.7877273559570312,485.484375
c_h4-1m-n3-c32-write_heavy-r3-scylla,2026-09-11T14:18:14.2946537Z,423.18,11.746,0.7877273559570312,489.75
c_h4-1m-n3-c32-write_heavy-r3-scylla,2026-09-11T14:18:21.5814377Z,443.35,11.747,0.7876968383789062,494.546875
c_h4-1m-n3-c32-write_heavy-r3-scylla,2026-09-11T14:18:28.9049543Z,433.59000000000003,11.748,0.7876968383789062,499.359375
c_h4-1m-n3-c32-write_heavy-r3-scylla,2026-09-11T14:18:36.2187460Z,436.06,11.746,0.7877044677734375,504.125
c_h4-1m-n3-c32-write_heavy-r3-scylla,2026-09-11T14:18:43.2923141Z,437.43,11.746,0.7877960205078125,509.171875
c_h4-1m-n3-c32-write_heavy-r3-scylla,2026-09-11T14:18:50.6028934Z,417.53,11.747,0.7938156127929688,513.65625
c_h4-1m-n3-c32-write_heavy-r3-scylla,2026-09-11T14:18:57.8978308Z,430.99,11.747,0.7938156127929688,519.015625
c_h4-1m-n3-c32-write_heavy-r3-scylla,2026-09-11T14:19:04.3651778Z,437.6,11.747,0.7958450317382812,523.046875
c_h4-10m-n3-c32-balanced-r1-scylla,2026-09-11T15:33:25.8804953Z,459.45000000000005,11.757,0.8826065063476562,3427.28125
c_h4-10m-n3-c32-balanced-r1-scylla,2026-09-11T15:33:33.1582201Z,443.09000000000003,11.758000000000001,0.8827247619628906,3431.703125
c_h4-10m-n3-c32-balanced-r1-scylla,2026-09-11T15:33:40.4436068Z,439.07,11.757,0.88275146484375,3435.859375
c_h4-10m-n3-c32-balanced-r1-scylla,2026-09-11T15:33:47.0704583Z,453.84,11.759,0.88275146484375,3440.03125
c_h4-10m-n3-c32-balanced-r1-scylla,2026-09-11T15:33:54.3470310Z,451.22,11.758000000000001,0.8827552795410156,3444.0625
c_h4-10m-n3-c32-balanced-r1-scylla,2026-09-11T15:34:01.6501322Z,466.47,11.758000000000001,0.88299560546875,3449.328125
c_h4-10m-n3-c32-balanced-r1-scylla,2026-09-11T15:34:08.9434996Z,468.47,11.757,0.8829994201660156,3453.5625
c_h4-10m-n3-c32-balanced-r1-scylla,2026-09-11T15:34:16.0405427Z,443.94,11.759,0.8830604553222656,3458.296875
c_h4-10m-n3-c32-balanced-r1-scylla,2026-09-11T15:34:23.3278711Z,429.5,11.758000000000001,0.8830604553222656,3462.578125
c_h4-10m-n3-c32-balanced-r1-scylla,2026-09-11T15:34:30.6167802Z,444.84,11.757,0.8830833435058594,3466.5625
c_h4-10m-n3-c32-balanced-r1-scylla,2026-09-11T15:34:37.1011520Z,451.49,11.758000000000001,0.8833160400390625,3470.59375
c_h4-10m-n3-c32-balanced-r1-scylla,2026-09-11T15:34:44.3914831Z,484.24,11.758000000000001,0.8833160400390625,3474.9375
c_h4-10m-n3-c32-balanced-r1-scylla,2026-09-11T15:34:51.6873943Z,445.36,11.757,0.8833160400390625,3479.09375
c_h4-10m-n3-c32-balanced-r1-scylla,2026-09-11T15:34:58.9819755Z,449.56000000000006,11.759,0.8833160400390625,3483.859375
c_h4-10m-n3-c32-balanced-r1-scylla,2026-09-11T15:35:06.1014983Z,490.3,11.759,0.8833198547363281,3487.59375
c_h4-10m-n3-c32-balanced-r1-scylla,2026-09-11T15:35:13.4062547Z,456.02,11.757,0.8833236694335938,3491.828125
c_h4-10m-n3-c32-balanced-r1-scylla,2026-09-11T15:35:20.7076429Z,451.40999999999997,11.759,0.8835525512695312,3496.296875
c_h4-10m-n3-c32-balanced-r1-scylla,2026-09-11T15:35:27.1491012Z,445.95000000000005,11.758,0.8835525512695312,3500.703125
c_h4-10m-n3-c32-balanced-r1-scylla,2026-09-11T15:35:34.4324846Z,438.68,11.757,0.8835525512695312,3504.953125
c_h4-10m-n3-c32-balanced-r1-scylla,2026-09-11T15:35:41.7281401Z,453.87,11.758000000000001,0.8835563659667969,3509
c_h4-10m-n3-c32-balanced-r1-scylla,2026-09-11T15:35:49.0202035Z,490.34000000000003,11.758,0.8835563659667969,3512.984375
c_h4-10m-n3-c32-balanced-r1-scylla,2026-09-11T15:35:56.1193890Z,446.49,11.758000000000001,0.8838272094726562,3516.921875
c_h4-10m-n3-c32-balanced-r1-scylla,2026-09-11T15:36:03.4147501Z,444.2,11.757,0.8838272094726562,3521.125
c_h4-10m-n3-c32-balanced-r1-scylla,2026-09-11T15:36:10.7225246Z,446.17,11.759,0.8838272094726562,3525.75
c_h4-10m-n3-c32-balanced-r1-scylla,2026-09-11T15:36:17.2056977Z,448.87,11.757,0.8838272094726562,3530.03125
c_h4-10m-n3-c32-balanced-r2-scylla,2026-09-11T16:50:36.9396801Z,441.71,11.764,0.8836936950683594,3451.015625
c_h4-10m-n3-c32-balanced-r2-scylla,2026-09-11T16:50:44.2338599Z,453.82,11.765,0.8837509155273438,3456.15625
c_h4-10m-n3-c32-balanced-r2-scylla,2026-09-11T16:50:51.5144736Z,459.27,11.765,0.8838233947753906,3460.9375
c_h4-10m-n3-c32-balanced-r2-scylla,2026-09-11T16:50:57.9130433Z,446.59,11.764,0.8838233947753906,3465.59375
c_h4-10m-n3-c32-balanced-r2-scylla,2026-09-11T16:51:05.1913357Z,461.64,11.766,0.8840866088867188,3470.484375
c_h4-10m-n3-c32-balanced-r2-scylla,2026-09-11T16:51:12.4733823Z,463.0,11.764,0.8840866088867188,3475.203125
c_h4-10m-n3-c32-balanced-r2-scylla,2026-09-11T16:51:18.9470075Z,478.13,11.766,0.8840866088867188,3479.046875
c_h4-10m-n3-c32-balanced-r2-scylla,2026-09-11T16:51:26.2348813Z,436.8,11.766,0.8840866088867188,3482.609375
c_h4-10m-n3-c32-balanced-r2-scylla,2026-09-11T16:51:33.5282413Z,507.25,11.765,0.8840866088867188,3487.375
c_h4-10m-n3-c32-balanced-r2-scylla,2026-09-11T16:51:40.0093809Z,455.53999999999996,11.767,0.8841323852539062,3490.78125
c_h4-10m-n3-c32-balanced-r2-scylla,2026-09-11T16:51:47.2803055Z,447.73,11.766,0.8843421936035156,3495.046875
c_h4-10m-n3-c32-balanced-r2-scylla,2026-09-11T16:51:54.5683634Z,456.49,11.766,0.8843421936035156,3499.640625
c_h4-10m-n3-c32-balanced-r2-scylla,2026-09-11T16:52:01.8599259Z,454.46,11.766,0.8843421936035156,3503.703125
c_h4-10m-n3-c32-balanced-r2-scylla,2026-09-11T16:52:08.9950322Z,442.68,11.767,0.8843421936035156,3508
c_h4-10m-n3-c32-balanced-r2-scylla,2026-09-11T16:52:16.2907193Z,466.46000000000004,11.764,0.8843421936035156,3512.0625
c_h4-10m-n3-c32-balanced-r2-scylla,2026-09-11T16:52:23.5863192Z,509.67,11.765,0.8847465515136719,3516.421875
c_h4-10m-n3-c32-balanced-r2-scylla,2026-09-11T16:52:30.0600416Z,460.97,11.767,0.8847465515136719,3520.09375
c_h4-10m-n3-c32-balanced-r2-scylla,2026-09-11T16:52:37.3352965Z,450.7,11.766,0.8847465515136719,3524.203125
c_h4-10m-n3-c32-balanced-r2-scylla,2026-09-11T16:52:44.6416227Z,458.81,11.765,0.8847465515136719,3528.671875
c_h4-10m-n3-c32-balanced-r2-scylla,2026-09-11T16:52:51.9427389Z,456.2,11.766,0.8847465515136719,3533.25
c_h4-10m-n3-c32-balanced-r2-scylla,2026-09-11T16:52:59.0321511Z,454.04999999999995,11.765,0.8847465515136719,3536.84375
c_h4-10m-n3-c32-balanced-r2-scylla,2026-09-11T16:53:06.3322212Z,509.06,11.766,0.8851890563964844,3541.40625
c_h4-10m-n3-c32-balanced-r2-scylla,2026-09-11T16:53:13.6320255Z,521.46,11.765,0.8852272033691406,3545.5
c_h4-10m-n3-c32-balanced-r2-scylla,2026-09-11T16:53:20.0910049Z,510.85,11.767,0.8851890563964844,3548.859375
c_h4-10m-n3-c32-balanced-r2-scylla,2026-09-11T16:53:27.3775301Z,467.3,11.766,0.8851890563964844,3552.828125
c_h4-10m-n3-c32-balanced-r3-scylla,2026-09-11T18:06:56.8884655Z,447.36,11.775,0.8819694519042969,3438.140625
c_h4-10m-n3-c32-balanced-r3-scylla,2026-09-11T18:07:04.1736251Z,451.26,11.775,0.8819694519042969,3443.09375
c_h4-10m-n3-c32-balanced-r3-scylla,2026-09-11T18:07:10.5853921Z,469.86,11.775,0.8820571899414062,3447.109375
c_h4-10m-n3-c32-balanced-r3-scylla,2026-09-11T18:07:17.8723467Z,448.77,11.775,0.8820571899414062,3451.46875
c_h4-10m-n3-c32-balanced-r3-scylla,2026-09-11T18:07:25.1816627Z,436.21,11.775,0.8823051452636719,3455.84375
c_h4-10m-n3-c32-balanced-r3-scylla,2026-09-11T18:07:31.6196411Z,452.53999999999996,11.776,0.8823127746582031,3459.921875
c_h4-10m-n3-c32-balanced-r3-scylla,2026-09-11T18:07:38.9069515Z,451.57,11.776,0.8823127746582031,3464.421875
c_h4-10m-n3-c32-balanced-r3-scylla,2026-09-11T18:07:46.2122383Z,453.03000000000003,11.776,0.8823165893554688,3469.328125
c_h4-10m-n3-c32-balanced-r3-scylla,2026-09-11T18:07:52.7310143Z,436.54999999999995,11.776,0.8823165893554688,3473.046875
c_h4-10m-n3-c32-balanced-r3-scylla,2026-09-11T18:08:00.0253230Z,445.33,11.775,0.8823165893554688,3477.4375
c_h4-10m-n3-c32-balanced-r3-scylla,2026-09-11T18:08:07.3339408Z,450.17,11.775,0.8824882507324219,3481.390625
c_h4-10m-n3-c32-balanced-r3-scylla,2026-09-11T18:08:14.6353155Z,489.38,11.776,0.8824882507324219,3485.828125
c_h4-10m-n3-c32-balanced-r3-scylla,2026-09-11T18:08:21.6541732Z,450.09000000000003,11.775,0.8824882507324219,3490.390625
c_h4-10m-n3-c32-balanced-r3-scylla,2026-09-11T18:08:28.9493013Z,442.81,11.775,0.8824882507324219,3494.921875
c_h4-10m-n3-c32-balanced-r3-scylla,2026-09-11T18:08:36.2425473Z,468.8,11.775,0.8824882507324219,3499.046875
c_h4-10m-n3-c32-balanced-r3-scylla,2026-09-11T18:08:42.7331987Z,461.48,11.776,0.8828315734863281,3503.828125
c_h4-10m-n3-c32-balanced-r3-scylla,2026-09-11T18:08:50.0448532Z,441.09000000000003,11.777,0.8828315734863281,3508.109375
c_h4-10m-n3-c32-balanced-r3-scylla,2026-09-11T18:08:57.3552219Z,450.5,11.776,0.8828315734863281,3512.609375
c_h4-10m-n3-c32-balanced-r3-scylla,2026-09-11T18:09:04.6751220Z,544.76,11.776,0.8828315734863281,3516.671875
c_h4-10m-n3-c32-balanced-r3-scylla,2026-09-11T18:09:11.6920422Z,491.32000000000005,11.776,0.8828620910644531,3520.953125
c_h4-10m-n3-c32-balanced-r3-scylla,2026-09-11T18:09:18.9807200Z,448.40999999999997,11.777000000000001,0.8828620910644531,3525.25
c_h4-10m-n3-c32-balanced-r3-scylla,2026-09-11T18:09:26.2820562Z,476.8,11.776,0.8831062316894531,3529.84375
c_h4-10m-n3-c32-balanced-r3-scylla,2026-09-11T18:09:32.7614994Z,453.84999999999997,11.776,0.8831062316894531,3533.609375
c_h4-10m-n3-c32-balanced-r3-scylla,2026-09-11T18:09:40.0581188Z,433.22,11.776,0.8831062316894531,3538.5625
c_h4-10m-n3-c32-balanced-r3-scylla,2026-09-11T18:09:47.3609381Z,446.73,11.775,0.8831062316894531,3543.40625
c_h4-10m-n3-c32-read_heavy-r1-scylla,2026-09-11T19:25:18.6668197Z,439.39,11.784,0.8627700805664062,3496.6875
c_h4-10m-n3-c32-read_heavy-r1-scylla,2026-09-11T19:25:25.3892249Z,461.45000000000005,11.784,0.8651466369628906,3500.53125
c_h4-10m-n3-c32-read_heavy-r1-scylla,2026-09-11T19:25:32.6687745Z,455.13,11.784,0.8651504516601562,3504.703125
c_h4-10m-n3-c32-read_heavy-r1-scylla,2026-09-11T19:25:39.9662675Z,454.63,11.784,0.8651504516601562,3509.734375
c_h4-10m-n3-c32-read_heavy-r1-scylla,2026-09-11T19:25:47.2670633Z,452.25,11.784,0.8651618957519531,3514.015625
c_h4-10m-n3-c32-read_heavy-r1-scylla,2026-09-11T19:25:54.4343573Z,461.81,11.784,0.8654670715332031,3518.03125
c_h4-10m-n3-c32-read_heavy-r1-scylla,2026-09-11T19:26:01.7390482Z,432.63,11.784,0.8654670715332031,3522.421875
c_h4-10m-n3-c32-read_heavy-r1-scylla,2026-09-11T19:26:09.0383146Z,452.96000000000004,11.783000000000001,0.8654670715332031,3526.828125
c_h4-10m-n3-c32-read_heavy-r1-scylla,2026-09-11T19:26:15.4726353Z,458.68,11.784,0.8654708862304688,3530.5625
c_h4-10m-n3-c32-read_heavy-r1-scylla,2026-09-11T19:26:22.7751661Z,438.88,11.783000000000001,0.8654708862304688,3534.859375
c_h4-10m-n3-c32-read_heavy-r1-scylla,2026-09-11T19:26:30.0769801Z,462.88,11.784,0.8655662536621094,3538.96875
c_h4-10m-n3-c32-read_heavy-r1-scylla,2026-09-11T19:26:37.3728407Z,460.28,11.784,0.8657608032226562,3543.4375
c_h4-10m-n3-c32-read_heavy-r1-scylla,2026-09-11T19:26:44.4446310Z,459.19,11.784,0.8657608032226562,3547.8125
c_h4-10m-n3-c32-read_heavy-r1-scylla,2026-09-11T19:26:51.7305915Z,432.29,11.784,0.8657608032226562,3552.203125
c_h4-10m-n3-c32-read_heavy-r1-scylla,2026-09-11T19:26:59.0206879Z,450.59,11.783000000000001,0.8657608032226562,3556.390625
c_h4-10m-n3-c32-read_heavy-r1-scylla,2026-09-11T19:27:05.5362828Z,442.61,11.785,0.8658218383789062,3560.734375
c_h4-10m-n3-c32-read_heavy-r1-scylla,2026-09-11T19:27:12.8314257Z,446.01,11.784,0.8658218383789062,3564.671875
c_h4-10m-n3-c32-read_heavy-r1-scylla,2026-09-11T19:27:20.1267136Z,458.34999999999997,11.783000000000001,0.8660659790039062,3569.171875
c_h4-10m-n3-c32-read_heavy-r1-scylla,2026-09-11T19:27:27.4134909Z,458.4,11.785,0.8660659790039062,3573.390625
c_h4-10m-n3-c32-read_heavy-r1-scylla,2026-09-11T19:27:34.5228598Z,467.26,11.785,0.86907958984375,3577.375
c_h4-10m-n3-c32-read_heavy-r1-scylla,2026-09-11T19:27:41.8167804Z,435.1,11.784,0.86907958984375,3581.390625
c_h4-10m-n3-c32-read_heavy-r1-scylla,2026-09-11T19:27:49.1116776Z,472.86,11.785,0.86907958984375,3586.1875
c_h4-10m-n3-c32-read_heavy-r1-scylla,2026-09-11T19:27:55.5378816Z,445.08,11.785,0.86907958984375,3589.484375
c_h4-10m-n3-c32-read_heavy-r1-scylla,2026-09-11T19:28:02.8196499Z,450.79,11.784,0.86932373046875,3593.59375
c_h4-10m-n3-c32-read_heavy-r1-scylla,2026-09-11T19:28:10.1215641Z,469.37,11.783000000000001,0.86932373046875,3598.0625
c_h4-10m-n3-c32-read_heavy-r2-scylla,2026-09-11T20:41:58.6832024Z,434.59,11.786999999999999,0.8822517395019531,3445.734375
c_h4-10m-n3-c32-read_heavy-r2-scylla,2026-09-11T20:42:05.9618315Z,452.34000000000003,11.789,0.8823165893554688,3450.21875
c_h4-10m-n3-c32-read_heavy-r2-scylla,2026-09-11T20:42:13.2436159Z,460.5,11.788,0.8825302124023438,3454.859375
c_h4-10m-n3-c32-read_heavy-r2-scylla,2026-09-11T20:42:20.5387027Z,453.06,11.788,0.8825531005859375,3459.890625
c_h4-10m-n3-c32-read_heavy-r2-scylla,2026-09-11T20:42:27.1734956Z,458.31,11.788,0.8825607299804688,3463.3125
c_h4-10m-n3-c32-read_heavy-r2-scylla,2026-09-11T20:42:34.4693735Z,446.87,11.789,0.8825607299804688,3467.421875
c_h4-10m-n3-c32-read_heavy-r2-scylla,2026-09-11T20:42:41.7548528Z,457.6,11.789,0.8825607299804688,3471.953125
c_h4-10m-n3-c32-read_heavy-r2-scylla,2026-09-11T20:42:48.2612187Z,453.13,11.789,0.8825607299804688,3475.890625
c_h4-10m-n3-c32-read_heavy-r2-scylla,2026-09-11T20:42:55.5637040Z,458.32000000000005,11.788,0.8828315734863281,3479.765625
c_h4-10m-n3-c32-read_heavy-r2-scylla,2026-09-11T20:43:02.8779755Z,470.66999999999996,11.789,0.8828315734863281,3483.90625
c_h4-10m-n3-c32-read_heavy-r2-scylla,2026-09-11T20:43:10.1809682Z,458.05,11.788,0.8828315734863281,3487.890625
c_h4-10m-n3-c32-read_heavy-r2-scylla,2026-09-11T20:43:17.2077846Z,454.53,11.788,0.8828315734863281,3491.90625
c_h4-10m-n3-c32-read_heavy-r2-scylla,2026-09-11T20:43:24.5006488Z,454.28000000000003,11.788,0.8828315734863281,3496.046875
c_h4-10m-n3-c32-read_heavy-r2-scylla,2026-09-11T20:43:31.8030816Z,458.42,11.786999999999999,0.8828315734863281,3500.765625
c_h4-10m-n3-c32-read_heavy-r2-scylla,2026-09-11T20:43:38.2514460Z,451.71000000000004,11.788,0.8830184936523438,3504.140625
c_h4-10m-n3-c32-read_heavy-r2-scylla,2026-09-11T20:43:45.5562517Z,455.93,11.786999999999999,0.8830184936523438,3508
c_h4-10m-n3-c32-read_heavy-r2-scylla,2026-09-11T20:43:52.8520640Z,452.94,11.789,0.8830184936523438,3512.59375
c_h4-10m-n3-c32-read_heavy-r2-scylla,2026-09-11T20:44:00.1573491Z,452.73,11.789,0.8831405639648438,3516.640625
c_h4-10m-n3-c32-read_heavy-r2-scylla,2026-09-11T20:44:07.2593344Z,468.78,11.788,0.8831405639648438,3520.671875
c_h4-10m-n3-c32-read_heavy-r2-scylla,2026-09-11T20:44:14.5612696Z,440.56,11.786999999999999,0.8831405639648438,3524.65625
c_h4-10m-n3-c32-read_heavy-r2-scylla,2026-09-11T20:44:21.8538488Z,462.56,11.788,0.8833770751953125,3528.84375
c_h4-10m-n3-c32-read_heavy-r2-scylla,2026-09-11T20:44:28.2786585Z,460.03999999999996,11.789,0.8833770751953125,3532.9375
c_h4-10m-n3-c32-read_heavy-r2-scylla,2026-09-11T20:44:35.5787448Z,446.20000000000005,11.788,0.8833770751953125,3537.734375
c_h4-10m-n3-c32-read_heavy-r2-scylla,2026-09-11T20:44:42.8840521Z,500.67,11.789,0.8833770751953125,3541.5625
c_h4-10m-n3-c32-read_heavy-r2-scylla,2026-09-11T20:44:50.1848119Z,456.24,11.789,0.8833770751953125,3545.265625
c_h4-10m-n3-c32-read_heavy-r3-scylla,2026-09-11T21:59:07.9685499Z,489.28999999999996,11.793,0.8816337585449219,3450.0625
c_h4-10m-n3-c32-read_heavy-r3-scylla,2026-09-11T21:59:15.2491220Z,458.2,11.793,0.8820610046386719,3454.8125
c_h4-10m-n3-c32-read_heavy-r3-scylla,2026-09-11T21:59:22.5358483Z,464.59,11.793,0.8820648193359375,3458.828125
c_h4-10m-n3-c32-read_heavy-r3-scylla,2026-09-11T21:59:28.9510984Z,472.96999999999997,11.793,0.8820648193359375,3461.984375
c_h4-10m-n3-c32-read_heavy-r3-scylla,2026-09-11T21:59:36.2317621Z,466.72,11.793,0.8820648193359375,3466.078125
c_h4-10m-n3-c32-read_heavy-r3-scylla,2026-09-11T21:59:43.5285016Z,450.08,11.793,0.8820648193359375,3470.484375
c_h4-10m-n3-c32-read_heavy-r3-scylla,2026-09-11T21:59:49.9909020Z,461.62,11.793,0.8820877075195312,3474.296875
c_h4-10m-n3-c32-read_heavy-r3-scylla,2026-09-11T21:59:57.2723918Z,444.07,11.794,0.8823165893554688,3478.6875
c_h4-10m-n3-c32-read_heavy-r3-scylla,2026-09-11T22:00:04.5689738Z,473.4,11.793,0.8823165893554688,3483.171875
c_h4-10m-n3-c32-read_heavy-r3-scylla,2026-09-11T22:00:10.9859781Z,473.81,11.793,0.8823204040527344,3486.96875
c_h4-10m-n3-c32-read_heavy-r3-scylla,2026-09-11T22:00:18.2675299Z,458.33,11.793,0.8824043273925781,3490.765625
c_h4-10m-n3-c32-read_heavy-r3-scylla,2026-09-11T22:00:25.5591939Z,469.0,11.794,0.8824043273925781,3495.921875
c_h4-10m-n3-c32-read_heavy-r3-scylla,2026-09-11T22:00:32.8668684Z,483.42,11.794,0.8824043273925781,3500.03125
c_h4-10m-n3-c32-read_heavy-r3-scylla,2026-09-11T22:00:40.0045625Z,494.90000000000003,11.794,0.882659912109375,3504.234375
c_h4-10m-n3-c32-read_heavy-r3-scylla,2026-09-11T22:00:47.2942943Z,452.18,11.793,0.882659912109375,3508.359375
c_h4-10m-n3-c32-read_heavy-r3-scylla,2026-09-11T22:00:54.5872172Z,467.58,11.794,0.882659912109375,3511.984375
c_h4-10m-n3-c32-read_heavy-r3-scylla,2026-09-11T22:01:01.0418031Z,459.83,11.794,0.882659912109375,3515.734375
c_h4-10m-n3-c32-read_heavy-r3-scylla,2026-09-11T22:01:08.3344578Z,451.47,11.794,0.882659912109375,3520.28125
c_h4-10m-n3-c32-read_heavy-r3-scylla,2026-09-11T22:01:15.6363348Z,468.45,11.794,0.882659912109375,3524.59375
c_h4-10m-n3-c32-read_heavy-r3-scylla,2026-09-11T22:01:22.9415049Z,461.57,11.794,0.882965087890625,3528.671875
c_h4-10m-n3-c32-read_heavy-r3-scylla,2026-09-11T22:01:30.0423263Z,469.76,11.793,0.882965087890625,3533.171875
c_h4-10m-n3-c32-read_heavy-r3-scylla,2026-09-11T22:01:37.3350129Z,444.4,11.794,0.882965087890625,3537.109375
c_h4-10m-n3-c32-read_heavy-r3-scylla,2026-09-11T22:01:44.6292290Z,463.31,11.793,0.882965087890625,3541.28125
c_h4-10m-n3-c32-read_heavy-r3-scylla,2026-09-11T22:01:51.0789500Z,464.86,11.793,0.882965087890625,3544.109375
c_h4-10m-n3-c32-read_heavy-r3-scylla,2026-09-11T22:01:58.3807669Z,459.93,11.794,0.882965087890625,3548.078125
c_h4-10m-n3-c32-write_heavy-r1-scylla,2026-09-11T23:16:16.9720522Z,452.33,11.798,0.8853492736816406,3451.796875
c_h4-10m-n3-c32-write_heavy-r1-scylla,2026-09-11T23:16:23.7210148Z,436.91,11.798,0.8856277465820312,3457.46875
c_h4-10m-n3-c32-write_heavy-r1-scylla,2026-09-11T23:16:31.0093533Z,431.34000000000003,11.798,0.8856277465820312,3462.65625
c_h4-10m-n3-c32-write_heavy-r1-scylla,2026-09-11T23:16:38.3020009Z,457.0,11.798,0.8856353759765625,3468.484375
c_h4-10m-n3-c32-write_heavy-r1-scylla,2026-09-11T23:16:45.5876637Z,447.62,11.799,0.8856468200683594,3473.171875
c_h4-10m-n3-c32-write_heavy-r1-scylla,2026-09-11T23:16:52.7163909Z,434.65,11.799,0.8856468200683594,3477.28125
c_h4-10m-n3-c32-write_heavy-r1-scylla,2026-09-11T23:17:00.0206525Z,419.07,11.799,0.8858909606933594,3482.078125
c_h4-10m-n3-c32-write_heavy-r1-scylla,2026-09-11T23:17:07.3367352Z,461.57,11.798,0.8859519958496094,3486.25
c_h4-10m-n3-c32-write_heavy-r1-scylla,2026-09-11T23:17:13.8010113Z,480.38,11.799,0.8859519958496094,3490.9375
c_h4-10m-n3-c32-write_heavy-r1-scylla,2026-09-11T23:17:21.0896172Z,415.98,11.798,0.8859596252441406,3495.90625
c_h4-10m-n3-c32-write_heavy-r1-scylla,2026-09-11T23:17:28.3904240Z,430.25,11.798,0.8861732482910156,3500.984375
c_h4-10m-n3-c32-write_heavy-r1-scylla,2026-09-11T23:17:35.6863083Z,438.6,11.799,0.8861732482910156,3505.5
c_h4-10m-n3-c32-write_heavy-r1-scylla,2026-09-11T23:17:42.8223102Z,481.39,11.799,0.8861732482910156,3509.875
c_h4-10m-n3-c32-write_heavy-r1-scylla,2026-09-11T23:17:50.1265183Z,417.53000000000003,11.799,0.8861732482910156,3514.734375
c_h4-10m-n3-c32-write_heavy-r1-scylla,2026-09-11T23:17:57.4239596Z,420.84,11.798,0.8864021301269531,3520.0625
c_h4-10m-n3-c32-write_heavy-r1-scylla,2026-09-11T23:18:03.8174375Z,427.52,11.798,0.8864021301269531,3524.15625
c_h4-10m-n3-c32-write_heavy-r1-scylla,2026-09-11T23:18:11.1214397Z,460.89,11.798,0.8864021301269531,3528.625
c_h4-10m-n3-c32-write_heavy-r1-scylla,2026-09-11T23:18:18.4279565Z,437.16,11.799,0.8864021301269531,3533.53125
c_h4-10m-n3-c32-write_heavy-r1-scylla,2026-09-11T23:18:25.7319100Z,453.49,11.799,0.8864631652832031,3537.921875
c_h4-10m-n3-c32-write_heavy-r1-scylla,2026-09-11T23:18:32.8063308Z,427.83,11.799,0.8867530822753906,3542.359375
c_h4-10m-n3-c32-write_heavy-r1-scylla,2026-09-11T23:18:40.1033451Z,440.69,11.798,0.8867530822753906,3547.3125
c_h4-10m-n3-c32-write_heavy-r1-scylla,2026-09-11T23:18:47.4039091Z,443.42999999999995,11.799,0.8867530822753906,3552.03125
c_h4-10m-n3-c32-write_heavy-r1-scylla,2026-09-11T23:18:53.8643447Z,433.53999999999996,11.798,0.8867530822753906,3556.171875
c_h4-10m-n3-c32-write_heavy-r1-scylla,2026-09-11T23:19:01.1727452Z,434.15,11.798,0.8869972229003906,3560.953125
c_h4-10m-n3-c32-write_heavy-r1-scylla,2026-09-11T23:19:08.4794367Z,438.64,11.799,0.8869972229003906,3565.46875
c_h4-10m-n3-c32-write_heavy-r2-scylla,2026-09-12T00:33:08.7131371Z,421.74,11.804,0.8866043090820312,3411.84375
c_h4-10m-n3-c32-write_heavy-r2-scylla,2026-09-12T00:33:15.3165137Z,414.15,11.802,0.8867340087890625,3416.46875
c_h4-10m-n3-c32-write_heavy-r2-scylla,2026-09-12T00:33:22.6276423Z,442.23,11.804,0.8867416381835938,3421.296875
c_h4-10m-n3-c32-write_heavy-r2-scylla,2026-09-12T00:33:29.9256720Z,431.14,11.802999999999999,0.886993408203125,3426.28125
c_h4-10m-n3-c32-write_heavy-r2-scylla,2026-09-12T00:33:36.4150882Z,446.02,11.804,0.8870086669921875,3430.453125
c_h4-10m-n3-c32-write_heavy-r2-scylla,2026-09-12T00:33:43.7040179Z,458.78,11.804,0.8870086669921875,3435.125
c_h4-10m-n3-c32-write_heavy-r2-scylla,2026-09-12T00:33:50.9977289Z,422.6,11.804,0.8870086669921875,3439.546875
c_h4-10m-n3-c32-write_heavy-r2-scylla,2026-09-12T00:33:58.2950651Z,457.93,11.804,0.8873138427734375,3443.921875
c_h4-10m-n3-c32-write_heavy-r2-scylla,2026-09-12T00:34:05.4371381Z,438.45,11.804,0.8873138427734375,3449
c_h4-10m-n3-c32-write_heavy-r2-scylla,2026-09-12T00:34:12.7244201Z,423.87,11.802999999999999,0.8873138427734375,3453.1875
c_h4-10m-n3-c32-write_heavy-r2-scylla,2026-09-12T00:34:20.0173529Z,439.99,11.804,0.8873138427734375,3458.046875
c_h4-10m-n3-c32-write_heavy-r2-scylla,2026-09-12T00:34:26.5458734Z,443.93,11.804,0.8873138427734375,3462.65625
c_h4-10m-n3-c32-write_heavy-r2-scylla,2026-09-12T00:34:33.8381634Z,421.67,11.802999999999999,0.8875198364257812,3467.40625
c_h4-10m-n3-c32-write_heavy-r2-scylla,2026-09-12T00:34:41.1431699Z,479.25,11.802999999999999,0.8875198364257812,3472.203125
c_h4-10m-n3-c32-write_heavy-r2-scylla,2026-09-12T00:34:48.4433840Z,440.06,11.805,0.8875198364257812,3477.09375
c_h4-10m-n3-c32-write_heavy-r2-scylla,2026-09-12T00:34:55.5319624Z,437.05,11.804,0.8875198364257812,3481.328125
c_h4-10m-n3-c32-write_heavy-r2-scylla,2026-09-12T00:35:02.8265892Z,429.25,11.802999999999999,0.8877449035644531,3486.125
c_h4-10m-n3-c32-write_heavy-r2-scylla,2026-09-12T00:35:10.1254997Z,424.75,11.804,0.8877449035644531,3490.421875
c_h4-10m-n3-c32-write_heavy-r2-scylla,2026-09-12T00:35:16.5912383Z,454.29,11.804,0.8877449035644531,3494.734375
c_h4-10m-n3-c32-write_heavy-r2-scylla,2026-09-12T00:35:23.8956636Z,428.11,11.802999999999999,0.8877449035644531,3499.5625
c_h4-10m-n3-c32-write_heavy-r2-scylla,2026-09-12T00:35:31.1993693Z,425.23,11.804,0.8877449035644531,3505.53125
c_h4-10m-n3-c32-write_heavy-r2-scylla,2026-09-12T00:35:38.4959384Z,468.66999999999996,11.802999999999999,0.8880500793457031,3509.921875
c_h4-10m-n3-c32-write_heavy-r2-scylla,2026-09-12T00:35:45.5589886Z,466.03,11.804,0.8880500793457031,3514.59375
c_h4-10m-n3-c32-write_heavy-r2-scylla,2026-09-12T00:35:52.8585961Z,420.06,11.804,0.8880500793457031,3518.84375
c_h4-10m-n3-c32-write_heavy-r2-scylla,2026-09-12T00:36:00.1673345Z,449.12,11.804,0.8880500793457031,3523.265625
c_h4-10m-n3-c32-write_heavy-r3-scylla,2026-09-12T01:50:12.6133488Z,429.40000000000003,11.809000000000001,0.8852729797363281,3499.640625
c_h4-10m-n3-c32-write_heavy-r3-scylla,2026-09-12T01:50:19.2565839Z,444.68,11.808,0.8854293823242188,3504.859375
c_h4-10m-n3-c32-write_heavy-r3-scylla,2026-09-12T01:50:26.5484302Z,438.71999999999997,11.808,0.8856353759765625,3509.4375
c_h4-10m-n3-c32-write_heavy-r3-scylla,2026-09-12T01:50:33.8410914Z,448.46999999999997,11.809000000000001,0.885650634765625,3513.890625
c_h4-10m-n3-c32-write_heavy-r3-scylla,2026-09-12T01:50:41.1392549Z,449.27000000000004,11.809000000000001,0.8856544494628906,3518.53125
c_h4-10m-n3-c32-write_heavy-r3-scylla,2026-09-12T01:50:48.3765782Z,435.21999999999997,11.809000000000001,0.8856544494628906,3523.328125
c_h4-10m-n3-c32-write_heavy-r3-scylla,2026-09-12T01:50:55.6614520Z,412.15,11.808,0.8856544494628906,3529.03125
c_h4-10m-n3-c32-write_heavy-r3-scylla,2026-09-12T01:51:02.9636754Z,479.94,11.809000000000001,0.8858833312988281,3533.828125
c_h4-10m-n3-c32-write_heavy-r3-scylla,2026-09-12T01:51:09.3745444Z,448.31,11.809000000000001,0.8858833312988281,3537.765625
c_h4-10m-n3-c32-write_heavy-r3-scylla,2026-09-12T01:51:16.6811235Z,430.22,11.809000000000001,0.8858833312988281,3542.578125
c_h4-10m-n3-c32-write_heavy-r3-scylla,2026-09-12T01:51:23.9952451Z,439.34000000000003,11.808,0.8859100341796875,3547.453125
c_h4-10m-n3-c32-write_heavy-r3-scylla,2026-09-12T01:51:31.3035803Z,431.23,11.809000000000001,0.8861427307128906,3552.046875
c_h4-10m-n3-c32-write_heavy-r3-scylla,2026-09-12T01:51:38.3934684Z,456.06,11.809000000000001,0.8861427307128906,3556.40625
c_h4-10m-n3-c32-write_heavy-r3-scylla,2026-09-12T01:51:45.6904344Z,429.03999999999996,11.809000000000001,0.8861427307128906,3561.078125
c_h4-10m-n3-c32-write_heavy-r3-scylla,2026-09-12T01:51:52.9877862Z,438.82,11.808,0.8861465454101562,3565.375
c_h4-10m-n3-c32-write_heavy-r3-scylla,2026-09-12T01:51:59.3825558Z,451.78999999999996,11.809000000000001,0.8862075805664062,3569.53125
c_h4-10m-n3-c32-write_heavy-r3-scylla,2026-09-12T01:52:06.6866481Z,429.78,11.809000000000001,0.8864517211914062,3574.578125
c_h4-10m-n3-c32-write_heavy-r3-scylla,2026-09-12T01:52:14.0010804Z,475.46999999999997,11.808,0.8864517211914062,3579.671875
c_h4-10m-n3-c32-write_heavy-r3-scylla,2026-09-12T01:52:21.3069412Z,446.64,11.809000000000001,0.8864517211914062,3583.96875
c_h4-10m-n3-c32-write_heavy-r3-scylla,2026-09-12T01:52:28.4201746Z,453.13,11.809000000000001,0.8864517211914062,3587.984375
c_h4-10m-n3-c32-write_heavy-r3-scylla,2026-09-12T01:52:35.7118561Z,472.91999999999996,11.809000000000001,0.8866539001464844,3592.28125
c_h4-10m-n3-c32-write_heavy-r3-scylla,2026-09-12T01:52:43.0262535Z,444.37,11.809000000000001,0.88665771484375,3597.375
c_h4-10m-n3-c32-write_heavy-r3-scylla,2026-09-12T01:52:49.4332600Z,447.59999999999997,11.809000000000001,0.88665771484375,3601.328125
c_h4-10m-n3-c32-write_heavy-r3-scylla,2026-09-12T01:52:56.7313370Z,430.72,11.809000000000001,0.88665771484375,3606.453125
c_h4-10m-n3-c32-write_heavy-r3-scylla,2026-09-12T01:53:04.0357382Z,445.83,11.808,0.88665771484375,3611.40625
