"captured_at_utc","experiment_id","database","host_cpu_percent","host_memory_used_mb","host_memory_available_mb","container_name","container_cpu_percent","container_memory_bytes","container_memory_limit_bytes","container_network_io","container_block_io"
"2026-08-21T03:48:47.3652131Z","EXP-20260821T034822Z-f7560dda","cassandra","73","22858.44","9682.91","cassandra-node2","79.09","2772401390","6442450944","1.97GB / 1.69GB","78MB / 1.43GB"
"2026-08-21T03:48:47.3652131Z","EXP-20260821T034822Z-f7560dda","cassandra","73","22858.44","9682.91","cassandra-node3","80.35","2772401390","6442450944","2.43GB / 1.88GB","62MB / 1.36GB"
"2026-08-21T03:48:47.3652131Z","EXP-20260821T034822Z-f7560dda","cassandra","73","22858.44","9682.91","cassandra-node1","81.77","2784212550","6442450944","2.2GB / 2.02GB","126MB / 1.47GB"
"2026-08-21T03:49:50.9365721Z","EXP-20260821T034822Z-f7560dda","cassandra","67","23073.78","9467.57","cassandra-node2","77.99","2772401390","6442450944","1.98GB / 1.7GB","78MB / 1.43GB"
"2026-08-21T03:49:50.9365721Z","EXP-20260821T034822Z-f7560dda","cassandra","67","23073.78","9467.57","cassandra-node3","83.54","2772401390","6442450944","2.44GB / 1.89GB","62MB / 1.36GB"
"2026-08-21T03:49:50.9365721Z","EXP-20260821T034822Z-f7560dda","cassandra","67","23073.78","9467.57","cassandra-node1","86.41","2783138808","6442450944","2.21GB / 2.03GB","126MB / 1.47GB"
"2026-08-21T03:50:54.4500785Z","EXP-20260821T034822Z-f7560dda","cassandra","63","22978.07","9563.28","cassandra-node2","81.65","2772401390","6442450944","1.98GB / 1.7GB","78MB / 1.43GB"
"2026-08-21T03:50:54.4500785Z","EXP-20260821T034822Z-f7560dda","cassandra","63","22978.07","9563.28","cassandra-node3","86","2772401390","6442450944","2.45GB / 1.9GB","62MB / 1.37GB"
"2026-08-21T03:50:54.4500785Z","EXP-20260821T034822Z-f7560dda","cassandra","63","22978.07","9563.28","cassandra-node1","81.48","2784212550","6442450944","2.22GB / 2.04GB","126MB / 1.48GB"
"2026-08-21T03:51:58.2920552Z","EXP-20260821T034822Z-f7560dda","cassandra","91","22992.02","9549.33","cassandra-node2","80.2","2778843841","6442450944","1.99GB / 1.71GB","78MB / 1.44GB"
"2026-08-21T03:51:58.2920552Z","EXP-20260821T034822Z-f7560dda","cassandra","91","22992.02","9549.33","cassandra-node3","83.88","2772401390","6442450944","2.45GB / 1.9GB","62MB / 1.37GB"
"2026-08-21T03:51:58.2920552Z","EXP-20260821T034822Z-f7560dda","cassandra","91","22992.02","9549.33","cassandra-node1","82.39","2785286291","6442450944","2.22GB / 2.04GB","126MB / 1.48GB"
"2026-08-21T03:53:02.3798199Z","EXP-20260821T034822Z-f7560dda","cassandra","100","22782.5","9758.85","cassandra-node2","181.22","2779917582","6442450944","2GB / 1.72GB","78MB / 1.44GB"
"2026-08-21T03:53:02.3798199Z","EXP-20260821T034822Z-f7560dda","cassandra","100","22782.5","9758.85","cassandra-node3","173.76","2772401390","6442450944","2.46GB / 1.91GB","62MB / 1.37GB"
"2026-08-21T03:53:02.3798199Z","EXP-20260821T034822Z-f7560dda","cassandra","100","22782.5","9758.85","cassandra-node1","168.69","2788507517","6442450944","2.23GB / 2.05GB","126MB / 1.48GB"
"2026-08-21T03:54:06.3414893Z","EXP-20260821T034822Z-f7560dda","cassandra","100","22812.52","9728.83","cassandra-node2","177.66","2778843841","6442450944","2.03GB / 1.74GB","78MB / 1.46GB"
"2026-08-21T03:54:06.3414893Z","EXP-20260821T034822Z-f7560dda","cassandra","100","22812.52","9728.83","cassandra-node3","172.4","2772401390","6442450944","2.5GB / 1.93GB","62MB / 1.39GB"
"2026-08-21T03:54:06.3414893Z","EXP-20260821T034822Z-f7560dda","cassandra","100","22812.52","9728.83","cassandra-node1","180.02","2788507517","6442450944","2.26GB / 2.07GB","126MB / 1.5GB"
"2026-08-21T03:55:10.1365510Z","EXP-20260821T034822Z-f7560dda","cassandra","100","22885.94","9655.41","cassandra-node2","169.63","2779917582","6442450944","2.06GB / 1.77GB","78MB / 1.48GB"
"2026-08-21T03:55:10.1365510Z","EXP-20260821T034822Z-f7560dda","cassandra","100","22885.94","9655.41","cassandra-node3","171.71","2772401390","6442450944","2.53GB / 1.96GB","62MB / 1.41GB"
"2026-08-21T03:55:10.1365510Z","EXP-20260821T034822Z-f7560dda","cassandra","100","22885.94","9655.41","cassandra-node1","180.03","2788507517","6442450944","2.3GB / 2.1GB","126MB / 1.52GB"
"2026-08-21T03:56:13.9533773Z","EXP-20260821T034822Z-f7560dda","cassandra","100","22958.47","9582.88","cassandra-node2","162.72","2779917582","6442450944","2.09GB / 1.79GB","78MB / 1.51GB"
"2026-08-21T03:56:13.9533773Z","EXP-20260821T034822Z-f7560dda","cassandra","100","22958.47","9582.88","cassandra-node3","159.33","2774548873","6442450944","2.56GB / 1.98GB","62MB / 1.44GB"
"2026-08-21T03:56:13.9533773Z","EXP-20260821T034822Z-f7560dda","cassandra","100","22958.47","9582.88","cassandra-node1","179.12","2789581259","6442450944","2.33GB / 2.12GB","126MB / 1.55GB"
"2026-08-21T03:57:17.2671417Z","EXP-20260821T034822Z-f7560dda","cassandra","99","22886.31","9655.04","cassandra-node2","175.65","2779917582","6442450944","2.12GB / 1.82GB","78MB / 1.53GB"
"2026-08-21T03:57:17.2671417Z","EXP-20260821T034822Z-f7560dda","cassandra","99","22886.31","9655.04","cassandra-node3","179.41","2773475131","6442450944","2.6GB / 2GB","62MB / 1.46GB"
"2026-08-21T03:57:17.2671417Z","EXP-20260821T034822Z-f7560dda","cassandra","99","22886.31","9655.04","cassandra-node1","189.12","2789581259","6442450944","2.36GB / 2.15GB","126MB / 1.57GB"
"2026-08-21T03:58:21.0369261Z","EXP-20260821T034822Z-f7560dda","cassandra","99","22888.99","9652.36","cassandra-node2","182.96","2780991324","6442450944","2.16GB / 1.85GB","78MB / 1.56GB"
"2026-08-21T03:58:21.0369261Z","EXP-20260821T034822Z-f7560dda","cassandra","99","22888.99","9652.36","cassandra-node3","178.56","2773475131","6442450944","2.63GB / 2.03GB","62MB / 1.5GB"
"2026-08-21T03:58:21.0369261Z","EXP-20260821T034822Z-f7560dda","cassandra","99","22888.99","9652.36","cassandra-node1","181.63","2783138808","6442450944","2.4GB / 2.18GB","126MB / 1.61GB"
"2026-08-21T03:59:24.8297328Z","EXP-20260821T034822Z-f7560dda","cassandra","76","22902.49","9638.86","cassandra-node2","127.8","2775622615","6442450944","2.19GB / 1.88GB","78MB / 1.6GB"
"2026-08-21T03:59:24.8297328Z","EXP-20260821T034822Z-f7560dda","cassandra","76","22902.49","9638.86","cassandra-node3","179.85","2774548873","6442450944","2.67GB / 2.06GB","62MB / 1.53GB"
"2026-08-21T03:59:24.8297328Z","EXP-20260821T034822Z-f7560dda","cassandra","76","22902.49","9638.86","cassandra-node1","107.97","2784212550","6442450944","2.44GB / 2.21GB","126MB / 1.64GB"
"2026-08-21T04:00:28.4755591Z","EXP-20260821T034822Z-f7560dda","cassandra","100","23029.93","9511.42","cassandra-node2","177.67","2775622615","6442450944","2.23GB / 1.91GB","78MB / 1.62GB"
"2026-08-21T04:00:28.4755591Z","EXP-20260821T034822Z-f7560dda","cassandra","100","23029.93","9511.42","cassandra-node3","178.88","2773475131","6442450944","2.71GB / 2.09GB","62MB / 1.55GB"
"2026-08-21T04:00:28.4755591Z","EXP-20260821T034822Z-f7560dda","cassandra","100","23029.93","9511.42","cassandra-node1","164.12","2784212550","6442450944","2.48GB / 2.25GB","126MB / 1.66GB"
"2026-08-21T04:01:32.1837947Z","EXP-20260821T034822Z-f7560dda","cassandra","100","22984.38","9556.98","cassandra-node2","157.44","2776696357","6442450944","2.26GB / 1.94GB","78MB / 1.65GB"
"2026-08-21T04:01:32.1837947Z","EXP-20260821T034822Z-f7560dda","cassandra","100","22984.38","9556.98","cassandra-node3","199.59","2774548873","6442450944","2.75GB / 2.11GB","62MB / 1.59GB"
"2026-08-21T04:01:32.1837947Z","EXP-20260821T034822Z-f7560dda","cassandra","100","22984.38","9556.98","cassandra-node1","204.79","2786360033","6442450944","2.51GB / 2.27GB","126MB / 1.7GB"
"2026-08-21T04:02:35.2295417Z","EXP-20260821T034822Z-f7560dda","cassandra","97","23056.84","9484.51","cassandra-node2","187.25","2776696357","6442450944","2.3GB / 1.97GB","78MB / 1.68GB"
"2026-08-21T04:02:35.2295417Z","EXP-20260821T034822Z-f7560dda","cassandra","97","23056.84","9484.51","cassandra-node3","183.67","2775622615","6442450944","2.79GB / 2.14GB","62MB / 1.61GB"
"2026-08-21T04:02:35.2295417Z","EXP-20260821T034822Z-f7560dda","cassandra","97","23056.84","9484.51","cassandra-node1","182.91","2786360033","6442450944","2.55GB / 2.31GB","126MB / 1.72GB"
"2026-08-21T04:03:38.9101280Z","EXP-20260821T034822Z-f7560dda","cassandra","99","23122.84","9418.51","cassandra-node2","180.49","2776696357","6442450944","2.33GB / 2GB","78MB / 1.71GB"
"2026-08-21T04:03:38.9101280Z","EXP-20260821T034822Z-f7560dda","cassandra","99","23122.84","9418.51","cassandra-node3","181.15","2774548873","6442450944","2.83GB / 2.17GB","62MB / 1.64GB"
"2026-08-21T04:03:38.9101280Z","EXP-20260821T034822Z-f7560dda","cassandra","99","23122.84","9418.51","cassandra-node1","175.79","2786360033","6442450944","2.59GB / 2.34GB","126MB / 1.75GB"
"2026-08-21T04:04:42.6385179Z","EXP-20260821T034822Z-f7560dda","cassandra","100","23085.17","9456.18","cassandra-node2","153.3","2777770099","6442450944","2.37GB / 2.04GB","78MB / 1.74GB"
"2026-08-21T04:04:42.6385179Z","EXP-20260821T034822Z-f7560dda","cassandra","100","23085.17","9456.18","cassandra-node3","161.34","2775622615","6442450944","2.87GB / 2.2GB","62MB / 1.67GB"
"2026-08-21T04:04:42.6385179Z","EXP-20260821T034822Z-f7560dda","cassandra","100","23085.17","9456.18","cassandra-node1","166.16","2786360033","6442450944","2.63GB / 2.37GB","126MB / 1.78GB"
"2026-08-21T04:05:45.4773192Z","EXP-20260821T034822Z-f7560dda","cassandra","100","23215.92","9325.43","cassandra-node2","186.1","2779917582","6442450944","2.41GB / 2.07GB","78MB / 1.77GB"
"2026-08-21T04:05:45.4773192Z","EXP-20260821T034822Z-f7560dda","cassandra","100","23215.92","9325.43","cassandra-node3","177.91","2778843841","6442450944","2.9GB / 2.22GB","62MB / 1.7GB"
"2026-08-21T04:05:45.4773192Z","EXP-20260821T034822Z-f7560dda","cassandra","100","23215.92","9325.43","cassandra-node1","186.14","2788507517","6442450944","2.67GB / 2.4GB","126MB / 1.81GB"
"2026-08-21T04:06:49.2340410Z","EXP-20260821T034822Z-f7560dda","cassandra","94","23265.68","9275.67","cassandra-node2","178.63","2779917582","6442450944","2.44GB / 2.1GB","78MB / 1.79GB"
"2026-08-21T04:06:49.2340410Z","EXP-20260821T034822Z-f7560dda","cassandra","94","23265.68","9275.67","cassandra-node3","177.25","2777770099","6442450944","2.94GB / 2.25GB","62MB / 1.72GB"
"2026-08-21T04:06:49.2340410Z","EXP-20260821T034822Z-f7560dda","cassandra","94","23265.68","9275.67","cassandra-node1","219.76","2786360033","6442450944","2.71GB / 2.43GB","126MB / 1.83GB"
"2026-08-21T04:07:52.9536517Z","EXP-20260821T034822Z-f7560dda","cassandra","100","23365.81","9175.54","cassandra-node2","185.43","2779917582","6442450944","2.48GB / 2.13GB","78MB / 1.83GB"
"2026-08-21T04:07:52.9536517Z","EXP-20260821T034822Z-f7560dda","cassandra","100","23365.81","9175.54","cassandra-node3","178.92","2778843841","6442450944","2.98GB / 2.28GB","62MB / 1.76GB"
"2026-08-21T04:07:52.9536517Z","EXP-20260821T034822Z-f7560dda","cassandra","100","23365.81","9175.54","cassandra-node1","181.34","2794949968","6442450944","2.75GB / 2.46GB","126MB / 1.87GB"
"2026-08-21T04:08:56.6443561Z","EXP-20260821T034822Z-f7560dda","cassandra","99","23381.11","9160.24","cassandra-node2","181.38","2779917582","6442450944","2.51GB / 2.16GB","78MB / 1.85GB"
"2026-08-21T04:08:56.6443561Z","EXP-20260821T034822Z-f7560dda","cassandra","99","23381.11","9160.24","cassandra-node3","173.4","2778843841","6442450944","3.02GB / 2.31GB","62MB / 1.78GB"
"2026-08-21T04:08:56.6443561Z","EXP-20260821T034822Z-f7560dda","cassandra","99","23381.11","9160.24","cassandra-node1","178.85","2794949968","6442450944","2.79GB / 2.49GB","126MB / 1.89GB"
"2026-08-21T04:10:00.5319362Z","EXP-20260821T034822Z-f7560dda","cassandra","100","23481.92","9059.43","cassandra-node2","165.77","2784212550","6442450944","2.55GB / 2.19GB","78MB / 1.88GB"
"2026-08-21T04:10:00.5319362Z","EXP-20260821T034822Z-f7560dda","cassandra","100","23481.92","9059.43","cassandra-node3","172.34","2787433775","6442450944","3.06GB / 2.34GB","62MB / 1.82GB"
"2026-08-21T04:10:00.5319362Z","EXP-20260821T034822Z-f7560dda","cassandra","100","23481.92","9059.43","cassandra-node1","179","2796023710","6442450944","2.82GB / 2.52GB","126MB / 1.93GB"
"2026-08-21T04:11:04.3937908Z","EXP-20260821T034822Z-f7560dda","cassandra","99","23599.61","8941.75","cassandra-node2","176.27","2784212550","6442450944","2.59GB / 2.22GB","78MB / 1.92GB"
"2026-08-21T04:11:04.3937908Z","EXP-20260821T034822Z-f7560dda","cassandra","99","23599.61","8941.75","cassandra-node3","190.2","2787433775","6442450944","3.1GB / 2.36GB","62MB / 1.85GB"
"2026-08-21T04:11:04.3937908Z","EXP-20260821T034822Z-f7560dda","cassandra","99","23599.61","8941.75","cassandra-node1","182.72","2796023710","6442450944","2.86GB / 2.55GB","126MB / 1.96GB"
"2026-08-21T04:12:07.9806434Z","EXP-20260821T034822Z-f7560dda","cassandra","100","23480.49","9060.86","cassandra-node2","188.8","2783138808","6442450944","2.62GB / 2.25GB","78MB / 1.94GB"
"2026-08-21T04:12:07.9806434Z","EXP-20260821T034822Z-f7560dda","cassandra","100","23480.49","9060.86","cassandra-node3","179.72","2788507517","6442450944","3.14GB / 2.39GB","62MB / 1.87GB"
"2026-08-21T04:12:07.9806434Z","EXP-20260821T034822Z-f7560dda","cassandra","100","23480.49","9060.86","cassandra-node1","178.84","2796023710","6442450944","2.9GB / 2.58GB","126MB / 1.98GB"
"2026-08-21T04:13:11.7118250Z","EXP-20260821T034822Z-f7560dda","cassandra","100","23579.6","8961.75","cassandra-node2","167.64","2786360033","6442450944","2.66GB / 2.28GB","78MB / 1.97GB"
"2026-08-21T04:13:11.7118250Z","EXP-20260821T034822Z-f7560dda","cassandra","100","23579.6","8961.75","cassandra-node3","170.28","2788507517","6442450944","3.18GB / 2.42GB","62MB / 1.9GB"
"2026-08-21T04:13:11.7118250Z","EXP-20260821T034822Z-f7560dda","cassandra","100","23579.6","8961.75","cassandra-node1","180.66","2798171193","6442450944","2.94GB / 2.61GB","126MB / 2.02GB"
"2026-08-21T04:14:15.4565343Z","EXP-20260821T034822Z-f7560dda","cassandra","100","23662.66","8878.69","cassandra-node2","182.09","2783138808","6442450944","2.69GB / 2.31GB","78MB / 2GB"
"2026-08-21T04:14:15.4565343Z","EXP-20260821T034822Z-f7560dda","cassandra","100","23662.66","8878.69","cassandra-node3","177.46","2789581259","6442450944","3.22GB / 2.45GB","62MB / 1.93GB"
"2026-08-21T04:14:15.4565343Z","EXP-20260821T034822Z-f7560dda","cassandra","100","23662.66","8878.69","cassandra-node1","178.9","2809982353","6442450944","2.98GB / 2.64GB","126MB / 2.04GB"
"2026-08-21T04:15:19.1615164Z","EXP-20260821T034822Z-f7560dda","cassandra","100","23777.34","8764.01","cassandra-node2","171.31","2785286291","6442450944","2.73GB / 2.35GB","78MB / 2.03GB"
"2026-08-21T04:15:19.1615164Z","EXP-20260821T034822Z-f7560dda","cassandra","100","23777.34","8764.01","cassandra-node3","183.11","2790655001","6442450944","3.26GB / 2.48GB","62MB / 1.97GB"
"2026-08-21T04:15:19.1615164Z","EXP-20260821T034822Z-f7560dda","cassandra","100","23777.34","8764.01","cassandra-node1","174.04","2811056095","6442450944","3.02GB / 2.67GB","126MB / 2.08GB"
"2026-08-21T04:16:22.9012867Z","EXP-20260821T034822Z-f7560dda","cassandra","99","23847.08","8694.27","cassandra-node2","177.51","2784212550","6442450944","2.77GB / 2.38GB","78MB / 2.06GB"
"2026-08-21T04:16:22.9012867Z","EXP-20260821T034822Z-f7560dda","cassandra","99","23847.08","8694.27","cassandra-node3","179.23","2790655001","6442450944","3.3GB / 2.51GB","62MB / 1.99GB"
"2026-08-21T04:16:22.9012867Z","EXP-20260821T034822Z-f7560dda","cassandra","99","23847.08","8694.27","cassandra-node1","180.38","2812129837","6442450944","3.06GB / 2.71GB","126MB / 2.1GB"
"2026-08-21T04:17:25.9146533Z","EXP-20260821T034822Z-f7560dda","cassandra","100","24365.48","8175.87","cassandra-node2","172.59","2786360033","6442450944","2.8GB / 2.4GB","78MB / 2.09GB"
"2026-08-21T04:17:25.9146533Z","EXP-20260821T034822Z-f7560dda","cassandra","100","24365.48","8175.87","cassandra-node3","175.09","2791728742","6442450944","3.33GB / 2.53GB","62MB / 2.02GB"
"2026-08-21T04:17:25.9146533Z","EXP-20260821T034822Z-f7560dda","cassandra","100","24365.48","8175.87","cassandra-node1","170.21","2812129837","6442450944","3.09GB / 2.73GB","126MB / 2.13GB"
"2026-08-21T04:18:29.6917490Z","EXP-20260821T034822Z-f7560dda","cassandra","100","24400.92","8140.43","cassandra-node2","183.39","2787433775","6442450944","2.84GB / 2.44GB","78MB / 2.11GB"
"2026-08-21T04:18:29.6917490Z","EXP-20260821T034822Z-f7560dda","cassandra","100","24400.92","8140.43","cassandra-node3","174.11","2791728742","6442450944","3.37GB / 2.56GB","62MB / 2.04GB"
"2026-08-21T04:18:29.6917490Z","EXP-20260821T034822Z-f7560dda","cassandra","100","24400.92","8140.43","cassandra-node1","186.14","2811056095","6442450944","3.13GB / 2.77GB","126MB / 2.15GB"
"2026-08-21T04:19:33.4748417Z","EXP-20260821T034822Z-f7560dda","cassandra","100","24514.29","8027.06","cassandra-node2","179.21","2789581259","6442450944","2.87GB / 2.47GB","78MB / 2.15GB"
"2026-08-21T04:19:33.4748417Z","EXP-20260821T034822Z-f7560dda","cassandra","100","24514.29","8027.06","cassandra-node3","177.04","2785286291","6442450944","3.41GB / 2.59GB","62MB / 2.08GB"
"2026-08-21T04:19:33.4748417Z","EXP-20260821T034822Z-f7560dda","cassandra","100","24514.29","8027.06","cassandra-node1","177.45","2812129837","6442450944","3.17GB / 2.8GB","126MB / 2.19GB"
"2026-08-21T04:20:37.0592649Z","EXP-20260821T034822Z-f7560dda","cassandra","97","24583.96","7957.39","cassandra-node2","209.29","2789581259","6442450944","2.91GB / 2.5GB","78MB / 2.17GB"
"2026-08-21T04:20:37.0592649Z","EXP-20260821T034822Z-f7560dda","cassandra","97","24583.96","7957.39","cassandra-node3","176.18","2785286291","6442450944","3.45GB / 2.62GB","62MB / 2.1GB"
"2026-08-21T04:20:37.0592649Z","EXP-20260821T034822Z-f7560dda","cassandra","97","24583.96","7957.39","cassandra-node1","176.39","2813203579","6442450944","3.22GB / 2.83GB","126MB / 2.21GB"
"2026-08-21T04:21:40.7926928Z","EXP-20260821T034822Z-f7560dda","cassandra","100","24613.43","7927.93","cassandra-node2","162.84","2788507517","6442450944","2.95GB / 2.53GB","78MB / 2.21GB"
"2026-08-21T04:21:40.7926928Z","EXP-20260821T034822Z-f7560dda","cassandra","100","24613.43","7927.93","cassandra-node3","166.26","2785286291","6442450944","3.5GB / 2.65GB","62MB / 2.14GB"
"2026-08-21T04:21:40.7926928Z","EXP-20260821T034822Z-f7560dda","cassandra","100","24613.43","7927.93","cassandra-node1","179.21","2815351063","6442450944","3.26GB / 2.86GB","126MB / 2.25GB"
"2026-08-21T04:22:44.5254000Z","EXP-20260821T034822Z-f7560dda","cassandra","96","24711.95","7829.41","cassandra-node2","215.07","2837899641","6442450944","2.98GB / 2.56GB","78MB / 2.22GB"
"2026-08-21T04:22:44.5254000Z","EXP-20260821T034822Z-f7560dda","cassandra","96","24711.95","7829.41","cassandra-node3","199.01","2846489575","6442450944","3.52GB / 2.67GB","62MB / 2.15GB"
"2026-08-21T04:22:44.5254000Z","EXP-20260821T034822Z-f7560dda","cassandra","96","24711.95","7829.41","cassandra-node1","181.53","2831457190","6442450944","3.28GB / 2.89GB","126MB / 2.26GB"
"2026-08-21T04:23:48.2363100Z","EXP-20260821T034822Z-f7560dda","cassandra","100","24700.04","7841.31","cassandra-node2","177.92","2817498546","6442450944","3GB / 2.58GB","78MB / 2.22GB"
"2026-08-21T04:23:48.2363100Z","EXP-20260821T034822Z-f7560dda","cassandra","100","24700.04","7841.31","cassandra-node3","171.46","2817498546","6442450944","3.55GB / 2.69GB","62MB / 2.15GB"
"2026-08-21T04:23:48.2363100Z","EXP-20260821T034822Z-f7560dda","cassandra","100","24700.04","7841.31","cassandra-node1","181.03","2834678415","6442450944","3.31GB / 2.91GB","126MB / 2.26GB"
"2026-08-21T04:24:52.1337110Z","EXP-20260821T034822Z-f7560dda","cassandra","99","24709.63","7831.72","cassandra-node2","176.95","2819646030","6442450944","3.02GB / 2.6GB","78MB / 2.22GB"
"2026-08-21T04:24:52.1337110Z","EXP-20260821T034822Z-f7560dda","cassandra","99","24709.63","7831.72","cassandra-node3","172.34","2817498546","6442450944","3.57GB / 2.71GB","62MB / 2.15GB"
"2026-08-21T04:24:52.1337110Z","EXP-20260821T034822Z-f7560dda","cassandra","99","24709.63","7831.72","cassandra-node1","178.02","2827162223","6442450944","3.33GB / 2.93GB","126MB / 2.26GB"
"2026-08-21T04:25:56.0264974Z","EXP-20260821T034822Z-f7560dda","cassandra","100","24694.3","7847.05","cassandra-node2","182.43","2825014739","6442450944","3.05GB / 2.63GB","78MB / 2.22GB"
"2026-08-21T04:25:56.0264974Z","EXP-20260821T034822Z-f7560dda","cassandra","100","24694.3","7847.05","cassandra-node3","172.12","2825014739","6442450944","3.59GB / 2.73GB","62MB / 2.15GB"
"2026-08-21T04:25:56.0264974Z","EXP-20260821T034822Z-f7560dda","cassandra","100","24694.3","7847.05","cassandra-node1","180.2","2832530932","6442450944","3.35GB / 2.95GB","126MB / 2.26GB"
"2026-08-21T04:26:59.8287207Z","EXP-20260821T034822Z-f7560dda","cassandra","100","24683.11","7858.24","cassandra-node2","178.51","2825014739","6442450944","3.07GB / 2.65GB","78MB / 2.22GB"
"2026-08-21T04:26:59.8287207Z","EXP-20260821T034822Z-f7560dda","cassandra","100","24683.11","7858.24","cassandra-node3","175.12","2819646030","6442450944","3.62GB / 2.76GB","62MB / 2.15GB"
"2026-08-21T04:26:59.8287207Z","EXP-20260821T034822Z-f7560dda","cassandra","100","24683.11","7858.24","cassandra-node1","182","2827162223","6442450944","3.38GB / 2.98GB","126MB / 2.26GB"
"2026-08-21T04:28:03.5558896Z","EXP-20260821T034822Z-f7560dda","cassandra","100","24867.52","7673.83","cassandra-node2","211.47","2818572288","6442450944","3.09GB / 2.7GB","78MB / 2.22GB"
"2026-08-21T04:28:03.5558896Z","EXP-20260821T034822Z-f7560dda","cassandra","100","24867.52","7673.83","cassandra-node3","176.76","2819646030","6442450944","3.64GB / 2.8GB","62MB / 2.15GB"
"2026-08-21T04:28:03.5558896Z","EXP-20260821T034822Z-f7560dda","cassandra","100","24867.52","7673.83","cassandra-node1","148.63","2828235964","6442450944","3.4GB / 3.03GB","126MB / 2.26GB"
"2026-08-21T04:29:06.7592831Z","EXP-20260821T034822Z-f7560dda","cassandra","100","24848.52","7692.83","cassandra-node2","211.96","2818572288","6442450944","3.1GB / 2.87GB","78MB / 2.22GB"
"2026-08-21T04:29:06.7592831Z","EXP-20260821T034822Z-f7560dda","cassandra","100","24848.52","7692.83","cassandra-node3","148.99","2819646030","6442450944","3.64GB / 2.98GB","62MB / 2.15GB"
"2026-08-21T04:29:06.7592831Z","EXP-20260821T034822Z-f7560dda","cassandra","100","24848.52","7692.83","cassandra-node1","193.85","2829309706","6442450944","3.4GB / 3.21GB","126MB / 2.26GB"
"2026-08-21T04:30:10.6003844Z","EXP-20260821T034822Z-f7560dda","cassandra","96","24859.69","7681.66","cassandra-node2","218","2818572288","6442450944","3.12GB / 3.03GB","78MB / 2.22GB"
"2026-08-21T04:30:10.6003844Z","EXP-20260821T034822Z-f7560dda","cassandra","96","24859.69","7681.66","cassandra-node3","149.07","2820719772","6442450944","3.65GB / 3.16GB","62MB / 2.15GB"
"2026-08-21T04:30:10.6003844Z","EXP-20260821T034822Z-f7560dda","cassandra","96","24859.69","7681.66","cassandra-node1","142.79","2828235964","6442450944","3.41GB / 3.38GB","126MB / 2.26GB"
"2026-08-21T04:31:14.4265870Z","EXP-20260821T034822Z-f7560dda","cassandra","94","24878.73","7662.62","cassandra-node2","206.28","2818572288","6442450944","3.13GB / 3.2GB","78MB / 2.22GB"
"2026-08-21T04:31:14.4265870Z","EXP-20260821T034822Z-f7560dda","cassandra","94","24878.73","7662.62","cassandra-node3","144.5","2820719772","6442450944","3.66GB / 3.33GB","62MB / 2.15GB"
"2026-08-21T04:31:14.4265870Z","EXP-20260821T034822Z-f7560dda","cassandra","94","24878.73","7662.62","cassandra-node1","183.33","2827162223","6442450944","3.42GB / 3.56GB","126MB / 2.27GB"
"2026-08-21T04:32:17.4434906Z","EXP-20260821T034822Z-f7560dda","cassandra","100","24859.16","7682.19","cassandra-node2","200.76","2817498546","6442450944","3.14GB / 3.37GB","78MB / 2.22GB"
"2026-08-21T04:32:17.4434906Z","EXP-20260821T034822Z-f7560dda","cassandra","100","24859.16","7682.19","cassandra-node3","194.39","2819646030","6442450944","3.67GB / 3.52GB","62MB / 2.15GB"
"2026-08-21T04:32:17.4434906Z","EXP-20260821T034822Z-f7560dda","cassandra","100","24859.16","7682.19","cassandra-node1","194.41","2827162223","6442450944","3.43GB / 3.73GB","126MB / 2.27GB"
"2026-08-21T04:33:21.1334431Z","EXP-20260821T034822Z-f7560dda","cassandra","97","24857.14","7684.21","cassandra-node2","162.09","2832530932","6442450944","3.16GB / 3.57GB","78MB / 2.22GB"
"2026-08-21T04:33:21.1334431Z","EXP-20260821T034822Z-f7560dda","cassandra","97","24857.14","7684.21","cassandra-node3","171.55","2820719772","6442450944","3.68GB / 3.72GB","62MB / 2.16GB"
"2026-08-21T04:33:21.1334431Z","EXP-20260821T034822Z-f7560dda","cassandra","97","24857.14","7684.21","cassandra-node1","209.33","2830383448","6442450944","3.45GB / 3.92GB","126MB / 2.27GB"
"2026-08-21T04:34:25.0319680Z","EXP-20260821T034822Z-f7560dda","cassandra","100","24872.3","7669.05","cassandra-node2","177.89","2820719772","6442450944","3.17GB / 3.77GB","78MB / 2.22GB"
"2026-08-21T04:34:25.0319680Z","EXP-20260821T034822Z-f7560dda","cassandra","100","24872.3","7669.05","cassandra-node3","194.64","2823940997","6442450944","3.69GB / 3.9GB","62MB / 2.16GB"
"2026-08-21T04:34:25.0319680Z","EXP-20260821T034822Z-f7560dda","cassandra","100","24872.3","7669.05","cassandra-node1","205.23","2833604674","6442450944","3.46GB / 4.1GB","126MB / 2.27GB"
"2026-08-21T04:35:28.6734757Z","EXP-20260821T034822Z-f7560dda","cassandra","97","24777.27","7764.08","cassandra-node2","84.75","2820719772","6442450944","3.17GB / 3.95GB","78MB / 2.22GB"
"2026-08-21T04:35:28.6734757Z","EXP-20260821T034822Z-f7560dda","cassandra","97","24777.27","7764.08","cassandra-node3","177.42","2823940997","6442450944","3.7GB / 4.07GB","62MB / 2.16GB"
"2026-08-21T04:35:28.6734757Z","EXP-20260821T034822Z-f7560dda","cassandra","97","24777.27","7764.08","cassandra-node1","197.57","2827162223","6442450944","3.47GB / 4.26GB","126MB / 2.27GB"
"2026-08-21T04:36:32.4430593Z","EXP-20260821T034822Z-f7560dda","cassandra","94","24771.04","7770.31","cassandra-node2","145.11","2821793513","6442450944","3.18GB / 4.14GB","78MB / 2.22GB"
"2026-08-21T04:36:32.4430593Z","EXP-20260821T034822Z-f7560dda","cassandra","94","24771.04","7770.31","cassandra-node3","176.74","2823940997","6442450944","3.71GB / 4.25GB","62MB / 2.16GB"
"2026-08-21T04:36:32.4430593Z","EXP-20260821T034822Z-f7560dda","cassandra","94","24771.04","7770.31","cassandra-node1","209.76","2826088481","6442450944","3.49GB / 4.42GB","126MB / 2.27GB"
"2026-08-21T04:37:36.1655543Z","EXP-20260821T034822Z-f7560dda","cassandra","91","24801.78","7739.57","cassandra-node2","143.09","2832530932","6442450944","3.19GB / 4.31GB","78MB / 2.22GB"
"2026-08-21T04:37:36.1655543Z","EXP-20260821T034822Z-f7560dda","cassandra","91","24801.78","7739.57","cassandra-node3","125.55","2836825899","6442450944","3.72GB / 4.42GB","62MB / 2.16GB"
"2026-08-21T04:37:36.1655543Z","EXP-20260821T034822Z-f7560dda","cassandra","91","24801.78","7739.57","cassandra-node1","216.8","2827162223","6442450944","3.51GB / 4.58GB","126MB / 2.27GB"
"2026-08-21T04:38:39.8211929Z","EXP-20260821T034822Z-f7560dda","cassandra","96","24770.96","7770.39","cassandra-node2","145.04","2832530932","6442450944","3.2GB / 4.5GB","78MB / 2.22GB"
"2026-08-21T04:38:39.8211929Z","EXP-20260821T034822Z-f7560dda","cassandra","96","24770.96","7770.39","cassandra-node3","191.6","2836825899","6442450944","3.73GB / 4.59GB","62MB / 2.16GB"
"2026-08-21T04:38:39.8211929Z","EXP-20260821T034822Z-f7560dda","cassandra","96","24770.96","7770.39","cassandra-node1","190.55","2826088481","6442450944","3.52GB / 4.73GB","126MB / 2.27GB"
"2026-08-21T04:39:43.5133770Z","EXP-20260821T034822Z-f7560dda","cassandra","100","24782.63","7758.72","cassandra-node2","128.7","2832530932","6442450944","3.2GB / 4.68GB","78MB / 2.23GB"
"2026-08-21T04:39:43.5133770Z","EXP-20260821T034822Z-f7560dda","cassandra","100","24782.63","7758.72","cassandra-node3","167.84","2835752157","6442450944","3.75GB / 4.77GB","62MB / 2.16GB"
"2026-08-21T04:39:43.5133770Z","EXP-20260821T034822Z-f7560dda","cassandra","100","24782.63","7758.72","cassandra-node1","206.13","2827162223","6442450944","3.54GB / 4.89GB","126MB / 2.27GB"
"2026-08-21T04:40:46.8861561Z","EXP-20260821T034822Z-f7560dda","cassandra","99","24758.93","7782.43","cassandra-node2","172.88","2820719772","6442450944","3.23GB / 4.74GB","78MB / 2.25GB"
"2026-08-21T04:40:46.8861561Z","EXP-20260821T034822Z-f7560dda","cassandra","99","24758.93","7782.43","cassandra-node3","179.79","2827162223","6442450944","3.78GB / 4.83GB","62MB / 2.18GB"
"2026-08-21T04:40:46.8861561Z","EXP-20260821T034822Z-f7560dda","cassandra","99","24758.93","7782.43","cassandra-node1","179.9","2830383448","6442450944","3.57GB / 4.95GB","126MB / 2.29GB"
"2026-08-21T04:41:50.5719220Z","EXP-20260821T034822Z-f7560dda","cassandra","99","24796.03","7745.32","cassandra-node2","181.97","2820719772","6442450944","3.27GB / 4.77GB","78MB / 2.28GB"
"2026-08-21T04:41:50.5719220Z","EXP-20260821T034822Z-f7560dda","cassandra","99","24796.03","7745.32","cassandra-node3","178.98","2827162223","6442450944","3.82GB / 4.86GB","62MB / 2.21GB"
"2026-08-21T04:41:50.5719220Z","EXP-20260821T034822Z-f7560dda","cassandra","99","24796.03","7745.32","cassandra-node1","190.48","2830383448","6442450944","3.61GB / 4.98GB","126MB / 2.32GB"
"2026-08-21T04:42:54.3910960Z","EXP-20260821T034822Z-f7560dda","cassandra","100","24922.89","7618.46","cassandra-node2","177.65","2820719772","6442450944","3.31GB / 4.81GB","78MB / 2.31GB"
"2026-08-21T04:42:54.3910960Z","EXP-20260821T034822Z-f7560dda","cassandra","100","24922.89","7618.46","cassandra-node3","185.95","2829309706","6442450944","3.86GB / 4.89GB","62MB / 2.24GB"
"2026-08-21T04:42:54.3910960Z","EXP-20260821T034822Z-f7560dda","cassandra","100","24922.89","7618.46","cassandra-node1","182.99","2831457190","6442450944","3.65GB / 5.02GB","126MB / 2.35GB"
"2026-08-21T04:43:57.9763349Z","EXP-20260821T034822Z-f7560dda","cassandra","100","24993.08","7548.27","cassandra-node2","179.79","2821793513","6442450944","3.35GB / 4.84GB","78MB / 2.35GB"
"2026-08-21T04:43:57.9763349Z","EXP-20260821T034822Z-f7560dda","cassandra","100","24993.08","7548.27","cassandra-node3","180.74","2829309706","6442450944","3.9GB / 4.91GB","62MB / 2.28GB"
"2026-08-21T04:43:57.9763349Z","EXP-20260821T034822Z-f7560dda","cassandra","100","24993.08","7548.27","cassandra-node1","178.85","2832530932","6442450944","3.69GB / 5.05GB","126MB / 2.39GB"
"2026-08-21T04:45:01.7353735Z","EXP-20260821T034822Z-f7560dda","cassandra","97","25012.67","7528.68","cassandra-node2","179.8","2821793513","6442450944","3.38GB / 4.87GB","78MB / 2.37GB"
"2026-08-21T04:45:01.7353735Z","EXP-20260821T034822Z-f7560dda","cassandra","97","25012.67","7528.68","cassandra-node3","167.92","2829309706","6442450944","3.94GB / 4.94GB","62MB / 2.3GB"
"2026-08-21T04:45:01.7353735Z","EXP-20260821T034822Z-f7560dda","cassandra","97","25012.67","7528.68","cassandra-node1","167.97","2832530932","6442450944","3.73GB / 5.08GB","126MB / 2.42GB"
"2026-08-21T04:46:05.4401705Z","EXP-20260821T034822Z-f7560dda","cassandra","100","25146.3","7395.05","cassandra-node2","188.68","2834678415","6442450944","3.42GB / 4.9GB","78MB / 2.4GB"
"2026-08-21T04:46:05.4401705Z","EXP-20260821T034822Z-f7560dda","cassandra","100","25146.3","7395.05","cassandra-node3","213","2861521961","6442450944","3.98GB / 4.97GB","62MB / 2.34GB"
"2026-08-21T04:46:05.4401705Z","EXP-20260821T034822Z-f7560dda","cassandra","100","25146.3","7395.05","cassandra-node1","172.15","2833604674","6442450944","3.77GB / 5.11GB","126MB / 2.45GB"
"2026-08-21T04:47:08.2562361Z","EXP-20260821T034822Z-f7560dda","cassandra","100","25125.02","7416.33","cassandra-node2","185.77","2843268350","6442450944","3.45GB / 4.93GB","78MB / 2.42GB"
"2026-08-21T04:47:08.2562361Z","EXP-20260821T034822Z-f7560dda","cassandra","100","25125.02","7416.33","cassandra-node3","191.06","2863669445","6442450944","4.01GB / 5GB","62MB / 2.35GB"
"2026-08-21T04:47:08.2562361Z","EXP-20260821T034822Z-f7560dda","cassandra","100","25125.02","7416.33","cassandra-node1","174.35","2845415834","6442450944","3.8GB / 5.14GB","126MB / 2.46GB"
"2026-08-21T04:48:12.2249791Z","EXP-20260821T034822Z-f7560dda","cassandra","100","25171.11","7370.25","cassandra-node2","185.42","2844342092","6442450944","3.48GB / 4.96GB","78MB / 2.45GB"
"2026-08-21T04:48:12.2249791Z","EXP-20260821T034822Z-f7560dda","cassandra","100","25171.11","7370.25","cassandra-node3","177.81","2859374477","6442450944","4.04GB / 5.02GB","62MB / 2.38GB"
"2026-08-21T04:48:12.2249791Z","EXP-20260821T034822Z-f7560dda","cassandra","100","25171.11","7370.25","cassandra-node1","166.15","2845415834","6442450944","3.83GB / 5.16GB","126MB / 2.49GB"
"2026-08-21T04:49:16.1105642Z","EXP-20260821T034822Z-f7560dda","cassandra","100","25185.15","7356.2","cassandra-node2","195.44","2844342092","6442450944","3.51GB / 4.98GB","78MB / 2.47GB"
"2026-08-21T04:49:16.1105642Z","EXP-20260821T034822Z-f7560dda","cassandra","100","25185.15","7356.2","cassandra-node3","182.48","2850784543","6442450944","4.08GB / 5.05GB","62MB / 2.4GB"
"2026-08-21T04:49:16.1105642Z","EXP-20260821T034822Z-f7560dda","cassandra","100","25185.15","7356.2","cassandra-node1","178.44","2846489575","6442450944","3.87GB / 5.19GB","126MB / 2.51GB"
"2026-08-21T04:50:19.2803535Z","EXP-20260821T034822Z-f7560dda","cassandra","100","25218.59","7322.76","cassandra-node2","190.33","2851858285","6442450944","3.55GB / 5.02GB","78MB / 2.51GB"
"2026-08-21T04:50:19.2803535Z","EXP-20260821T034822Z-f7560dda","cassandra","100","25218.59","7322.76","cassandra-node3","164.52","2843268350","6442450944","4.12GB / 5.08GB","62MB / 2.44GB"
"2026-08-21T04:50:19.2803535Z","EXP-20260821T034822Z-f7560dda","cassandra","100","25218.59","7322.76","cassandra-node1","182.19","2855079510","6442450944","3.91GB / 5.22GB","126MB / 2.55GB"
"2026-08-21T04:51:23.0532987Z","EXP-20260821T034822Z-f7560dda","cassandra","100","25287.12","7254.23","cassandra-node2","164.83","2851858285","6442450944","3.59GB / 5.05GB","78MB / 2.53GB"
"2026-08-21T04:51:23.0532987Z","EXP-20260821T034822Z-f7560dda","cassandra","100","25287.12","7254.23","cassandra-node3","181.82","2842194608","6442450944","4.16GB / 5.11GB","62MB / 2.46GB"
"2026-08-21T04:51:23.0532987Z","EXP-20260821T034822Z-f7560dda","cassandra","100","25287.12","7254.23","cassandra-node1","176.84","2854005768","6442450944","3.95GB / 5.26GB","126MB / 2.57GB"
"2026-08-21T04:52:26.8253663Z","EXP-20260821T034822Z-f7560dda","cassandra","99","25379.2","7162.15","cassandra-node2","176.57","2852932026","6442450944","3.62GB / 5.08GB","78MB / 2.56GB"
"2026-08-21T04:52:26.8253663Z","EXP-20260821T034822Z-f7560dda","cassandra","99","25379.2","7162.15","cassandra-node3","175.94","2843268350","6442450944","4.2GB / 5.13GB","62MB / 2.5GB"
"2026-08-21T04:52:26.8253663Z","EXP-20260821T034822Z-f7560dda","cassandra","99","25379.2","7162.15","cassandra-node1","183.46","2854005768","6442450944","3.99GB / 5.29GB","126MB / 2.61GB"
"2026-08-21T04:53:30.5232193Z","EXP-20260821T034822Z-f7560dda","cassandra","100","24645.86","7895.49","cassandra-node2","181.91","2831457190","6442450944","3.66GB / 5.11GB","78MB / 2.59GB"
"2026-08-21T04:53:30.5232193Z","EXP-20260821T034822Z-f7560dda","cassandra","100","24645.86","7895.49","cassandra-node3","173.59","2830383448","6442450944","4.24GB / 5.16GB","62MB / 2.52GB"
"2026-08-21T04:53:30.5232193Z","EXP-20260821T034822Z-f7560dda","cassandra","100","24645.86","7895.49","cassandra-node1","182.77","2842194608","6442450944","4.03GB / 5.32GB","126MB / 2.63GB"
"2026-08-21T04:54:34.3316015Z","EXP-20260821T034822Z-f7560dda","cassandra","100","24655.44","7885.91","cassandra-node2","214.56","2832530932","6442450944","3.69GB / 5.14GB","78MB / 2.6GB"
"2026-08-21T04:54:34.3316015Z","EXP-20260821T034822Z-f7560dda","cassandra","100","24655.44","7885.91","cassandra-node3","189.52","2833604674","6442450944","4.27GB / 5.19GB","62MB / 2.53GB"
"2026-08-21T04:54:34.3316015Z","EXP-20260821T034822Z-f7560dda","cassandra","100","24655.44","7885.91","cassandra-node1","208.98","2843268350","6442450944","4.06GB / 5.35GB","126MB / 2.64GB"
"2026-08-21T04:55:37.4225042Z","EXP-20260821T034822Z-f7560dda","cassandra","100","24648.66","7892.69","cassandra-node2","196.08","2844342092","6442450944","3.72GB / 5.16GB","78MB / 2.62GB"
"2026-08-21T04:55:37.4225042Z","EXP-20260821T034822Z-f7560dda","cassandra","100","24648.66","7892.69","cassandra-node3","174.07","2845415834","6442450944","4.3GB / 5.21GB","62MB / 2.55GB"
"2026-08-21T04:55:37.4225042Z","EXP-20260821T034822Z-f7560dda","cassandra","100","24648.66","7892.69","cassandra-node1","174.7","2857226994","6442450944","4.08GB / 5.37GB","126MB / 2.67GB"
"2026-08-21T04:56:41.1442711Z","EXP-20260821T034822Z-f7560dda","cassandra","100","24666.75","7874.61","cassandra-node2","180.52","2845415834","6442450944","3.75GB / 5.19GB","78MB / 2.64GB"
"2026-08-21T04:56:41.1442711Z","EXP-20260821T034822Z-f7560dda","cassandra","100","24666.75","7874.61","cassandra-node3","176.36","2848637059","6442450944","4.33GB / 5.23GB","62MB / 2.57GB"
"2026-08-21T04:56:41.1442711Z","EXP-20260821T034822Z-f7560dda","cassandra","100","24666.75","7874.61","cassandra-node1","175.14","2858300735","6442450944","4.11GB / 5.4GB","126MB / 2.68GB"
"2026-08-21T04:57:44.8538619Z","EXP-20260821T034822Z-f7560dda","cassandra","100","24672.05","7869.3","cassandra-node2","169.11","2845415834","6442450944","3.79GB / 5.22GB","78MB / 2.66GB"
"2026-08-21T04:57:44.8538619Z","EXP-20260821T034822Z-f7560dda","cassandra","100","24672.05","7869.3","cassandra-node3","166.57","2848637059","6442450944","4.37GB / 5.26GB","62MB / 2.6GB"
"2026-08-21T04:57:44.8538619Z","EXP-20260821T034822Z-f7560dda","cassandra","100","24672.05","7869.3","cassandra-node1","174.15","2857226994","6442450944","4.15GB / 5.43GB","126MB / 2.71GB"
"2026-08-21T04:58:48.4534964Z","EXP-20260821T034822Z-f7560dda","cassandra","100","24643.8","7897.55","cassandra-node2","180.75","2846489575","6442450944","3.82GB / 5.26GB","78MB / 2.7GB"
"2026-08-21T04:58:48.4534964Z","EXP-20260821T034822Z-f7560dda","cassandra","100","24643.8","7897.55","cassandra-node3","168.17","2849710801","6442450944","4.41GB / 5.29GB","62MB / 2.63GB"
"2026-08-21T04:58:48.4534964Z","EXP-20260821T034822Z-f7560dda","cassandra","100","24643.8","7897.55","cassandra-node1","178.72","2859374477","6442450944","4.19GB / 5.46GB","126MB / 2.74GB"
"2026-08-21T04:59:52.1443886Z","EXP-20260821T034822Z-f7560dda","cassandra","100","24642.5","7898.86","cassandra-node2","171.37","2847563317","6442450944","3.86GB / 5.29GB","78MB / 2.72GB"
"2026-08-21T04:59:52.1443886Z","EXP-20260821T034822Z-f7560dda","cassandra","100","24642.5","7898.86","cassandra-node3","166.64","2849710801","6442450944","4.45GB / 5.32GB","62MB / 2.66GB"
"2026-08-21T04:59:52.1443886Z","EXP-20260821T034822Z-f7560dda","cassandra","100","24642.5","7898.86","cassandra-node1","174.14","2859374477","6442450944","4.23GB / 5.49GB","126MB / 2.77GB"
"2026-08-21T05:00:55.9530414Z","EXP-20260821T034822Z-f7560dda","cassandra","100","24703.95","7837.41","cassandra-node2","182.03","2848637059","6442450944","3.9GB / 5.32GB","78MB / 2.76GB"
"2026-08-21T05:00:55.9530414Z","EXP-20260821T034822Z-f7560dda","cassandra","100","24703.95","7837.41","cassandra-node3","180.26","2850784543","6442450944","4.49GB / 5.35GB","62MB / 2.69GB"
"2026-08-21T05:00:55.9530414Z","EXP-20260821T034822Z-f7560dda","cassandra","100","24703.95","7837.41","cassandra-node1","179.16","2860448219","6442450944","4.27GB / 5.52GB","126MB / 2.8GB"
"2026-08-21T05:01:59.5423147Z","EXP-20260821T034822Z-f7560dda","cassandra","100","24716.89","7824.46","cassandra-node2","184.73","2848637059","6442450944","3.93GB / 5.35GB","78MB / 2.78GB"
"2026-08-21T05:01:59.5423147Z","EXP-20260821T034822Z-f7560dda","cassandra","100","24716.89","7824.46","cassandra-node3","170.32","2851858285","6442450944","4.53GB / 5.38GB","62MB / 2.71GB"
"2026-08-21T05:01:59.5423147Z","EXP-20260821T034822Z-f7560dda","cassandra","100","24716.89","7824.46","cassandra-node1","169.2","2860448219","6442450944","4.31GB / 5.55GB","126MB / 2.82GB"
"2026-08-21T05:03:03.3007897Z","EXP-20260821T034822Z-f7560dda","cassandra","99","24700.39","7840.96","cassandra-node2","184.57","2848637059","6442450944","3.96GB / 5.38GB","78MB / 2.79GB"
"2026-08-21T05:03:03.3007897Z","EXP-20260821T034822Z-f7560dda","cassandra","99","24700.39","7840.96","cassandra-node3","167.03","2851858285","6442450944","4.56GB / 5.4GB","62MB / 2.72GB"
"2026-08-21T05:03:03.3007897Z","EXP-20260821T034822Z-f7560dda","cassandra","99","24700.39","7840.96","cassandra-node1","166.12","2860448219","6442450944","4.34GB / 5.58GB","126MB / 2.83GB"
"2026-08-21T05:04:07.0218551Z","EXP-20260821T034822Z-f7560dda","cassandra","100","24713.61","7827.75","cassandra-node2","195.58","2857226994","6442450944","3.99GB / 5.4GB","78MB / 2.81GB"
"2026-08-21T05:04:07.0218551Z","EXP-20260821T034822Z-f7560dda","cassandra","100","24713.61","7827.75","cassandra-node3","172.74","2857226994","6442450944","4.58GB / 5.42GB","62MB / 2.74GB"
"2026-08-21T05:04:07.0218551Z","EXP-20260821T034822Z-f7560dda","cassandra","100","24713.61","7827.75","cassandra-node1","186.77","2867964412","6442450944","4.36GB / 5.6GB","126MB / 2.85GB"
"2026-08-21T05:05:10.7672576Z","EXP-20260821T034822Z-f7560dda","cassandra","100","24670.59","7870.76","cassandra-node2","167.76","2859374477","6442450944","4.01GB / 5.43GB","78MB / 2.81GB"
"2026-08-21T05:05:10.7672576Z","EXP-20260821T034822Z-f7560dda","cassandra","100","24670.59","7870.76","cassandra-node3","167.97","2860448219","6442450944","4.61GB / 5.44GB","62MB / 2.75GB"
"2026-08-21T05:05:10.7672576Z","EXP-20260821T034822Z-f7560dda","cassandra","100","24670.59","7870.76","cassandra-node1","167.7","2871185637","6442450944","4.39GB / 5.63GB","126MB / 2.86GB"
"2026-08-21T05:06:14.4789970Z","EXP-20260821T034822Z-f7560dda","cassandra","100","24680.44","7860.91","cassandra-node2","171.5","2859374477","6442450944","4.05GB / 5.46GB","78MB / 2.83GB"
"2026-08-21T05:06:14.4789970Z","EXP-20260821T034822Z-f7560dda","cassandra","100","24680.44","7860.91","cassandra-node3","165.74","2858300735","6442450944","4.64GB / 5.47GB","62MB / 2.76GB"
"2026-08-21T05:06:14.4789970Z","EXP-20260821T034822Z-f7560dda","cassandra","100","24680.44","7860.91","cassandra-node1","169.28","2864743186","6442450944","4.42GB / 5.65GB","126MB / 2.87GB"
"2026-08-21T05:07:17.8761069Z","EXP-20260821T034822Z-f7560dda","cassandra","99","24680.77","7860.59","cassandra-node2","170.71","2859374477","6442450944","4.08GB / 5.48GB","78MB / 2.85GB"
"2026-08-21T05:07:17.8761069Z","EXP-20260821T034822Z-f7560dda","cassandra","99","24680.77","7860.59","cassandra-node3","170.32","2859374477","6442450944","4.67GB / 5.5GB","62MB / 2.78GB"
"2026-08-21T05:07:17.8761069Z","EXP-20260821T034822Z-f7560dda","cassandra","99","24680.77","7860.59","cassandra-node1","168.81","2862595703","6442450944","4.46GB / 5.68GB","126MB / 2.89GB"
"2026-08-21T05:08:21.5785021Z","EXP-20260821T034822Z-f7560dda","cassandra","100","24585.77","7955.58","cassandra-node2","163.85","2860448219","6442450944","4.11GB / 5.51GB","78MB / 2.87GB"
"2026-08-21T05:08:21.5785021Z","EXP-20260821T034822Z-f7560dda","cassandra","100","24585.77","7955.58","cassandra-node3","163.98","2860448219","6442450944","4.71GB / 5.52GB","62MB / 2.8GB"
"2026-08-21T05:08:21.5785021Z","EXP-20260821T034822Z-f7560dda","cassandra","100","24585.77","7955.58","cassandra-node1","174.02","2864743186","6442450944","4.49GB / 5.71GB","126MB / 2.92GB"
"2026-08-21T05:09:25.4563429Z","EXP-20260821T034822Z-f7560dda","cassandra","99","24623.49","7917.86","cassandra-node2","187.55","2860448219","6442450944","4.14GB / 5.54GB","78MB / 2.89GB"
"2026-08-21T05:09:25.4563429Z","EXP-20260821T034822Z-f7560dda","cassandra","99","24623.49","7917.86","cassandra-node3","168.56","2859374477","6442450944","4.74GB / 5.55GB","62MB / 2.82GB"
"2026-08-21T05:09:25.4563429Z","EXP-20260821T034822Z-f7560dda","cassandra","99","24623.49","7917.86","cassandra-node1","185.59","2864743186","6442450944","4.52GB / 5.74GB","126MB / 2.93GB"
"2026-08-21T05:10:29.0921460Z","EXP-20260821T034822Z-f7560dda","cassandra","100","24724.85","7816.5","cassandra-node2","167.74","2860448219","6442450944","4.17GB / 5.57GB","78MB / 2.9GB"
"2026-08-21T05:10:29.0921460Z","EXP-20260821T034822Z-f7560dda","cassandra","100","24724.85","7816.5","cassandra-node3","171.44","2860448219","6442450944","4.77GB / 5.58GB","62MB / 2.84GB"
"2026-08-21T05:10:29.0921460Z","EXP-20260821T034822Z-f7560dda","cassandra","100","24724.85","7816.5","cassandra-node1","168.15","2865816928","6442450944","4.55GB / 5.76GB","126MB / 2.95GB"
"2026-08-21T05:11:32.8917939Z","EXP-20260821T034822Z-f7560dda","cassandra","100","24813.12","7728.23","cassandra-node2","166.93","2862595703","6442450944","4.2GB / 5.59GB","78MB / 2.93GB"
"2026-08-21T05:11:32.8917939Z","EXP-20260821T034822Z-f7560dda","cassandra","100","24813.12","7728.23","cassandra-node3","156.85","2860448219","6442450944","4.8GB / 5.6GB","62MB / 2.86GB"
"2026-08-21T05:11:32.8917939Z","EXP-20260821T034822Z-f7560dda","cassandra","100","24813.12","7728.23","cassandra-node1","158.72","2865816928","6442450944","4.59GB / 5.79GB","126MB / 2.98GB"
"2026-08-21T05:12:36.5742691Z","EXP-20260821T034822Z-f7560dda","cassandra","100","24867.93","7673.43","cassandra-node2","170.06","2862595703","6442450944","4.24GB / 5.62GB","78MB / 2.95GB"
"2026-08-21T05:12:36.5742691Z","EXP-20260821T034822Z-f7560dda","cassandra","100","24867.93","7673.43","cassandra-node3","172.17","2861521961","6442450944","4.84GB / 5.63GB","62MB / 2.88GB"
"2026-08-21T05:12:36.5742691Z","EXP-20260821T034822Z-f7560dda","cassandra","100","24867.93","7673.43","cassandra-node1","174.01","2866890670","6442450944","4.62GB / 5.82GB","126MB / 2.99GB"
"2026-08-21T05:13:40.0916880Z","EXP-20260821T034822Z-f7560dda","cassandra","96","24864.43","7676.92","cassandra-node2","168.73","2862595703","6442450944","4.27GB / 5.65GB","78MB / 2.98GB"
"2026-08-21T05:13:40.0916880Z","EXP-20260821T034822Z-f7560dda","cassandra","96","24864.43","7676.92","cassandra-node3","171.06","2861521961","6442450944","4.87GB / 5.65GB","62MB / 2.91GB"
"2026-08-21T05:13:40.0916880Z","EXP-20260821T034822Z-f7560dda","cassandra","96","24864.43","7676.92","cassandra-node1","170.89","2866890670","6442450944","4.65GB / 5.85GB","126MB / 3.02GB"
"2026-08-21T16:47:03.1826881Z","EXP-20260821T164655Z-34201620","scylla","41","19125.66","13415.69","scylla-node3","20.14","176580198","6442450944","276MB / 284MB","154MB / 361MB"
"2026-08-21T16:47:03.1826881Z","EXP-20260821T164655Z-34201620","scylla","41","19125.66","13415.69","scylla-node2","21.45","178887066","6442450944","277MB / 272MB","152MB / 358MB"
"2026-08-21T16:47:03.1826881Z","EXP-20260821T164655Z-34201620","scylla","41","19125.66","13415.69","scylla-node1","20.45","178572493","6442450944","277MB / 274MB","160MB / 363MB"
"2026-08-21T16:48:05.6669187Z","EXP-20260821T164655Z-34201620","scylla","52","19268.44","13272.91","scylla-node3","52.83","220515533","6442450944","295MB / 301MB","158MB / 381MB"
"2026-08-21T16:48:05.6669187Z","EXP-20260821T164655Z-34201620","scylla","52","19268.44","13272.91","scylla-node2","25.04","224080691","6442450944","295MB / 290MB","158MB / 382MB"
"2026-08-21T16:48:05.6669187Z","EXP-20260821T164655Z-34201620","scylla","52","19268.44","13272.91","scylla-node1","24","222717542","6442450944","296MB / 291MB","164MB / 383MB"
"2026-08-21T16:49:09.1817407Z","EXP-20260821T164655Z-34201620","scylla","37","19384.89","13156.46","scylla-node3","25.66","232783872","6442450944","317MB / 322MB","160MB / 399MB"
"2026-08-21T16:49:09.1817407Z","EXP-20260821T164655Z-34201620","scylla","37","19384.89","13156.46","scylla-node2","44.83","246520218","6442450944","317MB / 310MB","162MB / 404MB"
"2026-08-21T16:49:09.1817407Z","EXP-20260821T164655Z-34201620","scylla","37","19384.89","13156.46","scylla-node1","46.03","249351373","6442450944","317MB / 312MB","170MB / 408MB"
"2026-08-21T16:50:12.6508015Z","EXP-20260821T164655Z-34201620","scylla","99","20361.8","12179.55","scylla-node3","137.22","605657498","6442450944","486MB / 474MB","162MB / 541MB"
"2026-08-21T16:50:12.6508015Z","EXP-20260821T164655Z-34201620","scylla","99","20361.8","12179.55","scylla-node2","137.71","609642086","6442450944","487MB / 462MB","162MB / 541MB"
"2026-08-21T16:50:12.6508015Z","EXP-20260821T164655Z-34201620","scylla","99","20361.8","12179.55","scylla-node1","141.27","611844096","6442450944","488MB / 472MB","171MB / 546MB"
"2026-08-21T16:51:16.2897442Z","EXP-20260821T164655Z-34201620","scylla","91","21750.29","10791.06","scylla-node3","155.21","1108101562","6442450944","654MB / 625MB","162MB / 684MB"
"2026-08-21T16:51:16.2897442Z","EXP-20260821T164655Z-34201620","scylla","91","21750.29","10791.06","scylla-node2","137.63","1116691497","6442450944","658MB / 615MB","162MB / 688MB"
"2026-08-21T16:51:16.2897442Z","EXP-20260821T164655Z-34201620","scylla","91","21750.29","10791.06","scylla-node1","136.78","1119912722","6442450944","660MB / 634MB","171MB / 692MB"
"2026-08-21T16:52:19.9392626Z","EXP-20260821T164655Z-34201620","scylla","96","23799.56","8741.79","scylla-node3","122.32","1830729810","6442450944","820MB / 774MB","164MB / 855MB"
"2026-08-21T16:52:19.9392626Z","EXP-20260821T164655Z-34201620","scylla","96","23799.56","8741.79","scylla-node2","124.93","1832877294","6442450944","821MB / 761MB","165MB / 856MB"
"2026-08-21T16:52:19.9392626Z","EXP-20260821T164655Z-34201620","scylla","96","23799.56","8741.79","scylla-node1","141.16","1837172261","6442450944","822MB / 786MB","173MB / 859MB"
"2026-08-21T16:53:23.5841022Z","EXP-20260821T164655Z-34201620","scylla","94","23832.26","8709.09","scylla-node3","134.51","1879048192","6442450944","994MB / 929MB","164MB / 996MB"
"2026-08-21T16:53:23.5841022Z","EXP-20260821T164655Z-34201620","scylla","94","23832.26","8709.09","scylla-node2","133.36","1862942065","6442450944","995MB / 917MB","165MB / 997MB"
"2026-08-21T16:53:23.5841022Z","EXP-20260821T164655Z-34201620","scylla","94","23832.26","8709.09","scylla-node1","145.75","1888711868","6442450944","1GB / 953MB","173MB / 1GB"
"2026-08-21T16:54:26.3916571Z","EXP-20260821T164655Z-34201620","scylla","94","26594.54","5946.81","scylla-node3","128.23","2865816928","6442450944","1.15GB / 1.07GB","167MB / 1.17GB"
"2026-08-21T16:54:26.3916571Z","EXP-20260821T164655Z-34201620","scylla","94","26594.54","5946.81","scylla-node2","128.63","2850784543","6442450944","1.15GB / 1.06GB","167MB / 1.17GB"
"2026-08-21T16:54:26.3916571Z","EXP-20260821T164655Z-34201620","scylla","94","26594.54","5946.81","scylla-node1","136.17","2875480605","6442450944","1.16GB / 1.1GB","176MB / 1.17GB"
"2026-08-21T16:55:30.0522430Z","EXP-20260821T164655Z-34201620","scylla","90","26631.29","5910.07","scylla-node3","126.72","2865816928","6442450944","1.33GB / 1.23GB","167MB / 1.31GB"
"2026-08-21T16:55:30.0522430Z","EXP-20260821T164655Z-34201620","scylla","90","26631.29","5910.07","scylla-node2","127.84","2849710801","6442450944","1.33GB / 1.22GB","167MB / 1.32GB"
"2026-08-21T16:55:30.0522430Z","EXP-20260821T164655Z-34201620","scylla","90","26631.29","5910.07","scylla-node1","133.29","2875480605","6442450944","1.34GB / 1.27GB","176MB / 1.32GB"
"2026-08-21T16:56:33.7231129Z","EXP-20260821T164655Z-34201620","scylla","94","27819.66","4721.7","scylla-node3","129.15","3322157203","6442450944","1.5GB / 1.38GB","167MB / 1.46GB"
"2026-08-21T16:56:33.7231129Z","EXP-20260821T164655Z-34201620","scylla","94","27819.66","4721.7","scylla-node2","130.98","3301756109","6442450944","1.5GB / 1.37GB","167MB / 1.46GB"
"2026-08-21T16:56:33.7231129Z","EXP-20260821T164655Z-34201620","scylla","94","27819.66","4721.7","scylla-node1","135.22","3332894622","6442450944","1.51GB / 1.43GB","176MB / 1.46GB"
"2026-08-21T16:57:36.5447548Z","EXP-20260821T164655Z-34201620","scylla","93","27522.52","5018.84","scylla-node3","127.26","3900904047","6442450944","1.66GB / 1.53GB","169MB / 1.63GB"
"2026-08-21T16:57:36.5447548Z","EXP-20260821T164655Z-34201620","scylla","93","27522.52","5018.84","scylla-node2","130.93","3880502952","6442450944","1.67GB / 1.52GB","169MB / 1.63GB"
"2026-08-21T16:57:36.5447548Z","EXP-20260821T164655Z-34201620","scylla","93","27522.52","5018.84","scylla-node1","133.44","3911641465","6442450944","1.68GB / 1.58GB","178MB / 1.63GB"
"2026-08-21T16:58:40.2584343Z","EXP-20260821T164655Z-34201620","scylla","90","28045.74","4495.61","scylla-node3","130.53","4123168604","6442450944","1.84GB / 1.69GB","169MB / 1.78GB"
"2026-08-21T16:58:40.2584343Z","EXP-20260821T164655Z-34201620","scylla","90","28045.74","4495.61","scylla-node2","128.42","4115652411","6442450944","1.84GB / 1.68GB","170MB / 1.78GB"
"2026-08-21T16:58:40.2584343Z","EXP-20260821T164655Z-34201620","scylla","90","28045.74","4495.61","scylla-node1","132.23","4090956349","6442450944","1.85GB / 1.75GB","178MB / 1.78GB"
"2026-08-21T16:59:43.9243458Z","EXP-20260821T164655Z-34201620","scylla","99","28753.86","3787.49","scylla-node3","128.86","4138200990","6442450944","1.99GB / 1.83GB","175MB / 1.94GB"
"2026-08-21T16:59:43.9243458Z","EXP-20260821T164655Z-34201620","scylla","99","28753.86","3787.49","scylla-node2","130.84","4138200990","6442450944","1.99GB / 1.81GB","172MB / 1.94GB"
"2026-08-21T16:59:43.9243458Z","EXP-20260821T164655Z-34201620","scylla","99","28753.86","3787.49","scylla-node1","132.82","4137127248","6442450944","2.01GB / 1.89GB","180MB / 1.95GB"
"2026-08-21T17:00:47.5986085Z","EXP-20260821T164655Z-34201620","scylla","93","28774.24","3767.11","scylla-node3","130.81","4138200990","6442450944","2.17GB / 1.99GB","175MB / 2.09GB"
"2026-08-21T17:00:47.5986085Z","EXP-20260821T164655Z-34201620","scylla","93","28774.24","3767.11","scylla-node2","129.46","4138200990","6442450944","2.18GB / 1.98GB","172MB / 2.09GB"
"2026-08-21T17:00:47.5986085Z","EXP-20260821T164655Z-34201620","scylla","93","28774.24","3767.11","scylla-node1","133.28","4138200990","6442450944","2.19GB / 2.07GB","180MB / 2.1GB"
"2026-08-21T17:01:51.2097600Z","EXP-20260821T164655Z-34201620","scylla","96","28777.06","3764.29","scylla-node3","126.79","4139274732","6442450944","2.34GB / 2.15GB","175MB / 2.23GB"
"2026-08-21T17:01:51.2097600Z","EXP-20260821T164655Z-34201620","scylla","96","28777.06","3764.29","scylla-node2","128.9","4138200990","6442450944","2.35GB / 2.13GB","173MB / 2.26GB"
"2026-08-21T17:01:51.2097600Z","EXP-20260821T164655Z-34201620","scylla","96","28777.06","3764.29","scylla-node1","134.15","4138200990","6442450944","2.36GB / 2.23GB","181MB / 2.27GB"
"2026-08-21T17:02:54.8241315Z","EXP-20260821T164655Z-34201620","scylla","93","28801.71","3739.64","scylla-node3","149.52","4139274732","6442450944","2.44GB / 2.25GB","175MB / 2.23GB"
"2026-08-21T17:02:54.8241315Z","EXP-20260821T164655Z-34201620","scylla","93","28801.71","3739.64","scylla-node2","150.3","4138200990","6442450944","2.44GB / 2.23GB","173MB / 2.26GB"
"2026-08-21T17:02:54.8241315Z","EXP-20260821T164655Z-34201620","scylla","93","28801.71","3739.64","scylla-node1","153.71","4138200990","6442450944","2.46GB / 2.33GB","181MB / 2.27GB"
"2026-08-21T17:03:57.5683731Z","EXP-20260821T164655Z-34201620","scylla","90","28752.07","3789.28","scylla-node3","148.32","4139274732","6442450944","2.51GB / 2.31GB","175MB / 2.23GB"
"2026-08-21T17:03:57.5683731Z","EXP-20260821T164655Z-34201620","scylla","90","28752.07","3789.28","scylla-node2","145.43","4138200990","6442450944","2.5GB / 2.29GB","173MB / 2.26GB"
"2026-08-21T17:03:57.5683731Z","EXP-20260821T164655Z-34201620","scylla","90","28752.07","3789.28","scylla-node1","152.71","4138200990","6442450944","2.52GB / 2.39GB","181MB / 2.27GB"
"2026-08-21T17:05:01.1598789Z","EXP-20260821T164655Z-34201620","scylla","100","28691.86","3849.49","scylla-node3","147.86","4139274732","6442450944","2.55GB / 2.61GB","175MB / 2.23GB"
"2026-08-21T17:05:01.1598789Z","EXP-20260821T164655Z-34201620","scylla","100","28691.86","3849.49","scylla-node2","146.56","4138200990","6442450944","2.54GB / 2.58GB","173MB / 2.26GB"
"2026-08-21T17:05:01.1598789Z","EXP-20260821T164655Z-34201620","scylla","100","28691.86","3849.49","scylla-node1","155.89","4138200990","6442450944","2.57GB / 2.69GB","181MB / 2.27GB"
"2026-08-21T17:06:04.7832547Z","EXP-20260821T164655Z-34201620","scylla","99","28719.34","3822.01","scylla-node3","154.09","4139274732","6442450944","2.59GB / 3GB","175MB / 2.23GB"
"2026-08-21T17:06:04.7832547Z","EXP-20260821T164655Z-34201620","scylla","99","28719.34","3822.01","scylla-node2","147.15","4138200990","6442450944","2.58GB / 2.98GB","173MB / 2.26GB"
"2026-08-21T17:06:04.7832547Z","EXP-20260821T164655Z-34201620","scylla","99","28719.34","3822.01","scylla-node1","153.39","4138200990","6442450944","2.61GB / 3.1GB","181MB / 2.27GB"
"2026-08-21T17:07:07.7045442Z","EXP-20260821T164655Z-34201620","scylla","96","28702.07","3839.28","scylla-node3","144.17","4139274732","6442450944","2.63GB / 3.42GB","175MB / 2.23GB"
"2026-08-21T17:07:07.7045442Z","EXP-20260821T164655Z-34201620","scylla","96","28702.07","3839.28","scylla-node2","143.62","4138200990","6442450944","2.62GB / 3.39GB","173MB / 2.26GB"
"2026-08-21T17:07:07.7045442Z","EXP-20260821T164655Z-34201620","scylla","96","28702.07","3839.28","scylla-node1","147.84","4138200990","6442450944","2.65GB / 3.52GB","181MB / 2.27GB"
"2026-08-21T17:08:11.3505645Z","EXP-20260821T164655Z-34201620","scylla","86","28665.58","3875.77","scylla-node3","143","4139274732","6442450944","2.67GB / 3.83GB","175MB / 2.23GB"
"2026-08-21T17:08:11.3505645Z","EXP-20260821T164655Z-34201620","scylla","86","28665.58","3875.77","scylla-node2","151.01","4138200990","6442450944","2.66GB / 3.79GB","173MB / 2.26GB"
"2026-08-21T17:08:11.3505645Z","EXP-20260821T164655Z-34201620","scylla","86","28665.58","3875.77","scylla-node1","143.67","4138200990","6442450944","2.69GB / 3.94GB","181MB / 2.27GB"
"2026-08-21T17:09:14.9894986Z","EXP-20260821T164655Z-34201620","scylla","97","28684.96","3856.39","scylla-node3","155.22","4139274732","6442450944","2.71GB / 4.23GB","175MB / 2.23GB"
"2026-08-21T17:09:14.9894986Z","EXP-20260821T164655Z-34201620","scylla","97","28684.96","3856.39","scylla-node2","151.18","4138200990","6442450944","2.7GB / 4.19GB","173MB / 2.26GB"
"2026-08-21T17:09:14.9894986Z","EXP-20260821T164655Z-34201620","scylla","97","28684.96","3856.39","scylla-node1","165.99","4138200990","6442450944","2.73GB / 4.34GB","181MB / 2.27GB"
"2026-08-21T17:10:18.0152637Z","EXP-20260821T164655Z-34201620","scylla","96","28706.35","3835","scylla-node3","120.76","4140348473","6442450944","2.82GB / 4.5GB","177MB / 2.33GB"
"2026-08-21T17:10:18.0152637Z","EXP-20260821T164655Z-34201620","scylla","96","28706.35","3835","scylla-node2","129.6","4139274732","6442450944","2.8GB / 4.45GB","174MB / 2.36GB"
"2026-08-21T17:10:18.0152637Z","EXP-20260821T164655Z-34201620","scylla","96","28706.35","3835","scylla-node1","123.03","4138200990","6442450944","2.84GB / 4.62GB","183MB / 2.37GB"
"2026-08-21T17:11:21.6937720Z","EXP-20260821T164655Z-34201620","scylla","91","28731.41","3809.95","scylla-node3","125.68","4140348473","6442450944","3GB / 4.66GB","177MB / 2.48GB"
"2026-08-21T17:11:21.6937720Z","EXP-20260821T164655Z-34201620","scylla","91","28731.41","3809.95","scylla-node2","123.83","4140348473","6442450944","2.99GB / 4.62GB","174MB / 2.52GB"
"2026-08-21T17:11:21.6937720Z","EXP-20260821T164655Z-34201620","scylla","91","28731.41","3809.95","scylla-node1","132.36","4139274732","6442450944","3.02GB / 4.79GB","183MB / 2.55GB"
"2026-08-21T17:12:25.3162138Z","EXP-20260821T164655Z-34201620","scylla","96","28704.09","3837.26","scylla-node3","134.44","4140348473","6442450944","3.17GB / 4.81GB","178MB / 2.63GB"
"2026-08-21T17:12:25.3162138Z","EXP-20260821T164655Z-34201620","scylla","96","28704.09","3837.26","scylla-node2","139.79","4140348473","6442450944","3.15GB / 4.76GB","175MB / 2.73GB"
"2026-08-21T17:12:25.3162138Z","EXP-20260821T164655Z-34201620","scylla","96","28704.09","3837.26","scylla-node1","166.57","4139274732","6442450944","3.19GB / 4.95GB","184MB / 2.8GB"
"2026-08-21T17:13:28.9369121Z","EXP-20260821T164655Z-34201620","scylla","91","28711.33","3830.02","scylla-node3","125.75","4141422215","6442450944","3.29GB / 4.93GB","180MB / 2.83GB"
"2026-08-21T17:13:28.9369121Z","EXP-20260821T164655Z-34201620","scylla","91","28711.33","3830.02","scylla-node2","132.15","4141422215","6442450944","3.28GB / 4.88GB","177MB / 2.96GB"
"2026-08-21T17:13:28.9369121Z","EXP-20260821T164655Z-34201620","scylla","91","28711.33","3830.02","scylla-node1","137.2","4140348473","6442450944","3.32GB / 5.07GB","186MB / 3GB"
"2026-08-21T17:14:32.6879172Z","EXP-20260821T164655Z-34201620","scylla","94","28702.98","3838.37","scylla-node3","133.01","4141422215","6442450944","3.48GB / 5.1GB","180MB / 2.98GB"
"2026-08-21T17:14:32.6879172Z","EXP-20260821T164655Z-34201620","scylla","94","28702.98","3838.37","scylla-node2","129","4141422215","6442450944","3.47GB / 5.05GB","177MB / 3.11GB"
"2026-08-21T17:14:32.6879172Z","EXP-20260821T164655Z-34201620","scylla","94","28702.98","3838.37","scylla-node1","138.35","4141422215","6442450944","3.51GB / 5.25GB","186MB / 3.15GB"
"2026-08-21T17:15:36.3004821Z","EXP-20260821T164655Z-34201620","scylla","93","28782.56","3758.79","scylla-node3","128.71","4143569699","6442450944","3.66GB / 5.26GB","181MB / 3.14GB"
"2026-08-21T17:15:36.3004821Z","EXP-20260821T164655Z-34201620","scylla","93","28782.56","3758.79","scylla-node2","127.83","4144643441","6442450944","3.64GB / 5.21GB","178MB / 3.27GB"
"2026-08-21T17:15:36.3004821Z","EXP-20260821T164655Z-34201620","scylla","93","28782.56","3758.79","scylla-node1","134.38","4143569699","6442450944","3.69GB / 5.41GB","187MB / 3.31GB"
"2026-08-21T17:16:39.0119492Z","EXP-20260821T164655Z-34201620","scylla","97","28771.07","3770.28","scylla-node3","146.95","4144643441","6442450944","3.77GB / 5.36GB","181MB / 3.21GB"
"2026-08-21T17:16:39.0119492Z","EXP-20260821T164655Z-34201620","scylla","97","28771.07","3770.28","scylla-node2","152.09","4144643441","6442450944","3.75GB / 5.31GB","179MB / 3.34GB"
"2026-08-21T17:16:39.0119492Z","EXP-20260821T164655Z-34201620","scylla","97","28771.07","3770.28","scylla-node1","151.31","4143569699","6442450944","3.79GB / 5.52GB","187MB / 3.41GB"
"2026-08-21T17:17:42.7229819Z","EXP-20260821T164655Z-34201620","scylla","93","28777.11","3764.24","scylla-node3","125.21","4145717182","6442450944","3.9GB / 5.48GB","183MB / 3.33GB"
"2026-08-21T17:17:42.7229819Z","EXP-20260821T164655Z-34201620","scylla","93","28777.11","3764.24","scylla-node2","133.62","4146790924","6442450944","3.88GB / 5.43GB","184MB / 3.47GB"
"2026-08-21T17:17:42.7229819Z","EXP-20260821T164655Z-34201620","scylla","93","28777.11","3764.24","scylla-node1","139.63","4145717182","6442450944","3.93GB / 5.65GB","189MB / 3.54GB"
"2026-08-21T17:18:46.3562469Z","EXP-20260821T164655Z-34201620","scylla","96","28811.64","3729.71","scylla-node3","131.35","4145717182","6442450944","4.08GB / 5.65GB","183MB / 3.48GB"
"2026-08-21T17:18:46.3562469Z","EXP-20260821T164655Z-34201620","scylla","96","28811.64","3729.71","scylla-node2","126.61","4147864666","6442450944","4.07GB / 5.59GB","184MB / 3.62GB"
"2026-08-21T17:18:46.3562469Z","EXP-20260821T164655Z-34201620","scylla","96","28811.64","3729.71","scylla-node1","131.76","4145717182","6442450944","4.11GB / 5.82GB","189MB / 3.69GB"
"2026-08-21T17:19:49.1298496Z","EXP-20260821T164655Z-34201620","scylla","93","28815.11","3726.24","scylla-node3","150.66","4145717182","6442450944","4.23GB / 5.78GB","184MB / 3.61GB"
"2026-08-21T17:19:49.1298496Z","EXP-20260821T164655Z-34201620","scylla","93","28815.11","3726.24","scylla-node2","147.04","4147864666","6442450944","4.22GB / 5.73GB","184MB / 3.81GB"
"2026-08-21T17:19:49.1298496Z","EXP-20260821T164655Z-34201620","scylla","93","28815.11","3726.24","scylla-node1","151.63","4146790924","6442450944","4.27GB / 5.96GB","190MB / 3.84GB"
"2026-08-21T17:20:52.7768535Z","EXP-20260821T164655Z-34201620","scylla","94","28776.3","3765.05","scylla-node3","148.64","4145717182","6442450944","4.31GB / 5.86GB","184MB / 3.66GB"
"2026-08-21T17:20:52.7768535Z","EXP-20260821T164655Z-34201620","scylla","94","28776.3","3765.05","scylla-node2","144.38","4147864666","6442450944","4.29GB / 5.8GB","184MB / 3.86GB"
"2026-08-21T17:20:52.7768535Z","EXP-20260821T164655Z-34201620","scylla","94","28776.3","3765.05","scylla-node1","152.88","4146790924","6442450944","4.34GB / 6.04GB","190MB / 3.86GB"
"2026-08-21T17:21:56.3344066Z","EXP-20260821T164655Z-34201620","scylla","68","28806.29","3735.06","scylla-node3","53.2","4146790924","6442450944","4.37GB / 5.91GB","186MB / 3.73GB"
"2026-08-21T17:21:56.3344066Z","EXP-20260821T164655Z-34201620","scylla","68","28806.29","3735.06","scylla-node2","53.37","4148938408","6442450944","4.35GB / 5.86GB","186MB / 3.93GB"
"2026-08-21T17:21:56.3344066Z","EXP-20260821T164655Z-34201620","scylla","68","28806.29","3735.06","scylla-node1","53.92","4146790924","6442450944","4.4GB / 6.1GB","195MB / 3.93GB"
"2026-08-21T17:22:59.0318971Z","EXP-20260821T164655Z-34201620","scylla","59","28797.96","3743.39","scylla-node3","61.44","4146790924","6442450944","4.43GB / 5.97GB","186MB / 3.77GB"
"2026-08-21T17:22:59.0318971Z","EXP-20260821T164655Z-34201620","scylla","59","28797.96","3743.39","scylla-node2","55.51","4148938408","6442450944","4.41GB / 5.91GB","186MB / 3.97GB"
"2026-08-21T17:22:59.0318971Z","EXP-20260821T164655Z-34201620","scylla","59","28797.96","3743.39","scylla-node1","61.72","4146790924","6442450944","4.46GB / 6.15GB","195MB / 3.97GB"
"2026-08-21T17:24:02.5145324Z","EXP-20260821T164655Z-34201620","scylla","62","28788.4","3752.95","scylla-node3","59.24","4146790924","6442450944","4.49GB / 6.03GB","186MB / 3.81GB"
"2026-08-21T17:24:02.5145324Z","EXP-20260821T164655Z-34201620","scylla","62","28788.4","3752.95","scylla-node2","57.29","4147864666","6442450944","4.47GB / 5.97GB","186MB / 4.01GB"
"2026-08-21T17:24:02.5145324Z","EXP-20260821T164655Z-34201620","scylla","62","28788.4","3752.95","scylla-node1","61.22","4147864666","6442450944","4.52GB / 6.21GB","195MB / 4.01GB"
"2026-08-21T17:25:06.0392210Z","EXP-20260821T164655Z-34201620","scylla","65","28832.25","3709.1","scylla-node3","62.11","4146790924","6442450944","4.56GB / 6.09GB","186MB / 3.85GB"
"2026-08-21T17:25:06.0392210Z","EXP-20260821T164655Z-34201620","scylla","65","28832.25","3709.1","scylla-node2","61.05","4147864666","6442450944","4.53GB / 6.03GB","186MB / 4.05GB"
"2026-08-21T17:25:06.0392210Z","EXP-20260821T164655Z-34201620","scylla","65","28832.25","3709.1","scylla-node1","62.04","4146790924","6442450944","4.59GB / 6.27GB","195MB / 4.06GB"
"2026-08-21T17:26:09.2681522Z","EXP-20260821T164655Z-34201620","scylla","62","28801.11","3740.25","scylla-node3","57.22","4146790924","6442450944","4.62GB / 6.15GB","186MB / 3.89GB"
"2026-08-21T17:26:09.2681522Z","EXP-20260821T164655Z-34201620","scylla","62","28801.11","3740.25","scylla-node2","57.44","4148938408","6442450944","4.6GB / 6.09GB","186MB / 4.09GB"
"2026-08-21T17:26:09.2681522Z","EXP-20260821T164655Z-34201620","scylla","62","28801.11","3740.25","scylla-node1","59.35","4146790924","6442450944","4.65GB / 6.33GB","195MB / 4.1GB"
"2026-08-21T17:27:12.7623918Z","EXP-20260821T164655Z-34201620","scylla","63","28800.75","3740.6","scylla-node3","57.04","4146790924","6442450944","4.68GB / 6.21GB","186MB / 3.93GB"
"2026-08-21T17:27:12.7623918Z","EXP-20260821T164655Z-34201620","scylla","63","28800.75","3740.6","scylla-node2","56.93","4148938408","6442450944","4.66GB / 6.15GB","186MB / 4.14GB"
"2026-08-21T17:27:12.7623918Z","EXP-20260821T164655Z-34201620","scylla","63","28800.75","3740.6","scylla-node1","61.36","4146790924","6442450944","4.71GB / 6.39GB","195MB / 4.14GB"
"2026-08-21T17:28:16.2622873Z","EXP-20260821T164655Z-34201620","scylla","63","28821.69","3719.66","scylla-node3","57.51","4147864666","6442450944","4.75GB / 6.27GB","186MB / 3.98GB"
"2026-08-21T17:28:16.2622873Z","EXP-20260821T164655Z-34201620","scylla","63","28821.69","3719.66","scylla-node2","57.45","4148938408","6442450944","4.72GB / 6.2GB","187MB / 4.19GB"
"2026-08-21T17:28:16.2622873Z","EXP-20260821T164655Z-34201620","scylla","63","28821.69","3719.66","scylla-node1","65.1","4147864666","6442450944","4.77GB / 6.45GB","195MB / 4.22GB"
"2026-08-21T17:29:19.3225108Z","EXP-20260821T164655Z-34201620","scylla","59","28822.7","3718.65","scylla-node3","82","4147864666","6442450944","4.81GB / 6.33GB","186MB / 4.06GB"
"2026-08-21T17:29:19.3225108Z","EXP-20260821T164655Z-34201620","scylla","59","28822.7","3718.65","scylla-node2","59.74","4148938408","6442450944","4.79GB / 6.26GB","187MB / 4.27GB"
"2026-08-21T17:29:19.3225108Z","EXP-20260821T164655Z-34201620","scylla","59","28822.7","3718.65","scylla-node1","61.21","4147864666","6442450944","4.84GB / 6.51GB","195MB / 4.3GB"
"2026-08-21T17:30:22.8393731Z","EXP-20260821T164655Z-34201620","scylla","67","28767.26","3774.09","scylla-node3","59.37","4147864666","6442450944","4.87GB / 6.39GB","186MB / 4.11GB"
"2026-08-21T17:30:22.8393731Z","EXP-20260821T164655Z-34201620","scylla","67","28767.26","3774.09","scylla-node2","58.33","4150012150","6442450944","4.85GB / 6.32GB","187MB / 4.31GB"
"2026-08-21T17:30:22.8393731Z","EXP-20260821T164655Z-34201620","scylla","67","28767.26","3774.09","scylla-node1","59.8","4147864666","6442450944","4.9GB / 6.56GB","196MB / 4.42GB"
"2026-08-21T17:57:47.8939569Z","EXP-20260821T175739Z-d4d5cb36","cassandra","82","23929.78","8611.57","cassandra-node3","124.44","2707976880","6442450944","3.05MB / 3.18MB","0B / 68.7MB"
"2026-08-21T17:57:47.8939569Z","EXP-20260821T175739Z-d4d5cb36","cassandra","82","23929.78","8611.57","cassandra-node2","101.47","2701534429","6442450944","3.38MB / 3.23MB","0B / 68.8MB"
"2026-08-21T17:57:47.8939569Z","EXP-20260821T175739Z-d4d5cb36","cassandra","82","23929.78","8611.57","cassandra-node1","126.14","2711198106","6442450944","3.71MB / 3.55MB","0B / 69.4MB"
"2026-08-21T17:58:51.4334844Z","EXP-20260821T175739Z-d4d5cb36","cassandra","74","23942.61","8598.75","cassandra-node3","84.95","2702608171","6442450944","9.29MB / 8.66MB","0B / 71.1MB"
"2026-08-21T17:58:51.4334844Z","EXP-20260821T175739Z-d4d5cb36","cassandra","74","23942.61","8598.75","cassandra-node2","153.4","2711198106","6442450944","9.6MB / 8.72MB","0B / 71.3MB"
"2026-08-21T17:58:51.4334844Z","EXP-20260821T175739Z-d4d5cb36","cassandra","74","23942.61","8598.75","cassandra-node1","81.65","2704755655","6442450944","10MB / 9.13MB","0B / 71.4MB"
"2026-08-21T17:59:54.9706647Z","EXP-20260821T175739Z-d4d5cb36","cassandra","62","23937.35","8604","cassandra-node3","79.81","2701534429","6442450944","16.2MB / 14.8MB","0B / 74.7MB"
"2026-08-21T17:59:54.9706647Z","EXP-20260821T175739Z-d4d5cb36","cassandra","62","23937.35","8604","cassandra-node2","81.71","2701534429","6442450944","16.4MB / 14.7MB","0B / 74.6MB"
"2026-08-21T17:59:54.9706647Z","EXP-20260821T175739Z-d4d5cb36","cassandra","62","23937.35","8604","cassandra-node1","83.7","2704755655","6442450944","16.9MB / 15.2MB","0B / 75.2MB"
"2026-08-21T18:00:58.1485922Z","EXP-20260821T175739Z-d4d5cb36","cassandra","60","23951.34","8590.02","cassandra-node3","77.31","2702608171","6442450944","23.3MB / 21MB","0B / 78.2MB"
"2026-08-21T18:00:58.1485922Z","EXP-20260821T175739Z-d4d5cb36","cassandra","60","23951.34","8590.02","cassandra-node2","82.9","2702608171","6442450944","23.4MB / 20.9MB","0B / 78.2MB"
"2026-08-21T18:00:58.1485922Z","EXP-20260821T175739Z-d4d5cb36","cassandra","60","23951.34","8590.02","cassandra-node1","85.44","2706903138","6442450944","23.8MB / 21.3MB","0B / 78.8MB"
"2026-08-21T18:02:01.7138178Z","EXP-20260821T175739Z-d4d5cb36","cassandra","60","23936.43","8604.93","cassandra-node3","79","2703681913","6442450944","30.5MB / 27.4MB","0B / 81.8MB"
"2026-08-21T18:02:01.7138178Z","EXP-20260821T175739Z-d4d5cb36","cassandra","60","23936.43","8604.93","cassandra-node2","80.46","2702608171","6442450944","30.4MB / 27.1MB","0B / 81.9MB"
"2026-08-21T18:02:01.7138178Z","EXP-20260821T175739Z-d4d5cb36","cassandra","60","23936.43","8604.93","cassandra-node1","81.37","2705829396","6442450944","31.1MB / 27.8MB","0B / 82.3MB"
"2026-08-21T18:03:05.3009172Z","EXP-20260821T175739Z-d4d5cb36","cassandra","97","23997.05","8544.3","cassandra-node3","179.11","2706903138","6442450944","70.7MB / 62.4MB","0B / 107MB"
"2026-08-21T18:03:05.3009172Z","EXP-20260821T175739Z-d4d5cb36","cassandra","97","23997.05","8544.3","cassandra-node2","213.27","2711198106","6442450944","74.6MB / 58.4MB","0B / 107MB"
"2026-08-21T18:03:05.3009172Z","EXP-20260821T175739Z-d4d5cb36","cassandra","97","23997.05","8544.3","cassandra-node1","180.98","2713345589","6442450944","74.5MB / 61.9MB","0B / 107MB"
"2026-08-21T18:04:08.5881397Z","EXP-20260821T175739Z-d4d5cb36","cassandra","100","23952.21","8589.14","cassandra-node3","182.27","2724083007","6442450944","115MB / 100MB","0B / 146MB"
"2026-08-21T18:04:08.5881397Z","EXP-20260821T175739Z-d4d5cb36","cassandra","100","23952.21","8589.14","cassandra-node2","182.07","2718714298","6442450944","122MB / 92.3MB","0B / 146MB"
"2026-08-21T18:04:08.5881397Z","EXP-20260821T175739Z-d4d5cb36","cassandra","100","23952.21","8589.14","cassandra-node1","190.8","2730525458","6442450944","122MB / 99.1MB","0B / 147MB"
"2026-08-21T18:05:12.3296486Z","EXP-20260821T175739Z-d4d5cb36","cassandra","97","23952.43","8588.93","cassandra-node3","171.97","2710124364","6442450944","150MB / 131MB","0B / 170MB"
"2026-08-21T18:05:12.3296486Z","EXP-20260821T175739Z-d4d5cb36","cassandra","97","23952.43","8588.93","cassandra-node2","171.98","2720861782","6442450944","162MB / 121MB","0B / 171MB"
"2026-08-21T18:05:12.3296486Z","EXP-20260821T175739Z-d4d5cb36","cassandra","97","23952.43","8588.93","cassandra-node1","174.59","2712271847","6442450944","160MB / 129MB","0B / 171MB"
"2026-08-21T18:06:16.0901444Z","EXP-20260821T175739Z-d4d5cb36","cassandra","99","24052.18","8489.17","cassandra-node3","187.72","2716566815","6442450944","196MB / 171MB","0B / 211MB"
"2026-08-21T18:06:16.0901444Z","EXP-20260821T175739Z-d4d5cb36","cassandra","99","24052.18","8489.17","cassandra-node2","189.72","2714419331","6442450944","212MB / 156MB","0B / 211MB"
"2026-08-21T18:06:16.0901444Z","EXP-20260821T175739Z-d4d5cb36","cassandra","99","24052.18","8489.17","cassandra-node1","189.95","2714419331","6442450944","209MB / 167MB","0B / 211MB"
"2026-08-21T18:07:19.6361517Z","EXP-20260821T175739Z-d4d5cb36","cassandra","97","24072.91","8468.45","cassandra-node3","188.98","2711198106","6442450944","241MB / 210MB","0B / 251MB"
"2026-08-21T18:07:19.6361517Z","EXP-20260821T175739Z-d4d5cb36","cassandra","97","24072.91","8468.45","cassandra-node2","189.18","2711198106","6442450944","262MB / 192MB","0B / 251MB"
"2026-08-21T18:07:19.6361517Z","EXP-20260821T175739Z-d4d5cb36","cassandra","97","24072.91","8468.45","cassandra-node1","189.02","2717640557","6442450944","257MB / 205MB","0B / 252MB"
"2026-08-21T18:08:23.3192565Z","EXP-20260821T175739Z-d4d5cb36","cassandra","99","24111.81","8429.54","cassandra-node3","171.89","2711198106","6442450944","287MB / 250MB","0B / 278MB"
"2026-08-21T18:08:23.3192565Z","EXP-20260821T175739Z-d4d5cb36","cassandra","99","24111.81","8429.54","cassandra-node2","190.21","2712271847","6442450944","311MB / 227MB","0B / 278MB"
"2026-08-21T18:08:23.3192565Z","EXP-20260821T175739Z-d4d5cb36","cassandra","99","24111.81","8429.54","cassandra-node1","170.78","2721935524","6442450944","307MB / 244MB","0B / 279MB"
"2026-08-21T18:09:27.0085931Z","EXP-20260821T175739Z-d4d5cb36","cassandra","96","24171.51","8369.84","cassandra-node3","188.08","2712271847","6442450944","332MB / 290MB","0B / 322MB"
"2026-08-21T18:09:27.0085931Z","EXP-20260821T175739Z-d4d5cb36","cassandra","96","24171.51","8369.84","cassandra-node2","193.94","2712271847","6442450944","361MB / 262MB","0B / 322MB"
"2026-08-21T18:09:27.0085931Z","EXP-20260821T175739Z-d4d5cb36","cassandra","96","24171.51","8369.84","cassandra-node1","186.33","2715493073","6442450944","355MB / 281MB","0B / 321MB"
"2026-08-21T18:10:30.7487002Z","EXP-20260821T175739Z-d4d5cb36","cassandra","100","24225.04","8316.32","cassandra-node3","179.66","2713345589","6442450944","375MB / 327MB","0B / 358MB"
"2026-08-21T18:10:30.7487002Z","EXP-20260821T175739Z-d4d5cb36","cassandra","100","24225.04","8316.32","cassandra-node2","187.55","2713345589","6442450944","409MB / 296MB","0B / 358MB"
"2026-08-21T18:10:30.7487002Z","EXP-20260821T175739Z-d4d5cb36","cassandra","100","24225.04","8316.32","cassandra-node1","189.07","2717640557","6442450944","402MB / 318MB","0B / 363MB"
"2026-08-21T18:11:35.0309126Z","EXP-20260821T175739Z-d4d5cb36","cassandra","100","24353.26","8188.09","cassandra-node3","178.4","2714419331","6442450944","421MB / 368MB","0B / 400MB"
"2026-08-21T18:11:35.0309126Z","EXP-20260821T175739Z-d4d5cb36","cassandra","100","24353.26","8188.09","cassandra-node2","191.92","2713345589","6442450944","458MB / 331MB","0B / 400MB"
"2026-08-21T18:11:35.0309126Z","EXP-20260821T175739Z-d4d5cb36","cassandra","100","24353.26","8188.09","cassandra-node1","198.13","2717640557","6442450944","451MB / 356MB","0B / 401MB"
"2026-08-21T18:12:38.7182287Z","EXP-20260821T175739Z-d4d5cb36","cassandra","99","24327.18","8214.17","cassandra-node3","185.48","2714419331","6442450944","467MB / 407MB","0B / 429MB"
"2026-08-21T18:12:38.7182287Z","EXP-20260821T175739Z-d4d5cb36","cassandra","99","24327.18","8214.17","cassandra-node2","184.07","2713345589","6442450944","508MB / 366MB","0B / 429MB"
"2026-08-21T18:12:38.7182287Z","EXP-20260821T175739Z-d4d5cb36","cassandra","99","24327.18","8214.17","cassandra-node1","186.87","2717640557","6442450944","499MB / 394MB","0B / 430MB"
"2026-08-21T18:13:42.3959642Z","EXP-20260821T175739Z-d4d5cb36","cassandra","100","24448.32","8093.03","cassandra-node3","179.06","2715493073","6442450944","512MB / 447MB","0B / 468MB"
"2026-08-21T18:13:42.3959642Z","EXP-20260821T175739Z-d4d5cb36","cassandra","100","24448.32","8093.03","cassandra-node2","180.32","2719788040","6442450944","557MB / 401MB","0B / 468MB"
"2026-08-21T18:13:42.3959642Z","EXP-20260821T175739Z-d4d5cb36","cassandra","100","24448.32","8093.03","cassandra-node1","184.37","2718714298","6442450944","548MB / 433MB","0B / 469MB"
"2026-08-21T18:14:46.1435401Z","EXP-20260821T175739Z-d4d5cb36","cassandra","97","24547.77","7993.59","cassandra-node3","177.25","2716566815","6442450944","558MB / 487MB","0B / 513MB"
"2026-08-21T18:14:46.1435401Z","EXP-20260821T175739Z-d4d5cb36","cassandra","97","24547.77","7993.59","cassandra-node2","176.33","2714419331","6442450944","608MB / 438MB","0B / 513MB"
"2026-08-21T18:14:46.1435401Z","EXP-20260821T175739Z-d4d5cb36","cassandra","97","24547.77","7993.59","cassandra-node1","185.68","2719788040","6442450944","598MB / 471MB","0B / 514MB"
"2026-08-21T18:15:49.8816858Z","EXP-20260821T175739Z-d4d5cb36","cassandra","97","24596.73","7944.62","cassandra-node3","183.68","2716566815","6442450944","604MB / 527MB","0B / 542MB"
"2026-08-21T18:15:49.8816858Z","EXP-20260821T175739Z-d4d5cb36","cassandra","97","24596.73","7944.62","cassandra-node2","178.26","2714419331","6442450944","659MB / 474MB","0B / 542MB"
"2026-08-21T18:15:49.8816858Z","EXP-20260821T175739Z-d4d5cb36","cassandra","97","24596.73","7944.62","cassandra-node1","185.35","2720861782","6442450944","647MB / 509MB","0B / 539MB"
"2026-08-21T18:16:53.5571508Z","EXP-20260821T175739Z-d4d5cb36","cassandra","96","24705.43","7835.92","cassandra-node3","180.41","2718714298","6442450944","650MB / 567MB","0B / 579MB"
"2026-08-21T18:16:53.5571508Z","EXP-20260821T175739Z-d4d5cb36","cassandra","96","24705.43","7835.92","cassandra-node2","183.53","2716566815","6442450944","709MB / 509MB","0B / 579MB"
"2026-08-21T18:16:53.5571508Z","EXP-20260821T175739Z-d4d5cb36","cassandra","96","24705.43","7835.92","cassandra-node1","181.26","2720861782","6442450944","697MB / 549MB","0B / 581MB"
"2026-08-21T18:17:57.2437401Z","EXP-20260821T175739Z-d4d5cb36","cassandra","100","24825.32","7716.03","cassandra-node3","189.44","2717640557","6442450944","695MB / 606MB","0B / 621MB"
"2026-08-21T18:17:57.2437401Z","EXP-20260821T175739Z-d4d5cb36","cassandra","100","24825.32","7716.03","cassandra-node2","183.59","2716566815","6442450944","759MB / 545MB","0B / 621MB"
"2026-08-21T18:17:57.2437401Z","EXP-20260821T175739Z-d4d5cb36","cassandra","100","24825.32","7716.03","cassandra-node1","185.89","2719788040","6442450944","745MB / 587MB","0B / 622MB"
"2026-08-21T18:19:00.0351163Z","EXP-20260821T175739Z-d4d5cb36","cassandra","100","24831.35","7710","cassandra-node3","184.57","2718714298","6442450944","740MB / 646MB","0B / 650MB"
"2026-08-21T18:19:00.0351163Z","EXP-20260821T175739Z-d4d5cb36","cassandra","100","24831.35","7710","cassandra-node2","183.95","2717640557","6442450944","809MB / 581MB","0B / 651MB"
"2026-08-21T18:19:00.0351163Z","EXP-20260821T175739Z-d4d5cb36","cassandra","100","24831.35","7710","cassandra-node1","187.51","2720861782","6442450944","795MB / 626MB","0B / 652MB"
"2026-08-21T18:20:03.7962955Z","EXP-20260821T175739Z-d4d5cb36","cassandra","97","24859.68","7681.67","cassandra-node3","171.63","2718714298","6442450944","787MB / 686MB","0B / 693MB"
"2026-08-21T18:20:03.7962955Z","EXP-20260821T175739Z-d4d5cb36","cassandra","97","24859.68","7681.67","cassandra-node2","178.4","2717640557","6442450944","860MB / 616MB","0B / 694MB"
"2026-08-21T18:20:03.7962955Z","EXP-20260821T175739Z-d4d5cb36","cassandra","97","24859.68","7681.67","cassandra-node1","200.72","2721935524","6442450944","843MB / 664MB","0B / 694MB"
"2026-08-21T18:21:07.6578157Z","EXP-20260821T175739Z-d4d5cb36","cassandra","100","25464.32","7077.03","cassandra-node3","183.45","2720861782","6442450944","828MB / 722MB","0B / 729MB"
"2026-08-21T18:21:07.6578157Z","EXP-20260821T175739Z-d4d5cb36","cassandra","100","25464.32","7077.03","cassandra-node2","182.52","2719788040","6442450944","905MB / 649MB","0B / 729MB"
"2026-08-21T18:21:07.6578157Z","EXP-20260821T175739Z-d4d5cb36","cassandra","100","25464.32","7077.03","cassandra-node1","177.53","2724083007","6442450944","889MB / 699MB","0B / 731MB"
"2026-08-21T18:22:11.1330658Z","EXP-20260821T175739Z-d4d5cb36","cassandra","96","25562.75","6978.61","cassandra-node3","175.9","2723009266","6442450944","875MB / 763MB","0B / 771MB"
"2026-08-21T18:22:11.1330658Z","EXP-20260821T175739Z-d4d5cb36","cassandra","96","25562.75","6978.61","cassandra-node2","192.24","2720861782","6442450944","955MB / 684MB","0B / 771MB"
"2026-08-21T18:22:11.1330658Z","EXP-20260821T175739Z-d4d5cb36","cassandra","96","25562.75","6978.61","cassandra-node1","189.71","2725156749","6442450944","939MB / 738MB","0B / 772MB"
"2026-08-21T18:23:14.8288751Z","EXP-20260821T175739Z-d4d5cb36","cassandra","100","25686.42","6854.93","cassandra-node3","182.46","2723009266","6442450944","922MB / 804MB","0B / 800MB"
"2026-08-21T18:23:14.8288751Z","EXP-20260821T175739Z-d4d5cb36","cassandra","100","25686.42","6854.93","cassandra-node2","172.06","2721935524","6442450944","1.01GB / 721MB","0B / 800MB"
"2026-08-21T18:23:14.8288751Z","EXP-20260821T175739Z-d4d5cb36","cassandra","100","25686.42","6854.93","cassandra-node1","184.07","2725156749","6442450944","989MB / 777MB","0B / 801MB"
"2026-08-21T18:24:18.5082032Z","EXP-20260821T175739Z-d4d5cb36","cassandra","99","25727.06","6814.29","cassandra-node3","179.35","2724083007","6442450944","968MB / 844MB","0B / 843MB"
"2026-08-21T18:24:18.5082032Z","EXP-20260821T175739Z-d4d5cb36","cassandra","99","25727.06","6814.29","cassandra-node2","187.17","2721935524","6442450944","1.06GB / 757MB","0B / 843MB"
"2026-08-21T18:24:18.5082032Z","EXP-20260821T175739Z-d4d5cb36","cassandra","99","25727.06","6814.29","cassandra-node1","182.77","2726230491","6442450944","1.04GB / 816MB","0B / 844MB"
"2026-08-21T18:25:21.2535857Z","EXP-20260821T175739Z-d4d5cb36","cassandra","90","25840.04","6701.31","cassandra-node3","204.21","2755221520","6442450944","1GB / 874MB","0B / 863MB"
"2026-08-21T18:25:21.2535857Z","EXP-20260821T175739Z-d4d5cb36","cassandra","90","25840.04","6701.31","cassandra-node2","198.15","2754147779","6442450944","1.1GB / 784MB","0B / 863MB"
"2026-08-21T18:25:21.2535857Z","EXP-20260821T175739Z-d4d5cb36","cassandra","90","25840.04","6701.31","cassandra-node1","207.77","2763811455","6442450944","1.07GB / 846MB","0B / 864MB"
"2026-08-21T18:26:24.9483180Z","EXP-20260821T175739Z-d4d5cb36","cassandra","99","25830.86","6710.49","cassandra-node3","124.12","2772401390","6442450944","1.02GB / 895MB","0B / 863MB"
"2026-08-21T18:26:24.9483180Z","EXP-20260821T175739Z-d4d5cb36","cassandra","99","25830.86","6710.49","cassandra-node2","180.11","2760590230","6442450944","1.12GB / 808MB","0B / 863MB"
"2026-08-21T18:26:24.9483180Z","EXP-20260821T175739Z-d4d5cb36","cassandra","99","25830.86","6710.49","cassandra-node1","214.21","2760590230","6442450944","1.11GB / 873MB","0B / 865MB"
"2026-08-21T18:27:28.6338374Z","EXP-20260821T175739Z-d4d5cb36","cassandra","96","25851.06","6690.29","cassandra-node3","162.87","2755221520","6442450944","1.04GB / 919MB","0B / 863MB"
"2026-08-21T18:27:28.6338374Z","EXP-20260821T175739Z-d4d5cb36","cassandra","96","25851.06","6690.29","cassandra-node2","182.64","2758442746","6442450944","1.15GB / 834MB","0B / 863MB"
"2026-08-21T18:27:28.6338374Z","EXP-20260821T175739Z-d4d5cb36","cassandra","96","25851.06","6690.29","cassandra-node1","209.38","2758442746","6442450944","1.15GB / 905MB","0B / 865MB"
"2026-08-21T18:28:31.4527950Z","EXP-20260821T175739Z-d4d5cb36","cassandra","94","25843.71","6697.64","cassandra-node3","164.88","2773475131","6442450944","1.05GB / 942MB","0B / 863MB"
"2026-08-21T18:28:31.4527950Z","EXP-20260821T175739Z-d4d5cb36","cassandra","94","25843.71","6697.64","cassandra-node2","198.37","2773475131","6442450944","1.17GB / 860MB","0B / 864MB"
"2026-08-21T18:28:31.4527950Z","EXP-20260821T175739Z-d4d5cb36","cassandra","94","25843.71","6697.64","cassandra-node1","210.53","2769180164","6442450944","1.19GB / 936MB","0B / 865MB"
"2026-08-21T18:29:35.0869575Z","EXP-20260821T175739Z-d4d5cb36","cassandra","97","25852.81","6688.54","cassandra-node3","187.68","2769180164","6442450944","1.07GB / 993MB","0B / 864MB"
"2026-08-21T18:29:35.0869575Z","EXP-20260821T175739Z-d4d5cb36","cassandra","97","25852.81","6688.54","cassandra-node2","190.33","2760590230","6442450944","1.2GB / 908MB","0B / 864MB"
"2026-08-21T18:29:35.0869575Z","EXP-20260821T175739Z-d4d5cb36","cassandra","97","25852.81","6688.54","cassandra-node1","211.23","2770253906","6442450944","1.23GB / 991MB","0B / 865MB"
"2026-08-21T18:30:38.7413249Z","EXP-20260821T175739Z-d4d5cb36","cassandra","99","25924.56","6616.79","cassandra-node3","180.26","2760590230","6442450944","1.08GB / 1.23GB","0B / 864MB"
"2026-08-21T18:30:38.7413249Z","EXP-20260821T175739Z-d4d5cb36","cassandra","99","25924.56","6616.79","cassandra-node2","202.77","2761663971","6442450944","1.21GB / 1.15GB","0B / 864MB"
"2026-08-21T18:30:38.7413249Z","EXP-20260821T175739Z-d4d5cb36","cassandra","99","25924.56","6616.79","cassandra-node1","208.87","2770253906","6442450944","1.24GB / 1.2GB","0B / 865MB"
"2026-08-21T18:31:41.5527451Z","EXP-20260821T175739Z-d4d5cb36","cassandra","100","25867.11","6674.24","cassandra-node3","186.45","2760590230","6442450944","1.09GB / 1.48GB","0B / 864MB"
"2026-08-21T18:31:41.5527451Z","EXP-20260821T175739Z-d4d5cb36","cassandra","100","25867.11","6674.24","cassandra-node2","193.96","2758442746","6442450944","1.23GB / 1.4GB","0B / 865MB"
"2026-08-21T18:31:41.5527451Z","EXP-20260821T175739Z-d4d5cb36","cassandra","100","25867.11","6674.24","cassandra-node1","206.96","2770253906","6442450944","1.26GB / 1.41GB","0B / 866MB"
"2026-08-21T18:32:45.2777717Z","EXP-20260821T175739Z-d4d5cb36","cassandra","97","25853.65","6687.7","cassandra-node3","194.6","2761663971","6442450944","1.11GB / 1.71GB","0B / 865MB"
"2026-08-21T18:32:45.2777717Z","EXP-20260821T175739Z-d4d5cb36","cassandra","97","25853.65","6687.7","cassandra-node2","195.35","2763811455","6442450944","1.24GB / 1.63GB","0B / 866MB"
"2026-08-21T18:32:45.2777717Z","EXP-20260821T175739Z-d4d5cb36","cassandra","97","25853.65","6687.7","cassandra-node1","180.39","2760590230","6442450944","1.27GB / 1.63GB","0B / 867MB"
"2026-08-21T18:33:48.9175444Z","EXP-20260821T175739Z-d4d5cb36","cassandra","97","25263.03","7278.32","cassandra-node3","204.74","2757369004","6442450944","1.12GB / 1.95GB","0B / 866MB"
"2026-08-21T18:33:48.9175444Z","EXP-20260821T175739Z-d4d5cb36","cassandra","97","25263.03","7278.32","cassandra-node2","203.97","2759516488","6442450944","1.26GB / 1.86GB","0B / 867MB"
"2026-08-21T18:33:48.9175444Z","EXP-20260821T175739Z-d4d5cb36","cassandra","97","25263.03","7278.32","cassandra-node1","197.39","2761663971","6442450944","1.29GB / 1.86GB","0B / 867MB"
"2026-08-21T18:34:51.5749535Z","EXP-20260821T175739Z-d4d5cb36","cassandra","97","25273.89","7267.46","cassandra-node3","191.36","2769180164","6442450944","1.14GB / 2.19GB","0B / 866MB"
"2026-08-21T18:34:51.5749535Z","EXP-20260821T175739Z-d4d5cb36","cassandra","97","25273.89","7267.46","cassandra-node2","201.41","2758442746","6442450944","1.28GB / 2.1GB","0B / 867MB"
"2026-08-21T18:34:51.5749535Z","EXP-20260821T175739Z-d4d5cb36","cassandra","97","25273.89","7267.46","cassandra-node1","198.69","2754147779","6442450944","1.3GB / 2.1GB","0B / 868MB"
"2026-08-21T18:35:55.2448659Z","EXP-20260821T175739Z-d4d5cb36","cassandra","99","25265.3","7276.05","cassandra-node3","188.66","2767032680","6442450944","1.15GB / 2.43GB","0B / 867MB"
"2026-08-21T18:35:55.2448659Z","EXP-20260821T175739Z-d4d5cb36","cassandra","99","25265.3","7276.05","cassandra-node2","205.82","2752000295","6442450944","1.29GB / 2.34GB","0B / 868MB"
"2026-08-21T18:35:55.2448659Z","EXP-20260821T175739Z-d4d5cb36","cassandra","99","25265.3","7276.05","cassandra-node1","192.77","2753074037","6442450944","1.32GB / 2.34GB","0B / 868MB"
"2026-08-21T18:36:58.9045592Z","EXP-20260821T175739Z-d4d5cb36","cassandra","99","25292.55","7248.8","cassandra-node3","188.12","2753074037","6442450944","1.17GB / 2.67GB","0B / 867MB"
"2026-08-21T18:36:58.9045592Z","EXP-20260821T175739Z-d4d5cb36","cassandra","99","25292.55","7248.8","cassandra-node2","202.89","2750926553","6442450944","1.31GB / 2.57GB","0B / 868MB"
"2026-08-21T18:36:58.9045592Z","EXP-20260821T175739Z-d4d5cb36","cassandra","99","25292.55","7248.8","cassandra-node1","194.27","2752000295","6442450944","1.34GB / 2.58GB","0B / 868MB"
"2026-08-21T18:38:01.6672100Z","EXP-20260821T175739Z-d4d5cb36","cassandra","97","25275.76","7265.59","cassandra-node3","191.77","2754147779","6442450944","1.18GB / 2.93GB","0B / 868MB"
"2026-08-21T18:38:01.6672100Z","EXP-20260821T175739Z-d4d5cb36","cassandra","97","25275.76","7265.59","cassandra-node2","200.24","2750926553","6442450944","1.33GB / 2.81GB","0B / 868MB"
"2026-08-21T18:38:01.6672100Z","EXP-20260821T175739Z-d4d5cb36","cassandra","97","25275.76","7265.59","cassandra-node1","189.9","2752000295","6442450944","1.35GB / 2.82GB","0B / 868MB"
"2026-08-21T18:39:05.3004387Z","EXP-20260821T175739Z-d4d5cb36","cassandra","96","25143.93","7397.42","cassandra-node3","184.78","2753074037","6442450944","1.22GB / 3.05GB","0B / 894MB"
"2026-08-21T18:39:05.3004387Z","EXP-20260821T175739Z-d4d5cb36","cassandra","96","25143.93","7397.42","cassandra-node2","188.67","2749852811","6442450944","1.36GB / 2.93GB","0B / 895MB"
"2026-08-21T18:39:05.3004387Z","EXP-20260821T175739Z-d4d5cb36","cassandra","96","25143.93","7397.42","cassandra-node1","173.5","2758442746","6442450944","1.39GB / 2.94GB","0B / 895MB"
"2026-08-21T18:40:08.9796444Z","EXP-20260821T175739Z-d4d5cb36","cassandra","96","25223.52","7317.83","cassandra-node3","181.6","2753074037","6442450944","1.26GB / 3.09GB","0B / 935MB"
"2026-08-21T18:40:08.9796444Z","EXP-20260821T175739Z-d4d5cb36","cassandra","96","25223.52","7317.83","cassandra-node2","180.74","2750926553","6442450944","1.41GB / 2.96GB","0B / 936MB"
"2026-08-21T18:40:08.9796444Z","EXP-20260821T175739Z-d4d5cb36","cassandra","96","25223.52","7317.83","cassandra-node1","187.95","2757369004","6442450944","1.44GB / 2.98GB","0B / 936MB"
"2026-08-21T18:41:11.8970048Z","EXP-20260821T175739Z-d4d5cb36","cassandra","99","25195.5","7345.86","cassandra-node3","184.79","2754147779","6442450944","1.31GB / 3.13GB","0B / 964MB"
"2026-08-21T18:41:11.8970048Z","EXP-20260821T175739Z-d4d5cb36","cassandra","99","25195.5","7345.86","cassandra-node2","186.6","2750926553","6442450944","1.47GB / 3GB","0B / 965MB"
"2026-08-21T18:41:11.8970048Z","EXP-20260821T175739Z-d4d5cb36","cassandra","99","25195.5","7345.86","cassandra-node1","188.95","2757369004","6442450944","1.49GB / 3.02GB","0B / 965MB"
"2026-08-21T18:42:15.5693667Z","EXP-20260821T175739Z-d4d5cb36","cassandra","91","25201.53","7339.82","cassandra-node3","174.89","2754147779","6442450944","1.35GB / 3.17GB","0B / 1.01GB"
"2026-08-21T18:42:15.5693667Z","EXP-20260821T175739Z-d4d5cb36","cassandra","91","25201.53","7339.82","cassandra-node2","182.5","2752000295","6442450944","1.52GB / 3.03GB","0B / 1.01GB"
"2026-08-21T18:42:15.5693667Z","EXP-20260821T175739Z-d4d5cb36","cassandra","91","25201.53","7339.82","cassandra-node1","183.95","2757369004","6442450944","1.54GB / 3.05GB","0B / 1.01GB"
"2026-08-21T18:43:19.2263869Z","EXP-20260821T175739Z-d4d5cb36","cassandra","97","25224.58","7316.77","cassandra-node3","184.42","2756295262","6442450944","1.4GB / 3.21GB","0B / 1.03GB"
"2026-08-21T18:43:19.2263869Z","EXP-20260821T175739Z-d4d5cb36","cassandra","97","25224.58","7316.77","cassandra-node2","186.36","2763811455","6442450944","1.56GB / 3.07GB","0B / 1.03GB"
"2026-08-21T18:43:19.2263869Z","EXP-20260821T175739Z-d4d5cb36","cassandra","97","25224.58","7316.77","cassandra-node1","185.69","2755221520","6442450944","1.59GB / 3.09GB","0B / 1.03GB"
"2026-08-21T18:44:21.9506825Z","EXP-20260821T175739Z-d4d5cb36","cassandra","97","25217.96","7323.39","cassandra-node3","189.25","2776696357","6442450944","1.43GB / 3.24GB","0B / 1.06GB"
"2026-08-21T18:44:21.9506825Z","EXP-20260821T175739Z-d4d5cb36","cassandra","97","25217.96","7323.39","cassandra-node2","188.94","2774548873","6442450944","1.6GB / 3.1GB","0B / 1.07GB"
"2026-08-21T18:44:21.9506825Z","EXP-20260821T175739Z-d4d5cb36","cassandra","97","25217.96","7323.39","cassandra-node1","192.83","2767032680","6442450944","1.63GB / 3.13GB","0B / 1.07GB"
"2026-08-21T18:45:25.7011049Z","EXP-20260821T175739Z-d4d5cb36","cassandra","96","25281.83","7259.52","cassandra-node3","182.89","2768106422","6442450944","1.48GB / 3.28GB","0B / 1.1GB"
"2026-08-21T18:45:25.7011049Z","EXP-20260821T175739Z-d4d5cb36","cassandra","96","25281.83","7259.52","cassandra-node2","187.19","2771327648","6442450944","1.65GB / 3.13GB","0B / 1.1GB"
"2026-08-21T18:45:25.7011049Z","EXP-20260821T175739Z-d4d5cb36","cassandra","96","25281.83","7259.52","cassandra-node1","172.89","2776696357","6442450944","1.67GB / 3.16GB","0B / 1.1GB"
"2026-08-21T18:46:29.3828350Z","EXP-20260821T175739Z-d4d5cb36","cassandra","99","25344.3","7197.05","cassandra-node3","189.06","2768106422","6442450944","1.52GB / 3.32GB","0B / 1.13GB"
"2026-08-21T18:46:29.3828350Z","EXP-20260821T175739Z-d4d5cb36","cassandra","99","25344.3","7197.05","cassandra-node2","189.03","2770253906","6442450944","1.7GB / 3.17GB","0B / 1.13GB"
"2026-08-21T18:46:29.3828350Z","EXP-20260821T175739Z-d4d5cb36","cassandra","99","25344.3","7197.05","cassandra-node1","190.97","2771327648","6442450944","1.72GB / 3.2GB","0B / 1.13GB"
"2026-08-21T18:47:33.1619946Z","EXP-20260821T175739Z-d4d5cb36","cassandra","97","25442.77","7098.58","cassandra-node3","189.54","2770253906","6442450944","1.57GB / 3.36GB","0B / 1.17GB"
"2026-08-21T18:47:33.1619946Z","EXP-20260821T175739Z-d4d5cb36","cassandra","97","25442.77","7098.58","cassandra-node2","185.47","2771327648","6442450944","1.75GB / 3.2GB","0B / 1.17GB"
"2026-08-21T18:47:33.1619946Z","EXP-20260821T175739Z-d4d5cb36","cassandra","97","25442.77","7098.58","cassandra-node1","193.79","2773475131","6442450944","1.77GB / 3.24GB","0B / 1.17GB"
"2026-08-21T18:48:36.8667648Z","EXP-20260821T175739Z-d4d5cb36","cassandra","100","25449.71","7091.64","cassandra-node3","188.6","2769180164","6442450944","1.61GB / 3.4GB","0B / 1.21GB"
"2026-08-21T18:48:36.8667648Z","EXP-20260821T175739Z-d4d5cb36","cassandra","100","25449.71","7091.64","cassandra-node2","183.92","2771327648","6442450944","1.8GB / 3.24GB","0B / 1.21GB"
"2026-08-21T18:48:36.8667648Z","EXP-20260821T175739Z-d4d5cb36","cassandra","100","25449.71","7091.64","cassandra-node1","188.4","2771327648","6442450944","1.82GB / 3.28GB","0B / 1.21GB"
"2026-08-21T18:49:40.0717331Z","EXP-20260821T175739Z-d4d5cb36","cassandra","96","25481.85","7059.5","cassandra-node3","191.18","2768106422","6442450944","1.65GB / 3.43GB","0B / 1.24GB"
"2026-08-21T18:49:40.0717331Z","EXP-20260821T175739Z-d4d5cb36","cassandra","96","25481.85","7059.5","cassandra-node2","182.99","2771327648","6442450944","1.85GB / 3.27GB","0B / 1.24GB"
"2026-08-21T18:49:40.0717331Z","EXP-20260821T175739Z-d4d5cb36","cassandra","96","25481.85","7059.5","cassandra-node1","180.48","2772401390","6442450944","1.86GB / 3.31GB","0B / 1.24GB"
"2026-08-21T18:50:43.8075867Z","EXP-20260821T175739Z-d4d5cb36","cassandra","97","25552.73","6988.62","cassandra-node3","206.58","2778843841","6442450944","1.69GB / 3.46GB","0B / 1.26GB"
"2026-08-21T18:50:43.8075867Z","EXP-20260821T175739Z-d4d5cb36","cassandra","97","25552.73","6988.62","cassandra-node2","187.89","2782065066","6442450944","1.88GB / 3.3GB","0B / 1.26GB"
"2026-08-21T18:50:43.8075867Z","EXP-20260821T175739Z-d4d5cb36","cassandra","97","25552.73","6988.62","cassandra-node1","168.18","2783138808","6442450944","1.89GB / 3.34GB","0B / 1.26GB"
"2026-08-21T18:51:47.7481492Z","EXP-20260821T175739Z-d4d5cb36","cassandra","99","25572.3","6969.05","cassandra-node3","196.61","2784212550","6442450944","1.72GB / 3.49GB","0B / 1.27GB"
"2026-08-21T18:51:47.7481492Z","EXP-20260821T175739Z-d4d5cb36","cassandra","99","25572.3","6969.05","cassandra-node2","185.51","2785286291","6442450944","1.91GB / 3.32GB","0B / 1.27GB"
"2026-08-21T18:51:47.7481492Z","EXP-20260821T175739Z-d4d5cb36","cassandra","99","25572.3","6969.05","cassandra-node1","167.06","2786360033","6442450944","1.92GB / 3.37GB","0B / 1.27GB"
"2026-08-21T18:52:51.4412219Z","EXP-20260821T175739Z-d4d5cb36","cassandra","99","25684.36","6856.99","cassandra-node3","184.68","2788507517","6442450944","1.76GB / 3.53GB","0B / 1.3GB"
"2026-08-21T18:52:51.4412219Z","EXP-20260821T175739Z-d4d5cb36","cassandra","99","25684.36","6856.99","cassandra-node2","171.14","2788507517","6442450944","1.95GB / 3.35GB","0B / 1.3GB"
"2026-08-21T18:52:51.4412219Z","EXP-20260821T175739Z-d4d5cb36","cassandra","99","25684.36","6856.99","cassandra-node1","184.91","2789581259","6442450944","1.96GB / 3.4GB","0B / 1.3GB"
"2026-08-21T18:53:55.2839842Z","EXP-20260821T175739Z-d4d5cb36","cassandra","100","26481.81","6059.54","cassandra-node3","163.29","2788507517","6442450944","1.79GB / 3.56GB","0B / 1.32GB"
"2026-08-21T18:53:55.2839842Z","EXP-20260821T175739Z-d4d5cb36","cassandra","100","26481.81","6059.54","cassandra-node2","180.38","2787433775","6442450944","1.99GB / 3.38GB","0B / 1.32GB"
"2026-08-21T18:53:55.2839842Z","EXP-20260821T175739Z-d4d5cb36","cassandra","100","26481.81","6059.54","cassandra-node1","165.23","2789581259","6442450944","2GB / 3.43GB","0B / 1.32GB"
"2026-08-21T18:54:59.0927490Z","EXP-20260821T175739Z-d4d5cb36","cassandra","100","25747.29","6794.07","cassandra-node3","184.87","2788507517","6442450944","1.83GB / 3.59GB","0B / 1.36GB"
"2026-08-21T18:54:59.0927490Z","EXP-20260821T175739Z-d4d5cb36","cassandra","100","25747.29","6794.07","cassandra-node2","182.46","2787433775","6442450944","2.03GB / 3.41GB","0B / 1.36GB"
"2026-08-21T18:54:59.0927490Z","EXP-20260821T175739Z-d4d5cb36","cassandra","100","25747.29","6794.07","cassandra-node1","185.08","2790655001","6442450944","2.04GB / 3.46GB","0B / 1.36GB"
"2026-08-21T18:56:02.3397421Z","EXP-20260821T175739Z-d4d5cb36","cassandra","100","25832.1","6709.25","cassandra-node3","182.23","2790655001","6442450944","1.87GB / 3.62GB","0B / 1.39GB"
"2026-08-21T18:56:02.3397421Z","EXP-20260821T175739Z-d4d5cb36","cassandra","100","25832.1","6709.25","cassandra-node2","182.84","2788507517","6442450944","2.07GB / 3.44GB","0B / 1.4GB"
"2026-08-21T18:56:02.3397421Z","EXP-20260821T175739Z-d4d5cb36","cassandra","100","25832.1","6709.25","cassandra-node1","184.6","2791728742","6442450944","2.08GB / 3.5GB","0B / 1.4GB"
"2026-08-21T18:57:06.0936782Z","EXP-20260821T175739Z-d4d5cb36","cassandra","99","25865.29","6676.06","cassandra-node3","163.76","2790655001","6442450944","1.91GB / 3.66GB","0B / 1.42GB"
"2026-08-21T18:57:06.0936782Z","EXP-20260821T175739Z-d4d5cb36","cassandra","99","25865.29","6676.06","cassandra-node2","181.61","2788507517","6442450944","2.12GB / 3.47GB","0B / 1.42GB"
"2026-08-21T18:57:06.0936782Z","EXP-20260821T175739Z-d4d5cb36","cassandra","99","25865.29","6676.06","cassandra-node1","183.32","2791728742","6442450944","2.13GB / 3.53GB","0B / 1.42GB"
"2026-08-21T18:58:09.8517481Z","EXP-20260821T175739Z-d4d5cb36","cassandra","100","25933.58","6607.77","cassandra-node3","165.8","2791728742","6442450944","1.94GB / 3.69GB","0B / 1.43GB"
"2026-08-21T18:58:09.8517481Z","EXP-20260821T175739Z-d4d5cb36","cassandra","100","25933.58","6607.77","cassandra-node2","176.16","2788507517","6442450944","2.15GB / 3.5GB","0B / 1.43GB"
"2026-08-21T18:58:09.8517481Z","EXP-20260821T175739Z-d4d5cb36","cassandra","100","25933.58","6607.77","cassandra-node1","173.77","2791728742","6442450944","2.16GB / 3.56GB","0B / 1.43GB"
"2026-08-21T18:59:12.8871183Z","EXP-20260821T175739Z-d4d5cb36","cassandra","99","25921.18","6620.17","cassandra-node3","194.22","2791728742","6442450944","1.96GB / 3.71GB","0B / 1.45GB"
"2026-08-21T18:59:12.8871183Z","EXP-20260821T175739Z-d4d5cb36","cassandra","99","25921.18","6620.17","cassandra-node2","191.2","2792802484","6442450944","2.19GB / 3.53GB","0B / 1.45GB"
"2026-08-21T18:59:12.8871183Z","EXP-20260821T175739Z-d4d5cb36","cassandra","99","25921.18","6620.17","cassandra-node1","206.43","2791728742","6442450944","2.18GB / 3.59GB","0B / 1.43GB"
"2026-08-21T19:00:16.6118883Z","EXP-20260821T175739Z-d4d5cb36","cassandra","97","25893.7","6647.66","cassandra-node3","163.88","2826088481","6442450944","1.99GB / 3.74GB","0B / 1.46GB"
"2026-08-21T19:00:16.6118883Z","EXP-20260821T175739Z-d4d5cb36","cassandra","97","25893.7","6647.66","cassandra-node2","165.54","2799244935","6442450944","2.22GB / 3.55GB","0B / 1.46GB"
"2026-08-21T19:00:16.6118883Z","EXP-20260821T175739Z-d4d5cb36","cassandra","97","25893.7","6647.66","cassandra-node1","171.28","2802466161","6442450944","2.21GB / 3.61GB","0B / 1.46GB"
"2026-08-21T19:01:20.4658993Z","EXP-20260821T175739Z-d4d5cb36","cassandra","99","25964.9","6576.45","cassandra-node3","169.83","2827162223","6442450944","2.02GB / 3.77GB","0B / 1.47GB"
"2026-08-21T19:01:20.4658993Z","EXP-20260821T175739Z-d4d5cb36","cassandra","99","25964.9","6576.45","cassandra-node2","169.55","2799244935","6442450944","2.25GB / 3.58GB","0B / 1.47GB"
"2026-08-21T19:01:20.4658993Z","EXP-20260821T175739Z-d4d5cb36","cassandra","99","25964.9","6576.45","cassandra-node1","174.08","2801392419","6442450944","2.25GB / 3.64GB","0B / 1.47GB"
"2026-08-21T19:02:24.1684099Z","EXP-20260821T175739Z-d4d5cb36","cassandra","94","26019.26","6522.09","cassandra-node3","166.05","2827162223","6442450944","2.05GB / 3.8GB","0B / 1.49GB"
"2026-08-21T19:02:24.1684099Z","EXP-20260821T175739Z-d4d5cb36","cassandra","94","26019.26","6522.09","cassandra-node2","170.43","2799244935","6442450944","2.29GB / 3.61GB","0B / 1.49GB"
"2026-08-21T19:02:24.1684099Z","EXP-20260821T175739Z-d4d5cb36","cassandra","94","26019.26","6522.09","cassandra-node1","170.4","2802466161","6442450944","2.28GB / 3.67GB","0B / 1.49GB"
"2026-08-21T19:03:27.9365193Z","EXP-20260821T175739Z-d4d5cb36","cassandra","91","25934.41","6606.94","cassandra-node3","168.84","2829309706","6442450944","2.09GB / 3.83GB","0B / 1.52GB"
"2026-08-21T19:03:27.9365193Z","EXP-20260821T175739Z-d4d5cb36","cassandra","91","25934.41","6606.94","cassandra-node2","168.28","2804613644","6442450944","2.32GB / 3.64GB","0B / 1.52GB"
"2026-08-21T19:03:27.9365193Z","EXP-20260821T175739Z-d4d5cb36","cassandra","91","25934.41","6606.94","cassandra-node1","168.65","2804613644","6442450944","2.32GB / 3.7GB","0B / 1.52GB"
"2026-08-21T19:04:30.6753333Z","EXP-20260821T175739Z-d4d5cb36","cassandra","96","25969.3","6572.05","cassandra-node3","163.38","2800318677","6442450944","2.13GB / 3.86GB","0B / 1.53GB"
"2026-08-21T19:04:30.6753333Z","EXP-20260821T175739Z-d4d5cb36","cassandra","96","25969.3","6572.05","cassandra-node2","166.07","2805687386","6442450944","2.36GB / 3.67GB","0B / 1.53GB"
"2026-08-21T19:04:30.6753333Z","EXP-20260821T175739Z-d4d5cb36","cassandra","96","25969.3","6572.05","cassandra-node1","168.91","2802466161","6442450944","2.35GB / 3.73GB","0B / 1.53GB"
"2026-08-21T19:05:34.3448949Z","EXP-20260821T175739Z-d4d5cb36","cassandra","99","25999.55","6541.8","cassandra-node3","165.69","2801392419","6442450944","2.16GB / 3.89GB","0B / 1.55GB"
"2026-08-21T19:05:34.3448949Z","EXP-20260821T175739Z-d4d5cb36","cassandra","99","25999.55","6541.8","cassandra-node2","169.55","2801392419","6442450944","2.4GB / 3.7GB","0B / 1.55GB"
"2026-08-21T19:05:34.3448949Z","EXP-20260821T175739Z-d4d5cb36","cassandra","99","25999.55","6541.8","cassandra-node1","169.3","2803539902","6442450944","2.39GB / 3.76GB","0B / 1.55GB"
"2026-08-21T19:06:38.0274387Z","EXP-20260821T175739Z-d4d5cb36","cassandra","96","26097.41","6443.94","cassandra-node3","161.87","2802466161","6442450944","2.2GB / 3.92GB","0B / 1.58GB"
"2026-08-21T19:06:38.0274387Z","EXP-20260821T175739Z-d4d5cb36","cassandra","96","26097.41","6443.94","cassandra-node2","166.23","2802466161","6442450944","2.43GB / 3.73GB","0B / 1.58GB"
"2026-08-21T19:06:38.0274387Z","EXP-20260821T175739Z-d4d5cb36","cassandra","96","26097.41","6443.94","cassandra-node1","167.29","2803539902","6442450944","2.43GB / 3.79GB","0B / 1.58GB"
"2026-08-21T19:07:40.8777591Z","EXP-20260821T175739Z-d4d5cb36","cassandra","93","26142.36","6399","cassandra-node3","168.51","2802466161","6442450944","2.23GB / 3.95GB","0B / 1.59GB"
"2026-08-21T19:07:40.8777591Z","EXP-20260821T175739Z-d4d5cb36","cassandra","93","26142.36","6399","cassandra-node2","171.13","2801392419","6442450944","2.47GB / 3.76GB","0B / 1.59GB"
"2026-08-21T19:07:40.8777591Z","EXP-20260821T175739Z-d4d5cb36","cassandra","93","26142.36","6399","cassandra-node1","169.71","2802466161","6442450944","2.46GB / 3.82GB","0B / 1.59GB"
"2026-08-21T19:08:44.5947573Z","EXP-20260821T175739Z-d4d5cb36","cassandra","99","26228.09","6313.26","cassandra-node3","165.94","2802466161","6442450944","2.27GB / 3.98GB","0B / 1.62GB"
"2026-08-21T19:08:44.5947573Z","EXP-20260821T175739Z-d4d5cb36","cassandra","99","26228.09","6313.26","cassandra-node2","167.05","2802466161","6442450944","2.51GB / 3.79GB","0B / 1.62GB"
"2026-08-21T19:08:44.5947573Z","EXP-20260821T175739Z-d4d5cb36","cassandra","99","26228.09","6313.26","cassandra-node1","172.95","2803539902","6442450944","2.5GB / 3.85GB","0B / 1.62GB"
"2026-08-21T19:41:28.9958948Z","EXP-20260821T194109Z-ae67f3fe","scylla","60","22443.42","10097.93","scylla-node2","21.83","1597727834","6442450944","19.7MB / 18.6MB","1.07GB / 378MB"
"2026-08-21T19:41:28.9958948Z","EXP-20260821T194109Z-ae67f3fe","scylla","60","22443.42","10097.93","scylla-node3","21.64","1612760220","6442450944","19.2MB / 19MB","1GB / 380MB"
"2026-08-21T19:41:28.9958948Z","EXP-20260821T194109Z-ae67f3fe","scylla","60","22443.42","10097.93","scylla-node1","21.94","1483911201","6442450944","19.3MB / 19.4MB","1.15GB / 385MB"
"2026-08-21T19:42:32.4085055Z","EXP-20260821T194109Z-ae67f3fe","scylla","30","22425.82","10115.53","scylla-node2","21.74","1600949060","6442450944","43MB / 40.5MB","1.07GB / 401MB"
"2026-08-21T19:42:32.4085055Z","EXP-20260821T194109Z-ae67f3fe","scylla","30","22425.82","10115.53","scylla-node3","21.62","1614907703","6442450944","41.8MB / 40.5MB","1.01GB / 402MB"
"2026-08-21T19:42:32.4085055Z","EXP-20260821T194109Z-ae67f3fe","scylla","30","22425.82","10115.53","scylla-node1","21.51","1487132426","6442450944","42.1MB / 40.4MB","1.16GB / 408MB"
"2026-08-21T19:43:35.8688419Z","EXP-20260821T194109Z-ae67f3fe","scylla","100","22153.55","10387.8","scylla-node2","124.94","1603096543","6442450944","133MB / 122MB","1.08GB / 481MB"
"2026-08-21T19:43:35.8688419Z","EXP-20260821T194109Z-ae67f3fe","scylla","100","22153.55","10387.8","scylla-node3","132.59","1617055187","6442450944","129MB / 120MB","1.01GB / 479MB"
"2026-08-21T19:43:35.8688419Z","EXP-20260821T194109Z-ae67f3fe","scylla","100","22153.55","10387.8","scylla-node1","134.43","1532229583","6442450944","133MB / 125MB","1.16GB / 487MB"
"2026-08-21T19:44:39.5341978Z","EXP-20260821T194109Z-ae67f3fe","scylla","97","23082.31","9459.04","scylla-node2","128.1","1948841411","6442450944","308MB / 279MB","1.08GB / 623MB"
"2026-08-21T19:44:39.5341978Z","EXP-20260821T194109Z-ae67f3fe","scylla","97","23082.31","9459.04","scylla-node3","128.07","1934882767","6442450944","307MB / 281MB","1.01GB / 624MB"
"2026-08-21T19:44:39.5341978Z","EXP-20260821T194109Z-ae67f3fe","scylla","97","23082.31","9459.04","scylla-node1","135.15","1934882767","6442450944","309MB / 290MB","1.16GB / 630MB"
"2026-08-21T19:45:42.9341748Z","EXP-20260821T194109Z-ae67f3fe","scylla","94","26158.34","6383.01","scylla-node2","122.27","2980707303","6442450944","470MB / 424MB","1.08GB / 799MB"
"2026-08-21T19:45:42.9341748Z","EXP-20260821T194109Z-ae67f3fe","scylla","94","26158.34","6383.01","scylla-node3","121.07","2966748660","6442450944","466MB / 425MB","1.01GB / 797MB"
"2026-08-21T19:45:42.9341748Z","EXP-20260821T194109Z-ae67f3fe","scylla","94","26158.34","6383.01","scylla-node1","129.59","2967822402","6442450944","473MB / 442MB","1.16GB / 805MB"
"2026-08-21T19:46:46.6086055Z","EXP-20260821T194109Z-ae67f3fe","scylla","96","26219.89","6321.46","scylla-node2","127.84","2980707303","6442450944","658MB / 593MB","1.08GB / 952MB"
"2026-08-21T19:46:46.6086055Z","EXP-20260821T194109Z-ae67f3fe","scylla","96","26219.89","6321.46","scylla-node3","129.46","2966748660","6442450944","656MB / 597MB","1.01GB / 953MB"
"2026-08-21T19:46:46.6086055Z","EXP-20260821T194109Z-ae67f3fe","scylla","96","26219.89","6321.46","scylla-node1","134.07","2967822402","6442450944","659MB / 615MB","1.16GB / 956MB"
"2026-08-21T19:47:50.2539342Z","EXP-20260821T194109Z-ae67f3fe","scylla","90","27415.23","5126.12","scylla-node2","127.03","3438121320","6442450944","835MB / 752MB","1.08GB / 1.11GB"
"2026-08-21T19:47:50.2539342Z","EXP-20260821T194109Z-ae67f3fe","scylla","90","27415.23","5126.12","scylla-node3","122.2","3426310160","6442450944","832MB / 756MB","1.01GB / 1.11GB"
"2026-08-21T19:47:50.2539342Z","EXP-20260821T194109Z-ae67f3fe","scylla","90","27415.23","5126.12","scylla-node1","144.06","3434900095","6442450944","840MB / 783MB","1.16GB / 1.11GB"
"2026-08-21T19:48:53.0453112Z","EXP-20260821T194109Z-ae67f3fe","scylla","93","28544.04","3997.31","scylla-node2","127.99","4009351971","6442450944","1GB / 903MB","1.08GB / 1.28GB"
"2026-08-21T19:48:53.0453112Z","EXP-20260821T194109Z-ae67f3fe","scylla","93","28544.04","3997.31","scylla-node3","124.83","3997540811","6442450944","998MB / 906MB","1.01GB / 1.28GB"
"2026-08-21T19:48:53.0453112Z","EXP-20260821T194109Z-ae67f3fe","scylla","93","28544.04","3997.31","scylla-node1","131.72","3997540811","6442450944","1.01GB / 942MB","1.16GB / 1.28GB"
"2026-08-21T19:49:56.6448541Z","EXP-20260821T194109Z-ae67f3fe","scylla","93","28925.74","3615.61","scylla-node2","125.72","4136053506","6442450944","1.19GB / 1.07GB","1.08GB / 1.43GB"
"2026-08-21T19:49:56.6448541Z","EXP-20260821T194109Z-ae67f3fe","scylla","93","28925.74","3615.61","scylla-node3","129.33","4136053506","6442450944","1.18GB / 1.07GB","1.01GB / 1.43GB"
"2026-08-21T19:49:56.6448541Z","EXP-20260821T194109Z-ae67f3fe","scylla","93","28925.74","3615.61","scylla-node1","136.01","4132832281","6442450944","1.19GB / 1.11GB","1.16GB / 1.44GB"
"2026-08-21T19:51:00.2732878Z","EXP-20260821T194109Z-ae67f3fe","scylla","96","28903.66","3637.69","scylla-node2","129.77","4142495957","6442450944","1.36GB / 1.22GB","1.08GB / 1.61GB"
"2026-08-21T19:51:00.2732878Z","EXP-20260821T194109Z-ae67f3fe","scylla","96","28903.66","3637.69","scylla-node3","131.88","4142495957","6442450944","1.35GB / 1.23GB","1.02GB / 1.61GB"
"2026-08-21T19:51:00.2732878Z","EXP-20260821T194109Z-ae67f3fe","scylla","96","28903.66","3637.69","scylla-node1","137.94","4140348473","6442450944","1.36GB / 1.27GB","1.17GB / 1.61GB"
"2026-08-21T19:52:03.1391557Z","EXP-20260821T194109Z-ae67f3fe","scylla","91","28912.83","3628.52","scylla-node2","130.4","4142495957","6442450944","1.54GB / 1.38GB","1.08GB / 1.75GB"
"2026-08-21T19:52:03.1391557Z","EXP-20260821T194109Z-ae67f3fe","scylla","91","28912.83","3628.52","scylla-node3","131.45","4143569699","6442450944","1.54GB / 1.39GB","1.02GB / 1.76GB"
"2026-08-21T19:52:03.1391557Z","EXP-20260821T194109Z-ae67f3fe","scylla","91","28912.83","3628.52","scylla-node1","135.99","4141422215","6442450944","1.55GB / 1.44GB","1.17GB / 1.76GB"
"2026-08-21T19:53:06.8606816Z","EXP-20260821T194109Z-ae67f3fe","scylla","90","27617.82","4923.54","scylla-node2","121.76","4144643441","6442450944","1.7GB / 1.53GB","1.09GB / 1.93GB"
"2026-08-21T19:53:06.8606816Z","EXP-20260821T194109Z-ae67f3fe","scylla","90","27617.82","4923.54","scylla-node3","122.24","4144643441","6442450944","1.69GB / 1.53GB","1.02GB / 1.93GB"
"2026-08-21T19:53:06.8606816Z","EXP-20260821T194109Z-ae67f3fe","scylla","90","27617.82","4923.54","scylla-node1","124.97","4142495957","6442450944","1.71GB / 1.59GB","1.17GB / 1.93GB"
"2026-08-21T19:54:10.4619047Z","EXP-20260821T194109Z-ae67f3fe","scylla","96","27645.59","4895.76","scylla-node2","129.49","4144643441","6442450944","1.89GB / 1.7GB","1.09GB / 2.08GB"
"2026-08-21T19:54:10.4619047Z","EXP-20260821T194109Z-ae67f3fe","scylla","96","27645.59","4895.76","scylla-node3","123.51","4144643441","6442450944","1.88GB / 1.71GB","1.02GB / 2.08GB"
"2026-08-21T19:54:10.4619047Z","EXP-20260821T194109Z-ae67f3fe","scylla","96","27645.59","4895.76","scylla-node1","130.18","4142495957","6442450944","1.9GB / 1.77GB","1.17GB / 2.09GB"
"2026-08-21T19:55:13.1304066Z","EXP-20260821T194109Z-ae67f3fe","scylla","91","27657.32","4884.03","scylla-node2","145.82","4145717182","6442450944","2.07GB / 1.86GB","1.09GB / 2.24GB"
"2026-08-21T19:55:13.1304066Z","EXP-20260821T194109Z-ae67f3fe","scylla","91","27657.32","4884.03","scylla-node3","129","4145717182","6442450944","2.07GB / 1.87GB","1.02GB / 2.24GB"
"2026-08-21T19:55:13.1304066Z","EXP-20260821T194109Z-ae67f3fe","scylla","91","27657.32","4884.03","scylla-node1","135.82","4142495957","6442450944","2.08GB / 1.94GB","1.17GB / 2.25GB"
"2026-08-21T19:56:16.7081221Z","EXP-20260821T194109Z-ae67f3fe","scylla","88","27669.05","4872.3","scylla-node2","149.16","4145717182","6442450944","2.18GB / 1.97GB","1.09GB / 2.24GB"
"2026-08-21T19:56:16.7081221Z","EXP-20260821T194109Z-ae67f3fe","scylla","88","27669.05","4872.3","scylla-node3","152.32","4145717182","6442450944","2.17GB / 1.98GB","1.02GB / 2.24GB"
"2026-08-21T19:56:16.7081221Z","EXP-20260821T194109Z-ae67f3fe","scylla","88","27669.05","4872.3","scylla-node1","155.11","4143569699","6442450944","2.19GB / 2.05GB","1.17GB / 2.25GB"
"2026-08-21T19:57:20.4577819Z","EXP-20260821T194109Z-ae67f3fe","scylla","90","27788.69","4752.66","scylla-node2","146.51","4144643441","6442450944","2.24GB / 2.03GB","1.09GB / 2.24GB"
"2026-08-21T19:57:20.4577819Z","EXP-20260821T194109Z-ae67f3fe","scylla","90","27788.69","4752.66","scylla-node3","148.84","4144643441","6442450944","2.23GB / 2.04GB","1.02GB / 2.24GB"
"2026-08-21T19:57:20.4577819Z","EXP-20260821T194109Z-ae67f3fe","scylla","90","27788.69","4752.66","scylla-node1","151.59","4142495957","6442450944","2.26GB / 2.12GB","1.17GB / 2.25GB"
"2026-08-21T19:58:23.2577407Z","EXP-20260821T194109Z-ae67f3fe","scylla","96","27787.31","4754.04","scylla-node2","144.69","4144643441","6442450944","2.28GB / 2.31GB","1.09GB / 2.24GB"
"2026-08-21T19:58:23.2577407Z","EXP-20260821T194109Z-ae67f3fe","scylla","96","27787.31","4754.04","scylla-node3","143.26","4144643441","6442450944","2.28GB / 2.34GB","1.02GB / 2.24GB"
"2026-08-21T19:58:23.2577407Z","EXP-20260821T194109Z-ae67f3fe","scylla","96","27787.31","4754.04","scylla-node1","150","4142495957","6442450944","2.3GB / 2.42GB","1.17GB / 2.25GB"
"2026-08-21T19:59:26.8593940Z","EXP-20260821T194109Z-ae67f3fe","scylla","91","27789.58","4751.77","scylla-node2","144.98","4144643441","6442450944","2.32GB / 2.74GB","1.09GB / 2.24GB"
"2026-08-21T19:59:26.8593940Z","EXP-20260821T194109Z-ae67f3fe","scylla","91","27789.58","4751.77","scylla-node3","147.1","4145717182","6442450944","2.32GB / 2.77GB","1.02GB / 2.24GB"
"2026-08-21T19:59:26.8593940Z","EXP-20260821T194109Z-ae67f3fe","scylla","91","27789.58","4751.77","scylla-node1","154.65","4142495957","6442450944","2.34GB / 2.85GB","1.17GB / 2.25GB"
"2026-08-21T20:00:30.5092935Z","EXP-20260821T194109Z-ae67f3fe","scylla","96","27777.74","4763.61","scylla-node2","139.27","4145717182","6442450944","2.36GB / 3.16GB","1.09GB / 2.24GB"
"2026-08-21T20:00:30.5092935Z","EXP-20260821T194109Z-ae67f3fe","scylla","96","27777.74","4763.61","scylla-node3","142.29","4145717182","6442450944","2.36GB / 3.18GB","1.02GB / 2.24GB"
"2026-08-21T20:00:30.5092935Z","EXP-20260821T194109Z-ae67f3fe","scylla","96","27777.74","4763.61","scylla-node1","148.91","4143569699","6442450944","2.38GB / 3.28GB","1.17GB / 2.25GB"
"2026-08-21T20:01:33.3668682Z","EXP-20260821T194109Z-ae67f3fe","scylla","96","27782.96","4758.39","scylla-node2","136.9","4144643441","6442450944","2.4GB / 3.59GB","1.09GB / 2.24GB"
"2026-08-21T20:01:33.3668682Z","EXP-20260821T194109Z-ae67f3fe","scylla","96","27782.96","4758.39","scylla-node3","149.06","4144643441","6442450944","2.4GB / 3.61GB","1.02GB / 2.24GB"
"2026-08-21T20:01:33.3668682Z","EXP-20260821T194109Z-ae67f3fe","scylla","96","27782.96","4758.39","scylla-node1","145.35","4142495957","6442450944","2.43GB / 3.71GB","1.17GB / 2.25GB"
"2026-08-21T20:02:37.0301683Z","EXP-20260821T194109Z-ae67f3fe","scylla","91","27775.11","4766.24","scylla-node2","144.89","4144643441","6442450944","2.44GB / 4.01GB","1.09GB / 2.24GB"
"2026-08-21T20:02:37.0301683Z","EXP-20260821T194109Z-ae67f3fe","scylla","91","27775.11","4766.24","scylla-node3","146.06","4145717182","6442450944","2.45GB / 4.04GB","1.02GB / 2.24GB"
"2026-08-21T20:02:37.0301683Z","EXP-20260821T194109Z-ae67f3fe","scylla","91","27775.11","4766.24","scylla-node1","146.48","4142495957","6442450944","2.47GB / 4.15GB","1.17GB / 2.25GB"
"2026-08-21T20:03:40.6878563Z","EXP-20260821T194109Z-ae67f3fe","scylla","99","27794.06","4747.29","scylla-node2","130.52","4146790924","6442450944","2.59GB / 4.23GB","1.09GB / 2.38GB"
"2026-08-21T20:03:40.6878563Z","EXP-20260821T194109Z-ae67f3fe","scylla","99","27794.06","4747.29","scylla-node3","127.74","4145717182","6442450944","2.59GB / 4.27GB","1.02GB / 2.38GB"
"2026-08-21T20:03:40.6878563Z","EXP-20260821T194109Z-ae67f3fe","scylla","99","27794.06","4747.29","scylla-node1","136.26","4143569699","6442450944","2.61GB / 4.38GB","1.17GB / 2.38GB"
"2026-08-21T20:04:43.6449159Z","EXP-20260821T194109Z-ae67f3fe","scylla","93","27807.29","4734.07","scylla-node2","160.51","4146790924","6442450944","2.77GB / 4.4GB","1.09GB / 2.53GB"
"2026-08-21T20:04:43.6449159Z","EXP-20260821T194109Z-ae67f3fe","scylla","93","27807.29","4734.07","scylla-node3","168.54","4145717182","6442450944","2.77GB / 4.43GB","1.02GB / 2.53GB"
"2026-08-21T20:04:43.6449159Z","EXP-20260821T194109Z-ae67f3fe","scylla","93","27807.29","4734.07","scylla-node1","141.09","4143569699","6442450944","2.79GB / 4.55GB","1.17GB / 2.53GB"
"2026-08-21T20:05:47.3409181Z","EXP-20260821T194109Z-ae67f3fe","scylla","93","27838.24","4703.11","scylla-node2","138.52","4145717182","6442450944","2.91GB / 4.53GB","1.09GB / 2.66GB"
"2026-08-21T20:05:47.3409181Z","EXP-20260821T194109Z-ae67f3fe","scylla","93","27838.24","4703.11","scylla-node3","137.94","4146790924","6442450944","2.92GB / 4.56GB","1.02GB / 2.66GB"
"2026-08-21T20:05:47.3409181Z","EXP-20260821T194109Z-ae67f3fe","scylla","93","27838.24","4703.11","scylla-node1","143.91","4143569699","6442450944","2.94GB / 4.69GB","1.17GB / 2.67GB"
"2026-08-21T20:06:50.9413563Z","EXP-20260821T194109Z-ae67f3fe","scylla","97","27843.49","4697.86","scylla-node2","124.08","4147864666","6442450944","3.05GB / 4.65GB","1.09GB / 2.8GB"
"2026-08-21T20:06:50.9413563Z","EXP-20260821T194109Z-ae67f3fe","scylla","97","27843.49","4697.86","scylla-node3","124.23","4147864666","6442450944","3.05GB / 4.69GB","1.02GB / 2.8GB"
"2026-08-21T20:06:50.9413563Z","EXP-20260821T194109Z-ae67f3fe","scylla","97","27843.49","4697.86","scylla-node1","133.83","4145717182","6442450944","3.08GB / 4.83GB","1.17GB / 2.8GB"
"2026-08-21T20:07:53.5839056Z","EXP-20260821T194109Z-ae67f3fe","scylla","94","27845.84","4695.51","scylla-node2","125.67","4147864666","6442450944","3.24GB / 4.82GB","1.09GB / 2.95GB"
"2026-08-21T20:07:53.5839056Z","EXP-20260821T194109Z-ae67f3fe","scylla","94","27845.84","4695.51","scylla-node3","136.84","4147864666","6442450944","3.24GB / 4.86GB","1.02GB / 2.95GB"
"2026-08-21T20:07:53.5839056Z","EXP-20260821T194109Z-ae67f3fe","scylla","94","27845.84","4695.51","scylla-node1","139.79","4145717182","6442450944","3.27GB / 5GB","1.17GB / 2.96GB"
"2026-08-21T20:08:57.1874681Z","EXP-20260821T194109Z-ae67f3fe","scylla","90","27788.62","4752.73","scylla-node2","131.1","4147864666","6442450944","3.42GB / 4.98GB","1.09GB / 3.11GB"
"2026-08-21T20:08:57.1874681Z","EXP-20260821T194109Z-ae67f3fe","scylla","90","27788.62","4752.73","scylla-node3","155.04","4148938408","6442450944","3.42GB / 5.02GB","1.03GB / 3.1GB"
"2026-08-21T20:08:57.1874681Z","EXP-20260821T194109Z-ae67f3fe","scylla","90","27788.62","4752.73","scylla-node1","170.63","4145717182","6442450944","3.45GB / 5.17GB","1.17GB / 3.11GB"
"2026-08-21T20:10:00.7977992Z","EXP-20260821T194109Z-ae67f3fe","scylla","97","27851.83","4689.52","scylla-node2","141.16","4148938408","6442450944","3.51GB / 5.07GB","1.09GB / 3.16GB"
"2026-08-21T20:10:00.7977992Z","EXP-20260821T194109Z-ae67f3fe","scylla","97","27851.83","4689.52","scylla-node3","155.04","4148938408","6442450944","3.51GB / 5.11GB","1.03GB / 3.16GB"
"2026-08-21T20:10:00.7977992Z","EXP-20260821T194109Z-ae67f3fe","scylla","97","27851.83","4689.52","scylla-node1","152.03","4146790924","6442450944","3.55GB / 5.26GB","1.18GB / 3.17GB"
"2026-08-21T20:11:03.8244231Z","EXP-20260821T194109Z-ae67f3fe","scylla","94","27856.9","4684.45","scylla-node2","128.36","4151085892","6442450944","3.66GB / 5.2GB","1.09GB / 3.31GB"
"2026-08-21T20:11:03.8244231Z","EXP-20260821T194109Z-ae67f3fe","scylla","94","27856.9","4684.45","scylla-node3","126.82","4152159633","6442450944","3.66GB / 5.24GB","1.03GB / 3.31GB"
"2026-08-21T20:11:03.8244231Z","EXP-20260821T194109Z-ae67f3fe","scylla","94","27856.9","4684.45","scylla-node1","133.92","4150012150","6442450944","3.7GB / 5.41GB","1.18GB / 3.31GB"
"2026-08-21T20:12:07.4442365Z","EXP-20260821T194109Z-ae67f3fe","scylla","93","27855.02","4686.34","scylla-node2","131.37","4151085892","6442450944","3.85GB / 5.37GB","1.09GB / 3.46GB"
"2026-08-21T20:12:07.4442365Z","EXP-20260821T194109Z-ae67f3fe","scylla","93","27855.02","4686.34","scylla-node3","131.03","4152159633","6442450944","3.85GB / 5.41GB","1.03GB / 3.46GB"
"2026-08-21T20:12:07.4442365Z","EXP-20260821T194109Z-ae67f3fe","scylla","93","27855.02","4686.34","scylla-node1","144.51","4150012150","6442450944","3.89GB / 5.59GB","1.18GB / 3.47GB"
"2026-08-21T20:13:11.0873472Z","EXP-20260821T194109Z-ae67f3fe","scylla","83","27868.53","4672.82","scylla-node2","151","4151085892","6442450944","3.97GB / 5.49GB","1.09GB / 3.55GB"
"2026-08-21T20:13:11.0873472Z","EXP-20260821T194109Z-ae67f3fe","scylla","83","27868.53","4672.82","scylla-node3","149.49","4152159633","6442450944","3.98GB / 5.53GB","1.03GB / 3.56GB"
"2026-08-21T20:13:11.0873472Z","EXP-20260821T194109Z-ae67f3fe","scylla","83","27868.53","4672.82","scylla-node1","155.15","4151085892","6442450944","4.02GB / 5.71GB","1.18GB / 3.56GB"
"2026-08-21T20:14:13.8444412Z","EXP-20260821T194109Z-ae67f3fe","scylla","90","27616.89","4924.46","scylla-node2","199.49","4152159633","6442450944","4.04GB / 5.56GB","1.1GB / 3.6GB"
"2026-08-21T20:14:13.8444412Z","EXP-20260821T194109Z-ae67f3fe","scylla","90","27616.89","4924.46","scylla-node3","143.11","4152159633","6442450944","4.05GB / 5.6GB","1.03GB / 3.58GB"
"2026-08-21T20:14:13.8444412Z","EXP-20260821T194109Z-ae67f3fe","scylla","90","27616.89","4924.46","scylla-node1","190.78","4151085892","6442450944","4.09GB / 5.78GB","1.18GB / 3.6GB"
"2026-08-21T20:15:17.3723857Z","EXP-20260821T194109Z-ae67f3fe","scylla","51","27639.03","4902.32","scylla-node2","51.72","4152159633","6442450944","4.1GB / 5.61GB","1.1GB / 3.64GB"
"2026-08-21T20:15:17.3723857Z","EXP-20260821T194109Z-ae67f3fe","scylla","51","27639.03","4902.32","scylla-node3","53.12","4153233375","6442450944","4.11GB / 5.66GB","1.03GB / 3.64GB"
"2026-08-21T20:15:17.3723857Z","EXP-20260821T194109Z-ae67f3fe","scylla","51","27639.03","4902.32","scylla-node1","54.38","4151085892","6442450944","4.15GB / 5.84GB","1.18GB / 3.65GB"
"2026-08-21T20:16:20.9454636Z","EXP-20260821T194109Z-ae67f3fe","scylla","71","27654.93","4886.42","scylla-node2","52.47","4152159633","6442450944","4.17GB / 5.67GB","1.1GB / 3.68GB"
"2026-08-21T20:16:20.9454636Z","EXP-20260821T194109Z-ae67f3fe","scylla","71","27654.93","4886.42","scylla-node3","54.06","4153233375","6442450944","4.17GB / 5.71GB","1.03GB / 3.69GB"
"2026-08-21T20:16:20.9454636Z","EXP-20260821T194109Z-ae67f3fe","scylla","71","27654.93","4886.42","scylla-node1","55.35","4152159633","6442450944","4.21GB / 5.9GB","1.18GB / 3.69GB"
"2026-08-21T20:17:23.7784778Z","EXP-20260821T194109Z-ae67f3fe","scylla","68","27649.9","4891.45","scylla-node2","53.97","4152159633","6442450944","4.23GB / 5.72GB","1.1GB / 3.73GB"
"2026-08-21T20:17:23.7784778Z","EXP-20260821T194109Z-ae67f3fe","scylla","68","27649.9","4891.45","scylla-node3","54.33","4153233375","6442450944","4.23GB / 5.77GB","1.03GB / 3.73GB"
"2026-08-21T20:17:23.7784778Z","EXP-20260821T194109Z-ae67f3fe","scylla","68","27649.9","4891.45","scylla-node1","56.56","4152159633","6442450944","4.27GB / 5.96GB","1.18GB / 3.73GB"
"2026-08-21T20:18:27.3212768Z","EXP-20260821T194109Z-ae67f3fe","scylla","76","27660.01","4881.34","scylla-node2","54.63","4152159633","6442450944","4.29GB / 5.78GB","1.1GB / 3.77GB"
"2026-08-21T20:18:27.3212768Z","EXP-20260821T194109Z-ae67f3fe","scylla","76","27660.01","4881.34","scylla-node3","67.72","4153233375","6442450944","4.29GB / 5.83GB","1.03GB / 3.77GB"
"2026-08-21T20:18:27.3212768Z","EXP-20260821T194109Z-ae67f3fe","scylla","76","27660.01","4881.34","scylla-node1","57.06","4152159633","6442450944","4.33GB / 6.02GB","1.18GB / 3.77GB"
"2026-08-21T20:19:30.8229300Z","EXP-20260821T194109Z-ae67f3fe","scylla","65","27652.54","4888.82","scylla-node2","53.05","4152159633","6442450944","4.36GB / 5.84GB","1.1GB / 3.81GB"
"2026-08-21T20:19:30.8229300Z","EXP-20260821T194109Z-ae67f3fe","scylla","65","27652.54","4888.82","scylla-node3","54.22","4153233375","6442450944","4.35GB / 5.89GB","1.03GB / 3.81GB"
"2026-08-21T20:19:30.8229300Z","EXP-20260821T194109Z-ae67f3fe","scylla","65","27652.54","4888.82","scylla-node1","56.01","4152159633","6442450944","4.39GB / 6.07GB","1.18GB / 3.82GB"
"2026-08-21T20:20:33.9667443Z","EXP-20260821T194109Z-ae67f3fe","scylla","60","27614.03","4927.32","scylla-node2","67","4153233375","6442450944","4.42GB / 5.89GB","1.1GB / 3.85GB"
"2026-08-21T20:20:33.9667443Z","EXP-20260821T194109Z-ae67f3fe","scylla","60","27614.03","4927.32","scylla-node3","56.88","4153233375","6442450944","4.41GB / 5.95GB","1.03GB / 3.86GB"
"2026-08-21T20:20:33.9667443Z","EXP-20260821T194109Z-ae67f3fe","scylla","60","27614.03","4927.32","scylla-node1","68.21","4152159633","6442450944","4.46GB / 6.13GB","1.18GB / 3.86GB"
"2026-08-21T20:21:37.4909479Z","EXP-20260821T194109Z-ae67f3fe","scylla","54","27639.5","4901.85","scylla-node2","56.47","4153233375","6442450944","4.48GB / 5.95GB","1.1GB / 3.9GB"
"2026-08-21T20:21:37.4909479Z","EXP-20260821T194109Z-ae67f3fe","scylla","54","27639.5","4901.85","scylla-node3","55.81","4153233375","6442450944","4.48GB / 6.01GB","1.03GB / 3.9GB"
"2026-08-21T20:21:37.4909479Z","EXP-20260821T194109Z-ae67f3fe","scylla","54","27639.5","4901.85","scylla-node1","56.63","4152159633","6442450944","4.52GB / 6.19GB","1.18GB / 3.91GB"
"2026-08-21T20:22:41.0057327Z","EXP-20260821T194109Z-ae67f3fe","scylla","63","27641.95","4899.41","scylla-node2","54.91","4153233375","6442450944","4.55GB / 6.01GB","1.1GB / 3.95GB"
"2026-08-21T20:22:41.0057327Z","EXP-20260821T194109Z-ae67f3fe","scylla","63","27641.95","4899.41","scylla-node3","55.03","4153233375","6442450944","4.54GB / 6.06GB","1.03GB / 3.95GB"
"2026-08-21T20:22:41.0057327Z","EXP-20260821T194109Z-ae67f3fe","scylla","63","27641.95","4899.41","scylla-node1","55.75","4152159633","6442450944","4.58GB / 6.25GB","1.18GB / 3.96GB"
"2026-08-21T20:23:44.1928906Z","EXP-20260821T194109Z-ae67f3fe","scylla","68","27626.48","4914.87","scylla-node2","58.08","4153233375","6442450944","4.61GB / 6.07GB","1.1GB / 4GB"
"2026-08-21T20:23:44.1928906Z","EXP-20260821T194109Z-ae67f3fe","scylla","68","27626.48","4914.87","scylla-node3","57.67","4154307117","6442450944","4.6GB / 6.12GB","1.03GB / 4GB"
"2026-08-21T20:23:44.1928906Z","EXP-20260821T194109Z-ae67f3fe","scylla","68","27626.48","4914.87","scylla-node1","60.51","4152159633","6442450944","4.65GB / 6.31GB","1.18GB / 4GB"
"2026-08-21T21:34:30.1879709Z","EXP-20260821T213411Z-d2576fc0","cassandra","82","22923.42","9617.93","cassandra-node3","137.12","2710124364","6442450944","1.57MB / 1.39MB","0B / 68.1MB"
"2026-08-21T21:34:30.1879709Z","EXP-20260821T213411Z-d2576fc0","cassandra","82","22923.42","9617.93","cassandra-node2","155.12","2720861782","6442450944","1.58MB / 1.41MB","0B / 68.1MB"
"2026-08-21T21:34:30.1879709Z","EXP-20260821T213411Z-d2576fc0","cassandra","82","22923.42","9617.93","cassandra-node1","105.16","2724083007","6442450944","1.6MB / 1.52MB","0B / 68.3MB"
"2026-08-21T21:35:33.1305446Z","EXP-20260821T213411Z-d2576fc0","cassandra","60","22841.82","9699.53","cassandra-node3","83.9","2720861782","6442450944","7.7MB / 6.82MB","0B / 71.5MB"
"2026-08-21T21:35:33.1305446Z","EXP-20260821T213411Z-d2576fc0","cassandra","60","22841.82","9699.53","cassandra-node2","87.12","2727304233","6442450944","7.78MB / 6.87MB","0B / 71.5MB"
"2026-08-21T21:35:33.1305446Z","EXP-20260821T213411Z-d2576fc0","cassandra","60","22841.82","9699.53","cassandra-node1","84.24","2715493073","6442450944","7.81MB / 6.99MB","0B / 72MB"
"2026-08-21T21:36:36.7415966Z","EXP-20260821T213411Z-d2576fc0","cassandra","66","22848.83","9692.52","cassandra-node3","84.68","2711198106","6442450944","14.8MB / 13.1MB","0B / 75MB"
"2026-08-21T21:36:36.7415966Z","EXP-20260821T213411Z-d2576fc0","cassandra","66","22848.83","9692.52","cassandra-node2","77.84","2709050622","6442450944","14.6MB / 12.9MB","0B / 75MB"
"2026-08-21T21:36:36.7415966Z","EXP-20260821T213411Z-d2576fc0","cassandra","66","22848.83","9692.52","cassandra-node1","112.87","2715493073","6442450944","14.8MB / 13.1MB","0B / 75.5MB"
"2026-08-21T21:37:40.2435083Z","EXP-20260821T213411Z-d2576fc0","cassandra","65","22883.25","9658.1","cassandra-node3","84.07","2716566815","6442450944","21.8MB / 19.3MB","0B / 78.5MB"
"2026-08-21T21:37:40.2435083Z","EXP-20260821T213411Z-d2576fc0","cassandra","65","22883.25","9658.1","cassandra-node2","76.82","2709050622","6442450944","21.7MB / 19.1MB","0B / 78.4MB"
"2026-08-21T21:37:40.2435083Z","EXP-20260821T213411Z-d2576fc0","cassandra","65","22883.25","9658.1","cassandra-node1","82.05","2715493073","6442450944","21.9MB / 19.4MB","0B / 78.9MB"
"2026-08-21T21:38:43.3375275Z","EXP-20260821T213411Z-d2576fc0","cassandra","97","22850.75","9690.6","cassandra-node3","205.32","2718714298","6442450944","30.8MB / 27MB","0B / 83.4MB"
"2026-08-21T21:38:43.3375275Z","EXP-20260821T213411Z-d2576fc0","cassandra","97","22850.75","9690.6","cassandra-node2","206.39","2712271847","6442450944","31.2MB / 27.2MB","0B / 83.3MB"
"2026-08-21T21:38:43.3375275Z","EXP-20260821T213411Z-d2576fc0","cassandra","97","22850.75","9690.6","cassandra-node1","202.64","2720861782","6442450944","31.3MB / 27.5MB","0B / 82.4MB"
"2026-08-21T21:39:47.0126181Z","EXP-20260821T213411Z-d2576fc0","cassandra","94","22844.02","9697.34","cassandra-node3","175.6","2713345589","6442450944","78MB / 64.4MB","0B / 111MB"
"2026-08-21T21:39:47.0126181Z","EXP-20260821T213411Z-d2576fc0","cassandra","94","22844.02","9697.34","cassandra-node2","179.21","2712271847","6442450944","78.7MB / 64.4MB","0B / 111MB"
"2026-08-21T21:39:47.0126181Z","EXP-20260821T213411Z-d2576fc0","cassandra","94","22844.02","9697.34","cassandra-node1","199.9","2717640557","6442450944","78.7MB / 64.7MB","0B / 111MB"
"2026-08-21T21:40:50.7133565Z","EXP-20260821T213411Z-d2576fc0","cassandra","99","22702.4","9838.95","cassandra-node3","198.48","2731599200","6442450944","125MB / 102MB","0B / 152MB"
"2026-08-21T21:40:50.7133565Z","EXP-20260821T213411Z-d2576fc0","cassandra","99","22702.4","9838.95","cassandra-node2","183.32","2714419331","6442450944","126MB / 102MB","0B / 150MB"
"2026-08-21T21:40:50.7133565Z","EXP-20260821T213411Z-d2576fc0","cassandra","99","22702.4","9838.95","cassandra-node1","191.45","2730525458","6442450944","125MB / 101MB","0B / 152MB"
"2026-08-21T21:41:53.6437536Z","EXP-20260821T213411Z-d2576fc0","cassandra","100","22685.59","9855.76","cassandra-node3","206.66","2717640557","6442450944","174MB / 140MB","0B / 176MB"
"2026-08-21T21:41:53.6437536Z","EXP-20260821T213411Z-d2576fc0","cassandra","100","22685.59","9855.76","cassandra-node2","207.01","2715493073","6442450944","175MB / 142MB","0B / 181MB"
"2026-08-21T21:41:53.6437536Z","EXP-20260821T213411Z-d2576fc0","cassandra","100","22685.59","9855.76","cassandra-node1","199.13","2721935524","6442450944","174MB / 139MB","0B / 177MB"
"2026-08-21T21:42:57.3387404Z","EXP-20260821T213411Z-d2576fc0","cassandra","96","22683.03","9858.32","cassandra-node3","191.13","2721935524","6442450944","225MB / 179MB","0B / 220MB"
"2026-08-21T21:42:57.3387404Z","EXP-20260821T213411Z-d2576fc0","cassandra","96","22683.03","9858.32","cassandra-node2","184.92","2715493073","6442450944","225MB / 181MB","0B / 221MB"
"2026-08-21T21:42:57.3387404Z","EXP-20260821T213411Z-d2576fc0","cassandra","96","22683.03","9858.32","cassandra-node1","172.14","2723009266","6442450944","223MB / 177MB","0B / 221MB"
"2026-08-21T21:44:01.0089089Z","EXP-20260821T213411Z-d2576fc0","cassandra","99","22747.99","9793.36","cassandra-node3","186.59","2721935524","6442450944","272MB / 216MB","0B / 260MB"
"2026-08-21T21:44:01.0089089Z","EXP-20260821T213411Z-d2576fc0","cassandra","99","22747.99","9793.36","cassandra-node2","180.97","2716566815","6442450944","273MB / 220MB","0B / 260MB"
"2026-08-21T21:44:01.0089089Z","EXP-20260821T213411Z-d2576fc0","cassandra","99","22747.99","9793.36","cassandra-node1","181.57","2724083007","6442450944","272MB / 215MB","0B / 260MB"
"2026-08-21T21:45:03.7996418Z","EXP-20260821T213411Z-d2576fc0","cassandra","97","22810.91","9730.44","cassandra-node3","195.21","2719788040","6442450944","321MB / 254MB","0B / 302MB"
"2026-08-21T21:45:03.7996418Z","EXP-20260821T213411Z-d2576fc0","cassandra","97","22810.91","9730.44","cassandra-node2","185.18","2717640557","6442450944","321MB / 258MB","0B / 302MB"
"2026-08-21T21:45:03.7996418Z","EXP-20260821T213411Z-d2576fc0","cassandra","97","22810.91","9730.44","cassandra-node1","188.63","2725156749","6442450944","320MB / 254MB","0B / 303MB"
"2026-08-21T21:46:07.5279296Z","EXP-20260821T213411Z-d2576fc0","cassandra","96","22922.39","9618.96","cassandra-node3","178.93","2720861782","6442450944","369MB / 292MB","0B / 332MB"
"2026-08-21T21:46:07.5279296Z","EXP-20260821T213411Z-d2576fc0","cassandra","96","22922.39","9618.96","cassandra-node2","185.22","2718714298","6442450944","371MB / 298MB","0B / 332MB"
"2026-08-21T21:46:07.5279296Z","EXP-20260821T213411Z-d2576fc0","cassandra","96","22922.39","9618.96","cassandra-node1","185.36","2726230491","6442450944","370MB / 293MB","0B / 332MB"
"2026-08-21T21:47:11.2333795Z","EXP-20260821T213411Z-d2576fc0","cassandra","97","22971.37","9569.98","cassandra-node3","180.61","2726230491","6442450944","419MB / 330MB","0B / 375MB"
"2026-08-21T21:47:11.2333795Z","EXP-20260821T213411Z-d2576fc0","cassandra","97","22971.37","9569.98","cassandra-node2","190.77","2719788040","6442450944","421MB / 338MB","0B / 375MB"
"2026-08-21T21:47:11.2333795Z","EXP-20260821T213411Z-d2576fc0","cassandra","97","22971.37","9569.98","cassandra-node1","182.02","2726230491","6442450944","418MB / 331MB","0B / 375MB"
"2026-08-21T21:48:14.8922225Z","EXP-20260821T213411Z-d2576fc0","cassandra","100","22984.38","9556.97","cassandra-node3","181.38","2721935524","6442450944","468MB / 368MB","0B / 413MB"
"2026-08-21T21:48:14.8922225Z","EXP-20260821T213411Z-d2576fc0","cassandra","100","22984.38","9556.97","cassandra-node2","173.7","2719788040","6442450944","470MB / 376MB","0B / 413MB"
"2026-08-21T21:48:14.8922225Z","EXP-20260821T213411Z-d2576fc0","cassandra","100","22984.38","9556.97","cassandra-node1","180.56","2726230491","6442450944","467MB / 369MB","0B / 413MB"
"2026-08-21T21:49:18.5517755Z","EXP-20260821T213411Z-d2576fc0","cassandra","99","23089.11","9452.25","cassandra-node3","188.33","2721935524","6442450944","517MB / 407MB","0B / 456MB"
"2026-08-21T21:49:18.5517755Z","EXP-20260821T213411Z-d2576fc0","cassandra","99","23089.11","9452.25","cassandra-node2","185.1","2720861782","6442450944","518MB / 415MB","0B / 456MB"
"2026-08-21T21:49:18.5517755Z","EXP-20260821T213411Z-d2576fc0","cassandra","99","23089.11","9452.25","cassandra-node1","187.79","2727304233","6442450944","516MB / 408MB","0B / 456MB"
"2026-08-21T21:50:21.9759594Z","EXP-20260821T213411Z-d2576fc0","cassandra","97","23172.12","9369.23","cassandra-node3","196.07","2723009266","6442450944","566MB / 446MB","0B / 485MB"
"2026-08-21T21:50:21.9759594Z","EXP-20260821T213411Z-d2576fc0","cassandra","97","23172.12","9369.23","cassandra-node2","184.81","2721935524","6442450944","567MB / 454MB","0B / 485MB"
"2026-08-21T21:50:21.9759594Z","EXP-20260821T213411Z-d2576fc0","cassandra","97","23172.12","9369.23","cassandra-node1","190.8","2728377975","6442450944","566MB / 446MB","0B / 486MB"
"2026-08-21T21:51:25.6620657Z","EXP-20260821T213411Z-d2576fc0","cassandra","99","23293.23","9248.12","cassandra-node3","204.72","2724083007","6442450944","616MB / 484MB","0B / 528MB"
"2026-08-21T21:51:25.6620657Z","EXP-20260821T213411Z-d2576fc0","cassandra","99","23293.23","9248.12","cassandra-node2","181.36","2723009266","6442450944","617MB / 494MB","0B / 524MB"
"2026-08-21T21:51:25.6620657Z","EXP-20260821T213411Z-d2576fc0","cassandra","99","23293.23","9248.12","cassandra-node1","178.91","2730525458","6442450944","615MB / 485MB","0B / 524MB"
"2026-08-21T21:52:29.8033174Z","EXP-20260821T213411Z-d2576fc0","cassandra","96","23419.41","9121.94","cassandra-node3","188.7","2725156749","6442450944","665MB / 523MB","0B / 564MB"
"2026-08-21T21:52:29.8033174Z","EXP-20260821T213411Z-d2576fc0","cassandra","96","23419.41","9121.94","cassandra-node2","183.67","2724083007","6442450944","667MB / 534MB","0B / 564MB"
"2026-08-21T21:52:29.8033174Z","EXP-20260821T213411Z-d2576fc0","cassandra","96","23419.41","9121.94","cassandra-node1","182.95","2730525458","6442450944","664MB / 523MB","0B / 565MB"
"2026-08-21T21:53:33.0804894Z","EXP-20260821T213411Z-d2576fc0","cassandra","97","23456.65","9084.7","cassandra-node3","188.64","2726230491","6442450944","714MB / 562MB","0B / 594MB"
"2026-08-21T21:53:33.0804894Z","EXP-20260821T213411Z-d2576fc0","cassandra","97","23456.65","9084.7","cassandra-node2","181.21","2723009266","6442450944","717MB / 573MB","0B / 593MB"
"2026-08-21T21:53:33.0804894Z","EXP-20260821T213411Z-d2576fc0","cassandra","97","23456.65","9084.7","cassandra-node1","192.66","2731599200","6442450944","713MB / 561MB","0B / 594MB"
"2026-08-21T21:54:36.8567914Z","EXP-20260821T213411Z-d2576fc0","cassandra","93","23488.78","9052.57","cassandra-node3","178.32","2726230491","6442450944","764MB / 600MB","0B / 639MB"
"2026-08-21T21:54:36.8567914Z","EXP-20260821T213411Z-d2576fc0","cassandra","93","23488.78","9052.57","cassandra-node2","177.79","2724083007","6442450944","766MB / 613MB","0B / 638MB"
"2026-08-21T21:54:36.8567914Z","EXP-20260821T213411Z-d2576fc0","cassandra","93","23488.78","9052.57","cassandra-node1","183.02","2731599200","6442450944","762MB / 600MB","0B / 635MB"
"2026-08-21T21:55:40.5465733Z","EXP-20260821T213411Z-d2576fc0","cassandra","100","23539.16","9002.19","cassandra-node3","186.8","2727304233","6442450944","812MB / 638MB","0B / 676MB"
"2026-08-21T21:55:40.5465733Z","EXP-20260821T213411Z-d2576fc0","cassandra","100","23539.16","9002.19","cassandra-node2","182.57","2725156749","6442450944","814MB / 651MB","0B / 676MB"
"2026-08-21T21:55:40.5465733Z","EXP-20260821T213411Z-d2576fc0","cassandra","100","23539.16","9002.19","cassandra-node1","181.69","2732672942","6442450944","811MB / 638MB","0B / 677MB"
"2026-08-21T21:56:43.9760828Z","EXP-20260821T213411Z-d2576fc0","cassandra","16","24311.24","8230.11","cassandra-node3","1.99","2727304233","6442450944","852MB / 669MB","0B / 704MB"
"2026-08-21T21:56:43.9760828Z","EXP-20260821T213411Z-d2576fc0","cassandra","16","24311.24","8230.11","cassandra-node2","2.24","2725156749","6442450944","854MB / 683MB","0B / 704MB"
"2026-08-21T21:56:43.9760828Z","EXP-20260821T213411Z-d2576fc0","cassandra","16","24311.24","8230.11","cassandra-node1","1.78","2732672942","6442450944","851MB / 669MB","0B / 705MB"
"2026-08-21T21:57:47.4717530Z","EXP-20260821T213411Z-d2576fc0","cassandra","99","25505.14","7036.21","cassandra-node3","177.68","2729451717","6442450944","889MB / 698MB","0B / 734MB"
"2026-08-21T21:57:47.4717530Z","EXP-20260821T213411Z-d2576fc0","cassandra","99","25505.14","7036.21","cassandra-node2","183.98","2728377975","6442450944","892MB / 713MB","0B / 733MB"
"2026-08-21T21:57:47.4717530Z","EXP-20260821T213411Z-d2576fc0","cassandra","99","25505.14","7036.21","cassandra-node1","185.42","2740189135","6442450944","888MB / 699MB","0B / 734MB"
"2026-08-21T21:58:51.2013437Z","EXP-20260821T213411Z-d2576fc0","cassandra","99","25673.86","6867.49","cassandra-node3","177.62","2730525458","6442450944","939MB / 738MB","0B / 779MB"
"2026-08-21T21:58:51.2013437Z","EXP-20260821T213411Z-d2576fc0","cassandra","99","25673.86","6867.49","cassandra-node2","176.51","2734820426","6442450944","942MB / 752MB","0B / 779MB"
"2026-08-21T21:58:51.2013437Z","EXP-20260821T213411Z-d2576fc0","cassandra","99","25673.86","6867.49","cassandra-node1","192.18","2741262877","6442450944","938MB / 737MB","0B / 780MB"
"2026-08-21T21:59:54.2158586Z","EXP-20260821T213411Z-d2576fc0","cassandra","96","25737.83","6803.52","cassandra-node3","179.97","2730525458","6442450944","988MB / 776MB","0B / 804MB"
"2026-08-21T21:59:54.2158586Z","EXP-20260821T213411Z-d2576fc0","cassandra","96","25737.83","6803.52","cassandra-node2","178.77","2729451717","6442450944","992MB / 793MB","0B / 808MB"
"2026-08-21T21:59:54.2158586Z","EXP-20260821T213411Z-d2576fc0","cassandra","96","25737.83","6803.52","cassandra-node1","196.41","2735894168","6442450944","987MB / 776MB","0B / 809MB"
"2026-08-21T22:00:57.9383917Z","EXP-20260821T213411Z-d2576fc0","cassandra","96","25713.05","6828.3","cassandra-node3","174.42","2731599200","6442450944","1.04GB / 815MB","0B / 847MB"
"2026-08-21T22:00:57.9383917Z","EXP-20260821T213411Z-d2576fc0","cassandra","96","25713.05","6828.3","cassandra-node2","176.79","2730525458","6442450944","1.04GB / 833MB","0B / 847MB"
"2026-08-21T22:00:57.9383917Z","EXP-20260821T213411Z-d2576fc0","cassandra","96","25713.05","6828.3","cassandra-node1","202.61","2735894168","6442450944","1.04GB / 813MB","0B / 848MB"
"2026-08-21T22:02:01.6181869Z","EXP-20260821T213411Z-d2576fc0","cassandra","100","25830.32","6711.03","cassandra-node3","186.08","2731599200","6442450944","1.09GB / 854MB","0B / 892MB"
"2026-08-21T22:02:01.6181869Z","EXP-20260821T213411Z-d2576fc0","cassandra","100","25830.32","6711.03","cassandra-node2","183.61","2730525458","6442450944","1.09GB / 873MB","0B / 892MB"
"2026-08-21T22:02:01.6181869Z","EXP-20260821T213411Z-d2576fc0","cassandra","100","25830.32","6711.03","cassandra-node1","189.83","2736967909","6442450944","1.09GB / 852MB","0B / 893MB"
"2026-08-21T22:03:04.3236254Z","EXP-20260821T213411Z-d2576fc0","cassandra","96","25820.03","6721.32","cassandra-node3","187.21","2732672942","6442450944","1.14GB / 894MB","0B / 919MB"
"2026-08-21T22:03:04.3236254Z","EXP-20260821T213411Z-d2576fc0","cassandra","96","25820.03","6721.32","cassandra-node2","179.33","2730525458","6442450944","1.14GB / 913MB","0B / 919MB"
"2026-08-21T22:03:04.3236254Z","EXP-20260821T213411Z-d2576fc0","cassandra","96","25820.03","6721.32","cassandra-node1","186.93","2736967909","6442450944","1.14GB / 891MB","0B / 920MB"
"2026-08-21T22:04:08.0373967Z","EXP-20260821T213411Z-d2576fc0","cassandra","99","25889.96","6651.39","cassandra-node3","181.64","2733746684","6442450944","1.18GB / 930MB","0B / 1.01GB"
"2026-08-21T22:04:08.0373967Z","EXP-20260821T213411Z-d2576fc0","cassandra","99","25889.96","6651.39","cassandra-node2","183.18","2732672942","6442450944","1.19GB / 951MB","0B / 1.01GB"
"2026-08-21T22:04:08.0373967Z","EXP-20260821T213411Z-d2576fc0","cassandra","99","25889.96","6651.39","cassandra-node1","164.24","2741262877","6442450944","1.18GB / 927MB","0B / 1.02GB"
"2026-08-21T22:05:11.7233328Z","EXP-20260821T213411Z-d2576fc0","cassandra","100","25979.37","6561.98","cassandra-node3","180.45","2733746684","6442450944","1.23GB / 967MB","0B / 1.06GB"
"2026-08-21T22:05:11.7233328Z","EXP-20260821T213411Z-d2576fc0","cassandra","100","25979.37","6561.98","cassandra-node2","180.04","2733746684","6442450944","1.24GB / 990MB","0B / 1.06GB"
"2026-08-21T22:05:11.7233328Z","EXP-20260821T213411Z-d2576fc0","cassandra","100","25979.37","6561.98","cassandra-node1","180.43","2743410360","6442450944","1.23GB / 966MB","0B / 1.06GB"
"2026-08-21T22:06:14.4615673Z","EXP-20260821T213411Z-d2576fc0","cassandra","97","26050.31","6491.04","cassandra-node3","184","2734820426","6442450944","1.28GB / 1.01GB","0B / 1.09GB"
"2026-08-21T22:06:14.4615673Z","EXP-20260821T213411Z-d2576fc0","cassandra","97","26050.31","6491.04","cassandra-node2","176.27","2734820426","6442450944","1.29GB / 1.03GB","0B / 1.09GB"
"2026-08-21T22:06:14.4615673Z","EXP-20260821T213411Z-d2576fc0","cassandra","97","26050.31","6491.04","cassandra-node1","179.79","2740189135","6442450944","1.28GB / 1.01GB","0B / 1.09GB"
"2026-08-21T22:07:18.2384543Z","EXP-20260821T213411Z-d2576fc0","cassandra","97","26175.61","6365.75","cassandra-node3","188.83","2736967909","6442450944","1.33GB / 1.05GB","0B / 1.13GB"
"2026-08-21T22:07:18.2384543Z","EXP-20260821T213411Z-d2576fc0","cassandra","97","26175.61","6365.75","cassandra-node2","174.93","2734820426","6442450944","1.34GB / 1.07GB","0B / 1.13GB"
"2026-08-21T22:07:18.2384543Z","EXP-20260821T213411Z-d2576fc0","cassandra","97","26175.61","6365.75","cassandra-node1","183.82","2741262877","6442450944","1.33GB / 1.05GB","0B / 1.13GB"
"2026-08-21T22:08:21.8938168Z","EXP-20260821T213411Z-d2576fc0","cassandra","96","26114.61","6426.74","cassandra-node3","188.23","2735894168","6442450944","1.39GB / 1.09GB","0B / 1.17GB"
"2026-08-21T22:08:21.8938168Z","EXP-20260821T213411Z-d2576fc0","cassandra","96","26114.61","6426.74","cassandra-node2","181.35","2733746684","6442450944","1.39GB / 1.11GB","0B / 1.17GB"
"2026-08-21T22:08:21.8938168Z","EXP-20260821T213411Z-d2576fc0","cassandra","96","26114.61","6426.74","cassandra-node1","184.13","2740189135","6442450944","1.38GB / 1.08GB","0B / 1.17GB"
"2026-08-21T22:09:25.5319483Z","EXP-20260821T213411Z-d2576fc0","cassandra","96","26153.58","6387.77","cassandra-node3","195.11","2736967909","6442450944","1.43GB / 1.12GB","0B / 1.21GB"
"2026-08-21T22:09:25.5319483Z","EXP-20260821T213411Z-d2576fc0","cassandra","96","26153.58","6387.77","cassandra-node2","193.64","2734820426","6442450944","1.44GB / 1.15GB","0B / 1.21GB"
"2026-08-21T22:09:25.5319483Z","EXP-20260821T213411Z-d2576fc0","cassandra","96","26153.58","6387.77","cassandra-node1","200.71","2741262877","6442450944","1.43GB / 1.12GB","0B / 1.2GB"
"2026-08-21T22:10:29.1756597Z","EXP-20260821T213411Z-d2576fc0","cassandra","99","26247.16","6294.19","cassandra-node3","182.08","2739115393","6442450944","1.48GB / 1.16GB","0B / 1.3GB"
"2026-08-21T22:10:29.1756597Z","EXP-20260821T213411Z-d2576fc0","cassandra","99","26247.16","6294.19","cassandra-node2","179.66","2734820426","6442450944","1.49GB / 1.19GB","0B / 1.3GB"
"2026-08-21T22:10:29.1756597Z","EXP-20260821T213411Z-d2576fc0","cassandra","99","26247.16","6294.19","cassandra-node1","197.27","2741262877","6442450944","1.48GB / 1.16GB","0B / 1.3GB"
"2026-08-21T22:11:32.6103217Z","EXP-20260821T213411Z-d2576fc0","cassandra","96","26403.55","6137.8","cassandra-node3","185.49","2740189135","6442450944","1.53GB / 1.2GB","0B / 1.34GB"
"2026-08-21T22:11:32.6103217Z","EXP-20260821T213411Z-d2576fc0","cassandra","96","26403.55","6137.8","cassandra-node2","181.61","2736967909","6442450944","1.54GB / 1.23GB","0B / 1.34GB"
"2026-08-21T22:11:32.6103217Z","EXP-20260821T213411Z-d2576fc0","cassandra","96","26403.55","6137.8","cassandra-node1","184.76","2743410360","6442450944","1.53GB / 1.2GB","0B / 1.34GB"
"2026-08-21T22:12:36.2938978Z","EXP-20260821T213411Z-d2576fc0","cassandra","99","26462.21","6079.14","cassandra-node3","183.45","2739115393","6442450944","1.58GB / 1.24GB","0B / 1.38GB"
"2026-08-21T22:12:36.2938978Z","EXP-20260821T213411Z-d2576fc0","cassandra","99","26462.21","6079.14","cassandra-node2","185.17","2736967909","6442450944","1.59GB / 1.27GB","0B / 1.38GB"
"2026-08-21T22:12:36.2938978Z","EXP-20260821T213411Z-d2576fc0","cassandra","99","26462.21","6079.14","cassandra-node1","197.5","2743410360","6442450944","1.58GB / 1.24GB","0B / 1.38GB"
"2026-08-21T22:13:40.0222198Z","EXP-20260821T213411Z-d2576fc0","cassandra","97","26499.36","6041.99","cassandra-node3","188.32","2739115393","6442450944","1.63GB / 1.28GB","0B / 1.41GB"
"2026-08-21T22:13:40.0222198Z","EXP-20260821T213411Z-d2576fc0","cassandra","97","26499.36","6041.99","cassandra-node2","184.53","2738041651","6442450944","1.64GB / 1.31GB","0B / 1.41GB"
"2026-08-21T22:13:40.0222198Z","EXP-20260821T213411Z-d2576fc0","cassandra","97","26499.36","6041.99","cassandra-node1","185.12","2743410360","6442450944","1.63GB / 1.28GB","0B / 1.41GB"
"2026-08-21T22:14:43.7018243Z","EXP-20260821T213411Z-d2576fc0","cassandra","99","26395.08","6146.27","cassandra-node3","178.86","2739115393","6442450944","1.68GB / 1.32GB","0B / 1.45GB"
"2026-08-21T22:14:43.7018243Z","EXP-20260821T213411Z-d2576fc0","cassandra","99","26395.08","6146.27","cassandra-node2","183.32","2735894168","6442450944","1.69GB / 1.35GB","0B / 1.45GB"
"2026-08-21T22:14:43.7018243Z","EXP-20260821T213411Z-d2576fc0","cassandra","99","26395.08","6146.27","cassandra-node1","171.92","2743410360","6442450944","1.68GB / 1.32GB","0B / 1.45GB"
"2026-08-21T22:15:47.3874834Z","EXP-20260821T213411Z-d2576fc0","cassandra","100","26491.62","6049.73","cassandra-node3","203.63","2746631586","6442450944","1.73GB / 1.36GB","0B / 1.49GB"
"2026-08-21T22:15:47.3874834Z","EXP-20260821T213411Z-d2576fc0","cassandra","100","26491.62","6049.73","cassandra-node2","199.38","2739115393","6442450944","1.74GB / 1.39GB","0B / 1.49GB"
"2026-08-21T22:15:47.3874834Z","EXP-20260821T213411Z-d2576fc0","cassandra","100","26491.62","6049.73","cassandra-node1","177.04","2745557844","6442450944","1.73GB / 1.36GB","0B / 1.5GB"
"2026-08-21T22:16:51.1968323Z","EXP-20260821T213411Z-d2576fc0","cassandra","99","26581.6","5959.75","cassandra-node3","185.89","2746631586","6442450944","1.78GB / 1.39GB","0B / 1.57GB"
"2026-08-21T22:16:51.1968323Z","EXP-20260821T213411Z-d2576fc0","cassandra","99","26581.6","5959.75","cassandra-node2","183.24","2739115393","6442450944","1.79GB / 1.43GB","0B / 1.57GB"
"2026-08-21T22:16:51.1968323Z","EXP-20260821T213411Z-d2576fc0","cassandra","99","26581.6","5959.75","cassandra-node1","181.18","2745557844","6442450944","1.78GB / 1.4GB","0B / 1.58GB"
"2026-08-21T22:17:54.8909264Z","EXP-20260821T213411Z-d2576fc0","cassandra","97","26669.8","5871.55","cassandra-node3","171.87","2750926553","6442450944","1.83GB / 1.43GB","0B / 1.62GB"
"2026-08-21T22:17:54.8909264Z","EXP-20260821T213411Z-d2576fc0","cassandra","97","26669.8","5871.55","cassandra-node2","168.44","2741262877","6442450944","1.84GB / 1.47GB","0B / 1.62GB"
"2026-08-21T22:17:54.8909264Z","EXP-20260821T213411Z-d2576fc0","cassandra","97","26669.8","5871.55","cassandra-node1","177.38","2747705328","6442450944","1.83GB / 1.44GB","0B / 1.62GB"
"2026-08-21T22:18:58.6187705Z","EXP-20260821T213411Z-d2576fc0","cassandra","97","27024.06","5517.29","cassandra-node3","185.57","2743410360","6442450944","1.88GB / 1.47GB","0B / 1.66GB"
"2026-08-21T22:18:58.6187705Z","EXP-20260821T213411Z-d2576fc0","cassandra","97","27024.06","5517.29","cassandra-node2","177.83","2741262877","6442450944","1.88GB / 1.5GB","0B / 1.66GB"
"2026-08-21T22:18:58.6187705Z","EXP-20260821T213411Z-d2576fc0","cassandra","97","27024.06","5517.29","cassandra-node1","171.46","2747705328","6442450944","1.87GB / 1.47GB","0B / 1.66GB"
"2026-08-21T22:20:02.3764321Z","EXP-20260821T213411Z-d2576fc0","cassandra","99","27084.73","5456.62","cassandra-node3","237","2770253906","6442450944","1.89GB / 1.48GB","0B / 1.67GB"
"2026-08-21T22:20:02.3764321Z","EXP-20260821T213411Z-d2576fc0","cassandra","99","27084.73","5456.62","cassandra-node2","193.89","2772401390","6442450944","1.9GB / 1.52GB","0B / 1.67GB"
"2026-08-21T22:20:02.3764321Z","EXP-20260821T213411Z-d2576fc0","cassandra","99","27084.73","5456.62","cassandra-node1","178.53","2773475131","6442450944","1.89GB / 1.49GB","0B / 1.67GB"
"2026-08-21T22:21:06.1793197Z","EXP-20260821T213411Z-d2576fc0","cassandra","97","26995.61","5545.74","cassandra-node3","183.13","2796023710","6442450944","1.92GB / 1.51GB","0B / 1.67GB"
"2026-08-21T22:21:06.1793197Z","EXP-20260821T213411Z-d2576fc0","cassandra","97","26995.61","5545.74","cassandra-node2","182.32","2789581259","6442450944","1.93GB / 1.55GB","0B / 1.67GB"
"2026-08-21T22:21:06.1793197Z","EXP-20260821T213411Z-d2576fc0","cassandra","97","26995.61","5545.74","cassandra-node1","194.11","2794949968","6442450944","1.92GB / 1.51GB","0B / 1.67GB"
"2026-08-21T22:22:09.8218925Z","EXP-20260821T213411Z-d2576fc0","cassandra","93","26998.52","5542.83","cassandra-node3","208.69","2840047124","6442450944","1.95GB / 1.54GB","0B / 1.67GB"
"2026-08-21T22:22:09.8218925Z","EXP-20260821T213411Z-d2576fc0","cassandra","93","26998.52","5542.83","cassandra-node2","204.04","2831457190","6442450944","1.96GB / 1.57GB","0B / 1.67GB"
"2026-08-21T22:22:09.8218925Z","EXP-20260821T213411Z-d2576fc0","cassandra","93","26998.52","5542.83","cassandra-node1","203.33","2842194608","6442450944","1.95GB / 1.54GB","0B / 1.67GB"
"2026-08-21T22:23:12.9798351Z","EXP-20260821T213411Z-d2576fc0","cassandra","97","26988.67","5552.68","cassandra-node3","191.71","2816424804","6442450944","1.98GB / 1.57GB","0B / 1.67GB"
"2026-08-21T22:23:12.9798351Z","EXP-20260821T213411Z-d2576fc0","cassandra","97","26988.67","5552.68","cassandra-node2","189.43","2819646030","6442450944","1.99GB / 1.6GB","0B / 1.67GB"
"2026-08-21T22:23:12.9798351Z","EXP-20260821T213411Z-d2576fc0","cassandra","97","26988.67","5552.68","cassandra-node1","191.41","2820719772","6442450944","1.97GB / 1.57GB","0B / 1.67GB"
"2026-08-21T22:24:16.6451677Z","EXP-20260821T213411Z-d2576fc0","cassandra","96","26943.44","5597.91","cassandra-node3","161.29","2817498546","6442450944","2GB / 1.62GB","0B / 1.67GB"
"2026-08-21T22:24:16.6451677Z","EXP-20260821T213411Z-d2576fc0","cassandra","96","26943.44","5597.91","cassandra-node2","173.56","2819646030","6442450944","2.02GB / 1.66GB","0B / 1.67GB"
"2026-08-21T22:24:16.6451677Z","EXP-20260821T213411Z-d2576fc0","cassandra","96","26943.44","5597.91","cassandra-node1","208.79","2822867255","6442450944","2GB / 1.63GB","0B / 1.67GB"
"2026-08-21T22:25:20.2654617Z","EXP-20260821T213411Z-d2576fc0","cassandra","90","26967.98","5573.37","cassandra-node3","164.44","2820719772","6442450944","2.01GB / 1.85GB","0B / 1.67GB"
"2026-08-21T22:25:20.2654617Z","EXP-20260821T213411Z-d2576fc0","cassandra","90","26967.98","5573.37","cassandra-node2","167.19","2818572288","6442450944","2.03GB / 1.88GB","0B / 1.67GB"
"2026-08-21T22:25:20.2654617Z","EXP-20260821T213411Z-d2576fc0","cassandra","90","26967.98","5573.37","cassandra-node1","210.79","2826088481","6442450944","2.02GB / 1.83GB","0B / 1.67GB"
"2026-08-21T22:26:23.0573482Z","EXP-20260821T213411Z-d2576fc0","cassandra","90","26959.35","5582","cassandra-node3","159.07","2820719772","6442450944","2.02GB / 2.08GB","0B / 1.67GB"
"2026-08-21T22:26:23.0573482Z","EXP-20260821T213411Z-d2576fc0","cassandra","90","26959.35","5582","cassandra-node2","178.13","2818572288","6442450944","2.04GB / 2.11GB","0B / 1.67GB"
"2026-08-21T22:26:23.0573482Z","EXP-20260821T213411Z-d2576fc0","cassandra","90","26959.35","5582","cassandra-node1","212.36","2825014739","6442450944","2.04GB / 2.03GB","0B / 1.67GB"
"2026-08-21T22:27:26.6994518Z","EXP-20260821T213411Z-d2576fc0","cassandra","96","26962.34","5579.01","cassandra-node3","164.92","2822867255","6442450944","2.03GB / 2.31GB","0B / 1.67GB"
"2026-08-21T22:27:26.6994518Z","EXP-20260821T213411Z-d2576fc0","cassandra","96","26962.34","5579.01","cassandra-node2","182.03","2818572288","6442450944","2.05GB / 2.34GB","0B / 1.67GB"
"2026-08-21T22:27:26.6994518Z","EXP-20260821T213411Z-d2576fc0","cassandra","96","26962.34","5579.01","cassandra-node1","210.92","2828235964","6442450944","2.06GB / 2.24GB","0B / 1.67GB"
"2026-08-21T22:28:30.3905742Z","EXP-20260821T213411Z-d2576fc0","cassandra","94","27016.52","5524.84","cassandra-node3","163.23","2823940997","6442450944","2.04GB / 2.54GB","0B / 1.67GB"
"2026-08-21T22:28:30.3905742Z","EXP-20260821T213411Z-d2576fc0","cassandra","94","27016.52","5524.84","cassandra-node2","175.17","2821793513","6442450944","2.06GB / 2.57GB","0B / 1.67GB"
"2026-08-21T22:28:30.3905742Z","EXP-20260821T213411Z-d2576fc0","cassandra","94","27016.52","5524.84","cassandra-node1","208.11","2830383448","6442450944","2.08GB / 2.46GB","0B / 1.67GB"
"2026-08-21T22:29:33.2119771Z","EXP-20260821T213411Z-d2576fc0","cassandra","93","27013.63","5527.72","cassandra-node3","162.03","2832530932","6442450944","2.05GB / 2.77GB","0B / 1.67GB"
"2026-08-21T22:29:33.2119771Z","EXP-20260821T213411Z-d2576fc0","cassandra","93","27013.63","5527.72","cassandra-node2","165.7","2825014739","6442450944","2.07GB / 2.8GB","0B / 1.67GB"
"2026-08-21T22:29:33.2119771Z","EXP-20260821T213411Z-d2576fc0","cassandra","93","27013.63","5527.72","cassandra-node1","211.55","2845415834","6442450944","2.1GB / 2.66GB","0B / 1.67GB"
"2026-08-21T22:30:36.9433717Z","EXP-20260821T213411Z-d2576fc0","cassandra","96","26977.28","5564.07","cassandra-node3","168.43","2827162223","6442450944","2.06GB / 2.99GB","0B / 1.67GB"
"2026-08-21T22:30:36.9433717Z","EXP-20260821T213411Z-d2576fc0","cassandra","96","26977.28","5564.07","cassandra-node2","178.28","2827162223","6442450944","2.08GB / 3.02GB","0B / 1.67GB"
"2026-08-21T22:30:36.9433717Z","EXP-20260821T213411Z-d2576fc0","cassandra","96","26977.28","5564.07","cassandra-node1","211.17","2846489575","6442450944","2.12GB / 2.86GB","0B / 1.67GB"
"2026-08-21T22:31:40.6591106Z","EXP-20260821T213411Z-d2576fc0","cassandra","97","26988","5553.35","cassandra-node3","157.76","2829309706","6442450944","2.08GB / 3.21GB","0B / 1.67GB"
"2026-08-21T22:31:40.6591106Z","EXP-20260821T213411Z-d2576fc0","cassandra","97","26988","5553.35","cassandra-node2","173.85","2828235964","6442450944","2.09GB / 3.24GB","0B / 1.67GB"
"2026-08-21T22:31:40.6591106Z","EXP-20260821T213411Z-d2576fc0","cassandra","97","26988","5553.35","cassandra-node1","209.08","2849710801","6442450944","2.14GB / 3.06GB","0B / 1.67GB"
"2026-08-21T22:32:44.4220033Z","EXP-20260821T213411Z-d2576fc0","cassandra","90","26997.64","5543.71","cassandra-node3","159.48","2831457190","6442450944","2.09GB / 3.44GB","0B / 1.67GB"
"2026-08-21T22:32:44.4220033Z","EXP-20260821T213411Z-d2576fc0","cassandra","90","26997.64","5543.71","cassandra-node2","168.3","2829309706","6442450944","2.11GB / 3.46GB","0B / 1.67GB"
"2026-08-21T22:32:44.4220033Z","EXP-20260821T213411Z-d2576fc0","cassandra","90","26997.64","5543.71","cassandra-node1","214.18","2850784543","6442450944","2.16GB / 3.27GB","0B / 1.67GB"
"2026-08-21T22:33:48.1338820Z","EXP-20260821T213411Z-d2576fc0","cassandra","90","26696.28","5845.07","cassandra-node3","198.36","2820719772","6442450944","2.1GB / 3.66GB","0B / 1.67GB"
"2026-08-21T22:33:48.1338820Z","EXP-20260821T213411Z-d2576fc0","cassandra","90","26696.28","5845.07","cassandra-node2","177.23","2820719772","6442450944","2.12GB / 3.68GB","0B / 1.67GB"
"2026-08-21T22:33:48.1338820Z","EXP-20260821T213411Z-d2576fc0","cassandra","90","26696.28","5845.07","cassandra-node1","173.4","2828235964","6442450944","2.17GB / 3.49GB","0B / 1.67GB"
"2026-08-21T22:34:51.8378903Z","EXP-20260821T213411Z-d2576fc0","cassandra","97","26212.15","6329.2","cassandra-node3","188.71","2820719772","6442450944","2.15GB / 3.7GB","0B / 1.7GB"
"2026-08-21T22:34:51.8378903Z","EXP-20260821T213411Z-d2576fc0","cassandra","97","26212.15","6329.2","cassandra-node2","190.59","2819646030","6442450944","2.17GB / 3.72GB","0B / 1.7GB"
"2026-08-21T22:34:51.8378903Z","EXP-20260821T213411Z-d2576fc0","cassandra","97","26212.15","6329.2","cassandra-node1","186.96","2828235964","6442450944","2.22GB / 3.53GB","0B / 1.7GB"
"2026-08-21T22:35:54.5614472Z","EXP-20260821T213411Z-d2576fc0","cassandra","91","26209.26","6332.09","cassandra-node3","184.03","2821793513","6442450944","2.2GB / 3.74GB","0B / 1.74GB"
"2026-08-21T22:35:54.5614472Z","EXP-20260821T213411Z-d2576fc0","cassandra","91","26209.26","6332.09","cassandra-node2","184.46","2818572288","6442450944","2.22GB / 3.76GB","0B / 1.74GB"
"2026-08-21T22:35:54.5614472Z","EXP-20260821T213411Z-d2576fc0","cassandra","91","26209.26","6332.09","cassandra-node1","187.93","2829309706","6442450944","2.27GB / 3.57GB","0B / 1.74GB"
"2026-08-21T22:36:58.2561026Z","EXP-20260821T213411Z-d2576fc0","cassandra","100","26203.57","6337.79","cassandra-node3","164.58","2821793513","6442450944","2.25GB / 3.78GB","0B / 1.79GB"
"2026-08-21T22:36:58.2561026Z","EXP-20260821T213411Z-d2576fc0","cassandra","100","26203.57","6337.79","cassandra-node2","188.06","2819646030","6442450944","2.27GB / 3.8GB","0B / 1.79GB"
"2026-08-21T22:36:58.2561026Z","EXP-20260821T213411Z-d2576fc0","cassandra","100","26203.57","6337.79","cassandra-node1","159.42","2829309706","6442450944","2.32GB / 3.61GB","0B / 1.79GB"
"2026-08-21T22:38:02.1809397Z","EXP-20260821T213411Z-d2576fc0","cassandra","97","26222.69","6318.66","cassandra-node3","182.66","2821793513","6442450944","2.3GB / 3.82GB","0B / 1.81GB"
"2026-08-21T22:38:02.1809397Z","EXP-20260821T213411Z-d2576fc0","cassandra","97","26222.69","6318.66","cassandra-node2","182.3","2818572288","6442450944","2.32GB / 3.84GB","0B / 1.81GB"
"2026-08-21T22:38:02.1809397Z","EXP-20260821T213411Z-d2576fc0","cassandra","97","26222.69","6318.66","cassandra-node1","189.85","2826088481","6442450944","2.37GB / 3.65GB","0B / 1.82GB"
"2026-08-21T22:39:05.6369510Z","EXP-20260821T213411Z-d2576fc0","cassandra","99","26210.73","6330.62","cassandra-node3","196.43","2821793513","6442450944","2.35GB / 3.86GB","0B / 1.86GB"
"2026-08-21T22:39:05.6369510Z","EXP-20260821T213411Z-d2576fc0","cassandra","99","26210.73","6330.62","cassandra-node2","186.55","2819646030","6442450944","2.37GB / 3.88GB","0B / 1.86GB"
"2026-08-21T22:39:05.6369510Z","EXP-20260821T213411Z-d2576fc0","cassandra","99","26210.73","6330.62","cassandra-node1","181.28","2827162223","6442450944","2.42GB / 3.69GB","0B / 1.86GB"
"2026-08-21T22:40:09.3312661Z","EXP-20260821T213411Z-d2576fc0","cassandra","97","26286.21","6255.14","cassandra-node3","206.37","2822867255","6442450944","2.4GB / 3.9GB","0B / 1.9GB"
"2026-08-21T22:40:09.3312661Z","EXP-20260821T213411Z-d2576fc0","cassandra","97","26286.21","6255.14","cassandra-node2","202.1","2821793513","6442450944","2.42GB / 3.92GB","0B / 1.9GB"
"2026-08-21T22:40:09.3312661Z","EXP-20260821T213411Z-d2576fc0","cassandra","97","26286.21","6255.14","cassandra-node1","184.85","2828235964","6442450944","2.47GB / 3.73GB","0B / 1.9GB"
"2026-08-21T22:41:13.0000809Z","EXP-20260821T213411Z-d2576fc0","cassandra","97","26294.53","6246.82","cassandra-node3","182.95","2822867255","6442450944","2.45GB / 3.93GB","0B / 1.98GB"
"2026-08-21T22:41:13.0000809Z","EXP-20260821T213411Z-d2576fc0","cassandra","97","26294.53","6246.82","cassandra-node2","180.94","2821793513","6442450944","2.47GB / 3.96GB","0B / 1.98GB"
"2026-08-21T22:41:13.0000809Z","EXP-20260821T213411Z-d2576fc0","cassandra","97","26294.53","6246.82","cassandra-node1","179.39","2827162223","6442450944","2.52GB / 3.77GB","0B / 1.98GB"
"2026-08-21T22:42:15.7571422Z","EXP-20260821T213411Z-d2576fc0","cassandra","94","26271.4","6269.95","cassandra-node3","186.95","2823940997","6442450944","2.5GB / 3.97GB","0B / 2.03GB"
"2026-08-21T22:42:15.7571422Z","EXP-20260821T213411Z-d2576fc0","cassandra","94","26271.4","6269.95","cassandra-node2","184.24","2822867255","6442450944","2.52GB / 4GB","0B / 2.03GB"
"2026-08-21T22:42:15.7571422Z","EXP-20260821T213411Z-d2576fc0","cassandra","94","26271.4","6269.95","cassandra-node1","182.53","2828235964","6442450944","2.57GB / 3.8GB","0B / 2.02GB"
"2026-08-21T22:43:19.4497179Z","EXP-20260821T213411Z-d2576fc0","cassandra","99","26275.87","6265.48","cassandra-node3","184.45","2825014739","6442450944","2.55GB / 4.01GB","0B / 2.07GB"
"2026-08-21T22:43:19.4497179Z","EXP-20260821T213411Z-d2576fc0","cassandra","99","26275.87","6265.48","cassandra-node2","170.01","2823940997","6442450944","2.57GB / 4.04GB","0B / 2.07GB"
"2026-08-21T22:43:19.4497179Z","EXP-20260821T213411Z-d2576fc0","cassandra","99","26275.87","6265.48","cassandra-node1","183.53","2828235964","6442450944","2.62GB / 3.85GB","0B / 2.07GB"
"2026-08-21T22:44:23.2378417Z","EXP-20260821T213411Z-d2576fc0","cassandra","100","26293.55","6247.8","cassandra-node3","192.91","2826088481","6442450944","2.6GB / 4.05GB","0B / 2.1GB"
"2026-08-21T22:44:23.2378417Z","EXP-20260821T213411Z-d2576fc0","cassandra","100","26293.55","6247.8","cassandra-node2","184.61","2825014739","6442450944","2.62GB / 4.08GB","0B / 2.1GB"
"2026-08-21T22:44:23.2378417Z","EXP-20260821T213411Z-d2576fc0","cassandra","100","26293.55","6247.8","cassandra-node1","187.02","2841120866","6442450944","2.67GB / 3.88GB","0B / 2.1GB"
"2026-08-21T22:45:26.9155724Z","EXP-20260821T213411Z-d2576fc0","cassandra","99","26309.43","6231.92","cassandra-node3","196.07","2826088481","6442450944","2.65GB / 4.09GB","0B / 2.14GB"
"2026-08-21T22:45:26.9155724Z","EXP-20260821T213411Z-d2576fc0","cassandra","99","26309.43","6231.92","cassandra-node2","179.98","2825014739","6442450944","2.67GB / 4.12GB","0B / 2.14GB"
"2026-08-21T22:45:26.9155724Z","EXP-20260821T213411Z-d2576fc0","cassandra","99","26309.43","6231.92","cassandra-node1","181.51","2841120866","6442450944","2.72GB / 3.92GB","0B / 2.14GB"
"2026-08-21T22:46:30.5772025Z","EXP-20260821T213411Z-d2576fc0","cassandra","97","26391.03","6150.32","cassandra-node3","200.57","2828235964","6442450944","2.69GB / 4.13GB","0B / 2.18GB"
"2026-08-21T22:46:30.5772025Z","EXP-20260821T213411Z-d2576fc0","cassandra","97","26391.03","6150.32","cassandra-node2","200.49","2827162223","6442450944","2.72GB / 4.15GB","0B / 2.18GB"
"2026-08-21T22:46:30.5772025Z","EXP-20260821T213411Z-d2576fc0","cassandra","97","26391.03","6150.32","cassandra-node1","200.14","2844342092","6442450944","2.77GB / 3.96GB","0B / 2.18GB"
"2026-08-21T22:47:33.8436771Z","EXP-20260821T213411Z-d2576fc0","cassandra","96","26362.5","6178.85","cassandra-node3","184.95","2827162223","6442450944","2.74GB / 4.17GB","0B / 2.26GB"
"2026-08-21T22:47:33.8436771Z","EXP-20260821T213411Z-d2576fc0","cassandra","96","26362.5","6178.85","cassandra-node2","187.81","2826088481","6442450944","2.77GB / 4.2GB","0B / 2.26GB"
"2026-08-21T22:47:33.8436771Z","EXP-20260821T213411Z-d2576fc0","cassandra","96","26362.5","6178.85","cassandra-node1","185.13","2843268350","6442450944","2.82GB / 4GB","0B / 2.26GB"
"2026-08-21T22:48:37.5247302Z","EXP-20260821T213411Z-d2576fc0","cassandra","96","26430.17","6111.18","cassandra-node3","189.9","2829309706","6442450944","2.8GB / 4.2GB","0B / 2.3GB"
"2026-08-21T22:48:37.5247302Z","EXP-20260821T213411Z-d2576fc0","cassandra","96","26430.17","6111.18","cassandra-node2","180.48","2829309706","6442450944","2.82GB / 4.23GB","0B / 2.3GB"
"2026-08-21T22:48:37.5247302Z","EXP-20260821T213411Z-d2576fc0","cassandra","96","26430.17","6111.18","cassandra-node1","182.79","2845415834","6442450944","2.87GB / 4.04GB","0B / 2.3GB"
"2026-08-21T22:49:41.2154409Z","EXP-20260821T213411Z-d2576fc0","cassandra","99","26506.82","6034.54","cassandra-node3","190.09","2828235964","6442450944","2.84GB / 4.24GB","0B / 2.35GB"
"2026-08-21T22:49:41.2154409Z","EXP-20260821T213411Z-d2576fc0","cassandra","99","26506.82","6034.54","cassandra-node2","181.13","2828235964","6442450944","2.87GB / 4.27GB","0B / 2.35GB"
"2026-08-21T22:49:41.2154409Z","EXP-20260821T213411Z-d2576fc0","cassandra","99","26506.82","6034.54","cassandra-node1","176.22","2845415834","6442450944","2.92GB / 4.08GB","0B / 2.35GB"
"2026-08-21T22:50:44.0439573Z","EXP-20260821T213411Z-d2576fc0","cassandra","99","26495.54","6045.81","cassandra-node3","184.38","2829309706","6442450944","2.89GB / 4.28GB","0B / 2.37GB"
"2026-08-21T22:50:44.0439573Z","EXP-20260821T213411Z-d2576fc0","cassandra","99","26495.54","6045.81","cassandra-node2","189.5","2829309706","6442450944","2.92GB / 4.31GB","0B / 2.37GB"
"2026-08-21T22:50:44.0439573Z","EXP-20260821T213411Z-d2576fc0","cassandra","99","26495.54","6045.81","cassandra-node1","190.73","2846489575","6442450944","2.97GB / 4.12GB","0B / 2.37GB"
"2026-08-21T22:51:47.7831150Z","EXP-20260821T213411Z-d2576fc0","cassandra","99","26607.26","5934.09","cassandra-node3","188.37","2831457190","6442450944","2.94GB / 4.32GB","0B / 2.42GB"
"2026-08-21T22:51:47.7831150Z","EXP-20260821T213411Z-d2576fc0","cassandra","99","26607.26","5934.09","cassandra-node2","183.26","2831457190","6442450944","2.97GB / 4.36GB","0B / 2.42GB"
"2026-08-21T22:51:47.7831150Z","EXP-20260821T213411Z-d2576fc0","cassandra","99","26607.26","5934.09","cassandra-node1","186.59","2835752157","6442450944","3.02GB / 4.16GB","0B / 2.42GB"
"2026-08-21T22:52:51.4547347Z","EXP-20260821T213411Z-d2576fc0","cassandra","96","26717.26","5824.09","cassandra-node3","179.27","2833604674","6442450944","2.99GB / 4.36GB","0B / 2.51GB"
"2026-08-21T22:52:51.4547347Z","EXP-20260821T213411Z-d2576fc0","cassandra","96","26717.26","5824.09","cassandra-node2","181.56","2834678415","6442450944","3.02GB / 4.39GB","0B / 2.51GB"
"2026-08-21T22:52:51.4547347Z","EXP-20260821T213411Z-d2576fc0","cassandra","96","26717.26","5824.09","cassandra-node1","178.69","2837899641","6442450944","3.06GB / 4.19GB","0B / 2.51GB"
"2026-08-21T22:53:55.1238261Z","EXP-20260821T213411Z-d2576fc0","cassandra","96","26668.97","5872.38","cassandra-node3","186.6","2833604674","6442450944","3.04GB / 4.4GB","0B / 2.54GB"
"2026-08-21T22:53:55.1238261Z","EXP-20260821T213411Z-d2576fc0","cassandra","96","26668.97","5872.38","cassandra-node2","173.35","2834678415","6442450944","3.07GB / 4.43GB","0B / 2.54GB"
"2026-08-21T22:53:55.1238261Z","EXP-20260821T213411Z-d2576fc0","cassandra","96","26668.97","5872.38","cassandra-node1","175.09","2838973383","6442450944","3.11GB / 4.23GB","0B / 2.54GB"
"2026-08-21T22:54:58.9300719Z","EXP-20260821T213411Z-d2576fc0","cassandra","96","26804.25","5737.11","cassandra-node3","177.2","2834678415","6442450944","3.09GB / 4.44GB","0B / 2.58GB"
"2026-08-21T22:54:58.9300719Z","EXP-20260821T213411Z-d2576fc0","cassandra","96","26804.25","5737.11","cassandra-node2","177.69","2836825899","6442450944","3.12GB / 4.47GB","0B / 2.59GB"
"2026-08-21T22:54:58.9300719Z","EXP-20260821T213411Z-d2576fc0","cassandra","96","26804.25","5737.11","cassandra-node1","187.18","2840047124","6442450944","3.16GB / 4.27GB","0B / 2.59GB"
"2026-08-21T22:56:02.6855508Z","EXP-20260821T213411Z-d2576fc0","cassandra","97","26949.25","5592.1","cassandra-node3","187.61","2838973383","6442450944","3.14GB / 4.47GB","0B / 2.62GB"
"2026-08-21T22:56:02.6855508Z","EXP-20260821T213411Z-d2576fc0","cassandra","97","26949.25","5592.1","cassandra-node2","190.09","2837899641","6442450944","3.16GB / 4.51GB","0B / 2.63GB"
"2026-08-21T22:56:02.6855508Z","EXP-20260821T213411Z-d2576fc0","cassandra","97","26949.25","5592.1","cassandra-node1","186.13","2841120866","6442450944","3.21GB / 4.31GB","0B / 2.63GB"
"2026-08-21T22:57:06.1938308Z","EXP-20260821T213411Z-d2576fc0","cassandra","99","26997.83","5543.52","cassandra-node3","189.4","2844342092","6442450944","3.18GB / 4.51GB","0B / 2.65GB"
"2026-08-21T22:57:06.1938308Z","EXP-20260821T213411Z-d2576fc0","cassandra","99","26997.83","5543.52","cassandra-node2","184.27","2837899641","6442450944","3.21GB / 4.55GB","0B / 2.65GB"
"2026-08-21T22:57:06.1938308Z","EXP-20260821T213411Z-d2576fc0","cassandra","99","26997.83","5543.52","cassandra-node1","190.87","2844342092","6442450944","3.25GB / 4.35GB","0B / 2.65GB"
"2026-08-21T22:58:09.8677114Z","EXP-20260821T213411Z-d2576fc0","cassandra","100","26901.95","5639.4","cassandra-node3","186.49","2846489575","6442450944","3.23GB / 4.55GB","0B / 2.68GB"
"2026-08-21T22:58:09.8677114Z","EXP-20260821T213411Z-d2576fc0","cassandra","100","26901.95","5639.4","cassandra-node2","182.94","2845415834","6442450944","3.25GB / 4.58GB","0B / 2.68GB"
"2026-08-21T22:58:09.8677114Z","EXP-20260821T213411Z-d2576fc0","cassandra","100","26901.95","5639.4","cassandra-node1","171.47","2850784543","6442450944","3.3GB / 4.38GB","0B / 2.68GB"
"2026-08-21T22:59:13.5694348Z","EXP-20260821T213411Z-d2576fc0","cassandra","93","26978.43","5562.92","cassandra-node3","187.55","2846489575","6442450944","3.27GB / 4.58GB","0B / 2.71GB"
"2026-08-21T22:59:13.5694348Z","EXP-20260821T213411Z-d2576fc0","cassandra","93","26978.43","5562.92","cassandra-node2","181.85","2841120866","6442450944","3.3GB / 4.62GB","0B / 2.71GB"
"2026-08-21T22:59:13.5694348Z","EXP-20260821T213411Z-d2576fc0","cassandra","93","26978.43","5562.92","cassandra-node1","183.92","2850784543","6442450944","3.35GB / 4.42GB","0B / 2.71GB"
"2026-08-21T23:00:16.3303500Z","EXP-20260821T213411Z-d2576fc0","cassandra","100","27175.81","5365.54","cassandra-node3","189.68","2843268350","6442450944","3.32GB / 4.62GB","0B / 2.75GB"
"2026-08-21T23:00:16.3303500Z","EXP-20260821T213411Z-d2576fc0","cassandra","100","27175.81","5365.54","cassandra-node2","183.54","2843268350","6442450944","3.35GB / 4.66GB","0B / 2.75GB"
"2026-08-21T23:00:16.3303500Z","EXP-20260821T213411Z-d2576fc0","cassandra","100","27175.81","5365.54","cassandra-node1","187.23","2852932026","6442450944","3.39GB / 4.46GB","0B / 2.75GB"
"2026-08-21T23:01:20.0331623Z","EXP-20260821T213411Z-d2576fc0","cassandra","97","27206.64","5334.71","cassandra-node3","180.9","2843268350","6442450944","3.37GB / 4.66GB","0B / 2.79GB"
"2026-08-21T23:01:20.0331623Z","EXP-20260821T213411Z-d2576fc0","cassandra","97","27206.64","5334.71","cassandra-node2","187.22","2844342092","6442450944","3.4GB / 4.7GB","0B / 2.79GB"
"2026-08-21T23:01:20.0331623Z","EXP-20260821T213411Z-d2576fc0","cassandra","97","27206.64","5334.71","cassandra-node1","171.46","2854005768","6442450944","3.44GB / 4.5GB","0B / 2.79GB"
"2026-08-21T23:02:23.6905205Z","EXP-20260821T213411Z-d2576fc0","cassandra","94","27269.4","5271.95","cassandra-node3","193.97","2843268350","6442450944","3.42GB / 4.7GB","0B / 2.82GB"
"2026-08-21T23:02:23.6905205Z","EXP-20260821T213411Z-d2576fc0","cassandra","94","27269.4","5271.95","cassandra-node2","185.62","2844342092","6442450944","3.45GB / 4.74GB","0B / 2.82GB"
"2026-08-21T23:02:23.6905205Z","EXP-20260821T213411Z-d2576fc0","cassandra","94","27269.4","5271.95","cassandra-node1","189.29","2850784543","6442450944","3.49GB / 4.53GB","0B / 2.82GB"
"2026-08-21T23:03:26.5116573Z","EXP-20260821T213411Z-d2576fc0","cassandra","97","27296.3","5245.05","cassandra-node3","182.8","2849710801","6442450944","3.47GB / 4.74GB","0B / 2.86GB"
"2026-08-21T23:03:26.5116573Z","EXP-20260821T213411Z-d2576fc0","cassandra","97","27296.3","5245.05","cassandra-node2","181.13","2848637059","6442450944","3.5GB / 4.78GB","0B / 2.87GB"
"2026-08-21T23:03:26.5116573Z","EXP-20260821T213411Z-d2576fc0","cassandra","97","27296.3","5245.05","cassandra-node1","186.19","2850784543","6442450944","3.54GB / 4.57GB","0B / 2.87GB"
"2026-08-21T23:04:30.1802748Z","EXP-20260821T213411Z-d2576fc0","cassandra","96","27413.59","5127.76","cassandra-node3","187.14","2849710801","6442450944","3.52GB / 4.77GB","0B / 2.96GB"
"2026-08-21T23:04:30.1802748Z","EXP-20260821T213411Z-d2576fc0","cassandra","96","27413.59","5127.76","cassandra-node2","172.07","2848637059","6442450944","3.54GB / 4.82GB","0B / 2.96GB"
"2026-08-21T23:04:30.1802748Z","EXP-20260821T213411Z-d2576fc0","cassandra","96","27413.59","5127.76","cassandra-node1","192.49","2856153252","6442450944","3.59GB / 4.61GB","0B / 2.91GB"
"2026-08-21T23:05:33.8448254Z","EXP-20260821T213411Z-d2576fc0","cassandra","97","27422.62","5118.73","cassandra-node3","183.2","2849710801","6442450944","3.57GB / 4.81GB","0B / 2.99GB"
"2026-08-21T23:05:33.8448254Z","EXP-20260821T213411Z-d2576fc0","cassandra","97","27422.62","5118.73","cassandra-node2","182.56","2848637059","6442450944","3.59GB / 4.85GB","0B / 2.99GB"
"2026-08-21T23:05:33.8448254Z","EXP-20260821T213411Z-d2576fc0","cassandra","97","27422.62","5118.73","cassandra-node1","187.82","2850784543","6442450944","3.64GB / 4.65GB","0B / 2.99GB"
"2026-08-21T23:06:37.6665639Z","EXP-20260821T213411Z-d2576fc0","cassandra","97","27520.9","5020.45","cassandra-node3","187.66","2850784543","6442450944","3.62GB / 4.85GB","0B / 3.03GB"
"2026-08-21T23:06:37.6665639Z","EXP-20260821T213411Z-d2576fc0","cassandra","97","27520.9","5020.45","cassandra-node2","187.25","2849710801","6442450944","3.64GB / 4.89GB","0B / 3.03GB"
"2026-08-21T23:06:37.6665639Z","EXP-20260821T213411Z-d2576fc0","cassandra","97","27520.9","5020.45","cassandra-node1","183.34","2851858285","6442450944","3.69GB / 4.69GB","0B / 3.03GB"
"2026-08-21T23:07:41.3297273Z","EXP-20260821T213411Z-d2576fc0","cassandra","97","27591.59","4949.77","cassandra-node3","184.99","2846489575","6442450944","3.66GB / 4.89GB","0B / 3.07GB"
"2026-08-21T23:07:41.3297273Z","EXP-20260821T213411Z-d2576fc0","cassandra","97","27591.59","4949.77","cassandra-node2","185.81","2850784543","6442450944","3.69GB / 4.93GB","0B / 3.07GB"
"2026-08-21T23:07:41.3297273Z","EXP-20260821T213411Z-d2576fc0","cassandra","97","27591.59","4949.77","cassandra-node1","179.31","2852932026","6442450944","3.74GB / 4.73GB","0B / 3.07GB"
"2026-08-21T23:08:44.6669798Z","EXP-20260821T213411Z-d2576fc0","cassandra","93","27615.75","4925.6","cassandra-node3","190.99","2846489575","6442450944","3.71GB / 4.93GB","0B / 3.1GB"
"2026-08-21T23:08:44.6669798Z","EXP-20260821T213411Z-d2576fc0","cassandra","93","27615.75","4925.6","cassandra-node2","186.15","2849710801","6442450944","3.74GB / 4.97GB","0B / 3.1GB"
"2026-08-21T23:08:44.6669798Z","EXP-20260821T213411Z-d2576fc0","cassandra","93","27615.75","4925.6","cassandra-node1","188.13","2852932026","6442450944","3.78GB / 4.76GB","0B / 3.1GB"
"2026-08-21T23:09:48.3114377Z","EXP-20260821T213411Z-d2576fc0","cassandra","97","27673.26","4868.09","cassandra-node3","186.58","2854005768","6442450944","3.76GB / 4.97GB","0B / 3.14GB"
"2026-08-21T23:09:48.3114377Z","EXP-20260821T213411Z-d2576fc0","cassandra","97","27673.26","4868.09","cassandra-node2","187.54","2850784543","6442450944","3.79GB / 5.01GB","0B / 3.14GB"
"2026-08-21T23:09:48.3114377Z","EXP-20260821T213411Z-d2576fc0","cassandra","97","27673.26","4868.09","cassandra-node1","177.86","2852932026","6442450944","3.83GB / 4.8GB","0B / 3.14GB"
"2026-08-21T23:10:52.0877715Z","EXP-20260821T213411Z-d2576fc0","cassandra","97","27791.68","4749.67","cassandra-node3","172.29","2856153252","6442450944","3.81GB / 5GB","0B / 3.24GB"
"2026-08-21T23:10:52.0877715Z","EXP-20260821T213411Z-d2576fc0","cassandra","97","27791.68","4749.67","cassandra-node2","209.31","2851858285","6442450944","3.84GB / 5.05GB","0B / 3.24GB"
"2026-08-21T23:10:52.0877715Z","EXP-20260821T213411Z-d2576fc0","cassandra","97","27791.68","4749.67","cassandra-node1","193.39","2855079510","6442450944","3.88GB / 4.84GB","0B / 3.24GB"
"2026-08-21T23:11:55.7104416Z","EXP-20260821T213411Z-d2576fc0","cassandra","97","27712.04","4829.32","cassandra-node3","189.17","2856153252","6442450944","3.86GB / 5.04GB","0B / 3.26GB"
"2026-08-21T23:11:55.7104416Z","EXP-20260821T213411Z-d2576fc0","cassandra","97","27712.04","4829.32","cassandra-node2","185.99","2851858285","6442450944","3.88GB / 5.09GB","0B / 3.26GB"
"2026-08-21T23:11:55.7104416Z","EXP-20260821T213411Z-d2576fc0","cassandra","97","27712.04","4829.32","cassandra-node1","181.22","2855079510","6442450944","3.93GB / 4.88GB","0B / 3.26GB"
"2026-08-21T23:12:59.4004513Z","EXP-20260821T213411Z-d2576fc0","cassandra","99","27818.42","4722.93","cassandra-node3","183.14","2858300735","6442450944","3.91GB / 5.08GB","0B / 3.31GB"
"2026-08-21T23:12:59.4004513Z","EXP-20260821T213411Z-d2576fc0","cassandra","99","27818.42","4722.93","cassandra-node2","172.5","2854005768","6442450944","3.93GB / 5.13GB","0B / 3.31GB"
"2026-08-21T23:12:59.4004513Z","EXP-20260821T213411Z-d2576fc0","cassandra","99","27818.42","4722.93","cassandra-node1","171.78","2856153252","6442450944","3.98GB / 4.92GB","0B / 3.31GB"
"2026-08-21T23:14:03.1532870Z","EXP-20260821T213411Z-d2576fc0","cassandra","97","27961.54","4579.82","cassandra-node3","182.92","2856153252","6442450944","3.96GB / 5.12GB","0B / 3.35GB"
"2026-08-21T23:14:03.1532870Z","EXP-20260821T213411Z-d2576fc0","cassandra","97","27961.54","4579.82","cassandra-node2","179.48","2854005768","6442450944","3.98GB / 5.17GB","0B / 3.35GB"
"2026-08-21T23:14:03.1532870Z","EXP-20260821T213411Z-d2576fc0","cassandra","97","27961.54","4579.82","cassandra-node1","179.39","2856153252","6442450944","4.03GB / 4.95GB","0B / 3.35GB"
"2026-08-21T23:15:05.8810442Z","EXP-20260821T213411Z-d2576fc0","cassandra","97","28027.06","4514.29","cassandra-node3","190.12","2857226994","6442450944","4GB / 5.15GB","0B / 3.38GB"
"2026-08-21T23:15:05.8810442Z","EXP-20260821T213411Z-d2576fc0","cassandra","97","28027.06","4514.29","cassandra-node2","182.69","2854005768","6442450944","4.03GB / 5.2GB","0B / 3.38GB"
"2026-08-21T23:15:05.8810442Z","EXP-20260821T213411Z-d2576fc0","cassandra","97","28027.06","4514.29","cassandra-node1","181.37","2857226994","6442450944","4.07GB / 4.99GB","0B / 3.38GB"
"2026-08-21T23:16:09.6533728Z","EXP-20260821T213411Z-d2576fc0","cassandra","99","28138.17","4403.18","cassandra-node3","181.31","2858300735","6442450944","4.05GB / 5.19GB","0B / 3.42GB"
"2026-08-21T23:16:09.6533728Z","EXP-20260821T213411Z-d2576fc0","cassandra","99","28138.17","4403.18","cassandra-node2","173.35","2856153252","6442450944","4.08GB / 5.24GB","0B / 3.42GB"
"2026-08-21T23:16:09.6533728Z","EXP-20260821T213411Z-d2576fc0","cassandra","99","28138.17","4403.18","cassandra-node1","170.9","2858300735","6442450944","4.12GB / 5.03GB","0B / 3.42GB"
"2026-08-21T23:17:13.3420875Z","EXP-20260821T213411Z-d2576fc0","cassandra","90","28240.25","4301.1","cassandra-node3","202.22","2860448219","6442450944","4.1GB / 5.23GB","0B / 3.46GB"
"2026-08-21T23:17:13.3420875Z","EXP-20260821T213411Z-d2576fc0","cassandra","90","28240.25","4301.1","cassandra-node2","202.69","2857226994","6442450944","4.13GB / 5.28GB","0B / 3.46GB"
"2026-08-21T23:17:13.3420875Z","EXP-20260821T213411Z-d2576fc0","cassandra","90","28240.25","4301.1","cassandra-node1","205.35","2859374477","6442450944","4.17GB / 5.07GB","0B / 3.46GB"
"2026-08-21T23:18:16.8904680Z","EXP-20260821T213411Z-d2576fc0","cassandra","100","28176.48","4364.88","cassandra-node3","181.88","2858300735","6442450944","4.15GB / 5.27GB","0B / 3.54GB"
"2026-08-21T23:18:16.8904680Z","EXP-20260821T213411Z-d2576fc0","cassandra","100","28176.48","4364.88","cassandra-node2","186.39","2856153252","6442450944","4.18GB / 5.32GB","0B / 3.54GB"
"2026-08-21T23:18:16.8904680Z","EXP-20260821T213411Z-d2576fc0","cassandra","100","28176.48","4364.88","cassandra-node1","182.47","2859374477","6442450944","4.22GB / 5.11GB","0B / 3.54GB"
"2026-08-21T23:19:20.5704689Z","EXP-20260821T213411Z-d2576fc0","cassandra","100","28264.92","4276.43","cassandra-node3","184.09","2854005768","6442450944","4.2GB / 5.31GB","0B / 3.58GB"
"2026-08-21T23:19:20.5704689Z","EXP-20260821T213411Z-d2576fc0","cassandra","100","28264.92","4276.43","cassandra-node2","184.83","2857226994","6442450944","4.23GB / 5.36GB","0B / 3.58GB"
"2026-08-21T23:19:20.5704689Z","EXP-20260821T213411Z-d2576fc0","cassandra","100","28264.92","4276.43","cassandra-node1","176.99","2860448219","6442450944","4.27GB / 5.15GB","0B / 3.59GB"
"2026-08-21T23:20:24.2558483Z","EXP-20260821T213411Z-d2576fc0","cassandra","99","27780.28","4761.07","cassandra-node3","175.22","2855079510","6442450944","4.24GB / 5.34GB","0B / 3.62GB"
"2026-08-21T23:20:24.2558483Z","EXP-20260821T213411Z-d2576fc0","cassandra","99","27780.28","4761.07","cassandra-node2","189.72","2858300735","6442450944","4.27GB / 5.39GB","0B / 3.62GB"
"2026-08-21T23:20:24.2558483Z","EXP-20260821T213411Z-d2576fc0","cassandra","99","27780.28","4761.07","cassandra-node1","173.15","2861521961","6442450944","4.31GB / 5.18GB","0B / 3.62GB"
"2026-08-21T23:21:27.0046836Z","EXP-20260821T213411Z-d2576fc0","cassandra","97","26773.73","5767.62","cassandra-node3","170.15","2856153252","6442450944","4.27GB / 5.37GB","0B / 3.64GB"
"2026-08-21T23:21:27.0046836Z","EXP-20260821T213411Z-d2576fc0","cassandra","97","26773.73","5767.62","cassandra-node2","198.36","2857226994","6442450944","4.3GB / 5.42GB","0B / 3.64GB"
"2026-08-21T23:21:27.0046836Z","EXP-20260821T213411Z-d2576fc0","cassandra","97","26773.73","5767.62","cassandra-node1","186.52","2866890670","6442450944","4.34GB / 5.21GB","0B / 3.63GB"
"2026-08-21T23:22:30.7707571Z","EXP-20260821T213411Z-d2576fc0","cassandra","100","26805","5736.35","cassandra-node3","184.39","2856153252","6442450944","4.3GB / 5.4GB","0B / 3.65GB"
"2026-08-21T23:22:30.7707571Z","EXP-20260821T213411Z-d2576fc0","cassandra","100","26805","5736.35","cassandra-node2","180.51","2857226994","6442450944","4.34GB / 5.45GB","0B / 3.65GB"
"2026-08-21T23:22:30.7707571Z","EXP-20260821T213411Z-d2576fc0","cassandra","100","26805","5736.35","cassandra-node1","179.86","2866890670","6442450944","4.38GB / 5.24GB","0B / 3.65GB"
"2026-08-21T23:23:34.5133187Z","EXP-20260821T213411Z-d2576fc0","cassandra","99","26837.04","5704.31","cassandra-node3","187.73","2857226994","6442450944","4.35GB / 5.44GB","0B / 3.68GB"
"2026-08-21T23:23:34.5133187Z","EXP-20260821T213411Z-d2576fc0","cassandra","99","26837.04","5704.31","cassandra-node2","182.58","2858300735","6442450944","4.39GB / 5.49GB","0B / 3.68GB"
"2026-08-21T23:23:34.5133187Z","EXP-20260821T213411Z-d2576fc0","cassandra","99","26837.04","5704.31","cassandra-node1","198.31","2867964412","6442450944","4.42GB / 5.28GB","0B / 3.68GB"
"2026-08-21T23:24:38.1907544Z","EXP-20260821T213411Z-d2576fc0","cassandra","97","26937.89","5603.46","cassandra-node3","184.48","2858300735","6442450944","4.4GB / 5.47GB","0B / 3.72GB"
"2026-08-21T23:24:38.1907544Z","EXP-20260821T213411Z-d2576fc0","cassandra","97","26937.89","5603.46","cassandra-node2","182.38","2859374477","6442450944","4.44GB / 5.53GB","0B / 3.72GB"
"2026-08-21T23:24:38.1907544Z","EXP-20260821T213411Z-d2576fc0","cassandra","97","26937.89","5603.46","cassandra-node1","182.64","2869038154","6442450944","4.47GB / 5.32GB","0B / 3.73GB"
"2026-08-21T23:25:41.8932793Z","EXP-20260821T213411Z-d2576fc0","cassandra","96","27005.84","5535.51","cassandra-node3","172.64","2858300735","6442450944","4.45GB / 5.51GB","0B / 3.75GB"
"2026-08-21T23:25:41.8932793Z","EXP-20260821T213411Z-d2576fc0","cassandra","96","27005.84","5535.51","cassandra-node2","173.81","2858300735","6442450944","4.49GB / 5.57GB","0B / 3.75GB"
"2026-08-21T23:25:41.8932793Z","EXP-20260821T213411Z-d2576fc0","cassandra","96","27005.84","5535.51","cassandra-node1","183.58","2870111896","6442450944","4.52GB / 5.35GB","0B / 3.75GB"
"2026-08-21T23:26:45.1712102Z","EXP-20260821T213411Z-d2576fc0","cassandra","94","27112.43","5428.93","cassandra-node3","194.85","2860448219","6442450944","4.5GB / 5.55GB","0B / 3.79GB"
"2026-08-21T23:26:45.1712102Z","EXP-20260821T213411Z-d2576fc0","cassandra","94","27112.43","5428.93","cassandra-node2","188.24","2860448219","6442450944","4.54GB / 5.61GB","0B / 3.79GB"
"2026-08-21T23:26:45.1712102Z","EXP-20260821T213411Z-d2576fc0","cassandra","94","27112.43","5428.93","cassandra-node1","182.43","2870111896","6442450944","4.57GB / 5.39GB","0B / 3.79GB"
"2026-08-21T23:27:48.8701205Z","EXP-20260821T213411Z-d2576fc0","cassandra","99","27372.57","5168.78","cassandra-node3","189.55","2860448219","6442450944","4.54GB / 5.59GB","0B / 3.83GB"
"2026-08-21T23:27:48.8701205Z","EXP-20260821T213411Z-d2576fc0","cassandra","99","27372.57","5168.78","cassandra-node2","176.44","2859374477","6442450944","4.59GB / 5.65GB","0B / 3.84GB"
"2026-08-21T23:27:48.8701205Z","EXP-20260821T213411Z-d2576fc0","cassandra","99","27372.57","5168.78","cassandra-node1","185.32","2863669445","6442450944","4.62GB / 5.43GB","0B / 3.84GB"
"2026-08-21T23:28:52.5656059Z","EXP-20260821T213411Z-d2576fc0","cassandra","97","27340","5201.35","cassandra-node3","184.2","2860448219","6442450944","4.59GB / 5.63GB","0B / 3.86GB"
"2026-08-21T23:28:52.5656059Z","EXP-20260821T213411Z-d2576fc0","cassandra","97","27340","5201.35","cassandra-node2","189.39","2860448219","6442450944","4.64GB / 5.69GB","0B / 3.86GB"
"2026-08-21T23:28:52.5656059Z","EXP-20260821T213411Z-d2576fc0","cassandra","97","27340","5201.35","cassandra-node1","178.79","2864743186","6442450944","4.67GB / 5.47GB","0B / 3.87GB"
"2026-08-21T23:29:56.2349992Z","EXP-20260821T213411Z-d2576fc0","cassandra","96","27422.49","5118.86","cassandra-node3","186.98","2877628088","6442450944","4.64GB / 5.67GB","0B / 3.96GB"
"2026-08-21T23:29:56.2349992Z","EXP-20260821T213411Z-d2576fc0","cassandra","96","27422.49","5118.86","cassandra-node2","184.79","2861521961","6442450944","4.69GB / 5.73GB","0B / 3.96GB"
"2026-08-21T23:29:56.2349992Z","EXP-20260821T213411Z-d2576fc0","cassandra","96","27422.49","5118.86","cassandra-node1","179.01","2870111896","6442450944","4.72GB / 5.51GB","0B / 3.96GB"
"2026-08-21T23:30:59.9233868Z","EXP-20260821T213411Z-d2576fc0","cassandra","99","27386.21","5155.14","cassandra-node3","173.06","2878701830","6442450944","4.69GB / 5.7GB","0B / 4GB"
"2026-08-21T23:30:59.9233868Z","EXP-20260821T213411Z-d2576fc0","cassandra","99","27386.21","5155.14","cassandra-node2","172.08","2863669445","6442450944","4.74GB / 5.77GB","0B / 4GB"
"2026-08-21T23:30:59.9233868Z","EXP-20260821T213411Z-d2576fc0","cassandra","99","27386.21","5155.14","cassandra-node1","180.05","2870111896","6442450944","4.77GB / 5.55GB","0B / 4GB"
"2026-08-21T23:32:03.6219724Z","EXP-20260821T213411Z-d2576fc0","cassandra","99","27486.15","5055.2","cassandra-node3","186.9","2878701830","6442450944","4.74GB / 5.74GB","0B / 4.03GB"
"2026-08-21T23:32:03.6219724Z","EXP-20260821T213411Z-d2576fc0","cassandra","99","27486.15","5055.2","cassandra-node2","185.11","2863669445","6442450944","4.79GB / 5.81GB","0B / 4.03GB"
"2026-08-21T23:32:03.6219724Z","EXP-20260821T213411Z-d2576fc0","cassandra","99","27486.15","5055.2","cassandra-node1","182.1","2867964412","6442450944","4.82GB / 5.59GB","0B / 4.03GB"
"2026-08-21T23:33:07.3385093Z","EXP-20260821T213411Z-d2576fc0","cassandra","96","27511.1","5030.25","cassandra-node3","187.69","2861521961","6442450944","4.79GB / 5.78GB","0B / 4.07GB"
"2026-08-21T23:33:07.3385093Z","EXP-20260821T213411Z-d2576fc0","cassandra","96","27511.1","5030.25","cassandra-node2","188.93","2864743186","6442450944","4.83GB / 5.85GB","0B / 4.07GB"
"2026-08-21T23:33:07.3385093Z","EXP-20260821T213411Z-d2576fc0","cassandra","96","27511.1","5030.25","cassandra-node1","178.76","2869038154","6442450944","4.86GB / 5.62GB","0B / 4.07GB"
"2026-08-21T23:34:11.0024709Z","EXP-20260821T213411Z-d2576fc0","cassandra","99","26718.55","5822.8","cassandra-node3","171.57","2843268350","6442450944","4.84GB / 5.82GB","0B / 4.11GB"
"2026-08-21T23:34:11.0024709Z","EXP-20260821T213411Z-d2576fc0","cassandra","99","26718.55","5822.8","cassandra-node2","184.71","2844342092","6442450944","4.88GB / 5.88GB","0B / 4.11GB"
"2026-08-21T23:34:11.0024709Z","EXP-20260821T213411Z-d2576fc0","cassandra","99","26718.55","5822.8","cassandra-node1","174.01","2848637059","6442450944","4.91GB / 5.66GB","0B / 4.12GB"
"2026-08-21T23:35:14.7477476Z","EXP-20260821T213411Z-d2576fc0","cassandra","99","26666.25","5875.11","cassandra-node3","182.02","2844342092","6442450944","4.88GB / 5.86GB","0B / 4.14GB"
"2026-08-21T23:35:14.7477476Z","EXP-20260821T213411Z-d2576fc0","cassandra","99","26666.25","5875.11","cassandra-node2","187.92","2843268350","6442450944","4.93GB / 5.92GB","0B / 4.14GB"
"2026-08-21T23:35:14.7477476Z","EXP-20260821T213411Z-d2576fc0","cassandra","99","26666.25","5875.11","cassandra-node1","184.74","2848637059","6442450944","4.96GB / 5.7GB","0B / 4.14GB"
"2026-08-21T23:36:17.4241649Z","EXP-20260821T213411Z-d2576fc0","cassandra","99","26601.25","5940.11","cassandra-node3","187.53","2846489575","6442450944","4.93GB / 5.89GB","0B / 4.23GB"
"2026-08-21T23:36:17.4241649Z","EXP-20260821T213411Z-d2576fc0","cassandra","99","26601.25","5940.11","cassandra-node2","182.14","2846489575","6442450944","4.98GB / 5.96GB","0B / 4.23GB"
"2026-08-21T23:36:17.4241649Z","EXP-20260821T213411Z-d2576fc0","cassandra","99","26601.25","5940.11","cassandra-node1","182.66","2851858285","6442450944","5.01GB / 5.74GB","0B / 4.23GB"
"2026-08-21T23:37:21.1260876Z","EXP-20260821T213411Z-d2576fc0","cassandra","100","26606.82","5934.54","cassandra-node3","180.82","2847563317","6442450944","4.98GB / 5.93GB","0B / 4.28GB"
"2026-08-21T23:37:21.1260876Z","EXP-20260821T213411Z-d2576fc0","cassandra","100","26606.82","5934.54","cassandra-node2","187.26","2847563317","6442450944","5.03GB / 6GB","0B / 4.28GB"
"2026-08-21T23:37:21.1260876Z","EXP-20260821T213411Z-d2576fc0","cassandra","100","26606.82","5934.54","cassandra-node1","170.1","2854005768","6442450944","5.06GB / 5.77GB","0B / 4.28GB"
"2026-08-21T23:38:24.8209884Z","EXP-20260821T213411Z-d2576fc0","cassandra","99","26648.38","5892.97","cassandra-node3","185.77","2847563317","6442450944","5.03GB / 5.97GB","0B / 4.31GB"
"2026-08-21T23:38:24.8209884Z","EXP-20260821T213411Z-d2576fc0","cassandra","99","26648.38","5892.97","cassandra-node2","182.22","2847563317","6442450944","5.08GB / 6.04GB","0B / 4.31GB"
"2026-08-21T23:38:24.8209884Z","EXP-20260821T213411Z-d2576fc0","cassandra","99","26648.38","5892.97","cassandra-node1","183.98","2854005768","6442450944","5.11GB / 5.81GB","0B / 4.31GB"
"2026-08-21T23:39:28.6311490Z","EXP-20260821T213411Z-d2576fc0","cassandra","99","26667.61","5873.74","cassandra-node3","183.1","2852932026","6442450944","5.08GB / 6.01GB","0B / 4.35GB"
"2026-08-21T23:39:28.6311490Z","EXP-20260821T213411Z-d2576fc0","cassandra","99","26667.61","5873.74","cassandra-node2","186","2847563317","6442450944","5.13GB / 6.08GB","0B / 4.35GB"
"2026-08-21T23:39:28.6311490Z","EXP-20260821T213411Z-d2576fc0","cassandra","99","26667.61","5873.74","cassandra-node1","183.52","2852932026","6442450944","5.16GB / 5.85GB","0B / 4.35GB"
"2026-08-21T23:40:32.3106521Z","EXP-20260821T213411Z-d2576fc0","cassandra","99","26774","5767.36","cassandra-node3","192","2854005768","6442450944","5.13GB / 6.05GB","0B / 4.39GB"
"2026-08-21T23:40:32.3106521Z","EXP-20260821T213411Z-d2576fc0","cassandra","99","26774","5767.36","cassandra-node2","177.17","2848637059","6442450944","5.17GB / 6.12GB","0B / 4.39GB"
"2026-08-21T23:40:32.3106521Z","EXP-20260821T213411Z-d2576fc0","cassandra","99","26774","5767.36","cassandra-node1","188.52","2854005768","6442450944","5.2GB / 5.89GB","0B / 4.39GB"
"2026-08-21T23:41:35.5209888Z","EXP-20260821T213411Z-d2576fc0","cassandra","99","26696.33","5845.02","cassandra-node3","185.1","2854005768","6442450944","5.18GB / 6.08GB","0B / 4.42GB"
"2026-08-21T23:41:35.5209888Z","EXP-20260821T213411Z-d2576fc0","cassandra","99","26696.33","5845.02","cassandra-node2","185.64","2849710801","6442450944","5.22GB / 6.16GB","0B / 4.42GB"
"2026-08-21T23:41:35.5209888Z","EXP-20260821T213411Z-d2576fc0","cassandra","99","26696.33","5845.02","cassandra-node1","185.23","2855079510","6442450944","5.25GB / 5.93GB","0B / 4.42GB"
"2026-08-21T23:42:39.2387679Z","EXP-20260821T213411Z-d2576fc0","cassandra","94","26705.69","5835.66","cassandra-node3","186.22","2854005768","6442450944","5.22GB / 6.12GB","0B / 4.51GB"
"2026-08-21T23:42:39.2387679Z","EXP-20260821T213411Z-d2576fc0","cassandra","94","26705.69","5835.66","cassandra-node2","185.71","2850784543","6442450944","5.27GB / 6.19GB","0B / 4.51GB"
"2026-08-21T23:42:39.2387679Z","EXP-20260821T213411Z-d2576fc0","cassandra","94","26705.69","5835.66","cassandra-node1","186.81","2879775572","6442450944","5.3GB / 5.96GB","0B / 4.51GB"
"2026-08-21T23:43:42.9786091Z","EXP-20260821T213411Z-d2576fc0","cassandra","99","26715.84","5825.52","cassandra-node3","187.26","2856153252","6442450944","5.27GB / 6.16GB","0B / 4.56GB"
"2026-08-21T23:43:42.9786091Z","EXP-20260821T213411Z-d2576fc0","cassandra","99","26715.84","5825.52","cassandra-node2","181.45","2852932026","6442450944","5.32GB / 6.23GB","0B / 4.56GB"
"2026-08-21T23:43:42.9786091Z","EXP-20260821T213411Z-d2576fc0","cassandra","99","26715.84","5825.52","cassandra-node1","183.18","2880849314","6442450944","5.35GB / 6GB","0B / 4.56GB"
"2026-08-21T23:44:46.6852292Z","EXP-20260821T213411Z-d2576fc0","cassandra","99","26716.11","5825.24","cassandra-node3","192.22","2856153252","6442450944","5.32GB / 6.2GB","0B / 4.59GB"
"2026-08-21T23:44:46.6852292Z","EXP-20260821T213411Z-d2576fc0","cassandra","99","26716.11","5825.24","cassandra-node2","183.17","2851858285","6442450944","5.37GB / 6.27GB","0B / 4.59GB"
"2026-08-21T23:44:46.6852292Z","EXP-20260821T213411Z-d2576fc0","cassandra","99","26716.11","5825.24","cassandra-node1","181.61","2880849314","6442450944","5.4GB / 6.04GB","0B / 4.58GB"
"2026-08-21T23:45:50.3469534Z","EXP-20260821T213411Z-d2576fc0","cassandra","96","26727.38","5813.97","cassandra-node3","167.29","2852932026","6442450944","5.36GB / 6.23GB","0B / 4.61GB"
"2026-08-21T23:45:50.3469534Z","EXP-20260821T213411Z-d2576fc0","cassandra","96","26727.38","5813.97","cassandra-node2","174.49","2852932026","6442450944","5.41GB / 6.31GB","0B / 4.61GB"
"2026-08-21T23:45:50.3469534Z","EXP-20260821T213411Z-d2576fc0","cassandra","96","26727.38","5813.97","cassandra-node1","188.05","2880849314","6442450944","5.44GB / 6.08GB","0B / 4.62GB"
"2026-08-21T23:46:53.9908520Z","EXP-20260821T213411Z-d2576fc0","cassandra","97","26759.68","5781.68","cassandra-node3","176.85","2851858285","6442450944","5.38GB / 6.26GB","0B / 4.62GB"
"2026-08-21T23:46:53.9908520Z","EXP-20260821T213411Z-d2576fc0","cassandra","97","26759.68","5781.68","cassandra-node2","177.15","2851858285","6442450944","5.44GB / 6.34GB","0B / 4.62GB"
"2026-08-21T23:46:53.9908520Z","EXP-20260821T213411Z-d2576fc0","cassandra","97","26759.68","5781.68","cassandra-node1","205.56","2880849314","6442450944","5.48GB / 6.11GB","0B / 4.62GB"
"2026-08-21T23:47:56.7625384Z","EXP-20260821T213411Z-d2576fc0","cassandra","97","26738.36","5802.99","cassandra-node3","172.15","2854005768","6442450944","5.41GB / 6.29GB","0B / 4.64GB"
"2026-08-21T23:47:56.7625384Z","EXP-20260821T213411Z-d2576fc0","cassandra","97","26738.36","5802.99","cassandra-node2","169.65","2852932026","6442450944","5.47GB / 6.37GB","0B / 4.64GB"
"2026-08-21T23:47:56.7625384Z","EXP-20260821T213411Z-d2576fc0","cassandra","97","26738.36","5802.99","cassandra-node1","164.87","2881923056","6442450944","5.52GB / 6.14GB","0B / 4.64GB"
"2026-08-21T23:49:00.4072433Z","EXP-20260821T213411Z-d2576fc0","cassandra","99","26731.5","5809.85","cassandra-node3","177.23","2852932026","6442450944","5.45GB / 6.32GB","0B / 4.65GB"
"2026-08-21T23:49:00.4072433Z","EXP-20260821T213411Z-d2576fc0","cassandra","99","26731.5","5809.85","cassandra-node2","155.13","2851858285","6442450944","5.51GB / 6.4GB","0B / 4.65GB"
"2026-08-21T23:49:00.4072433Z","EXP-20260821T213411Z-d2576fc0","cassandra","99","26731.5","5809.85","cassandra-node1","158.74","2881923056","6442450944","5.55GB / 6.17GB","0B / 4.65GB"
"2026-08-21T23:50:04.2106018Z","EXP-20260821T213411Z-d2576fc0","cassandra","96","26776.7","5764.65","cassandra-node3","166.65","2854005768","6442450944","5.49GB / 6.35GB","0B / 4.67GB"
"2026-08-21T23:50:04.2106018Z","EXP-20260821T213411Z-d2576fc0","cassandra","96","26776.7","5764.65","cassandra-node2","169.16","2858300735","6442450944","5.54GB / 6.43GB","0B / 4.67GB"
"2026-08-21T23:50:04.2106018Z","EXP-20260821T213411Z-d2576fc0","cassandra","96","26776.7","5764.65","cassandra-node1","165.89","2882996797","6442450944","5.59GB / 6.21GB","0B / 4.67GB"
"2026-08-21T23:51:06.8907961Z","EXP-20260821T213411Z-d2576fc0","cassandra","91","26659.15","5882.2","cassandra-node3","164.89","2854005768","6442450944","5.52GB / 6.38GB","0B / 4.69GB"
"2026-08-21T23:51:06.8907961Z","EXP-20260821T213411Z-d2576fc0","cassandra","91","26659.15","5882.2","cassandra-node2","163.79","2859374477","6442450944","5.58GB / 6.46GB","0B / 4.7GB"
"2026-08-21T23:51:06.8907961Z","EXP-20260821T213411Z-d2576fc0","cassandra","91","26659.15","5882.2","cassandra-node1","163.23","2882996797","6442450944","5.63GB / 6.24GB","0B / 4.7GB"
"2026-08-21T23:52:10.5561243Z","EXP-20260821T213411Z-d2576fc0","cassandra","93","26675.63","5865.72","cassandra-node3","164.81","2855079510","6442450944","5.56GB / 6.41GB","0B / 4.71GB"
"2026-08-21T23:52:10.5561243Z","EXP-20260821T213411Z-d2576fc0","cassandra","93","26675.63","5865.72","cassandra-node2","160.85","2859374477","6442450944","5.62GB / 6.49GB","0B / 4.71GB"
"2026-08-21T23:52:10.5561243Z","EXP-20260821T213411Z-d2576fc0","cassandra","93","26675.63","5865.72","cassandra-node1","167.49","2882996797","6442450944","5.66GB / 6.27GB","0B / 4.71GB"
"2026-08-21T23:53:14.1675275Z","EXP-20260821T213411Z-d2576fc0","cassandra","99","26717.4","5823.95","cassandra-node3","169.24","2856153252","6442450944","5.59GB / 6.44GB","0B / 4.74GB"
"2026-08-21T23:53:14.1675275Z","EXP-20260821T213411Z-d2576fc0","cassandra","99","26717.4","5823.95","cassandra-node2","165.41","2861521961","6442450944","5.65GB / 6.52GB","0B / 4.74GB"
"2026-08-21T23:53:14.1675275Z","EXP-20260821T213411Z-d2576fc0","cassandra","99","26717.4","5823.95","cassandra-node1","168.2","2884070539","6442450944","5.7GB / 6.3GB","0B / 4.74GB"
"2026-08-21T23:54:17.0717264Z","EXP-20260821T213411Z-d2576fc0","cassandra","97","26761.73","5779.62","cassandra-node3","170.02","2855079510","6442450944","5.63GB / 6.47GB","0B / 4.75GB"
"2026-08-21T23:54:17.0717264Z","EXP-20260821T213411Z-d2576fc0","cassandra","97","26761.73","5779.62","cassandra-node2","167.87","2855079510","6442450944","5.69GB / 6.55GB","0B / 4.76GB"
"2026-08-21T23:54:17.0717264Z","EXP-20260821T213411Z-d2576fc0","cassandra","97","26761.73","5779.62","cassandra-node1","164.92","2872259379","6442450944","5.73GB / 6.33GB","0B / 4.76GB"
"2026-08-21T23:55:20.7129718Z","EXP-20260821T213411Z-d2576fc0","cassandra","96","26797.79","5743.57","cassandra-node3","174.17","2855079510","6442450944","5.66GB / 6.51GB","0B / 4.77GB"
"2026-08-21T23:55:20.7129718Z","EXP-20260821T213411Z-d2576fc0","cassandra","96","26797.79","5743.57","cassandra-node2","160.76","2855079510","6442450944","5.72GB / 6.58GB","0B / 4.77GB"
"2026-08-21T23:55:20.7129718Z","EXP-20260821T213411Z-d2576fc0","cassandra","96","26797.79","5743.57","cassandra-node1","163.47","2873333121","6442450944","5.77GB / 6.36GB","0B / 4.77GB"
"2026-08-21T23:56:24.3254850Z","EXP-20260821T213411Z-d2576fc0","cassandra","96","26890.93","5650.43","cassandra-node3","163.71","2856153252","6442450944","5.7GB / 6.54GB","0B / 4.8GB"
"2026-08-21T23:56:24.3254850Z","EXP-20260821T213411Z-d2576fc0","cassandra","96","26890.93","5650.43","cassandra-node2","162.76","2855079510","6442450944","5.76GB / 6.61GB","0B / 4.8GB"
"2026-08-21T23:56:24.3254850Z","EXP-20260821T213411Z-d2576fc0","cassandra","96","26890.93","5650.43","cassandra-node1","166.36","2873333121","6442450944","5.81GB / 6.39GB","0B / 4.8GB"
"2026-08-21T23:59:32.8094134Z","EXP-20260821T235904Z-8fb2a940","scylla","26","21941.42","10599.93","scylla-node3","42.41","1592359125","6442450944","10.6MB / 10MB","898MB / 372MB"
"2026-08-21T23:59:32.8094134Z","EXP-20260821T235904Z-8fb2a940","scylla","26","21941.42","10599.93","scylla-node2","42.02","1588064158","6442450944","10.6MB / 10.2MB","864MB / 372MB"
"2026-08-21T23:59:32.8094134Z","EXP-20260821T235904Z-8fb2a940","scylla","26","21941.42","10599.93","scylla-node1","41.22","1596654092","6442450944","11MB / 10.3MB","931MB / 372MB"
"2026-08-22T00:00:35.9267446Z","EXP-20260821T235904Z-8fb2a940","scylla","43","22050.66","10490.69","scylla-node3","31.73","1594506609","6442450944","32MB / 30.6MB","901MB / 395MB"
"2026-08-22T00:00:35.9267446Z","EXP-20260821T235904Z-8fb2a940","scylla","43","22050.66","10490.69","scylla-node2","21","1590211641","6442450944","33MB / 30.7MB","868MB / 395MB"
"2026-08-22T00:00:35.9267446Z","EXP-20260821T235904Z-8fb2a940","scylla","43","22050.66","10490.69","scylla-node1","21.1","1599875318","6442450944","33.2MB / 30.9MB","935MB / 395MB"
"2026-08-22T00:01:39.3813537Z","EXP-20260821T235904Z-8fb2a940","scylla","91","22053.19","10488.16","scylla-node3","126.59","1595580350","6442450944","144MB / 132MB","903MB / 488MB"
"2026-08-22T00:01:39.3813537Z","EXP-20260821T235904Z-8fb2a940","scylla","91","22053.19","10488.16","scylla-node2","123.27","1591285383","6442450944","145MB / 131MB","869MB / 488MB"
"2026-08-22T00:01:39.3813537Z","EXP-20260821T235904Z-8fb2a940","scylla","91","22053.19","10488.16","scylla-node1","139.41","1600949060","6442450944","143MB / 134MB","936MB / 486MB"
"2026-08-22T00:02:42.9908195Z","EXP-20260821T235904Z-8fb2a940","scylla","99","23058.25","9483.1","scylla-node3","162.09","2001454760","6442450944","322MB / 292MB","903MB / 634MB"
"2026-08-22T00:02:42.9908195Z","EXP-20260821T235904Z-8fb2a940","scylla","99","23058.25","9483.1","scylla-node2","131.94","1975684956","6442450944","323MB / 289MB","869MB / 634MB"
"2026-08-22T00:02:42.9908195Z","EXP-20260821T235904Z-8fb2a940","scylla","99","23058.25","9483.1","scylla-node1","132.99","1986422374","6442450944","325MB / 305MB","936MB / 633MB"
"2026-08-22T00:03:46.4544356Z","EXP-20260821T235904Z-8fb2a940","scylla","93","25753","6788.35","scylla-node3","128.83","2945273823","6442450944","474MB / 430MB","906MB / 799MB"
"2026-08-22T00:03:46.4544356Z","EXP-20260821T235904Z-8fb2a940","scylla","93","25753","6788.35","scylla-node2","130","2935610147","6442450944","476MB / 426MB","872MB / 800MB"
"2026-08-22T00:03:46.4544356Z","EXP-20260821T235904Z-8fb2a940","scylla","93","25753","6788.35","scylla-node1","134.44","2945273823","6442450944","476MB / 447MB","939MB / 797MB"
"2026-08-22T00:04:50.0617989Z","EXP-20260821T235904Z-8fb2a940","scylla","90","25811.03","6730.32","scylla-node3","126.89","2945273823","6442450944","656MB / 594MB","906MB / 947MB"
"2026-08-22T00:04:50.0617989Z","EXP-20260821T235904Z-8fb2a940","scylla","90","25811.03","6730.32","scylla-node2","131.8","2934536405","6442450944","658MB / 588MB","872MB / 947MB"
"2026-08-22T00:04:50.0617989Z","EXP-20260821T235904Z-8fb2a940","scylla","90","25811.03","6730.32","scylla-node1","138.35","2945273823","6442450944","659MB / 619MB","939MB / 945MB"
"2026-08-22T00:05:53.6448312Z","EXP-20260821T235904Z-8fb2a940","scylla","96","27036.75","5504.61","scylla-node3","141.82","3413425258","6442450944","825MB / 746MB","906MB / 1.1GB"
"2026-08-22T00:05:53.6448312Z","EXP-20260821T235904Z-8fb2a940","scylla","96","27036.75","5504.61","scylla-node2","153.02","3412351517","6442450944","828MB / 740MB","872MB / 1.1GB"
"2026-08-22T00:05:53.6448312Z","EXP-20260821T235904Z-8fb2a940","scylla","96","27036.75","5504.61","scylla-node1","140.87","3448858739","6442450944","833MB / 782MB","939MB / 1.1GB"
"2026-08-22T00:06:56.5811989Z","EXP-20260821T235904Z-8fb2a940","scylla","90","28578.73","3962.62","scylla-node3","123.46","3979287200","6442450944","995MB / 899MB","908MB / 1.27GB"
"2026-08-22T00:06:56.5811989Z","EXP-20260821T235904Z-8fb2a940","scylla","90","28578.73","3962.62","scylla-node2","121.06","3958886105","6442450944","997MB / 891MB","874MB / 1.27GB"
"2026-08-22T00:06:56.5811989Z","EXP-20260821T235904Z-8fb2a940","scylla","90","28578.73","3962.62","scylla-node1","132.03","3995393327","6442450944","1GB / 939MB","941MB / 1.26GB"
"2026-08-22T00:08:00.2337752Z","EXP-20260821T235904Z-8fb2a940","scylla","93","29010.71","3530.64","scylla-node3","133.26","4126389830","6442450944","1.17GB / 1.06GB","908MB / 1.41GB"
"2026-08-22T00:08:00.2337752Z","EXP-20260821T235904Z-8fb2a940","scylla","93","29010.71","3530.64","scylla-node2","131.03","4127463571","6442450944","1.18GB / 1.05GB","875MB / 1.42GB"
"2026-08-22T00:08:00.2337752Z","EXP-20260821T235904Z-8fb2a940","scylla","93","29010.71","3530.64","scylla-node1","139.13","4132832281","6442450944","1.18GB / 1.11GB","942MB / 1.42GB"
"2026-08-22T00:09:03.8616405Z","EXP-20260821T235904Z-8fb2a940","scylla","93","29116.86","3424.49","scylla-node3","127.06","4133906022","6442450944","1.34GB / 1.21GB","911MB / 1.59GB"
"2026-08-22T00:09:03.8616405Z","EXP-20260821T235904Z-8fb2a940","scylla","93","29116.86","3424.49","scylla-node2","128.88","4133906022","6442450944","1.34GB / 1.2GB","877MB / 1.59GB"
"2026-08-22T00:09:03.8616405Z","EXP-20260821T235904Z-8fb2a940","scylla","93","29116.86","3424.49","scylla-node1","135.11","4141422215","6442450944","1.35GB / 1.27GB","944MB / 1.59GB"
"2026-08-22T00:10:06.6641647Z","EXP-20260821T235904Z-8fb2a940","scylla","93","29118.57","3422.78","scylla-node3","133.91","4133906022","6442450944","1.52GB / 1.37GB","911MB / 1.73GB"
"2026-08-22T00:10:06.6641647Z","EXP-20260821T235904Z-8fb2a940","scylla","93","29118.57","3422.78","scylla-node2","129.73","4134979764","6442450944","1.52GB / 1.36GB","877MB / 1.73GB"
"2026-08-22T00:10:06.6641647Z","EXP-20260821T235904Z-8fb2a940","scylla","93","29118.57","3422.78","scylla-node1","136.48","4141422215","6442450944","1.53GB / 1.43GB","944MB / 1.73GB"
"2026-08-22T00:11:10.1035024Z","EXP-20260821T235904Z-8fb2a940","scylla","36","29184.64","3356.71","scylla-node3","1.67","4134979764","6442450944","1.65GB / 1.5GB","911MB / 1.86GB"
"2026-08-22T00:11:10.1035024Z","EXP-20260821T235904Z-8fb2a940","scylla","36","29184.64","3356.71","scylla-node2","1.57","4136053506","6442450944","1.66GB / 1.48GB","877MB / 1.86GB"
"2026-08-22T00:11:10.1035024Z","EXP-20260821T235904Z-8fb2a940","scylla","36","29184.64","3356.71","scylla-node1","1.9","4142495957","6442450944","1.67GB / 1.56GB","944MB / 1.86GB"
"2026-08-22T00:12:13.5838800Z","EXP-20260821T235904Z-8fb2a940","scylla","88","30331.54","2209.82","scylla-node3","130.98","4136053506","6442450944","1.79GB / 1.62GB","913MB / 2GB"
"2026-08-22T00:12:13.5838800Z","EXP-20260821T235904Z-8fb2a940","scylla","88","30331.54","2209.82","scylla-node2","131.08","4137127248","6442450944","1.79GB / 1.6GB","879MB / 2GB"
"2026-08-22T00:12:13.5838800Z","EXP-20260821T235904Z-8fb2a940","scylla","88","30331.54","2209.82","scylla-node1","138.73","4143569699","6442450944","1.81GB / 1.69GB","946MB / 2GB"
"2026-08-22T00:13:16.7543807Z","EXP-20260821T235904Z-8fb2a940","scylla","91","30330.85","2210.5","scylla-node3","122.24","4136053506","6442450944","1.97GB / 1.78GB","913MB / 2.15GB"
"2026-08-22T00:13:16.7543807Z","EXP-20260821T235904Z-8fb2a940","scylla","91","30330.85","2210.5","scylla-node2","130.54","4137127248","6442450944","1.98GB / 1.77GB","879MB / 2.15GB"
"2026-08-22T00:13:16.7543807Z","EXP-20260821T235904Z-8fb2a940","scylla","91","30330.85","2210.5","scylla-node1","134.94","4143569699","6442450944","1.99GB / 1.87GB","946MB / 2.15GB"
"2026-08-22T00:14:20.3575469Z","EXP-20260821T235904Z-8fb2a940","scylla","93","30312.57","2228.78","scylla-node3","156.88","4136053506","6442450944","2.15GB / 1.94GB","914MB / 2.32GB"
"2026-08-22T00:14:20.3575469Z","EXP-20260821T235904Z-8fb2a940","scylla","93","30312.57","2228.78","scylla-node2","125.92","4137127248","6442450944","2.16GB / 1.93GB","880MB / 2.32GB"
"2026-08-22T00:14:20.3575469Z","EXP-20260821T235904Z-8fb2a940","scylla","93","30312.57","2228.78","scylla-node1","127.57","4143569699","6442450944","2.17GB / 2.03GB","947MB / 2.31GB"
"2026-08-22T00:15:23.9842829Z","EXP-20260821T235904Z-8fb2a940","scylla","88","30347.01","2194.34","scylla-node3","123.92","4137127248","6442450944","2.32GB / 2.1GB","914MB / 2.48GB"
"2026-08-22T00:15:23.9842829Z","EXP-20260821T235904Z-8fb2a940","scylla","88","30347.01","2194.34","scylla-node2","139.3","4137127248","6442450944","2.33GB / 2.08GB","881MB / 2.48GB"
"2026-08-22T00:15:23.9842829Z","EXP-20260821T235904Z-8fb2a940","scylla","88","30347.01","2194.34","scylla-node1","149.57","4144643441","6442450944","2.35GB / 2.2GB","948MB / 2.48GB"
"2026-08-22T00:16:26.8176953Z","EXP-20260821T235904Z-8fb2a940","scylla","90","30369.28","2172.07","scylla-node3","143.03","4137127248","6442450944","2.5GB / 2.26GB","933MB / 2.65GB"
"2026-08-22T00:16:26.8176953Z","EXP-20260821T235904Z-8fb2a940","scylla","90","30369.28","2172.07","scylla-node2","122.72","4139274732","6442450944","2.5GB / 2.24GB","899MB / 2.65GB"
"2026-08-22T00:16:26.8176953Z","EXP-20260821T235904Z-8fb2a940","scylla","90","30369.28","2172.07","scylla-node1","135.71","4145717182","6442450944","2.52GB / 2.36GB","966MB / 2.65GB"
"2026-08-22T00:17:30.4032807Z","EXP-20260821T235904Z-8fb2a940","scylla","99","30368.92","2172.43","scylla-node3","142.42","4138200990","6442450944","2.67GB / 2.41GB","963MB / 2.84GB"
"2026-08-22T00:17:30.4032807Z","EXP-20260821T235904Z-8fb2a940","scylla","99","30368.92","2172.43","scylla-node2","127.4","4139274732","6442450944","2.67GB / 2.39GB","929MB / 2.84GB"
"2026-08-22T00:17:30.4032807Z","EXP-20260821T235904Z-8fb2a940","scylla","99","30368.92","2172.43","scylla-node1","125.1","4146790924","6442450944","2.69GB / 2.52GB","996MB / 2.83GB"
"2026-08-22T00:18:34.0270728Z","EXP-20260821T235904Z-8fb2a940","scylla","87","30402.12","2139.23","scylla-node3","156.4","4138200990","6442450944","2.83GB / 2.56GB","996MB / 3.02GB"
"2026-08-22T00:18:34.0270728Z","EXP-20260821T235904Z-8fb2a940","scylla","87","30402.12","2139.23","scylla-node2","122.54","4140348473","6442450944","2.84GB / 2.54GB","962MB / 3.02GB"
"2026-08-22T00:18:34.0270728Z","EXP-20260821T235904Z-8fb2a940","scylla","87","30402.12","2139.23","scylla-node1","128.4","4146790924","6442450944","2.86GB / 2.68GB","1.03GB / 3.02GB"
"2026-08-22T00:19:36.9494773Z","EXP-20260821T235904Z-8fb2a940","scylla","96","30517.48","2023.87","scylla-node3","131.85","4138200990","6442450944","2.99GB / 2.7GB","1.03GB / 3.2GB"
"2026-08-22T00:19:36.9494773Z","EXP-20260821T235904Z-8fb2a940","scylla","96","30517.48","2023.87","scylla-node2","132.66","4140348473","6442450944","3GB / 2.68GB","1GB / 3.21GB"
"2026-08-22T00:19:36.9494773Z","EXP-20260821T235904Z-8fb2a940","scylla","96","30517.48","2023.87","scylla-node1","138.29","4145717182","6442450944","3.03GB / 2.84GB","1.07GB / 3.21GB"
"2026-08-22T00:20:40.5867604Z","EXP-20260821T235904Z-8fb2a940","scylla","83","30506.93","2034.42","scylla-node3","120.13","4139274732","6442450944","3.16GB / 2.85GB","1.08GB / 3.4GB"
"2026-08-22T00:20:40.5867604Z","EXP-20260821T235904Z-8fb2a940","scylla","83","30506.93","2034.42","scylla-node2","125.68","4140348473","6442450944","3.17GB / 2.83GB","1.04GB / 3.4GB"
"2026-08-22T00:20:40.5867604Z","EXP-20260821T235904Z-8fb2a940","scylla","83","30506.93","2034.42","scylla-node1","165.36","4146790924","6442450944","3.19GB / 2.99GB","1.11GB / 3.4GB"
"2026-08-22T00:21:44.2012752Z","EXP-20260821T235904Z-8fb2a940","scylla","97","30530.68","2010.68","scylla-node3","113.84","4138200990","6442450944","3.33GB / 3GB","1.12GB / 3.6GB"
"2026-08-22T00:21:44.2012752Z","EXP-20260821T235904Z-8fb2a940","scylla","97","30530.68","2010.68","scylla-node2","141.94","4140348473","6442450944","3.33GB / 2.98GB","1.09GB / 3.6GB"
"2026-08-22T00:21:44.2012752Z","EXP-20260821T235904Z-8fb2a940","scylla","97","30530.68","2010.68","scylla-node1","173.57","4146790924","6442450944","3.36GB / 3.15GB","1.15GB / 3.6GB"
"2026-08-22T00:22:47.0024687Z","EXP-20260821T235904Z-8fb2a940","scylla","96","30535.62","2005.73","scylla-node3","118.3","4138200990","6442450944","3.49GB / 3.15GB","1.18GB / 3.87GB"
"2026-08-22T00:22:47.0024687Z","EXP-20260821T235904Z-8fb2a940","scylla","96","30535.62","2005.73","scylla-node2","130.26","4140348473","6442450944","3.5GB / 3.13GB","1.14GB / 3.8GB"
"2026-08-22T00:22:47.0024687Z","EXP-20260821T235904Z-8fb2a940","scylla","96","30535.62","2005.73","scylla-node1","174.13","4146790924","6442450944","3.53GB / 3.31GB","1.21GB / 3.81GB"
"2026-08-22T00:23:50.6142055Z","EXP-20260821T235904Z-8fb2a940","scylla","94","30540.13","2001.22","scylla-node3","147.2","4139274732","6442450944","3.66GB / 3.3GB","1.23GB / 4.15GB"
"2026-08-22T00:23:50.6142055Z","EXP-20260821T235904Z-8fb2a940","scylla","94","30540.13","2001.22","scylla-node2","128.26","4140348473","6442450944","3.67GB / 3.28GB","1.2GB / 4.08GB"
"2026-08-22T00:23:50.6142055Z","EXP-20260821T235904Z-8fb2a940","scylla","94","30540.13","2001.22","scylla-node1","127.92","4146790924","6442450944","3.69GB / 3.46GB","1.27GB / 4.01GB"
"2026-08-22T00:24:54.2243502Z","EXP-20260821T235904Z-8fb2a940","scylla","87","30614.08","1927.27","scylla-node3","139.56","4139274732","6442450944","3.78GB / 3.41GB","1.24GB / 4.16GB"
"2026-08-22T00:24:54.2243502Z","EXP-20260821T235904Z-8fb2a940","scylla","87","30614.08","1927.27","scylla-node2","137.81","4140348473","6442450944","3.77GB / 3.38GB","1.2GB / 4.09GB"
"2026-08-22T00:24:54.2243502Z","EXP-20260821T235904Z-8fb2a940","scylla","87","30614.08","1927.27","scylla-node1","141.44","4146790924","6442450944","3.8GB / 3.57GB","1.28GB / 4.03GB"
"2026-08-22T00:25:57.0659369Z","EXP-20260821T235904Z-8fb2a940","scylla","88","30522.66","2018.69","scylla-node3","156.01","4139274732","6442450944","3.83GB / 3.47GB","1.24GB / 4.16GB"
"2026-08-22T00:25:57.0659369Z","EXP-20260821T235904Z-8fb2a940","scylla","88","30522.66","2018.69","scylla-node2","154.96","4140348473","6442450944","3.83GB / 3.44GB","1.2GB / 4.09GB"
"2026-08-22T00:25:57.0659369Z","EXP-20260821T235904Z-8fb2a940","scylla","88","30522.66","2018.69","scylla-node1","151.4","4146790924","6442450944","3.86GB / 3.63GB","1.28GB / 4.03GB"
"2026-08-22T00:27:00.7059150Z","EXP-20260821T235904Z-8fb2a940","scylla","96","30531.57","2009.78","scylla-node3","143.96","4138200990","6442450944","3.88GB / 3.62GB","1.24GB / 4.16GB"
"2026-08-22T00:27:00.7059150Z","EXP-20260821T235904Z-8fb2a940","scylla","96","30531.57","2009.78","scylla-node2","138.21","4140348473","6442450944","3.88GB / 3.59GB","1.2GB / 4.09GB"
"2026-08-22T00:27:00.7059150Z","EXP-20260821T235904Z-8fb2a940","scylla","96","30531.57","2009.78","scylla-node1","154.02","4146790924","6442450944","3.91GB / 3.78GB","1.28GB / 4.03GB"
"2026-08-22T00:28:04.3029883Z","EXP-20260821T235904Z-8fb2a940","scylla","94","30569.5","1971.86","scylla-node3","150.92","4139274732","6442450944","3.92GB / 4.02GB","1.24GB / 4.16GB"
"2026-08-22T00:28:04.3029883Z","EXP-20260821T235904Z-8fb2a940","scylla","94","30569.5","1971.86","scylla-node2","146.44","4140348473","6442450944","3.91GB / 3.98GB","1.2GB / 4.09GB"
"2026-08-22T00:28:04.3029883Z","EXP-20260821T235904Z-8fb2a940","scylla","94","30569.5","1971.86","scylla-node1","150.95","4146790924","6442450944","3.95GB / 4.19GB","1.28GB / 4.03GB"
"2026-08-22T00:29:07.1999569Z","EXP-20260821T235904Z-8fb2a940","scylla","97","30559.69","1981.66","scylla-node3","153.46","4139274732","6442450944","3.96GB / 4.4GB","1.24GB / 4.16GB"
"2026-08-22T00:29:07.1999569Z","EXP-20260821T235904Z-8fb2a940","scylla","97","30559.69","1981.66","scylla-node2","147.19","4140348473","6442450944","3.95GB / 4.36GB","1.2GB / 4.09GB"
"2026-08-22T00:29:07.1999569Z","EXP-20260821T235904Z-8fb2a940","scylla","97","30559.69","1981.66","scylla-node1","151.03","4146790924","6442450944","3.98GB / 4.57GB","1.28GB / 4.03GB"
"2026-08-22T00:30:10.7791583Z","EXP-20260821T235904Z-8fb2a940","scylla","94","30607.95","1933.41","scylla-node3","151.3","4138200990","6442450944","3.99GB / 4.79GB","1.24GB / 4.16GB"
"2026-08-22T00:30:10.7791583Z","EXP-20260821T235904Z-8fb2a940","scylla","94","30607.95","1933.41","scylla-node2","142.63","4140348473","6442450944","3.98GB / 4.73GB","1.2GB / 4.09GB"
"2026-08-22T00:30:10.7791583Z","EXP-20260821T235904Z-8fb2a940","scylla","94","30607.95","1933.41","scylla-node1","148.69","4146790924","6442450944","4.02GB / 4.98GB","1.28GB / 4.03GB"
"2026-08-22T00:31:14.4005536Z","EXP-20260821T235904Z-8fb2a940","scylla","90","30565.07","1976.29","scylla-node3","151.32","4139274732","6442450944","4.04GB / 5.17GB","1.24GB / 4.16GB"
"2026-08-22T00:31:14.4005536Z","EXP-20260821T235904Z-8fb2a940","scylla","90","30565.07","1976.29","scylla-node2","145.58","4140348473","6442450944","4.02GB / 5.12GB","1.2GB / 4.09GB"
"2026-08-22T00:31:14.4005536Z","EXP-20260821T235904Z-8fb2a940","scylla","90","30565.07","1976.29","scylla-node1","150.57","4146790924","6442450944","4.06GB / 5.36GB","1.28GB / 4.03GB"
"2026-08-22T00:32:17.3131557Z","EXP-20260821T235904Z-8fb2a940","scylla","93","30553.18","1988.17","scylla-node3","149.92","4138200990","6442450944","4.08GB / 5.54GB","1.24GB / 4.16GB"
"2026-08-22T00:32:17.3131557Z","EXP-20260821T235904Z-8fb2a940","scylla","93","30553.18","1988.17","scylla-node2","143.99","4140348473","6442450944","4.06GB / 5.5GB","1.2GB / 4.09GB"
"2026-08-22T00:32:17.3131557Z","EXP-20260821T235904Z-8fb2a940","scylla","93","30553.18","1988.17","scylla-node1","152.15","4146790924","6442450944","4.1GB / 5.76GB","1.28GB / 4.03GB"
"2026-08-22T00:33:20.9455569Z","EXP-20260821T235904Z-8fb2a940","scylla","96","30554.19","1987.16","scylla-node3","128.81","4139274732","6442450944","4.23GB / 5.73GB","1.24GB / 4.42GB"
"2026-08-22T00:33:20.9455569Z","EXP-20260821T235904Z-8fb2a940","scylla","96","30554.19","1987.16","scylla-node2","130.53","4141422215","6442450944","4.21GB / 5.68GB","1.21GB / 4.35GB"
"2026-08-22T00:33:20.9455569Z","EXP-20260821T235904Z-8fb2a940","scylla","96","30554.19","1987.16","scylla-node1","134.54","4147864666","6442450944","4.25GB / 5.94GB","1.28GB / 4.29GB"
"2026-08-22T00:34:24.5674337Z","EXP-20260821T235904Z-8fb2a940","scylla","93","30557.46","1983.89","scylla-node3","131.87","4140348473","6442450944","4.41GB / 5.89GB","1.24GB / 4.7GB"
"2026-08-22T00:34:24.5674337Z","EXP-20260821T235904Z-8fb2a940","scylla","93","30557.46","1983.89","scylla-node2","132.46","4141422215","6442450944","4.39GB / 5.84GB","1.21GB / 4.63GB"
"2026-08-22T00:34:24.5674337Z","EXP-20260821T235904Z-8fb2a940","scylla","93","30557.46","1983.89","scylla-node1","139.99","4147864666","6442450944","4.44GB / 6.11GB","1.28GB / 4.57GB"
"2026-08-22T00:35:27.4294723Z","EXP-20260821T235904Z-8fb2a940","scylla","91","30578.62","1962.73","scylla-node3","130.79","4140348473","6442450944","4.58GB / 6.05GB","1.24GB / 4.99GB"
"2026-08-22T00:35:27.4294723Z","EXP-20260821T235904Z-8fb2a940","scylla","91","30578.62","1962.73","scylla-node2","130.5","4142495957","6442450944","4.56GB / 5.99GB","1.21GB / 4.92GB"
"2026-08-22T00:35:27.4294723Z","EXP-20260821T235904Z-8fb2a940","scylla","91","30578.62","1962.73","scylla-node1","144.55","4147864666","6442450944","4.61GB / 6.27GB","1.28GB / 4.87GB"
"2026-08-22T00:36:31.0583690Z","EXP-20260821T235904Z-8fb2a940","scylla","86","30594.39","1946.96","scylla-node3","132.35","4140348473","6442450944","4.75GB / 6.2GB","1.24GB / 5.29GB"
"2026-08-22T00:36:31.0583690Z","EXP-20260821T235904Z-8fb2a940","scylla","86","30594.39","1946.96","scylla-node2","131.22","4142495957","6442450944","4.74GB / 6.15GB","1.21GB / 5.25GB"
"2026-08-22T00:36:31.0583690Z","EXP-20260821T235904Z-8fb2a940","scylla","86","30594.39","1946.96","scylla-node1","137.11","4148938408","6442450944","4.78GB / 6.43GB","1.28GB / 5.16GB"
"2026-08-22T00:37:34.7009196Z","EXP-20260821T235904Z-8fb2a940","scylla","91","30612.25","1929.1","scylla-node3","123.49","4140348473","6442450944","4.92GB / 6.36GB","1.26GB / 5.46GB"
"2026-08-22T00:37:34.7009196Z","EXP-20260821T235904Z-8fb2a940","scylla","91","30612.25","1929.1","scylla-node2","143.46","4142495957","6442450944","4.91GB / 6.3GB","1.23GB / 5.43GB"
"2026-08-22T00:37:34.7009196Z","EXP-20260821T235904Z-8fb2a940","scylla","91","30612.25","1929.1","scylla-node1","130.51","4148938408","6442450944","4.96GB / 6.6GB","1.3GB / 5.4GB"
"2026-08-22T00:38:37.5385083Z","EXP-20260821T235904Z-8fb2a940","scylla","94","30581.19","1960.16","scylla-node3","144.01","4140348473","6442450944","5.09GB / 6.5GB","1.29GB / 5.64GB"
"2026-08-22T00:38:37.5385083Z","EXP-20260821T235904Z-8fb2a940","scylla","94","30581.19","1960.16","scylla-node2","126.31","4143569699","6442450944","5.07GB / 6.45GB","1.26GB / 5.61GB"
"2026-08-22T00:38:37.5385083Z","EXP-20260821T235904Z-8fb2a940","scylla","94","30581.19","1960.16","scylla-node1","134.99","4150012150","6442450944","5.12GB / 6.75GB","1.33GB / 5.58GB"
"2026-08-22T00:39:41.1528850Z","EXP-20260821T235904Z-8fb2a940","scylla","96","30499.27","2042.09","scylla-node3","141.44","4141422215","6442450944","5.26GB / 6.66GB","1.33GB / 5.83GB"
"2026-08-22T00:39:41.1528850Z","EXP-20260821T235904Z-8fb2a940","scylla","96","30499.27","2042.09","scylla-node2","117.62","4142495957","6442450944","5.24GB / 6.6GB","1.29GB / 5.79GB"
"2026-08-22T00:39:41.1528850Z","EXP-20260821T235904Z-8fb2a940","scylla","96","30499.27","2042.09","scylla-node1","132.87","4148938408","6442450944","5.3GB / 6.91GB","1.36GB / 5.77GB"
"2026-08-22T00:40:44.8450853Z","EXP-20260821T235904Z-8fb2a940","scylla","99","30493.4","2047.95","scylla-node3","142.62","4141422215","6442450944","5.42GB / 6.81GB","1.36GB / 6.08GB"
"2026-08-22T00:40:44.8450853Z","EXP-20260821T235904Z-8fb2a940","scylla","99","30493.4","2047.95","scylla-node2","129.05","4142495957","6442450944","5.41GB / 6.74GB","1.32GB / 5.98GB"
"2026-08-22T00:40:44.8450853Z","EXP-20260821T235904Z-8fb2a940","scylla","99","30493.4","2047.95","scylla-node1","132.17","4148938408","6442450944","5.46GB / 7.07GB","1.4GB / 5.95GB"
"2026-08-22T00:41:47.6326508Z","EXP-20260821T235904Z-8fb2a940","scylla","88","30515.6","2025.75","scylla-node3","130.97","4140348473","6442450944","5.59GB / 6.96GB","1.38GB / 6.31GB"
"2026-08-22T00:41:47.6326508Z","EXP-20260821T235904Z-8fb2a940","scylla","88","30515.6","2025.75","scylla-node2","141.53","4142495957","6442450944","5.58GB / 6.9GB","1.35GB / 6.28GB"
"2026-08-22T00:41:47.6326508Z","EXP-20260821T235904Z-8fb2a940","scylla","88","30515.6","2025.75","scylla-node1","132.31","4150012150","6442450944","5.64GB / 7.23GB","1.42GB / 6.23GB"
"2026-08-22T00:42:51.2374597Z","EXP-20260821T235904Z-8fb2a940","scylla","96","30518.19","2023.16","scylla-node3","130.02","4141422215","6442450944","5.77GB / 7.12GB","1.4GB / 6.58GB"
"2026-08-22T00:42:51.2374597Z","EXP-20260821T235904Z-8fb2a940","scylla","96","30518.19","2023.16","scylla-node2","132.83","4143569699","6442450944","5.75GB / 7.05GB","1.36GB / 6.58GB"
"2026-08-22T00:42:51.2374597Z","EXP-20260821T235904Z-8fb2a940","scylla","96","30518.19","2023.16","scylla-node1","134.15","4150012150","6442450944","5.81GB / 7.4GB","1.43GB / 6.48GB"
"2026-08-22T00:43:54.8579148Z","EXP-20260821T235904Z-8fb2a940","scylla","93","30559.5","1981.85","scylla-node3","132.79","4141422215","6442450944","5.93GB / 7.26GB","1.43GB / 6.84GB"
"2026-08-22T00:43:54.8579148Z","EXP-20260821T235904Z-8fb2a940","scylla","93","30559.5","1981.85","scylla-node2","131.46","4142495957","6442450944","5.92GB / 7.2GB","1.4GB / 6.8GB"
"2026-08-22T00:43:54.8579148Z","EXP-20260821T235904Z-8fb2a940","scylla","93","30559.5","1981.85","scylla-node1","138.26","4148938408","6442450944","5.98GB / 7.55GB","1.47GB / 6.71GB"
"2026-08-22T00:44:57.7340295Z","EXP-20260821T235904Z-8fb2a940","scylla","97","30578.47","1962.88","scylla-node3","132.32","4140348473","6442450944","6.09GB / 7.41GB","1.48GB / 7.03GB"
"2026-08-22T00:44:57.7340295Z","EXP-20260821T235904Z-8fb2a940","scylla","97","30578.47","1962.88","scylla-node2","136.4","4142495957","6442450944","6.08GB / 7.35GB","1.44GB / 6.99GB"
"2026-08-22T00:44:57.7340295Z","EXP-20260821T235904Z-8fb2a940","scylla","97","30578.47","1962.88","scylla-node1","138.58","4150012150","6442450944","6.14GB / 7.71GB","1.51GB / 6.9GB"
"2026-08-22T00:46:01.3779513Z","EXP-20260821T235904Z-8fb2a940","scylla","93","30587.65","1953.7","scylla-node3","134.85","4141422215","6442450944","6.21GB / 7.52GB","1.5GB / 7.15GB"
"2026-08-22T00:46:01.3779513Z","EXP-20260821T235904Z-8fb2a940","scylla","93","30587.65","1953.7","scylla-node2","138.29","4142495957","6442450944","6.2GB / 7.45GB","1.47GB / 7.11GB"
"2026-08-22T00:46:01.3779513Z","EXP-20260821T235904Z-8fb2a940","scylla","93","30587.65","1953.7","scylla-node1","138.34","4150012150","6442450944","6.26GB / 7.82GB","1.54GB / 7.02GB"
"2026-08-22T00:47:04.9993212Z","EXP-20260821T235904Z-8fb2a940","scylla","96","30670.39","1870.96","scylla-node3","127.8","4142495957","6442450944","6.37GB / 7.66GB","1.51GB / 7.33GB"
"2026-08-22T00:47:04.9993212Z","EXP-20260821T235904Z-8fb2a940","scylla","96","30670.39","1870.96","scylla-node2","123.39","4144643441","6442450944","6.35GB / 7.59GB","1.47GB / 7.29GB"
"2026-08-22T00:47:04.9993212Z","EXP-20260821T235904Z-8fb2a940","scylla","96","30670.39","1870.96","scylla-node1","139.79","4150012150","6442450944","6.42GB / 7.97GB","1.55GB / 7.2GB"
"2026-08-22T00:48:07.8146822Z","EXP-20260821T235904Z-8fb2a940","scylla","93","30650.6","1890.75","scylla-node3","129.11","4142495957","6442450944","6.55GB / 7.83GB","1.51GB / 7.48GB"
"2026-08-22T00:48:07.8146822Z","EXP-20260821T235904Z-8fb2a940","scylla","93","30650.6","1890.75","scylla-node2","126.06","4143569699","6442450944","6.54GB / 7.75GB","1.48GB / 7.44GB"
"2026-08-22T00:48:07.8146822Z","EXP-20260821T235904Z-8fb2a940","scylla","93","30650.6","1890.75","scylla-node1","136.41","4151085892","6442450944","6.6GB / 8.14GB","1.55GB / 7.35GB"
"2026-08-22T00:49:11.4028164Z","EXP-20260821T235904Z-8fb2a940","scylla","97","30648.51","1892.84","scylla-node3","132.94","4142495957","6442450944","6.72GB / 7.99GB","1.51GB / 7.64GB"
"2026-08-22T00:49:11.4028164Z","EXP-20260821T235904Z-8fb2a940","scylla","97","30648.51","1892.84","scylla-node2","133.34","4143569699","6442450944","6.71GB / 7.91GB","1.48GB / 7.6GB"
"2026-08-22T00:49:11.4028164Z","EXP-20260821T235904Z-8fb2a940","scylla","97","30648.51","1892.84","scylla-node1","134.81","4151085892","6442450944","6.77GB / 8.3GB","1.55GB / 7.51GB"
"2026-08-22T00:50:15.0318569Z","EXP-20260821T235904Z-8fb2a940","scylla","93","30560.88","1980.47","scylla-node3","122.08","4142495957","6442450944","6.9GB / 8.14GB","1.51GB / 7.8GB"
"2026-08-22T00:50:15.0318569Z","EXP-20260821T235904Z-8fb2a940","scylla","93","30560.88","1980.47","scylla-node2","150.42","4143569699","6442450944","6.88GB / 8.06GB","1.48GB / 7.76GB"
"2026-08-22T00:50:15.0318569Z","EXP-20260821T235904Z-8fb2a940","scylla","93","30560.88","1980.47","scylla-node1","158.01","4151085892","6442450944","6.95GB / 8.47GB","1.55GB / 7.67GB"
"2026-08-22T00:51:17.9186554Z","EXP-20260821T235904Z-8fb2a940","scylla","90","30551.65","1989.7","scylla-node3","126.34","4142495957","6442450944","7.07GB / 8.3GB","1.53GB / 7.97GB"
"2026-08-22T00:51:17.9186554Z","EXP-20260821T235904Z-8fb2a940","scylla","90","30551.65","1989.7","scylla-node2","130.46","4143569699","6442450944","7.06GB / 8.22GB","1.49GB / 7.94GB"
"2026-08-22T00:51:17.9186554Z","EXP-20260821T235904Z-8fb2a940","scylla","90","30551.65","1989.7","scylla-node1","136.01","4151085892","6442450944","7.12GB / 8.63GB","1.57GB / 7.84GB"
"2026-08-22T00:52:21.5117474Z","EXP-20260821T235904Z-8fb2a940","scylla","99","30571.61","1969.74","scylla-node3","125.47","4143569699","6442450944","7.25GB / 8.46GB","1.55GB / 8.15GB"
"2026-08-22T00:52:21.5117474Z","EXP-20260821T235904Z-8fb2a940","scylla","99","30571.61","1969.74","scylla-node2","127","4144643441","6442450944","7.23GB / 8.38GB","1.51GB / 8.11GB"
"2026-08-22T00:52:21.5117474Z","EXP-20260821T235904Z-8fb2a940","scylla","99","30571.61","1969.74","scylla-node1","131.21","4151085892","6442450944","7.3GB / 8.8GB","1.59GB / 8.02GB"
"2026-08-22T00:53:25.1331521Z","EXP-20260821T235904Z-8fb2a940","scylla","94","30600.93","1940.43","scylla-node3","148.32","4142495957","6442450944","7.42GB / 8.62GB","1.55GB / 8.3GB"
"2026-08-22T00:53:25.1331521Z","EXP-20260821T235904Z-8fb2a940","scylla","94","30600.93","1940.43","scylla-node2","126.19","4144643441","6442450944","7.41GB / 8.53GB","1.52GB / 8.27GB"
"2026-08-22T00:53:25.1331521Z","EXP-20260821T235904Z-8fb2a940","scylla","94","30600.93","1940.43","scylla-node1","133.16","4151085892","6442450944","7.48GB / 8.97GB","1.59GB / 8.17GB"
"2026-08-22T00:54:27.9231123Z","EXP-20260821T235904Z-8fb2a940","scylla","96","30595.94","1945.41","scylla-node3","133.56","4142495957","6442450944","7.59GB / 8.77GB","1.58GB / 8.48GB"
"2026-08-22T00:54:27.9231123Z","EXP-20260821T235904Z-8fb2a940","scylla","96","30595.94","1945.41","scylla-node2","132.22","4144643441","6442450944","7.58GB / 8.69GB","1.54GB / 8.44GB"
"2026-08-22T00:54:27.9231123Z","EXP-20260821T235904Z-8fb2a940","scylla","96","30595.94","1945.41","scylla-node1","138.28","4151085892","6442450944","7.65GB / 9.12GB","1.62GB / 8.35GB"
"2026-08-22T00:55:31.5002066Z","EXP-20260821T235904Z-8fb2a940","scylla","91","30636.8","1904.55","scylla-node3","174.85","4143569699","6442450944","7.76GB / 8.92GB","1.61GB / 8.67GB"
"2026-08-22T00:55:31.5002066Z","EXP-20260821T235904Z-8fb2a940","scylla","91","30636.8","1904.55","scylla-node2","121.3","4144643441","6442450944","7.75GB / 8.83GB","1.58GB / 8.63GB"
"2026-08-22T00:55:31.5002066Z","EXP-20260821T235904Z-8fb2a940","scylla","91","30636.8","1904.55","scylla-node1","150.94","4151085892","6442450944","7.82GB / 9.28GB","1.65GB / 8.54GB"
"2026-08-22T00:56:35.1377361Z","EXP-20260821T235904Z-8fb2a940","scylla","96","30664.66","1876.7","scylla-node3","127.74","4143569699","6442450944","7.92GB / 9.07GB","1.64GB / 8.85GB"
"2026-08-22T00:56:35.1377361Z","EXP-20260821T235904Z-8fb2a940","scylla","96","30664.66","1876.7","scylla-node2","178.6","4144643441","6442450944","7.91GB / 8.98GB","1.6GB / 8.81GB"
"2026-08-22T00:56:35.1377361Z","EXP-20260821T235904Z-8fb2a940","scylla","96","30664.66","1876.7","scylla-node1","129.68","4151085892","6442450944","7.99GB / 9.44GB","1.68GB / 8.71GB"
"2026-08-22T00:57:38.1704196Z","EXP-20260821T235904Z-8fb2a940","scylla","97","30662.11","1879.24","scylla-node3","147.51","4143569699","6442450944","8.09GB / 9.22GB","1.66GB / 9.02GB"
"2026-08-22T00:57:38.1704196Z","EXP-20260821T235904Z-8fb2a940","scylla","97","30662.11","1879.24","scylla-node2","127.71","4144643441","6442450944","8.08GB / 9.13GB","1.63GB / 8.99GB"
"2026-08-22T00:57:38.1704196Z","EXP-20260821T235904Z-8fb2a940","scylla","97","30662.11","1879.24","scylla-node1","139.37","4151085892","6442450944","8.15GB / 9.6GB","1.7GB / 8.89GB"
"2026-08-22T00:58:41.7601367Z","EXP-20260821T235904Z-8fb2a940","scylla","93","30666.63","1874.72","scylla-node3","152.71","4146790924","6442450944","8.25GB / 9.37GB","1.7GB / 9.2GB"
"2026-08-22T00:58:41.7601367Z","EXP-20260821T235904Z-8fb2a940","scylla","93","30666.63","1874.72","scylla-node2","153.65","4145717182","6442450944","8.24GB / 9.28GB","1.66GB / 9.17GB"
"2026-08-22T00:58:41.7601367Z","EXP-20260821T235904Z-8fb2a940","scylla","93","30666.63","1874.72","scylla-node1","142.53","4152159633","6442450944","8.32GB / 9.75GB","1.74GB / 9.08GB"
"2026-08-22T00:59:45.3508561Z","EXP-20260821T235904Z-8fb2a940","scylla","93","30800.71","1740.64","scylla-node3","148.46","4146790924","6442450944","8.34GB / 9.45GB","1.71GB / 9.27GB"
"2026-08-22T00:59:45.3508561Z","EXP-20260821T235904Z-8fb2a940","scylla","93","30800.71","1740.64","scylla-node2","152.85","4145717182","6442450944","8.33GB / 9.36GB","1.67GB / 9.23GB"
"2026-08-22T00:59:45.3508561Z","EXP-20260821T235904Z-8fb2a940","scylla","93","30800.71","1740.64","scylla-node1","155.5","4152159633","6442450944","8.41GB / 9.84GB","1.75GB / 9.14GB"
"2026-08-22T01:00:48.1136050Z","EXP-20260821T235904Z-8fb2a940","scylla","93","30775.09","1766.27","scylla-node3","125.51","4147864666","6442450944","8.45GB / 9.56GB","1.71GB / 9.4GB"
"2026-08-22T01:00:48.1136050Z","EXP-20260821T235904Z-8fb2a940","scylla","93","30775.09","1766.27","scylla-node2","131.49","4145717182","6442450944","8.44GB / 9.46GB","1.68GB / 9.37GB"
"2026-08-22T01:00:48.1136050Z","EXP-20260821T235904Z-8fb2a940","scylla","93","30775.09","1766.27","scylla-node1","138.75","4153233375","6442450944","8.53GB / 9.95GB","1.75GB / 9.27GB"
"2026-08-22T01:01:51.7080099Z","EXP-20260821T235904Z-8fb2a940","scylla","91","30766.18","1775.17","scylla-node3","129.42","4147864666","6442450944","8.64GB / 9.72GB","1.71GB / 9.55GB"
"2026-08-22T01:01:51.7080099Z","EXP-20260821T235904Z-8fb2a940","scylla","91","30766.18","1775.17","scylla-node2","135.37","4145717182","6442450944","8.63GB / 9.63GB","1.68GB / 9.51GB"
"2026-08-22T01:01:51.7080099Z","EXP-20260821T235904Z-8fb2a940","scylla","91","30766.18","1775.17","scylla-node1","130.99","4153233375","6442450944","8.71GB / 10.1GB","1.75GB / 9.42GB"
"2026-08-22T01:02:55.3096284Z","EXP-20260821T235904Z-8fb2a940","scylla","99","30786.63","1754.72","scylla-node3","126.04","4148938408","6442450944","8.81GB / 9.88GB","1.72GB / 9.7GB"
"2026-08-22T01:02:55.3096284Z","EXP-20260821T235904Z-8fb2a940","scylla","99","30786.63","1754.72","scylla-node2","122.31","4146790924","6442450944","8.8GB / 9.78GB","1.68GB / 9.67GB"
"2026-08-22T01:02:55.3096284Z","EXP-20260821T235904Z-8fb2a940","scylla","99","30786.63","1754.72","scylla-node1","132.41","4153233375","6442450944","8.88GB / 10.3GB","1.75GB / 9.57GB"
"2026-08-22T01:03:58.3077439Z","EXP-20260821T235904Z-8fb2a940","scylla","94","30792.99","1748.36","scylla-node3","127.77","4148938408","6442450944","8.98GB / 10GB","1.72GB / 9.86GB"
"2026-08-22T01:03:58.3077439Z","EXP-20260821T235904Z-8fb2a940","scylla","94","30792.99","1748.36","scylla-node2","138.69","4146790924","6442450944","8.97GB / 9.93GB","1.68GB / 9.83GB"
"2026-08-22T01:03:58.3077439Z","EXP-20260821T235904Z-8fb2a940","scylla","94","30792.99","1748.36","scylla-node1","142.07","4153233375","6442450944","9.06GB / 10.4GB","1.75GB / 9.73GB"
"2026-08-22T01:05:01.9176563Z","EXP-20260821T235904Z-8fb2a940","scylla","94","30798.4","1742.95","scylla-node3","127.48","4148938408","6442450944","9.15GB / 10.2GB","1.72GB / 10GB"
"2026-08-22T01:05:01.9176563Z","EXP-20260821T235904Z-8fb2a940","scylla","94","30798.4","1742.95","scylla-node2","152.13","4146790924","6442450944","9.14GB / 10.1GB","1.69GB / 9.99GB"
"2026-08-22T01:05:01.9176563Z","EXP-20260821T235904Z-8fb2a940","scylla","94","30798.4","1742.95","scylla-node1","150.75","4153233375","6442450944","9.23GB / 10.6GB","1.76GB / 9.89GB"
"2026-08-22T01:06:05.4905004Z","EXP-20260821T235904Z-8fb2a940","scylla","93","30802.13","1739.22","scylla-node3","121.36","4148938408","6442450944","9.32GB / 10.3GB","1.74GB / 10.2GB"
"2026-08-22T01:06:05.4905004Z","EXP-20260821T235904Z-8fb2a940","scylla","93","30802.13","1739.22","scylla-node2","144.92","4146790924","6442450944","9.31GB / 10.2GB","1.71GB / 10.2GB"
"2026-08-22T01:06:05.4905004Z","EXP-20260821T235904Z-8fb2a940","scylla","93","30802.13","1739.22","scylla-node1","128.96","4154307117","6442450944","9.4GB / 10.8GB","1.78GB / 10.1GB"
"2026-08-22T01:07:08.3608006Z","EXP-20260821T235904Z-8fb2a940","scylla","93","30745.09","1796.26","scylla-node3","134.38","4148938408","6442450944","9.5GB / 10.5GB","1.75GB / 10.3GB"
"2026-08-22T01:07:08.3608006Z","EXP-20260821T235904Z-8fb2a940","scylla","93","30745.09","1796.26","scylla-node2","130.62","4146790924","6442450944","9.49GB / 10.4GB","1.72GB / 10.3GB"
"2026-08-22T01:07:08.3608006Z","EXP-20260821T235904Z-8fb2a940","scylla","93","30745.09","1796.26","scylla-node1","133.98","4153233375","6442450944","9.58GB / 10.9GB","1.79GB / 10.2GB"
"2026-08-22T01:08:11.9690715Z","EXP-20260821T235904Z-8fb2a940","scylla","88","30756.3","1785.05","scylla-node3","145.11","4148938408","6442450944","9.67GB / 10.7GB","1.77GB / 10.5GB"
"2026-08-22T01:08:11.9690715Z","EXP-20260821T235904Z-8fb2a940","scylla","88","30756.3","1785.05","scylla-node2","123.3","4146790924","6442450944","9.66GB / 10.6GB","1.74GB / 10.5GB"
"2026-08-22T01:08:11.9690715Z","EXP-20260821T235904Z-8fb2a940","scylla","88","30756.3","1785.05","scylla-node1","128.99","4154307117","6442450944","9.75GB / 11.1GB","1.81GB / 10.4GB"
"2026-08-22T01:09:15.5837231Z","EXP-20260821T235904Z-8fb2a940","scylla","97","30784.42","1756.93","scylla-node3","130.61","4148938408","6442450944","9.83GB / 10.8GB","1.79GB / 10.7GB"
"2026-08-22T01:09:15.5837231Z","EXP-20260821T235904Z-8fb2a940","scylla","97","30784.42","1756.93","scylla-node2","133.7","4146790924","6442450944","9.82GB / 10.7GB","1.77GB / 10.7GB"
"2026-08-22T01:09:15.5837231Z","EXP-20260821T235904Z-8fb2a940","scylla","97","30784.42","1756.93","scylla-node1","141.34","4154307117","6442450944","9.92GB / 11.3GB","1.83GB / 10.6GB"
"2026-08-22T01:10:18.4450654Z","EXP-20260821T235904Z-8fb2a940","scylla","94","30735.39","1805.96","scylla-node3","125.71","4148938408","6442450944","9.99GB / 10.9GB","1.82GB / 10.9GB"
"2026-08-22T01:10:18.4450654Z","EXP-20260821T235904Z-8fb2a940","scylla","94","30735.39","1805.96","scylla-node2","143.33","4146790924","6442450944","9.99GB / 10.8GB","1.79GB / 10.8GB"
"2026-08-22T01:10:18.4450654Z","EXP-20260821T235904Z-8fb2a940","scylla","94","30735.39","1805.96","scylla-node1","137.03","4153233375","6442450944","10.1GB / 11.4GB","1.86GB / 10.8GB"
"2026-08-22T01:11:22.1139040Z","EXP-20260821T235904Z-8fb2a940","scylla","93","30790.86","1750.5","scylla-node3","118.46","4148938408","6442450944","10.2GB / 11.1GB","1.86GB / 11.1GB"
"2026-08-22T01:11:22.1139040Z","EXP-20260821T235904Z-8fb2a940","scylla","93","30790.86","1750.5","scylla-node2","145.12","4146790924","6442450944","10.1GB / 11GB","1.82GB / 11GB"
"2026-08-22T01:11:22.1139040Z","EXP-20260821T235904Z-8fb2a940","scylla","93","30790.86","1750.5","scylla-node1","142.7","4153233375","6442450944","10.2GB / 11.6GB","1.89GB / 11GB"
"2026-08-22T01:12:25.7390803Z","EXP-20260821T235904Z-8fb2a940","scylla","97","30787.66","1753.69","scylla-node3","151.81","4148938408","6442450944","10.3GB / 11.2GB","1.88GB / 11.2GB"
"2026-08-22T01:12:25.7390803Z","EXP-20260821T235904Z-8fb2a940","scylla","97","30787.66","1753.69","scylla-node2","120.53","4146790924","6442450944","10.3GB / 11.1GB","1.85GB / 11.2GB"
"2026-08-22T01:12:25.7390803Z","EXP-20260821T235904Z-8fb2a940","scylla","97","30787.66","1753.69","scylla-node1","160.97","4154307117","6442450944","10.4GB / 11.7GB","1.92GB / 11.1GB"
"2026-08-22T01:13:28.5675618Z","EXP-20260821T235904Z-8fb2a940","scylla","90","30751.8","1789.55","scylla-node3","157.49","4148938408","6442450944","10.4GB / 11.3GB","1.9GB / 11.3GB"
"2026-08-22T01:13:28.5675618Z","EXP-20260821T235904Z-8fb2a940","scylla","90","30751.8","1789.55","scylla-node2","151.11","4146790924","6442450944","10.4GB / 11.2GB","1.87GB / 11.3GB"
"2026-08-22T01:13:28.5675618Z","EXP-20260821T235904Z-8fb2a940","scylla","90","30751.8","1789.55","scylla-node1","159.53","4153233375","6442450944","10.5GB / 11.8GB","1.94GB / 11.2GB"
"2026-08-22T01:14:32.1452437Z","EXP-20260821T235904Z-8fb2a940","scylla","90","30774.1","1767.25","scylla-node3","155.03","4148938408","6442450944","10.5GB / 11.4GB","1.9GB / 11.3GB"
"2026-08-22T01:14:32.1452437Z","EXP-20260821T235904Z-8fb2a940","scylla","90","30774.1","1767.25","scylla-node2","145.8","4146790924","6442450944","10.5GB / 11.3GB","1.87GB / 11.3GB"
"2026-08-22T01:14:32.1452437Z","EXP-20260821T235904Z-8fb2a940","scylla","90","30774.1","1767.25","scylla-node1","156.84","4153233375","6442450944","10.6GB / 11.9GB","1.94GB / 11.2GB"
"2026-08-22T01:15:35.6891679Z","EXP-20260821T235904Z-8fb2a940","scylla","63","30826.93","1714.42","scylla-node3","59.65","4150012150","6442450944","10.5GB / 11.5GB","1.9GB / 11.4GB"
"2026-08-22T01:15:35.6891679Z","EXP-20260821T235904Z-8fb2a940","scylla","63","30826.93","1714.42","scylla-node2","58.38","4147864666","6442450944","10.5GB / 11.3GB","1.87GB / 11.4GB"
"2026-08-22T01:15:35.6891679Z","EXP-20260821T235904Z-8fb2a940","scylla","63","30826.93","1714.42","scylla-node1","60.63","4154307117","6442450944","10.6GB / 11.9GB","1.94GB / 11.3GB"
"2026-08-22T01:16:38.5226924Z","EXP-20260821T235904Z-8fb2a940","scylla","51","30823.73","1717.62","scylla-node3","61.83","4150012150","6442450944","10.6GB / 11.5GB","1.9GB / 11.5GB"
"2026-08-22T01:16:38.5226924Z","EXP-20260821T235904Z-8fb2a940","scylla","51","30823.73","1717.62","scylla-node2","62.7","4147864666","6442450944","10.6GB / 11.4GB","1.87GB / 11.4GB"
"2026-08-22T01:16:38.5226924Z","EXP-20260821T235904Z-8fb2a940","scylla","51","30823.73","1717.62","scylla-node1","58.02","4154307117","6442450944","10.7GB / 12GB","1.94GB / 11.4GB"
"2026-08-22T01:17:42.0195270Z","EXP-20260821T235904Z-8fb2a940","scylla","51","30813.4","1727.95","scylla-node3","59.56","4150012150","6442450944","10.7GB / 11.6GB","1.9GB / 11.5GB"
"2026-08-22T01:17:42.0195270Z","EXP-20260821T235904Z-8fb2a940","scylla","51","30813.4","1727.95","scylla-node2","62.21","4147864666","6442450944","10.7GB / 11.5GB","1.87GB / 11.5GB"
"2026-08-22T01:17:42.0195270Z","EXP-20260821T235904Z-8fb2a940","scylla","51","30813.4","1727.95","scylla-node1","61.18","4154307117","6442450944","10.8GB / 12.1GB","1.94GB / 11.4GB"
"2026-08-22T01:18:45.5269385Z","EXP-20260821T235904Z-8fb2a940","scylla","71","30836.62","1704.73","scylla-node3","54.18","4150012150","6442450944","10.7GB / 11.6GB","1.9GB / 11.5GB"
"2026-08-22T01:18:45.5269385Z","EXP-20260821T235904Z-8fb2a940","scylla","71","30836.62","1704.73","scylla-node2","54.5","4147864666","6442450944","10.7GB / 11.5GB","1.87GB / 11.5GB"
"2026-08-22T01:18:45.5269385Z","EXP-20260821T235904Z-8fb2a940","scylla","71","30836.62","1704.73","scylla-node1","55.58","4154307117","6442450944","10.8GB / 12.1GB","1.94GB / 11.5GB"
"2026-08-22T01:19:48.6587079Z","EXP-20260821T235904Z-8fb2a940","scylla","62","30843.24","1698.11","scylla-node3","62.05","4150012150","6442450944","10.8GB / 11.7GB","1.9GB / 11.6GB"
"2026-08-22T01:19:48.6587079Z","EXP-20260821T235904Z-8fb2a940","scylla","62","30843.24","1698.11","scylla-node2","63.32","4147864666","6442450944","10.8GB / 11.6GB","1.87GB / 11.6GB"
"2026-08-22T01:19:48.6587079Z","EXP-20260821T235904Z-8fb2a940","scylla","62","30843.24","1698.11","scylla-node1","57.9","4154307117","6442450944","10.9GB / 12.2GB","1.94GB / 11.5GB"
"2026-08-22T01:20:52.1526502Z","EXP-20260821T235904Z-8fb2a940","scylla","65","30798.04","1743.31","scylla-node3","61.8","4148938408","6442450944","10.9GB / 11.8GB","1.9GB / 11.6GB"
"2026-08-22T01:20:52.1526502Z","EXP-20260821T235904Z-8fb2a940","scylla","65","30798.04","1743.31","scylla-node2","72.49","4147864666","6442450944","10.9GB / 11.6GB","1.87GB / 11.6GB"
"2026-08-22T01:20:52.1526502Z","EXP-20260821T235904Z-8fb2a940","scylla","65","30798.04","1743.31","scylla-node1","77.14","4154307117","6442450944","11GB / 12.2GB","1.94GB / 11.5GB"
"2026-08-22T01:21:55.6504367Z","EXP-20260821T235904Z-8fb2a940","scylla","64","30829.3","1712.05","scylla-node3","59.67","4150012150","6442450944","10.9GB / 11.8GB","1.9GB / 11.7GB"
"2026-08-22T01:21:55.6504367Z","EXP-20260821T235904Z-8fb2a940","scylla","64","30829.3","1712.05","scylla-node2","59.41","4148938408","6442450944","10.9GB / 11.7GB","1.87GB / 11.6GB"
"2026-08-22T01:21:55.6504367Z","EXP-20260821T235904Z-8fb2a940","scylla","64","30829.3","1712.05","scylla-node1","61.81","4154307117","6442450944","11GB / 12.3GB","1.94GB / 11.6GB"
"2026-08-22T01:22:58.8551780Z","EXP-20260821T235904Z-8fb2a940","scylla","68","30824.24","1717.11","scylla-node3","58.12","4150012150","6442450944","11GB / 11.9GB","1.9GB / 11.7GB"
"2026-08-22T01:22:58.8551780Z","EXP-20260821T235904Z-8fb2a940","scylla","68","30824.24","1717.11","scylla-node2","58.03","4147864666","6442450944","11GB / 11.8GB","1.87GB / 11.7GB"
"2026-08-22T01:22:58.8551780Z","EXP-20260821T235904Z-8fb2a940","scylla","68","30824.24","1717.11","scylla-node1","58.8","4154307117","6442450944","11.1GB / 12.4GB","1.94GB / 11.6GB"
"2026-08-22T01:24:02.3428377Z","EXP-20260821T235904Z-8fb2a940","scylla","50","30824.92","1716.43","scylla-node3","59.25","4150012150","6442450944","11.1GB / 11.9GB","1.9GB / 11.8GB"
"2026-08-22T01:24:02.3428377Z","EXP-20260821T235904Z-8fb2a940","scylla","50","30824.92","1716.43","scylla-node2","59.1","4147864666","6442450944","11GB / 11.8GB","1.87GB / 11.7GB"
"2026-08-22T01:24:02.3428377Z","EXP-20260821T235904Z-8fb2a940","scylla","50","30824.92","1716.43","scylla-node1","60.86","4154307117","6442450944","11.1GB / 12.4GB","1.94GB / 11.7GB"
"2026-08-22T01:28:15.2546987Z","EXP-20260822T012730Z-82fe66af","cassandra","71","24691.53","7849.82","cassandra-node2","94.97","2717640557","6442450944","4.25MB / 3.76MB","4.1kB / 70.4MB"
"2026-08-22T01:28:15.2546987Z","EXP-20260822T012730Z-82fe66af","cassandra","71","24691.53","7849.82","cassandra-node3","84.13","2712271847","6442450944","4.28MB / 3.81MB","0B / 70.3MB"
"2026-08-22T01:28:15.2546987Z","EXP-20260822T012730Z-82fe66af","cassandra","71","24691.53","7849.82","cassandra-node1","87.51","2710124364","6442450944","4.46MB / 4.06MB","0B / 70.9MB"
"2026-08-22T01:29:18.7707780Z","EXP-20260822T012730Z-82fe66af","cassandra","61","24688.62","7852.73","cassandra-node2","84.17","2717640557","6442450944","10.8MB / 9.58MB","4.1kB / 73.6MB"
"2026-08-22T01:29:18.7707780Z","EXP-20260822T012730Z-82fe66af","cassandra","61","24688.62","7852.73","cassandra-node3","81.24","2706903138","6442450944","10.9MB / 9.61MB","0B / 73.5MB"
"2026-08-22T01:29:18.7707780Z","EXP-20260822T012730Z-82fe66af","cassandra","61","24688.62","7852.73","cassandra-node1","84.12","2707976880","6442450944","10.9MB / 9.72MB","0B / 74.1MB"
"2026-08-22T01:30:22.2781577Z","EXP-20260822T012730Z-82fe66af","cassandra","76","24837.72","7703.63","cassandra-node2","83.28","2714419331","6442450944","17.7MB / 15.6MB","4.1kB / 77.5MB"
"2026-08-22T01:30:22.2781577Z","EXP-20260822T012730Z-82fe66af","cassandra","76","24837.72","7703.63","cassandra-node3","80.91","2702608171","6442450944","17.8MB / 15.7MB","0B / 77.2MB"
"2026-08-22T01:30:22.2781577Z","EXP-20260822T012730Z-82fe66af","cassandra","76","24837.72","7703.63","cassandra-node1","85.33","2710124364","6442450944","17.9MB / 15.9MB","0B / 78MB"
"2026-08-22T01:31:25.5353911Z","EXP-20260822T012730Z-82fe66af","cassandra","70","24830.85","7710.5","cassandra-node2","137","2717640557","6442450944","24.7MB / 21.8MB","4.1kB / 81MB"
"2026-08-22T01:31:25.5353911Z","EXP-20260822T012730Z-82fe66af","cassandra","70","24830.85","7710.5","cassandra-node3","80.45","2706903138","6442450944","24.9MB / 21.8MB","0B / 80.7MB"
"2026-08-22T01:31:25.5353911Z","EXP-20260822T012730Z-82fe66af","cassandra","70","24830.85","7710.5","cassandra-node1","86.69","2710124364","6442450944","24.8MB / 22.2MB","0B / 81.5MB"
"2026-08-22T01:32:29.0854906Z","EXP-20260822T012730Z-82fe66af","cassandra","99","24825.97","7715.38","cassandra-node2","172.01","2716566815","6442450944","49.4MB / 40.1MB","4.1kB / 91.3MB"
"2026-08-22T01:32:29.0854906Z","EXP-20260822T012730Z-82fe66af","cassandra","99","24825.97","7715.38","cassandra-node3","175.08","2720861782","6442450944","47.6MB / 41.3MB","0B / 94.3MB"
"2026-08-22T01:32:29.0854906Z","EXP-20260822T012730Z-82fe66af","cassandra","99","24825.97","7715.38","cassandra-node1","178.89","2717640557","6442450944","48.2MB / 40.9MB","0B / 92.7MB"
"2026-08-22T01:33:32.8152981Z","EXP-20260822T012730Z-82fe66af","cassandra","100","24839.36","7701.99","cassandra-node2","209.03","2739115393","6442450944","97.3MB / 74.4MB","4.1kB / 120MB"
"2026-08-22T01:33:32.8152981Z","EXP-20260822T012730Z-82fe66af","cassandra","100","24839.36","7701.99","cassandra-node3","199.55","2727304233","6442450944","91.2MB / 79.1MB","0B / 120MB"
"2026-08-22T01:33:32.8152981Z","EXP-20260822T012730Z-82fe66af","cassandra","100","24839.36","7701.99","cassandra-node1","206.14","2736967909","6442450944","96MB / 78.3MB","0B / 121MB"
"2026-08-22T01:34:35.8339739Z","EXP-20260822T012730Z-82fe66af","cassandra","99","24828.84","7712.51","cassandra-node2","197.35","2724083007","6442450944","145MB / 108MB","4.1kB / 159MB"
"2026-08-22T01:34:35.8339739Z","EXP-20260822T012730Z-82fe66af","cassandra","99","24828.84","7712.51","cassandra-node3","188.06","2720861782","6442450944","135MB / 117MB","0B / 159MB"
"2026-08-22T01:34:35.8339739Z","EXP-20260822T012730Z-82fe66af","cassandra","99","24828.84","7712.51","cassandra-node1","180.84","2718714298","6442450944","142MB / 115MB","0B / 160MB"
"2026-08-22T01:35:39.4951417Z","EXP-20260822T012730Z-82fe66af","cassandra","96","24828.91","7712.44","cassandra-node2","182.46","2719788040","6442450944","193MB / 142MB","4.1kB / 202MB"
"2026-08-22T01:35:39.4951417Z","EXP-20260822T012730Z-82fe66af","cassandra","96","24828.91","7712.44","cassandra-node3","168.75","2719788040","6442450944","179MB / 155MB","0B / 202MB"
"2026-08-22T01:35:39.4951417Z","EXP-20260822T012730Z-82fe66af","cassandra","96","24828.91","7712.44","cassandra-node1","168.53","2723009266","6442450944","191MB / 152MB","0B / 203MB"
"2026-08-22T01:36:43.0664991Z","EXP-20260822T012730Z-82fe66af","cassandra","91","24793.44","7747.91","cassandra-node2","188.43","2721935524","6442450944","241MB / 177MB","4.1kB / 242MB"
"2026-08-22T01:36:43.0664991Z","EXP-20260822T012730Z-82fe66af","cassandra","91","24793.44","7747.91","cassandra-node3","188.28","2713345589","6442450944","222MB / 193MB","0B / 240MB"
"2026-08-22T01:36:43.0664991Z","EXP-20260822T012730Z-82fe66af","cassandra","91","24793.44","7747.91","cassandra-node1","190.18","2719788040","6442450944","238MB / 189MB","0B / 241MB"
"2026-08-22T01:37:45.7768433Z","EXP-20260822T012730Z-82fe66af","cassandra","93","24796.75","7744.6","cassandra-node2","181.41","2721935524","6442450944","289MB / 211MB","4.1kB / 269MB"
"2026-08-22T01:37:45.7768433Z","EXP-20260822T012730Z-82fe66af","cassandra","93","24796.75","7744.6","cassandra-node3","214.7","2717640557","6442450944","266MB / 231MB","0B / 269MB"
"2026-08-22T01:37:45.7768433Z","EXP-20260822T012730Z-82fe66af","cassandra","93","24796.75","7744.6","cassandra-node1","176.45","2719788040","6442450944","286MB / 227MB","0B / 270MB"
"2026-08-22T01:38:49.4680375Z","EXP-20260822T012730Z-82fe66af","cassandra","97","24788.92","7752.43","cassandra-node2","175.79","2723009266","6442450944","338MB / 246MB","4.1kB / 308MB"
"2026-08-22T01:38:49.4680375Z","EXP-20260822T012730Z-82fe66af","cassandra","97","24788.92","7752.43","cassandra-node3","174.76","2721935524","6442450944","311MB / 270MB","0B / 309MB"
"2026-08-22T01:38:49.4680375Z","EXP-20260822T012730Z-82fe66af","cassandra","97","24788.92","7752.43","cassandra-node1","186.12","2735894168","6442450944","333MB / 264MB","0B / 308MB"
"2026-08-22T01:39:53.1287349Z","EXP-20260822T012730Z-82fe66af","cassandra","96","24804.68","7736.67","cassandra-node2","189.21","2723009266","6442450944","387MB / 281MB","4.1kB / 338MB"
"2026-08-22T01:39:53.1287349Z","EXP-20260822T012730Z-82fe66af","cassandra","96","24804.68","7736.67","cassandra-node3","184.16","2711198106","6442450944","355MB / 308MB","0B / 337MB"
"2026-08-22T01:39:53.1287349Z","EXP-20260822T012730Z-82fe66af","cassandra","96","24804.68","7736.67","cassandra-node1","183.74","2720861782","6442450944","381MB / 302MB","0B / 338MB"
"2026-08-22T01:40:56.0792226Z","EXP-20260822T012730Z-82fe66af","cassandra","99","24784.52","7756.84","cassandra-node2","183.19","2724083007","6442450944","436MB / 315MB","4.1kB / 376MB"
"2026-08-22T01:40:56.0792226Z","EXP-20260822T012730Z-82fe66af","cassandra","99","24784.52","7756.84","cassandra-node3","185.55","2711198106","6442450944","400MB / 347MB","0B / 376MB"
"2026-08-22T01:40:56.0792226Z","EXP-20260822T012730Z-82fe66af","cassandra","99","24784.52","7756.84","cassandra-node1","190.39","2720861782","6442450944","429MB / 339MB","0B / 376MB"
"2026-08-22T01:41:59.8016654Z","EXP-20260822T012730Z-82fe66af","cassandra","96","24786.04","7755.31","cassandra-node2","176.77","2724083007","6442450944","485MB / 350MB","4.1kB / 418MB"
"2026-08-22T01:41:59.8016654Z","EXP-20260822T012730Z-82fe66af","cassandra","96","24786.04","7755.31","cassandra-node3","176.39","2712271847","6442450944","444MB / 386MB","0B / 418MB"
"2026-08-22T01:41:59.8016654Z","EXP-20260822T012730Z-82fe66af","cassandra","96","24786.04","7755.31","cassandra-node1","179.13","2721935524","6442450944","477MB / 376MB","0B / 418MB"
"2026-08-22T01:43:03.4816619Z","EXP-20260822T012730Z-82fe66af","cassandra","99","24852.58","7688.77","cassandra-node2","179.02","2725156749","6442450944","533MB / 384MB","4.1kB / 457MB"
"2026-08-22T01:43:03.4816619Z","EXP-20260822T012730Z-82fe66af","cassandra","99","24852.58","7688.77","cassandra-node3","182.93","2713345589","6442450944","488MB / 424MB","0B / 457MB"
"2026-08-22T01:43:03.4816619Z","EXP-20260822T012730Z-82fe66af","cassandra","99","24852.58","7688.77","cassandra-node1","190.45","2723009266","6442450944","525MB / 414MB","0B / 457MB"
"2026-08-22T01:44:06.1471283Z","EXP-20260822T012730Z-82fe66af","cassandra","97","24918.09","7623.26","cassandra-node2","181.61","2726230491","6442450944","582MB / 419MB","4.1kB / 486MB"
"2026-08-22T01:44:06.1471283Z","EXP-20260822T012730Z-82fe66af","cassandra","97","24918.09","7623.26","cassandra-node3","190.71","2714419331","6442450944","533MB / 463MB","0B / 486MB"
"2026-08-22T01:44:06.1471283Z","EXP-20260822T012730Z-82fe66af","cassandra","97","24918.09","7623.26","cassandra-node1","188.25","2723009266","6442450944","573MB / 452MB","0B / 487MB"
"2026-08-22T01:45:09.7831567Z","EXP-20260822T012730Z-82fe66af","cassandra","99","24998.44","7542.91","cassandra-node2","184.86","2726230491","6442450944","629MB / 452MB","4.1kB / 525MB"
"2026-08-22T01:45:09.7831567Z","EXP-20260822T012730Z-82fe66af","cassandra","99","24998.44","7542.91","cassandra-node3","165.46","2714419331","6442450944","577MB / 501MB","0B / 525MB"
"2026-08-22T01:45:09.7831567Z","EXP-20260822T012730Z-82fe66af","cassandra","99","24998.44","7542.91","cassandra-node1","171.47","2725156749","6442450944","621MB / 490MB","0B / 525MB"
"2026-08-22T01:46:13.4727025Z","EXP-20260822T012730Z-82fe66af","cassandra","99","25098.38","7442.98","cassandra-node2","184.73","2727304233","6442450944","677MB / 486MB","4.1kB / 566MB"
"2026-08-22T01:46:13.4727025Z","EXP-20260822T012730Z-82fe66af","cassandra","99","25098.38","7442.98","cassandra-node3","185.99","2715493073","6442450944","620MB / 538MB","0B / 566MB"
"2026-08-22T01:46:13.4727025Z","EXP-20260822T012730Z-82fe66af","cassandra","99","25098.38","7442.98","cassandra-node1","192.87","2726230491","6442450944","668MB / 527MB","0B / 566MB"
"2026-08-22T01:47:16.2248139Z","EXP-20260822T012730Z-82fe66af","cassandra","99","25087.6","7453.75","cassandra-node2","187.65","2727304233","6442450944","727MB / 522MB","4.1kB / 595MB"
"2026-08-22T01:47:16.2248139Z","EXP-20260822T012730Z-82fe66af","cassandra","99","25087.6","7453.75","cassandra-node3","186.16","2715493073","6442450944","666MB / 578MB","0B / 595MB"
"2026-08-22T01:47:16.2248139Z","EXP-20260822T012730Z-82fe66af","cassandra","99","25087.6","7453.75","cassandra-node1","187.41","2727304233","6442450944","716MB / 564MB","0B / 595MB"
"2026-08-22T01:48:19.8775621Z","EXP-20260822T012730Z-82fe66af","cassandra","100","25207.88","7333.48","cassandra-node2","175.2","2729451717","6442450944","777MB / 557MB","4.1kB / 636MB"
"2026-08-22T01:48:19.8775621Z","EXP-20260822T012730Z-82fe66af","cassandra","100","25207.88","7333.48","cassandra-node3","169.15","2716566815","6442450944","711MB / 618MB","0B / 636MB"
"2026-08-22T01:48:19.8775621Z","EXP-20260822T012730Z-82fe66af","cassandra","100","25207.88","7333.48","cassandra-node1","181.06","2729451717","6442450944","765MB / 602MB","0B / 635MB"
"2026-08-22T01:49:23.5209039Z","EXP-20260822T012730Z-82fe66af","cassandra","99","25286.37","7254.98","cassandra-node2","183.04","2729451717","6442450944","825MB / 592MB","4.1kB / 678MB"
"2026-08-22T01:49:23.5209039Z","EXP-20260822T012730Z-82fe66af","cassandra","99","25286.37","7254.98","cassandra-node3","188.88","2716566815","6442450944","755MB / 656MB","0B / 678MB"
"2026-08-22T01:49:23.5209039Z","EXP-20260822T012730Z-82fe66af","cassandra","99","25286.37","7254.98","cassandra-node1","189.17","2727304233","6442450944","813MB / 640MB","0B / 678MB"
"2026-08-22T01:50:26.4255197Z","EXP-20260822T012730Z-82fe66af","cassandra","99","25265.12","7276.23","cassandra-node2","1.31","2729451717","6442450944","873MB / 626MB","4.1kB / 703MB"
"2026-08-22T01:50:26.4255197Z","EXP-20260822T012730Z-82fe66af","cassandra","99","25265.12","7276.23","cassandra-node3","1.29","2716566815","6442450944","799MB / 694MB","0B / 703MB"
"2026-08-22T01:50:26.4255197Z","EXP-20260822T012730Z-82fe66af","cassandra","99","25265.12","7276.23","cassandra-node1","52.03","2727304233","6442450944","861MB / 678MB","0B / 703MB"
"2026-08-22T01:51:29.9756456Z","EXP-20260822T012730Z-82fe66af","cassandra","100","28802.92","3738.43","cassandra-node2","178.59","2729451717","6442450944","879MB / 630MB","4.1kB / 720MB"
"2026-08-22T01:51:29.9756456Z","EXP-20260822T012730Z-82fe66af","cassandra","100","28802.92","3738.43","cassandra-node3","177.6","2718714298","6442450944","804MB / 699MB","0B / 720MB"
"2026-08-22T01:51:29.9756456Z","EXP-20260822T012730Z-82fe66af","cassandra","100","28802.92","3738.43","cassandra-node1","189.84","2727304233","6442450944","865MB / 681MB","0B / 717MB"
"2026-08-22T01:52:33.7374460Z","EXP-20260822T012730Z-82fe66af","cassandra","99","28840.26","3701.09","cassandra-node2","177.9","2729451717","6442450944","929MB / 665MB","4.1kB / 745MB"
"2026-08-22T01:52:33.7374460Z","EXP-20260822T012730Z-82fe66af","cassandra","99","28840.26","3701.09","cassandra-node3","181.52","2718714298","6442450944","850MB / 739MB","0B / 745MB"
"2026-08-22T01:52:33.7374460Z","EXP-20260822T012730Z-82fe66af","cassandra","99","28840.26","3701.09","cassandra-node1","187.3","2727304233","6442450944","915MB / 720MB","0B / 744MB"
"2026-08-22T01:53:36.5223806Z","EXP-20260822T012730Z-82fe66af","cassandra","93","28967.6","3573.75","cassandra-node2","187.45","2732672942","6442450944","979MB / 701MB","4.1kB / 787MB"
"2026-08-22T01:53:36.5223806Z","EXP-20260822T012730Z-82fe66af","cassandra","93","28967.6","3573.75","cassandra-node3","188.88","2720861782","6442450944","895MB / 778MB","0B / 787MB"
"2026-08-22T01:53:36.5223806Z","EXP-20260822T012730Z-82fe66af","cassandra","93","28967.6","3573.75","cassandra-node1","182.74","2729451717","6442450944","963MB / 758MB","0B / 787MB"
"2026-08-22T01:54:40.1684296Z","EXP-20260822T012730Z-82fe66af","cassandra","100","29096.96","3444.39","cassandra-node2","183.1","2730525458","6442450944","1.03GB / 735MB","4.1kB / 830MB"
"2026-08-22T01:54:40.1684296Z","EXP-20260822T012730Z-82fe66af","cassandra","100","29096.96","3444.39","cassandra-node3","175.21","2720861782","6442450944","941MB / 818MB","0B / 830MB"
"2026-08-22T01:54:40.1684296Z","EXP-20260822T012730Z-82fe66af","cassandra","100","29096.96","3444.39","cassandra-node1","178.13","2735894168","6442450944","1.01GB / 797MB","0B / 830MB"
"2026-08-22T01:55:43.7900640Z","EXP-20260822T012730Z-82fe66af","cassandra","100","29033.48","3507.88","cassandra-node2","186.93","2731599200","6442450944","1.08GB / 770MB","4.1kB / 858MB"
"2026-08-22T01:55:43.7900640Z","EXP-20260822T012730Z-82fe66af","cassandra","100","29033.48","3507.88","cassandra-node3","175.14","2719788040","6442450944","985MB / 856MB","0B / 860MB"
"2026-08-22T01:55:43.7900640Z","EXP-20260822T012730Z-82fe66af","cassandra","100","29033.48","3507.88","cassandra-node1","175.56","2735894168","6442450944","1.06GB / 835MB","0B / 857MB"
"2026-08-22T01:56:46.6069904Z","EXP-20260822T012730Z-82fe66af","cassandra","100","28972.35","3569","cassandra-node2","188.51","2730525458","6442450944","1.13GB / 806MB","4.1kB / 900MB"
"2026-08-22T01:56:46.6069904Z","EXP-20260822T012730Z-82fe66af","cassandra","100","28972.35","3569","cassandra-node3","187.76","2719788040","6442450944","1.03GB / 896MB","0B / 900MB"
"2026-08-22T01:56:46.6069904Z","EXP-20260822T012730Z-82fe66af","cassandra","100","28972.35","3569","cassandra-node1","185.48","2735894168","6442450944","1.11GB / 873MB","0B / 900MB"
"2026-08-22T01:57:50.2439612Z","EXP-20260822T012730Z-82fe66af","cassandra","93","29088.24","3453.11","cassandra-node2","202.09","2740189135","6442450944","1.18GB / 840MB","4.1kB / 943MB"
"2026-08-22T01:57:50.2439612Z","EXP-20260822T012730Z-82fe66af","cassandra","93","29088.24","3453.11","cassandra-node3","200.24","2728377975","6442450944","1.07GB / 934MB","0B / 943MB"
"2026-08-22T01:57:50.2439612Z","EXP-20260822T012730Z-82fe66af","cassandra","93","29088.24","3453.11","cassandra-node1","208.81","2739115393","6442450944","1.16GB / 911MB","0B / 942MB"
"2026-08-22T01:58:53.8568216Z","EXP-20260822T012730Z-82fe66af","cassandra","99","29174.62","3366.73","cassandra-node2","175.13","2739115393","6442450944","1.22GB / 875MB","4.1kB / 1.02GB"
"2026-08-22T01:58:53.8568216Z","EXP-20260822T012730Z-82fe66af","cassandra","99","29174.62","3366.73","cassandra-node3","186.79","2721935524","6442450944","1.12GB / 973MB","0B / 1.02GB"
"2026-08-22T01:58:53.8568216Z","EXP-20260822T012730Z-82fe66af","cassandra","99","29174.62","3366.73","cassandra-node1","187.95","2741262877","6442450944","1.21GB / 949MB","0B / 1.02GB"
"2026-08-22T01:59:56.7690469Z","EXP-20260822T012730Z-82fe66af","cassandra","94","29283.75","3257.61","cassandra-node2","185.09","2739115393","6442450944","1.27GB / 909MB","4.1kB / 1.06GB"
"2026-08-22T01:59:56.7690469Z","EXP-20260822T012730Z-82fe66af","cassandra","94","29283.75","3257.61","cassandra-node3","186.19","2724083007","6442450944","1.16GB / 1.01GB","0B / 1.06GB"
"2026-08-22T01:59:56.7690469Z","EXP-20260822T012730Z-82fe66af","cassandra","94","29283.75","3257.61","cassandra-node1","185.17","2742336618","6442450944","1.25GB / 987MB","0B / 1.06GB"
"2026-08-22T02:01:00.4632306Z","EXP-20260822T012730Z-82fe66af","cassandra","94","29421.44","3119.91","cassandra-node2","172.76","2735894168","6442450944","1.32GB / 945MB","4.1kB / 1.11GB"
"2026-08-22T02:01:00.4632306Z","EXP-20260822T012730Z-82fe66af","cassandra","94","29421.44","3119.91","cassandra-node3","172.56","2724083007","6442450944","1.21GB / 1.05GB","0B / 1.1GB"
"2026-08-22T02:01:00.4632306Z","EXP-20260822T012730Z-82fe66af","cassandra","94","29421.44","3119.91","cassandra-node1","177.46","2743410360","6442450944","1.3GB / 1.02GB","0B / 1.11GB"
"2026-08-22T02:02:04.1334431Z","EXP-20260822T012730Z-82fe66af","cassandra","96","29445.79","3095.56","cassandra-node2","180.51","2734820426","6442450944","1.37GB / 981MB","4.1kB / 1.14GB"
"2026-08-22T02:02:04.1334431Z","EXP-20260822T012730Z-82fe66af","cassandra","96","29445.79","3095.56","cassandra-node3","179.95","2725156749","6442450944","1.26GB / 1.09GB","0B / 1.13GB"
"2026-08-22T02:02:04.1334431Z","EXP-20260822T012730Z-82fe66af","cassandra","96","29445.79","3095.56","cassandra-node1","185.75","2733746684","6442450944","1.35GB / 1.06GB","0B / 1.13GB"
"2026-08-22T02:03:06.8593378Z","EXP-20260822T012730Z-82fe66af","cassandra","91","29426.99","3114.36","cassandra-node2","186.25","2735894168","6442450944","1.42GB / 1.02GB","4.1kB / 1.18GB"
"2026-08-22T02:03:06.8593378Z","EXP-20260822T012730Z-82fe66af","cassandra","91","29426.99","3114.36","cassandra-node3","189.37","2725156749","6442450944","1.3GB / 1.13GB","0B / 1.18GB"
"2026-08-22T02:03:06.8593378Z","EXP-20260822T012730Z-82fe66af","cassandra","91","29426.99","3114.36","cassandra-node1","186.91","2734820426","6442450944","1.4GB / 1.1GB","0B / 1.18GB"
"2026-08-22T02:04:10.5033606Z","EXP-20260822T012730Z-82fe66af","cassandra","99","29546.21","2995.14","cassandra-node2","192.46","2736967909","6442450944","1.47GB / 1.05GB","4.1kB / 1.22GB"
"2026-08-22T02:04:10.5033606Z","EXP-20260822T012730Z-82fe66af","cassandra","99","29546.21","2995.14","cassandra-node3","208.73","2734820426","6442450944","1.35GB / 1.17GB","0B / 1.22GB"
"2026-08-22T02:04:10.5033606Z","EXP-20260822T012730Z-82fe66af","cassandra","99","29546.21","2995.14","cassandra-node1","195.09","2742336618","6442450944","1.45GB / 1.14GB","0B / 1.22GB"
"2026-08-22T02:05:14.1194778Z","EXP-20260822T012730Z-82fe66af","cassandra","97","29548.46","2992.89","cassandra-node2","177.21","2738041651","6442450944","1.52GB / 1.09GB","4.1kB / 1.3GB"
"2026-08-22T02:05:14.1194778Z","EXP-20260822T012730Z-82fe66af","cassandra","97","29548.46","2992.89","cassandra-node3","187.98","2736967909","6442450944","1.39GB / 1.21GB","0B / 1.3GB"
"2026-08-22T02:05:14.1194778Z","EXP-20260822T012730Z-82fe66af","cassandra","97","29548.46","2992.89","cassandra-node1","181.54","2736967909","6442450944","1.5GB / 1.18GB","0B / 1.3GB"
"2026-08-22T02:06:17.0270235Z","EXP-20260822T012730Z-82fe66af","cassandra","96","29665.77","2875.58","cassandra-node2","180.44","2739115393","6442450944","1.57GB / 1.12GB","4.1kB / 1.34GB"
"2026-08-22T02:06:17.0270235Z","EXP-20260822T012730Z-82fe66af","cassandra","96","29665.77","2875.58","cassandra-node3","185.75","2736967909","6442450944","1.44GB / 1.25GB","0B / 1.34GB"
"2026-08-22T02:06:17.0270235Z","EXP-20260822T012730Z-82fe66af","cassandra","96","29665.77","2875.58","cassandra-node1","189.4","2739115393","6442450944","1.55GB / 1.22GB","0B / 1.34GB"
"2026-08-22T02:07:20.6669704Z","EXP-20260822T012730Z-82fe66af","cassandra","99","29751.04","2790.31","cassandra-node2","207.86","2740189135","6442450944","1.62GB / 1.16GB","4.1kB / 1.38GB"
"2026-08-22T02:07:20.6669704Z","EXP-20260822T012730Z-82fe66af","cassandra","99","29751.04","2790.31","cassandra-node3","204.85","2739115393","6442450944","1.48GB / 1.29GB","0B / 1.37GB"
"2026-08-22T02:07:20.6669704Z","EXP-20260822T012730Z-82fe66af","cassandra","99","29751.04","2790.31","cassandra-node1","172.81","2739115393","6442450944","1.6GB / 1.26GB","0B / 1.38GB"
"2026-08-22T02:08:24.2879297Z","EXP-20260822T012730Z-82fe66af","cassandra","97","29798.65","2742.7","cassandra-node2","181.1","2740189135","6442450944","1.67GB / 1.19GB","4.1kB / 1.41GB"
"2026-08-22T02:08:24.2879297Z","EXP-20260822T012730Z-82fe66af","cassandra","97","29798.65","2742.7","cassandra-node3","182.82","2732672942","6442450944","1.53GB / 1.33GB","0B / 1.41GB"
"2026-08-22T02:08:24.2879297Z","EXP-20260822T012730Z-82fe66af","cassandra","97","29798.65","2742.7","cassandra-node1","185.49","2738041651","6442450944","1.64GB / 1.29GB","0B / 1.41GB"
"2026-08-22T02:09:27.0581649Z","EXP-20260822T012730Z-82fe66af","cassandra","97","29866.69","2674.66","cassandra-node2","183.75","2741262877","6442450944","1.72GB / 1.23GB","4.1kB / 1.45GB"
"2026-08-22T02:09:27.0581649Z","EXP-20260822T012730Z-82fe66af","cassandra","97","29866.69","2674.66","cassandra-node3","187.1","2733746684","6442450944","1.57GB / 1.37GB","0B / 1.45GB"
"2026-08-22T02:09:27.0581649Z","EXP-20260822T012730Z-82fe66af","cassandra","97","29866.69","2674.66","cassandra-node1","185.97","2739115393","6442450944","1.69GB / 1.33GB","0B / 1.45GB"
"2026-08-22T02:10:30.6891044Z","EXP-20260822T012730Z-82fe66af","cassandra","97","29895.97","2645.38","cassandra-node2","166.6","2741262877","6442450944","1.77GB / 1.26GB","4.1kB / 1.48GB"
"2026-08-22T02:10:30.6891044Z","EXP-20260822T012730Z-82fe66af","cassandra","97","29895.97","2645.38","cassandra-node3","174.96","2733746684","6442450944","1.61GB / 1.4GB","0B / 1.48GB"
"2026-08-22T02:10:30.6891044Z","EXP-20260822T012730Z-82fe66af","cassandra","97","29895.97","2645.38","cassandra-node1","178.15","2742336618","6442450944","1.74GB / 1.37GB","0B / 1.48GB"
"2026-08-22T02:11:34.3503625Z","EXP-20260822T012730Z-82fe66af","cassandra","100","29954.77","2586.58","cassandra-node2","180.75","2742336618","6442450944","1.82GB / 1.3GB","4.1kB / 1.57GB"
"2026-08-22T02:11:34.3503625Z","EXP-20260822T012730Z-82fe66af","cassandra","100","29954.77","2586.58","cassandra-node3","177.79","2731599200","6442450944","1.66GB / 1.44GB","0B / 1.57GB"
"2026-08-22T02:11:34.3503625Z","EXP-20260822T012730Z-82fe66af","cassandra","100","29954.77","2586.58","cassandra-node1","183.38","2742336618","6442450944","1.79GB / 1.41GB","0B / 1.57GB"
"2026-08-22T02:12:37.2484379Z","EXP-20260822T012730Z-82fe66af","cassandra","97","30026.1","2515.25","cassandra-node2","175.75","2742336618","6442450944","1.87GB / 1.33GB","4.1kB / 1.61GB"
"2026-08-22T02:12:37.2484379Z","EXP-20260822T012730Z-82fe66af","cassandra","97","30026.1","2515.25","cassandra-node3","178.68","2731599200","6442450944","1.7GB / 1.48GB","0B / 1.61GB"
"2026-08-22T02:12:37.2484379Z","EXP-20260822T012730Z-82fe66af","cassandra","97","30026.1","2515.25","cassandra-node1","184.16","2744484102","6442450944","1.84GB / 1.44GB","0B / 1.61GB"
"2026-08-22T02:13:40.9073338Z","EXP-20260822T012730Z-82fe66af","cassandra","100","30115.11","2426.25","cassandra-node2","188.68","2743410360","6442450944","1.92GB / 1.37GB","4.1kB / 1.65GB"
"2026-08-22T02:13:40.9073338Z","EXP-20260822T012730Z-82fe66af","cassandra","100","30115.11","2426.25","cassandra-node3","177.23","2732672942","6442450944","1.75GB / 1.52GB","0B / 1.65GB"
"2026-08-22T02:13:40.9073338Z","EXP-20260822T012730Z-82fe66af","cassandra","100","30115.11","2426.25","cassandra-node1","178.19","2743410360","6442450944","1.89GB / 1.48GB","0B / 1.64GB"
"2026-08-22T02:14:44.5527308Z","EXP-20260822T012730Z-82fe66af","cassandra","99","30258.27","2283.09","cassandra-node2","185.63","2744484102","6442450944","1.97GB / 1.4GB","4.1kB / 1.68GB"
"2026-08-22T02:14:44.5527308Z","EXP-20260822T012730Z-82fe66af","cassandra","99","30258.27","2283.09","cassandra-node3","182.98","2733746684","6442450944","1.8GB / 1.56GB","0B / 1.68GB"
"2026-08-22T02:14:44.5527308Z","EXP-20260822T012730Z-82fe66af","cassandra","99","30258.27","2283.09","cassandra-node1","183.44","2742336618","6442450944","1.94GB / 1.52GB","0B / 1.68GB"
"2026-08-22T02:15:47.3212619Z","EXP-20260822T012730Z-82fe66af","cassandra","94","30246.43","2294.92","cassandra-node2","182.31","2743410360","6442450944","2.02GB / 1.44GB","4.1kB / 1.73GB"
"2026-08-22T02:15:47.3212619Z","EXP-20260822T012730Z-82fe66af","cassandra","94","30246.43","2294.92","cassandra-node3","185.65","2732672942","6442450944","1.84GB / 1.6GB","0B / 1.73GB"
"2026-08-22T02:15:47.3212619Z","EXP-20260822T012730Z-82fe66af","cassandra","94","30246.43","2294.92","cassandra-node1","184.93","2742336618","6442450944","1.99GB / 1.56GB","0B / 1.73GB"
"2026-08-22T02:16:50.9673939Z","EXP-20260822T012730Z-82fe66af","cassandra","97","30276.27","2265.09","cassandra-node2","162.23","2744484102","6442450944","2.07GB / 1.48GB","4.1kB / 1.76GB"
"2026-08-22T02:16:50.9673939Z","EXP-20260822T012730Z-82fe66af","cassandra","97","30276.27","2265.09","cassandra-node3","187.37","2733746684","6442450944","1.89GB / 1.64GB","0B / 1.77GB"
"2026-08-22T02:16:50.9673939Z","EXP-20260822T012730Z-82fe66af","cassandra","97","30276.27","2265.09","cassandra-node1","190.8","2743410360","6442450944","2.04GB / 1.6GB","0B / 1.77GB"
"2026-08-22T02:17:54.5975575Z","EXP-20260822T012730Z-82fe66af","cassandra","97","30525.27","2016.08","cassandra-node2","211.86","2747705328","6442450944","2.11GB / 1.5GB","4.1kB / 2.02GB"
"2026-08-22T02:17:54.5975575Z","EXP-20260822T012730Z-82fe66af","cassandra","97","30525.27","2016.08","cassandra-node3","201.59","2736967909","6442450944","1.92GB / 1.67GB","0B / 2.01GB"
"2026-08-22T02:17:54.5975575Z","EXP-20260822T012730Z-82fe66af","cassandra","97","30525.27","2016.08","cassandra-node1","201.1","2744484102","6442450944","2.07GB / 1.63GB","0B / 2.02GB"
"2026-08-22T02:18:57.4216269Z","EXP-20260822T012730Z-82fe66af","cassandra","99","30291.11","2250.25","cassandra-node2","183.71","2747705328","6442450944","2.16GB / 1.54GB","4.1kB / 2.1GB"
"2026-08-22T02:18:57.4216269Z","EXP-20260822T012730Z-82fe66af","cassandra","99","30291.11","2250.25","cassandra-node3","187.54","2736967909","6442450944","1.97GB / 1.71GB","0B / 2.1GB"
"2026-08-22T02:18:57.4216269Z","EXP-20260822T012730Z-82fe66af","cassandra","99","30291.11","2250.25","cassandra-node1","185.78","2744484102","6442450944","2.12GB / 1.67GB","0B / 2.1GB"
"2026-08-22T02:20:01.0659763Z","EXP-20260822T012730Z-82fe66af","cassandra","94","30474.33","2067.02","cassandra-node2","181.85","2747705328","6442450944","2.2GB / 1.57GB","4.1kB / 2.13GB"
"2026-08-22T02:20:01.0659763Z","EXP-20260822T012730Z-82fe66af","cassandra","94","30474.33","2067.02","cassandra-node3","165.3","2755221520","6442450944","2.01GB / 1.75GB","0B / 2.13GB"
"2026-08-22T02:20:01.0659763Z","EXP-20260822T012730Z-82fe66af","cassandra","94","30474.33","2067.02","cassandra-node1","184.13","2763811455","6442450944","2.17GB / 1.71GB","0B / 2.13GB"
"2026-08-22T02:21:04.7278591Z","EXP-20260822T012730Z-82fe66af","cassandra","99","30521.34","2020.01","cassandra-node2","178.9","2748779069","6442450944","2.25GB / 1.61GB","4.1kB / 2.17GB"
"2026-08-22T02:21:04.7278591Z","EXP-20260822T012730Z-82fe66af","cassandra","99","30521.34","2020.01","cassandra-node3","180.57","2748779069","6442450944","2.06GB / 1.79GB","0B / 2.17GB"
"2026-08-22T02:21:04.7278591Z","EXP-20260822T012730Z-82fe66af","cassandra","99","30521.34","2020.01","cassandra-node1","189.64","2764885197","6442450944","2.22GB / 1.74GB","0B / 2.17GB"
"2026-08-22T02:22:07.4475982Z","EXP-20260822T012730Z-82fe66af","cassandra","97","30628.56","1912.79","cassandra-node2","183.45","2760590230","6442450944","2.3GB / 1.64GB","4.1kB / 2.21GB"
"2026-08-22T02:22:07.4475982Z","EXP-20260822T012730Z-82fe66af","cassandra","97","30628.56","1912.79","cassandra-node3","177.61","2739115393","6442450944","2.1GB / 1.83GB","0B / 2.21GB"
"2026-08-22T02:22:07.4475982Z","EXP-20260822T012730Z-82fe66af","cassandra","97","30628.56","1912.79","cassandra-node1","187.72","2765958939","6442450944","2.27GB / 1.78GB","0B / 2.21GB"
"2026-08-22T02:23:11.1151859Z","EXP-20260822T012730Z-82fe66af","cassandra","96","30623.75","1917.6","cassandra-node2","173.66","2761663971","6442450944","2.35GB / 1.68GB","4.1kB / 2.24GB"
"2026-08-22T02:23:11.1151859Z","EXP-20260822T012730Z-82fe66af","cassandra","96","30623.75","1917.6","cassandra-node3","177.26","2738041651","6442450944","2.15GB / 1.87GB","0B / 2.24GB"
"2026-08-22T02:23:11.1151859Z","EXP-20260822T012730Z-82fe66af","cassandra","96","30623.75","1917.6","cassandra-node1","177.61","2765958939","6442450944","2.32GB / 1.82GB","0B / 2.24GB"
"2026-08-22T02:24:14.7699257Z","EXP-20260822T012730Z-82fe66af","cassandra","100","30729.21","1812.14","cassandra-node2","184.95","2756295262","6442450944","2.4GB / 1.71GB","4.1kB / 2.33GB"
"2026-08-22T02:24:14.7699257Z","EXP-20260822T012730Z-82fe66af","cassandra","100","30729.21","1812.14","cassandra-node3","185.65","2743410360","6442450944","2.19GB / 1.91GB","0B / 2.33GB"
"2026-08-22T02:24:14.7699257Z","EXP-20260822T012730Z-82fe66af","cassandra","100","30729.21","1812.14","cassandra-node1","186.89","2768106422","6442450944","2.37GB / 1.86GB","0B / 2.33GB"
"2026-08-22T02:25:17.5590255Z","EXP-20260822T012730Z-82fe66af","cassandra","97","30774.38","1766.97","cassandra-node2","191.43","2758442746","6442450944","2.45GB / 1.75GB","4.1kB / 2.38GB"
"2026-08-22T02:25:17.5590255Z","EXP-20260822T012730Z-82fe66af","cassandra","97","30774.38","1766.97","cassandra-node3","171.16","2745557844","6442450944","2.24GB / 1.95GB","0B / 2.37GB"
"2026-08-22T02:25:17.5590255Z","EXP-20260822T012730Z-82fe66af","cassandra","97","30774.38","1766.97","cassandra-node1","212.16","2760590230","6442450944","2.41GB / 1.9GB","0B / 2.37GB"
"2026-08-22T02:26:21.2243173Z","EXP-20260822T012730Z-82fe66af","cassandra","97","30518.48","2022.87","cassandra-node2","168.36","2755221520","6442450944","2.5GB / 1.78GB","4.1kB / 2.4GB"
"2026-08-22T02:26:21.2243173Z","EXP-20260822T012730Z-82fe66af","cassandra","97","30518.48","2022.87","cassandra-node3","184.21","2738041651","6442450944","2.28GB / 1.99GB","0B / 2.4GB"
"2026-08-22T02:26:21.2243173Z","EXP-20260822T012730Z-82fe66af","cassandra","97","30518.48","2022.87","cassandra-node1","172.36","2743410360","6442450944","2.46GB / 1.93GB","0B / 2.4GB"
"2026-08-22T02:27:24.8736472Z","EXP-20260822T012730Z-82fe66af","cassandra","97","30252.97","2288.38","cassandra-node2","183.29","2747705328","6442450944","2.55GB / 1.82GB","4.1kB / 2.45GB"
"2026-08-22T02:27:24.8736472Z","EXP-20260822T012730Z-82fe66af","cassandra","97","30252.97","2288.38","cassandra-node3","187.14","2738041651","6442450944","2.33GB / 2.02GB","0B / 2.44GB"
"2026-08-22T02:27:24.8736472Z","EXP-20260822T012730Z-82fe66af","cassandra","97","30252.97","2288.38","cassandra-node1","187.89","2745557844","6442450944","2.51GB / 1.97GB","0B / 2.45GB"
"2026-08-22T02:28:27.6415618Z","EXP-20260822T012730Z-82fe66af","cassandra","100","30228","2313.35","cassandra-node2","180.51","2746631586","6442450944","2.6GB / 1.86GB","4.1kB / 2.49GB"
"2026-08-22T02:28:27.6415618Z","EXP-20260822T012730Z-82fe66af","cassandra","100","30228","2313.35","cassandra-node3","188.15","2736967909","6442450944","2.37GB / 2.06GB","0B / 2.49GB"
"2026-08-22T02:28:27.6415618Z","EXP-20260822T012730Z-82fe66af","cassandra","100","30228","2313.35","cassandra-node1","193.05","2738041651","6442450944","2.56GB / 2.01GB","0B / 2.49GB"
"2026-08-22T02:29:31.3049846Z","EXP-20260822T012730Z-82fe66af","cassandra","100","30220.68","2320.67","cassandra-node2","175.2","2746631586","6442450944","2.65GB / 1.89GB","4.1kB / 2.52GB"
"2026-08-22T02:29:31.3049846Z","EXP-20260822T012730Z-82fe66af","cassandra","100","30220.68","2320.67","cassandra-node3","178.95","2736967909","6442450944","2.42GB / 2.11GB","0B / 2.51GB"
"2026-08-22T02:29:31.3049846Z","EXP-20260822T012730Z-82fe66af","cassandra","100","30220.68","2320.67","cassandra-node1","175.74","2739115393","6442450944","2.61GB / 2.05GB","0B / 2.52GB"
"2026-08-22T02:30:34.9837518Z","EXP-20260822T012730Z-82fe66af","cassandra","100","30183.54","2357.82","cassandra-node2","168.7","2740189135","6442450944","2.7GB / 1.92GB","4.1kB / 2.61GB"
"2026-08-22T02:30:34.9837518Z","EXP-20260822T012730Z-82fe66af","cassandra","100","30183.54","2357.82","cassandra-node3","166.3","2734820426","6442450944","2.46GB / 2.14GB","0B / 2.61GB"
"2026-08-22T02:30:34.9837518Z","EXP-20260822T012730Z-82fe66af","cassandra","100","30183.54","2357.82","cassandra-node1","188.36","2741262877","6442450944","2.65GB / 2.09GB","0B / 2.61GB"
"2026-08-22T02:31:37.8894735Z","EXP-20260822T012730Z-82fe66af","cassandra","99","30159.02","2382.33","cassandra-node2","185.02","2762737713","6442450944","2.75GB / 1.96GB","4.1kB / 2.65GB"
"2026-08-22T02:31:37.8894735Z","EXP-20260822T012730Z-82fe66af","cassandra","99","30159.02","2382.33","cassandra-node3","182.66","2735894168","6442450944","2.51GB / 2.18GB","0B / 2.65GB"
"2026-08-22T02:31:37.8894735Z","EXP-20260822T012730Z-82fe66af","cassandra","99","30159.02","2382.33","cassandra-node1","187.5","2740189135","6442450944","2.7GB / 2.12GB","0B / 2.65GB"
"2026-08-22T02:32:41.5279181Z","EXP-20260822T012730Z-82fe66af","cassandra","97","30162.23","2379.12","cassandra-node2","175.6","2762737713","6442450944","2.8GB / 2GB","4.1kB / 2.68GB"
"2026-08-22T02:32:41.5279181Z","EXP-20260822T012730Z-82fe66af","cassandra","97","30162.23","2379.12","cassandra-node3","173.96","2735894168","6442450944","2.55GB / 2.22GB","0B / 2.68GB"
"2026-08-22T02:32:41.5279181Z","EXP-20260822T012730Z-82fe66af","cassandra","97","30162.23","2379.12","cassandra-node1","186.51","2740189135","6442450944","2.76GB / 2.16GB","0B / 2.68GB"
"2026-08-22T02:33:45.1476362Z","EXP-20260822T012730Z-82fe66af","cassandra","96","30192.73","2348.62","cassandra-node2","178.65","2764885197","6442450944","2.85GB / 2.03GB","4.1kB / 2.72GB"
"2026-08-22T02:33:45.1476362Z","EXP-20260822T012730Z-82fe66af","cassandra","96","30192.73","2348.62","cassandra-node3","180.79","2738041651","6442450944","2.6GB / 2.26GB","0B / 2.72GB"
"2026-08-22T02:33:45.1476362Z","EXP-20260822T012730Z-82fe66af","cassandra","96","30192.73","2348.62","cassandra-node1","180.42","2742336618","6442450944","2.81GB / 2.2GB","0B / 2.72GB"
"2026-08-22T02:34:47.8730535Z","EXP-20260822T012730Z-82fe66af","cassandra","97","30223.08","2318.27","cassandra-node2","180.63","2763811455","6442450944","2.9GB / 2.07GB","4.1kB / 2.76GB"
"2026-08-22T02:34:47.8730535Z","EXP-20260822T012730Z-82fe66af","cassandra","97","30223.08","2318.27","cassandra-node3","187.45","2734820426","6442450944","2.64GB / 2.3GB","0B / 2.76GB"
"2026-08-22T02:34:47.8730535Z","EXP-20260822T012730Z-82fe66af","cassandra","97","30223.08","2318.27","cassandra-node1","189.86","2741262877","6442450944","2.85GB / 2.24GB","0B / 2.76GB"
"2026-08-22T02:35:51.5299363Z","EXP-20260822T012730Z-82fe66af","cassandra","100","30199.21","2342.14","cassandra-node2","186.82","2763811455","6442450944","2.95GB / 2.1GB","4.1kB / 2.79GB"
"2026-08-22T02:35:51.5299363Z","EXP-20260822T012730Z-82fe66af","cassandra","100","30199.21","2342.14","cassandra-node3","173.4","2734820426","6442450944","2.69GB / 2.34GB","0B / 2.79GB"
"2026-08-22T02:35:51.5299363Z","EXP-20260822T012730Z-82fe66af","cassandra","100","30199.21","2342.14","cassandra-node1","172.16","2741262877","6442450944","2.91GB / 2.28GB","0B / 2.79GB"
"2026-08-22T02:36:55.1801299Z","EXP-20260822T012730Z-82fe66af","cassandra","91","30214.43","2326.93","cassandra-node2","208.6","2771327648","6442450944","2.99GB / 2.14GB","4.1kB / 2.89GB"
"2026-08-22T02:36:55.1801299Z","EXP-20260822T012730Z-82fe66af","cassandra","91","30214.43","2326.93","cassandra-node3","210.83","2754147779","6442450944","2.73GB / 2.38GB","0B / 2.89GB"
"2026-08-22T02:36:55.1801299Z","EXP-20260822T012730Z-82fe66af","cassandra","91","30214.43","2326.93","cassandra-node1","210.19","2756295262","6442450944","2.95GB / 2.31GB","0B / 2.89GB"
"2026-08-22T02:37:57.9517938Z","EXP-20260822T012730Z-82fe66af","cassandra","99","30212.06","2329.29","cassandra-node2","179.08","2764885197","6442450944","3.01GB / 2.15GB","4.1kB / 2.89GB"
"2026-08-22T02:37:57.9517938Z","EXP-20260822T012730Z-82fe66af","cassandra","99","30212.06","2329.29","cassandra-node3","205.2","2756295262","6442450944","2.75GB / 2.4GB","0B / 2.89GB"
"2026-08-22T02:37:57.9517938Z","EXP-20260822T012730Z-82fe66af","cassandra","99","30212.06","2329.29","cassandra-node1","212.14","2787433775","6442450944","2.97GB / 2.34GB","0B / 2.89GB"
"2026-08-22T02:39:01.5852752Z","EXP-20260822T012730Z-82fe66af","cassandra","97","30212.17","2329.18","cassandra-node2","168.91","2783138808","6442450944","3.04GB / 2.18GB","4.1kB / 2.89GB"
"2026-08-22T02:39:01.5852752Z","EXP-20260822T012730Z-82fe66af","cassandra","97","30212.17","2329.18","cassandra-node3","184.05","2788507517","6442450944","2.77GB / 2.42GB","0B / 2.89GB"
"2026-08-22T02:39:01.5852752Z","EXP-20260822T012730Z-82fe66af","cassandra","97","30212.17","2329.18","cassandra-node1","213.02","2777770099","6442450944","3GB / 2.36GB","0B / 2.89GB"
"2026-08-22T02:40:05.2060292Z","EXP-20260822T012730Z-82fe66af","cassandra","97","30303.9","2237.45","cassandra-node2","169.1","2794949968","6442450944","3.06GB / 2.2GB","4.1kB / 2.89GB"
"2026-08-22T02:40:05.2060292Z","EXP-20260822T012730Z-82fe66af","cassandra","97","30303.9","2237.45","cassandra-node3","181.9","2787433775","6442450944","2.8GB / 2.45GB","0B / 2.89GB"
"2026-08-22T02:40:05.2060292Z","EXP-20260822T012730Z-82fe66af","cassandra","97","30303.9","2237.45","cassandra-node1","191.33","2787433775","6442450944","3.04GB / 2.39GB","0B / 2.89GB"
"2026-08-22T02:41:08.1081533Z","EXP-20260822T012730Z-82fe66af","cassandra","99","30134.37","2406.98","cassandra-node2","174.9","2789581259","6442450944","3.08GB / 2.23GB","4.1kB / 2.89GB"
"2026-08-22T02:41:08.1081533Z","EXP-20260822T012730Z-82fe66af","cassandra","99","30134.37","2406.98","cassandra-node3","174.72","2786360033","6442450944","2.83GB / 2.48GB","0B / 2.89GB"
"2026-08-22T02:41:08.1081533Z","EXP-20260822T012730Z-82fe66af","cassandra","99","30134.37","2406.98","cassandra-node1","194.47","2790655001","6442450944","3.07GB / 2.42GB","0B / 2.89GB"
"2026-08-22T02:42:11.7597455Z","EXP-20260822T012730Z-82fe66af","cassandra","99","30148.78","2392.57","cassandra-node2","194.74","2790655001","6442450944","3.1GB / 2.38GB","4.1kB / 2.89GB"
"2026-08-22T02:42:11.7597455Z","EXP-20260822T012730Z-82fe66af","cassandra","99","30148.78","2392.57","cassandra-node3","173.79","2798171193","6442450944","2.84GB / 2.64GB","0B / 2.89GB"
"2026-08-22T02:42:11.7597455Z","EXP-20260822T012730Z-82fe66af","cassandra","99","30148.78","2392.57","cassandra-node1","206.11","2794949968","6442450944","3.09GB / 2.57GB","0B / 2.89GB"
"2026-08-22T02:43:15.6106206Z","EXP-20260822T012730Z-82fe66af","cassandra","99","30169.86","2371.49","cassandra-node2","192.36","2792802484","6442450944","3.12GB / 2.63GB","4.1kB / 2.89GB"
"2026-08-22T02:43:15.6106206Z","EXP-20260822T012730Z-82fe66af","cassandra","99","30169.86","2371.49","cassandra-node3","174.94","2788507517","6442450944","2.86GB / 2.88GB","0B / 2.89GB"
"2026-08-22T02:43:15.6106206Z","EXP-20260822T012730Z-82fe66af","cassandra","99","30169.86","2371.49","cassandra-node1","216.48","2788507517","6442450944","3.11GB / 2.78GB","0B / 2.89GB"
"2026-08-22T02:44:19.2751893Z","EXP-20260822T012730Z-82fe66af","cassandra","97","30151.57","2389.78","cassandra-node2","199.31","2794949968","6442450944","3.13GB / 2.88GB","4.1kB / 2.89GB"
"2026-08-22T02:44:19.2751893Z","EXP-20260822T012730Z-82fe66af","cassandra","97","30151.57","2389.78","cassandra-node3","177.66","2790655001","6442450944","2.87GB / 3.12GB","0B / 2.89GB"
"2026-08-22T02:44:19.2751893Z","EXP-20260822T012730Z-82fe66af","cassandra","97","30151.57","2389.78","cassandra-node1","208.77","2789581259","6442450944","3.13GB / 3GB","0B / 2.89GB"
"2026-08-22T02:45:22.9133573Z","EXP-20260822T012730Z-82fe66af","cassandra","99","30171.09","2370.27","cassandra-node2","192.67","2796023710","6442450944","3.15GB / 3.12GB","4.1kB / 2.89GB"
"2026-08-22T02:45:22.9133573Z","EXP-20260822T012730Z-82fe66af","cassandra","99","30171.09","2370.27","cassandra-node3","189.34","2820719772","6442450944","2.88GB / 3.36GB","0B / 2.89GB"
"2026-08-22T02:45:22.9133573Z","EXP-20260822T012730Z-82fe66af","cassandra","99","30171.09","2370.27","cassandra-node1","197.45","2798171193","6442450944","3.14GB / 3.22GB","0B / 2.89GB"
"2026-08-22T02:46:26.5598692Z","EXP-20260822T012730Z-82fe66af","cassandra","99","30235.55","2305.8","cassandra-node2","204.83","2798171193","6442450944","3.16GB / 3.35GB","4.1kB / 2.89GB"
"2026-08-22T02:46:26.5598692Z","EXP-20260822T012730Z-82fe66af","cassandra","99","30235.55","2305.8","cassandra-node3","197.37","2799244935","6442450944","2.9GB / 3.6GB","0B / 2.89GB"
"2026-08-22T02:46:26.5598692Z","EXP-20260822T012730Z-82fe66af","cassandra","99","30235.55","2305.8","cassandra-node1","203.17","2794949968","6442450944","3.16GB / 3.45GB","0B / 2.89GB"
"2026-08-22T02:47:29.2953336Z","EXP-20260822T012730Z-82fe66af","cassandra","96","30230.62","2310.73","cassandra-node2","201.32","2799244935","6442450944","3.18GB / 3.59GB","4.1kB / 2.89GB"
"2026-08-22T02:47:29.2953336Z","EXP-20260822T012730Z-82fe66af","cassandra","96","30230.62","2310.73","cassandra-node3","192.77","2801392419","6442450944","2.91GB / 3.84GB","0B / 2.89GB"
"2026-08-22T02:47:29.2953336Z","EXP-20260822T012730Z-82fe66af","cassandra","96","30230.62","2310.73","cassandra-node1","194.45","2797097452","6442450944","3.18GB / 3.68GB","0B / 2.89GB"
"2026-08-22T02:48:32.9742244Z","EXP-20260822T012730Z-82fe66af","cassandra","99","30249.23","2292.12","cassandra-node2","193.38","2801392419","6442450944","3.2GB / 3.82GB","4.1kB / 2.89GB"
"2026-08-22T02:48:32.9742244Z","EXP-20260822T012730Z-82fe66af","cassandra","99","30249.23","2292.12","cassandra-node3","197.64","2793876226","6442450944","2.93GB / 4.08GB","0B / 2.89GB"
"2026-08-22T02:48:32.9742244Z","EXP-20260822T012730Z-82fe66af","cassandra","99","30249.23","2292.12","cassandra-node1","188.35","2798171193","6442450944","3.19GB / 3.91GB","0B / 2.89GB"
"2026-08-22T02:49:36.6467961Z","EXP-20260822T012730Z-82fe66af","cassandra","99","30265.64","2275.71","cassandra-node2","202.49","2805687386","6442450944","3.21GB / 4.04GB","4.1kB / 2.89GB"
"2026-08-22T02:49:36.6467961Z","EXP-20260822T012730Z-82fe66af","cassandra","99","30265.64","2275.71","cassandra-node3","193.28","2796023710","6442450944","2.94GB / 4.3GB","0B / 2.89GB"
"2026-08-22T02:49:36.6467961Z","EXP-20260822T012730Z-82fe66af","cassandra","99","30265.64","2275.71","cassandra-node1","201.8","2800318677","6442450944","3.21GB / 4.14GB","0B / 2.89GB"
"2026-08-22T02:50:39.4244658Z","EXP-20260822T012730Z-82fe66af","cassandra","65","30157.76","2383.59","cassandra-node2","167.4","2806761128","6442450944","3.23GB / 4.28GB","4.1kB / 2.89GB"
"2026-08-22T02:50:39.4244658Z","EXP-20260822T012730Z-82fe66af","cassandra","65","30157.76","2383.59","cassandra-node3","212.59","2807834870","6442450944","2.96GB / 4.55GB","0B / 2.89GB"
"2026-08-22T02:50:39.4244658Z","EXP-20260822T012730Z-82fe66af","cassandra","65","30157.76","2383.59","cassandra-node1","174.25","2807834870","6442450944","3.22GB / 4.37GB","0B / 2.89GB"
"2026-08-22T02:51:43.0503250Z","EXP-20260822T012730Z-82fe66af","cassandra","97","30150.96","2390.39","cassandra-node2","185.14","2804613644","6442450944","3.28GB / 4.31GB","4.1kB / 2.92GB"
"2026-08-22T02:51:43.0503250Z","EXP-20260822T012730Z-82fe66af","cassandra","97","30150.96","2390.39","cassandra-node3","183.04","2807834870","6442450944","3GB / 4.59GB","0B / 2.92GB"
"2026-08-22T02:51:43.0503250Z","EXP-20260822T012730Z-82fe66af","cassandra","97","30150.96","2390.39","cassandra-node1","180.01","2807834870","6442450944","3.27GB / 4.41GB","0B / 2.92GB"
"2026-08-22T02:52:46.6790570Z","EXP-20260822T012730Z-82fe66af","cassandra","99","30162.27","2379.08","cassandra-node2","190.75","2805687386","6442450944","3.33GB / 4.35GB","4.1kB / 2.96GB"
"2026-08-22T02:52:46.6790570Z","EXP-20260822T012730Z-82fe66af","cassandra","99","30162.27","2379.08","cassandra-node3","181.99","2798171193","6442450944","3.05GB / 4.63GB","0B / 2.96GB"
"2026-08-22T02:52:46.6790570Z","EXP-20260822T012730Z-82fe66af","cassandra","99","30162.27","2379.08","cassandra-node1","185.81","2808908612","6442450944","3.32GB / 4.45GB","0B / 2.96GB"
"2026-08-22T02:53:49.5656897Z","EXP-20260822T012730Z-82fe66af","cassandra","97","30164.86","2376.49","cassandra-node2","179.19","2804613644","6442450944","3.38GB / 4.38GB","4.1kB / 3.01GB"
"2026-08-22T02:53:49.5656897Z","EXP-20260822T012730Z-82fe66af","cassandra","97","30164.86","2376.49","cassandra-node3","202.26","2798171193","6442450944","3.09GB / 4.66GB","0B / 2.99GB"
"2026-08-22T02:53:49.5656897Z","EXP-20260822T012730Z-82fe66af","cassandra","97","30164.86","2376.49","cassandra-node1","193.42","2807834870","6442450944","3.37GB / 4.49GB","0B / 3.01GB"
"2026-08-22T02:54:53.2280147Z","EXP-20260822T012730Z-82fe66af","cassandra","100","30217.53","2323.82","cassandra-node2","166.44","2805687386","6442450944","3.43GB / 4.42GB","4.1kB / 3.04GB"
"2026-08-22T02:54:53.2280147Z","EXP-20260822T012730Z-82fe66af","cassandra","100","30217.53","2323.82","cassandra-node3","186.22","2798171193","6442450944","3.14GB / 4.71GB","0B / 3.03GB"
"2026-08-22T02:54:53.2280147Z","EXP-20260822T012730Z-82fe66af","cassandra","100","30217.53","2323.82","cassandra-node1","190.61","2807834870","6442450944","3.42GB / 4.53GB","0B / 3.04GB"
"2026-08-22T02:55:56.9028105Z","EXP-20260822T012730Z-82fe66af","cassandra","99","30191.06","2350.29","cassandra-node2","181.71","2812129837","6442450944","3.48GB / 4.45GB","4.1kB / 3.07GB"
"2026-08-22T02:55:56.9028105Z","EXP-20260822T012730Z-82fe66af","cassandra","99","30191.06","2350.29","cassandra-node3","188.84","2809982353","6442450944","3.18GB / 4.74GB","0B / 3.07GB"
"2026-08-22T02:55:56.9028105Z","EXP-20260822T012730Z-82fe66af","cassandra","99","30191.06","2350.29","cassandra-node1","187.86","2808908612","6442450944","3.47GB / 4.57GB","0B / 3.07GB"
"2026-08-22T02:56:59.6566111Z","EXP-20260822T012730Z-82fe66af","cassandra","99","30202.68","2338.68","cassandra-node2","175.18","2812129837","6442450944","3.53GB / 4.49GB","4.1kB / 3.1GB"
"2026-08-22T02:56:59.6566111Z","EXP-20260822T012730Z-82fe66af","cassandra","99","30202.68","2338.68","cassandra-node3","190.86","2811056095","6442450944","3.23GB / 4.78GB","0B / 3.1GB"
"2026-08-22T02:56:59.6566111Z","EXP-20260822T012730Z-82fe66af","cassandra","99","30202.68","2338.68","cassandra-node1","182.25","2809982353","6442450944","3.52GB / 4.61GB","0B / 3.1GB"
"2026-08-22T02:58:03.3055602Z","EXP-20260822T012730Z-82fe66af","cassandra","97","30283.52","2257.83","cassandra-node2","182.16","2808908612","6442450944","3.58GB / 4.52GB","4.1kB / 3.2GB"
"2026-08-22T02:58:03.3055602Z","EXP-20260822T012730Z-82fe66af","cassandra","97","30283.52","2257.83","cassandra-node3","191.05","2800318677","6442450944","3.27GB / 4.82GB","0B / 3.19GB"
"2026-08-22T02:58:03.3055602Z","EXP-20260822T012730Z-82fe66af","cassandra","97","30283.52","2257.83","cassandra-node1","177.64","2811056095","6442450944","3.56GB / 4.64GB","0B / 3.2GB"
"2026-08-22T02:59:06.9520773Z","EXP-20260822T012730Z-82fe66af","cassandra","94","30352.74","2188.61","cassandra-node2","179.3","2808908612","6442450944","3.63GB / 4.56GB","4.1kB / 3.24GB"
"2026-08-22T02:59:06.9520773Z","EXP-20260822T012730Z-82fe66af","cassandra","94","30352.74","2188.61","cassandra-node3","195.01","2802466161","6442450944","3.32GB / 4.86GB","0B / 3.24GB"
"2026-08-22T02:59:06.9520773Z","EXP-20260822T012730Z-82fe66af","cassandra","94","30352.74","2188.61","cassandra-node1","179.14","2812129837","6442450944","3.61GB / 4.68GB","0B / 3.24GB"
"2026-08-22T03:00:09.7276795Z","EXP-20260822T012730Z-82fe66af","cassandra","99","30589.65","1951.7","cassandra-node2","175.39","2809982353","6442450944","3.67GB / 4.59GB","4.1kB / 3.26GB"
"2026-08-22T03:00:09.7276795Z","EXP-20260822T012730Z-82fe66af","cassandra","99","30589.65","1951.7","cassandra-node3","193.85","2803539902","6442450944","3.36GB / 4.89GB","0B / 3.26GB"
"2026-08-22T03:00:09.7276795Z","EXP-20260822T012730Z-82fe66af","cassandra","99","30589.65","1951.7","cassandra-node1","189.13","2807834870","6442450944","3.66GB / 4.72GB","0B / 3.26GB"
"2026-08-22T03:01:13.4009025Z","EXP-20260822T012730Z-82fe66af","cassandra","97","30473.27","2068.08","cassandra-node2","172.22","2809982353","6442450944","3.72GB / 4.62GB","4.1kB / 3.3GB"
"2026-08-22T03:01:13.4009025Z","EXP-20260822T012730Z-82fe66af","cassandra","97","30473.27","2068.08","cassandra-node3","185.95","2805687386","6442450944","3.4GB / 4.93GB","0B / 3.3GB"
"2026-08-22T03:01:13.4009025Z","EXP-20260822T012730Z-82fe66af","cassandra","97","30473.27","2068.08","cassandra-node1","182.2","2807834870","6442450944","3.71GB / 4.75GB","0B / 3.3GB"
"2026-08-22T03:02:17.0527860Z","EXP-20260822T012730Z-82fe66af","cassandra","100","30588.52","1952.83","cassandra-node2","186.25","2818572288","6442450944","3.77GB / 4.66GB","4.1kB / 3.35GB"
"2026-08-22T03:02:17.0527860Z","EXP-20260822T012730Z-82fe66af","cassandra","100","30588.52","1952.83","cassandra-node3","192.09","2803539902","6442450944","3.45GB / 4.97GB","0B / 3.34GB"
"2026-08-22T03:02:17.0527860Z","EXP-20260822T012730Z-82fe66af","cassandra","100","30588.52","1952.83","cassandra-node1","194.21","2807834870","6442450944","3.76GB / 4.79GB","0B / 3.34GB"
"2026-08-22T03:03:19.8850187Z","EXP-20260822T012730Z-82fe66af","cassandra","96","30572.15","1969.2","cassandra-node2","186.51","2818572288","6442450944","3.82GB / 4.7GB","4.1kB / 3.37GB"
"2026-08-22T03:03:19.8850187Z","EXP-20260822T012730Z-82fe66af","cassandra","96","30572.15","1969.2","cassandra-node3","186.71","2803539902","6442450944","3.49GB / 5.01GB","0B / 3.37GB"
"2026-08-22T03:03:19.8850187Z","EXP-20260822T012730Z-82fe66af","cassandra","96","30572.15","1969.2","cassandra-node1","179.93","2807834870","6442450944","3.8GB / 4.83GB","0B / 3.37GB"
"2026-08-22T03:04:23.5140977Z","EXP-20260822T012730Z-82fe66af","cassandra","97","30705.93","1835.42","cassandra-node2","170.41","2833604674","6442450944","3.87GB / 4.73GB","4.1kB / 3.47GB"
"2026-08-22T03:04:23.5140977Z","EXP-20260822T012730Z-82fe66af","cassandra","97","30705.93","1835.42","cassandra-node3","186.06","2828235964","6442450944","3.54GB / 5.05GB","0B / 3.47GB"
"2026-08-22T03:04:23.5140977Z","EXP-20260822T012730Z-82fe66af","cassandra","97","30705.93","1835.42","cassandra-node1","187.85","2835752157","6442450944","3.85GB / 4.87GB","0B / 3.47GB"
"2026-08-22T03:05:27.1647337Z","EXP-20260822T012730Z-82fe66af","cassandra","99","30765.74","1775.61","cassandra-node2","178.43","2833604674","6442450944","3.92GB / 4.76GB","4.1kB / 3.51GB"
"2026-08-22T03:05:27.1647337Z","EXP-20260822T012730Z-82fe66af","cassandra","99","30765.74","1775.61","cassandra-node3","199.81","2828235964","6442450944","3.58GB / 5.09GB","0B / 3.51GB"
"2026-08-22T03:05:27.1647337Z","EXP-20260822T012730Z-82fe66af","cassandra","99","30765.74","1775.61","cassandra-node1","178.69","2834678415","6442450944","3.9GB / 4.91GB","0B / 3.51GB"
"2026-08-22T03:06:30.0132702Z","EXP-20260822T012730Z-82fe66af","cassandra","100","30772","1769.35","cassandra-node2","178.84","2834678415","6442450944","3.97GB / 4.8GB","4.1kB / 3.54GB"
"2026-08-22T03:06:30.0132702Z","EXP-20260822T012730Z-82fe66af","cassandra","100","30772","1769.35","cassandra-node3","177.55","2807834870","6442450944","3.63GB / 5.13GB","0B / 3.54GB"
"2026-08-22T03:06:30.0132702Z","EXP-20260822T012730Z-82fe66af","cassandra","100","30772","1769.35","cassandra-node1","205.31","2825014739","6442450944","3.95GB / 4.95GB","0B / 3.54GB"
"2026-08-22T03:07:33.6442026Z","EXP-20260822T012730Z-82fe66af","cassandra","99","30814.82","1726.53","cassandra-node2","182.38","2834678415","6442450944","4.02GB / 4.84GB","4.1kB / 3.58GB"
"2026-08-22T03:07:33.6442026Z","EXP-20260822T012730Z-82fe66af","cassandra","99","30814.82","1726.53","cassandra-node3","180.22","2828235964","6442450944","3.67GB / 5.17GB","0B / 3.58GB"
"2026-08-22T03:07:33.6442026Z","EXP-20260822T012730Z-82fe66af","cassandra","99","30814.82","1726.53","cassandra-node1","170.65","2820719772","6442450944","4GB / 4.98GB","0B / 3.58GB"
"2026-08-22T03:08:37.3014200Z","EXP-20260822T012730Z-82fe66af","cassandra","100","30903.59","1637.77","cassandra-node2","181.76","2835752157","6442450944","4.07GB / 4.87GB","4.1kB / 3.62GB"
"2026-08-22T03:08:37.3014200Z","EXP-20260822T012730Z-82fe66af","cassandra","100","30903.59","1637.77","cassandra-node3","188.48","2829309706","6442450944","3.72GB / 5.21GB","0B / 3.62GB"
"2026-08-22T03:08:37.3014200Z","EXP-20260822T012730Z-82fe66af","cassandra","100","30903.59","1637.77","cassandra-node1","185.92","2821793513","6442450944","4.05GB / 5.02GB","0B / 3.62GB"
"2026-08-22T03:09:40.1517222Z","EXP-20260822T012730Z-82fe66af","cassandra","99","30881.96","1659.39","cassandra-node2","184.73","2835752157","6442450944","4.12GB / 4.91GB","4.1kB / 3.65GB"
"2026-08-22T03:09:40.1517222Z","EXP-20260822T012730Z-82fe66af","cassandra","99","30881.96","1659.39","cassandra-node3","179.9","2830383448","6442450944","3.76GB / 5.25GB","0B / 3.65GB"
"2026-08-22T03:09:40.1517222Z","EXP-20260822T012730Z-82fe66af","cassandra","99","30881.96","1659.39","cassandra-node1","181.07","2821793513","6442450944","4.1GB / 5.06GB","0B / 3.65GB"
"2026-08-22T03:10:43.8159597Z","EXP-20260822T012730Z-82fe66af","cassandra","97","30888.7","1652.66","cassandra-node2","184.81","2837899641","6442450944","4.17GB / 4.94GB","4.1kB / 3.75GB"
"2026-08-22T03:10:43.8159597Z","EXP-20260822T012730Z-82fe66af","cassandra","97","30888.7","1652.66","cassandra-node3","186.74","2830383448","6442450944","3.81GB / 5.28GB","0B / 3.74GB"
"2026-08-22T03:10:43.8159597Z","EXP-20260822T012730Z-82fe66af","cassandra","97","30888.7","1652.66","cassandra-node1","174.86","2823940997","6442450944","4.14GB / 5.1GB","0B / 3.74GB"
"2026-08-22T03:11:47.5044476Z","EXP-20260822T012730Z-82fe66af","cassandra","94","30937.49","1603.86","cassandra-node2","179.91","2830383448","6442450944","4.22GB / 4.98GB","4.1kB / 3.79GB"
"2026-08-22T03:11:47.5044476Z","EXP-20260822T012730Z-82fe66af","cassandra","94","30937.49","1603.86","cassandra-node3","182.27","2830383448","6442450944","3.85GB / 5.32GB","0B / 3.78GB"
"2026-08-22T03:11:47.5044476Z","EXP-20260822T012730Z-82fe66af","cassandra","94","30937.49","1603.86","cassandra-node1","185.7","2817498546","6442450944","4.19GB / 5.14GB","0B / 3.79GB"
"2026-08-22T03:12:50.3054690Z","EXP-20260822T012730Z-82fe66af","cassandra","97","30955.23","1586.12","cassandra-node2","189.49","2831457190","6442450944","4.27GB / 5.01GB","4.1kB / 3.82GB"
"2026-08-22T03:12:50.3054690Z","EXP-20260822T012730Z-82fe66af","cassandra","97","30955.23","1586.12","cassandra-node3","184.64","2831457190","6442450944","3.9GB / 5.37GB","0B / 3.81GB"
"2026-08-22T03:12:50.3054690Z","EXP-20260822T012730Z-82fe66af","cassandra","97","30955.23","1586.12","cassandra-node1","188.39","2815351063","6442450944","4.24GB / 5.17GB","0B / 3.82GB"
"2026-08-22T03:13:54.0860037Z","EXP-20260822T012730Z-82fe66af","cassandra","99","31101.3","1440.05","cassandra-node2","181.67","2832530932","6442450944","4.32GB / 5.05GB","4.1kB / 3.86GB"
"2026-08-22T03:13:54.0860037Z","EXP-20260822T012730Z-82fe66af","cassandra","99","31101.3","1440.05","cassandra-node3","183.87","2833604674","6442450944","3.95GB / 5.41GB","0B / 3.86GB"
"2026-08-22T03:13:54.0860037Z","EXP-20260822T012730Z-82fe66af","cassandra","99","31101.3","1440.05","cassandra-node1","177.37","2816424804","6442450944","4.29GB / 5.21GB","0B / 3.86GB"
"2026-08-22T03:14:57.8041992Z","EXP-20260822T012730Z-82fe66af","cassandra","100","31434.93","1106.43","cassandra-node2","185.23","2833604674","6442450944","4.37GB / 5.08GB","4.1kB / 3.9GB"
"2026-08-22T03:14:57.8041992Z","EXP-20260822T012730Z-82fe66af","cassandra","100","31434.93","1106.43","cassandra-node3","186.93","2833604674","6442450944","3.99GB / 5.44GB","0B / 3.9GB"
"2026-08-22T03:14:57.8041992Z","EXP-20260822T012730Z-82fe66af","cassandra","100","31434.93","1106.43","cassandra-node1","184.44","2816424804","6442450944","4.34GB / 5.25GB","0B / 3.9GB"
"2026-08-22T03:16:01.5044274Z","EXP-20260822T012730Z-82fe66af","cassandra","93","31290.93","1250.42","cassandra-node2","185.82","2833604674","6442450944","4.42GB / 5.12GB","4.1kB / 3.93GB"
"2026-08-22T03:16:01.5044274Z","EXP-20260822T012730Z-82fe66af","cassandra","93","31290.93","1250.42","cassandra-node3","186.34","2833604674","6442450944","4.03GB / 5.48GB","0B / 3.93GB"
"2026-08-22T03:16:01.5044274Z","EXP-20260822T012730Z-82fe66af","cassandra","93","31290.93","1250.42","cassandra-node1","180.98","2816424804","6442450944","4.39GB / 5.29GB","0B / 3.92GB"
"2026-08-22T03:17:05.1488916Z","EXP-20260822T012730Z-82fe66af","cassandra","97","31515.42","1025.93","cassandra-node2","203.94","2823940997","6442450944","4.46GB / 5.15GB","4.1kB / 4.02GB"
"2026-08-22T03:17:05.1488916Z","EXP-20260822T012730Z-82fe66af","cassandra","97","31515.42","1025.93","cassandra-node3","207.81","2836825899","6442450944","4.07GB / 5.52GB","0B / 4.02GB"
"2026-08-22T03:17:05.1488916Z","EXP-20260822T012730Z-82fe66af","cassandra","97","31515.42","1025.93","cassandra-node1","210.83","2821793513","6442450944","4.43GB / 5.32GB","0B / 4.02GB"
"2026-08-22T03:18:08.4591473Z","EXP-20260822T012730Z-82fe66af","cassandra","100","31422.67","1118.68","cassandra-node2","208.74","2821793513","6442450944","4.5GB / 5.18GB","4.1kB / 4.26GB"
"2026-08-22T03:18:08.4591473Z","EXP-20260822T012730Z-82fe66af","cassandra","100","31422.67","1118.68","cassandra-node3","186.58","2814277321","6442450944","4.11GB / 5.55GB","0B / 4.26GB"
"2026-08-22T03:18:08.4591473Z","EXP-20260822T012730Z-82fe66af","cassandra","100","31422.67","1118.68","cassandra-node1","186.69","2819646030","6442450944","4.47GB / 5.36GB","0B / 4.26GB"
"2026-08-22T03:19:12.1305331Z","EXP-20260822T012730Z-82fe66af","cassandra","100","31487.92","1053.43","cassandra-node2","177.06","2822867255","6442450944","4.55GB / 5.22GB","4.1kB / 4.3GB"
"2026-08-22T03:19:12.1305331Z","EXP-20260822T012730Z-82fe66af","cassandra","100","31487.92","1053.43","cassandra-node3","174.54","2815351063","6442450944","4.16GB / 5.59GB","0B / 4.3GB"
"2026-08-22T03:19:12.1305331Z","EXP-20260822T012730Z-82fe66af","cassandra","100","31487.92","1053.43","cassandra-node1","177.87","2820719772","6442450944","4.52GB / 5.4GB","0B / 4.3GB"
"2026-08-22T03:20:15.7930233Z","EXP-20260822T012730Z-82fe66af","cassandra","97","31465.33","1076.02","cassandra-node2","182.18","2822867255","6442450944","4.6GB / 5.25GB","4.1kB / 4.34GB"
"2026-08-22T03:20:15.7930233Z","EXP-20260822T012730Z-82fe66af","cassandra","97","31465.33","1076.02","cassandra-node3","185.23","2815351063","6442450944","4.2GB / 5.63GB","0B / 4.34GB"
"2026-08-22T03:20:15.7930233Z","EXP-20260822T012730Z-82fe66af","cassandra","97","31465.33","1076.02","cassandra-node1","190.22","2821793513","6442450944","4.57GB / 5.43GB","0B / 4.34GB"
"2026-08-22T03:21:18.4761631Z","EXP-20260822T012730Z-82fe66af","cassandra","99","31494.86","1046.49","cassandra-node2","194.18","2823940997","6442450944","4.65GB / 5.29GB","4.1kB / 4.37GB"
"2026-08-22T03:21:18.4761631Z","EXP-20260822T012730Z-82fe66af","cassandra","99","31494.86","1046.49","cassandra-node3","186.21","2816424804","6442450944","4.25GB / 5.67GB","0B / 4.37GB"
"2026-08-22T03:21:18.4761631Z","EXP-20260822T012730Z-82fe66af","cassandra","99","31494.86","1046.49","cassandra-node1","188.6","2820719772","6442450944","4.62GB / 5.47GB","0B / 4.37GB"
"2026-08-22T03:22:22.1402024Z","EXP-20260822T012730Z-82fe66af","cassandra","94","31570.04","971.31","cassandra-node2","184.04","2825014739","6442450944","4.7GB / 5.32GB","4.1kB / 4.41GB"
"2026-08-22T03:22:22.1402024Z","EXP-20260822T012730Z-82fe66af","cassandra","94","31570.04","971.31","cassandra-node3","187.52","2816424804","6442450944","4.3GB / 5.71GB","0B / 4.41GB"
"2026-08-22T03:22:22.1402024Z","EXP-20260822T012730Z-82fe66af","cassandra","94","31570.04","971.31","cassandra-node1","183.19","2821793513","6442450944","4.67GB / 5.51GB","0B / 4.41GB"
"2026-08-22T03:23:26.0080084Z","EXP-20260822T012730Z-82fe66af","cassandra","100","31786.88","754.47","cassandra-node2","192.36","2826088481","6442450944","4.74GB / 5.35GB","4.1kB / 4.5GB"
"2026-08-22T03:23:26.0080084Z","EXP-20260822T012730Z-82fe66af","cassandra","100","31786.88","754.47","cassandra-node3","215.67","2818572288","6442450944","4.33GB / 5.74GB","0B / 4.45GB"
"2026-08-22T03:23:26.0080084Z","EXP-20260822T012730Z-82fe66af","cassandra","100","31786.88","754.47","cassandra-node1","160.02","2821793513","6442450944","4.71GB / 5.54GB","0B / 4.5GB"
"2026-08-22T03:24:28.7885871Z","EXP-20260822T012730Z-82fe66af","cassandra","97","31773.04","768.32","cassandra-node2","183.84","2826088481","6442450944","4.78GB / 5.38GB","4.1kB / 4.52GB"
"2026-08-22T03:24:28.7885871Z","EXP-20260822T012730Z-82fe66af","cassandra","97","31773.04","768.32","cassandra-node3","176.24","2818572288","6442450944","4.37GB / 5.77GB","0B / 4.52GB"
"2026-08-22T03:24:28.7885871Z","EXP-20260822T012730Z-82fe66af","cassandra","97","31773.04","768.32","cassandra-node1","180.31","2822867255","6442450944","4.75GB / 5.57GB","0B / 4.52GB"
"2026-08-22T03:25:32.5169580Z","EXP-20260822T012730Z-82fe66af","cassandra","94","31739.34","802.01","cassandra-node2","184.62","2827162223","6442450944","4.82GB / 5.41GB","4.1kB / 4.56GB"
"2026-08-22T03:25:32.5169580Z","EXP-20260822T012730Z-82fe66af","cassandra","94","31739.34","802.01","cassandra-node3","177.24","2818572288","6442450944","4.41GB / 5.81GB","0B / 4.56GB"
"2026-08-22T03:25:32.5169580Z","EXP-20260822T012730Z-82fe66af","cassandra","94","31739.34","802.01","cassandra-node1","187.6","2823940997","6442450944","4.79GB / 5.61GB","0B / 4.56GB"
"2026-08-22T03:26:36.1709486Z","EXP-20260822T012730Z-82fe66af","cassandra","100","31345.88","1195.47","cassandra-node2","184.27","2812129837","6442450944","4.87GB / 5.44GB","4.1kB / 4.58GB"
"2026-08-22T03:26:36.1709486Z","EXP-20260822T012730Z-82fe66af","cassandra","100","31345.88","1195.47","cassandra-node3","181.61","2820719772","6442450944","4.44GB / 5.84GB","0B / 4.58GB"
"2026-08-22T03:26:36.1709486Z","EXP-20260822T012730Z-82fe66af","cassandra","100","31345.88","1195.47","cassandra-node1","185.2","2808908612","6442450944","4.83GB / 5.64GB","0B / 4.58GB"
"2026-08-22T03:27:39.8275016Z","EXP-20260822T012730Z-82fe66af","cassandra","96","31368.12","1173.23","cassandra-node2","185.92","2812129837","6442450944","4.91GB / 5.47GB","4.1kB / 4.62GB"
"2026-08-22T03:27:39.8275016Z","EXP-20260822T012730Z-82fe66af","cassandra","96","31368.12","1173.23","cassandra-node3","188.39","2822867255","6442450944","4.48GB / 5.88GB","0B / 4.62GB"
"2026-08-22T03:27:39.8275016Z","EXP-20260822T012730Z-82fe66af","cassandra","96","31368.12","1173.23","cassandra-node1","182.57","2814277321","6442450944","4.87GB / 5.67GB","0B / 4.62GB"
"2026-08-22T03:28:43.5157469Z","EXP-20260822T012730Z-82fe66af","cassandra","99","31359.83","1181.52","cassandra-node2","181.47","2816424804","6442450944","4.95GB / 5.5GB","4.1kB / 4.65GB"
"2026-08-22T03:28:43.5157469Z","EXP-20260822T012730Z-82fe66af","cassandra","99","31359.83","1181.52","cassandra-node3","182.67","2820719772","6442450944","4.52GB / 5.91GB","0B / 4.65GB"
"2026-08-22T03:28:43.5157469Z","EXP-20260822T012730Z-82fe66af","cassandra","99","31359.83","1181.52","cassandra-node1","172.29","2815351063","6442450944","4.92GB / 5.71GB","0B / 4.65GB"
"2026-08-22T03:29:47.1840855Z","EXP-20260822T012730Z-82fe66af","cassandra","99","31334.5","1206.85","cassandra-node2","182.5","2813203579","6442450944","5GB / 5.53GB","4.1kB / 4.68GB"
"2026-08-22T03:29:47.1840855Z","EXP-20260822T012730Z-82fe66af","cassandra","99","31334.5","1206.85","cassandra-node3","184.12","2822867255","6442450944","4.56GB / 5.95GB","0B / 4.68GB"
"2026-08-22T03:29:47.1840855Z","EXP-20260822T012730Z-82fe66af","cassandra","99","31334.5","1206.85","cassandra-node1","185.34","2815351063","6442450944","4.96GB / 5.74GB","0B / 4.68GB"
"2026-08-22T03:30:49.9167958Z","EXP-20260822T012730Z-82fe66af","cassandra","100","31304.07","1237.29","cassandra-node2","188.28","2817498546","6442450944","5.04GB / 5.56GB","4.1kB / 4.72GB"
"2026-08-22T03:30:49.9167958Z","EXP-20260822T012730Z-82fe66af","cassandra","100","31304.07","1237.29","cassandra-node3","204.53","2825014739","6442450944","4.6GB / 5.98GB","0B / 4.72GB"
"2026-08-22T03:30:49.9167958Z","EXP-20260822T012730Z-82fe66af","cassandra","100","31304.07","1237.29","cassandra-node1","199.6","2816424804","6442450944","5GB / 5.77GB","0B / 4.72GB"
"2026-08-22T03:31:53.6659678Z","EXP-20260822T012730Z-82fe66af","cassandra","97","31263.45","1277.9","cassandra-node2","173.69","2817498546","6442450944","5.08GB / 5.59GB","4.1kB / 4.8GB"
"2026-08-22T03:31:53.6659678Z","EXP-20260822T012730Z-82fe66af","cassandra","97","31263.45","1277.9","cassandra-node3","175.22","2822867255","6442450944","4.64GB / 6.01GB","0B / 4.8GB"
"2026-08-22T03:31:53.6659678Z","EXP-20260822T012730Z-82fe66af","cassandra","97","31263.45","1277.9","cassandra-node1","186.46","2812129837","6442450944","5.04GB / 5.8GB","0B / 4.8GB"
"2026-08-22T03:32:57.3149534Z","EXP-20260822T012730Z-82fe66af","cassandra","99","31287.96","1253.39","cassandra-node2","189.95","2817498546","6442450944","5.12GB / 5.62GB","4.1kB / 4.84GB"
"2026-08-22T03:32:57.3149534Z","EXP-20260822T012730Z-82fe66af","cassandra","99","31287.96","1253.39","cassandra-node3","184.41","2822867255","6442450944","4.68GB / 6.05GB","0B / 4.83GB"
"2026-08-22T03:32:57.3149534Z","EXP-20260822T012730Z-82fe66af","cassandra","99","31287.96","1253.39","cassandra-node1","189.87","2813203579","6442450944","5.09GB / 5.84GB","0B / 4.84GB"
"2026-08-22T03:33:59.9843950Z","EXP-20260822T012730Z-82fe66af","cassandra","100","31292.88","1248.48","cassandra-node2","181.9","2817498546","6442450944","5.17GB / 5.66GB","4.1kB / 4.86GB"
"2026-08-22T03:33:59.9843950Z","EXP-20260822T012730Z-82fe66af","cassandra","100","31292.88","1248.48","cassandra-node3","185.97","2823940997","6442450944","4.72GB / 6.08GB","0B / 4.86GB"
"2026-08-22T03:33:59.9843950Z","EXP-20260822T012730Z-82fe66af","cassandra","100","31292.88","1248.48","cassandra-node1","187.64","2814277321","6442450944","5.13GB / 5.87GB","0B / 4.86GB"
"2026-08-22T03:35:03.6344374Z","EXP-20260822T012730Z-82fe66af","cassandra","100","31295.49","1245.86","cassandra-node2","177.79","2817498546","6442450944","5.21GB / 5.69GB","4.1kB / 4.9GB"
"2026-08-22T03:35:03.6344374Z","EXP-20260822T012730Z-82fe66af","cassandra","100","31295.49","1245.86","cassandra-node3","176.93","2823940997","6442450944","4.76GB / 6.12GB","0B / 4.9GB"
"2026-08-22T03:35:03.6344374Z","EXP-20260822T012730Z-82fe66af","cassandra","100","31295.49","1245.86","cassandra-node1","185.11","2814277321","6442450944","5.17GB / 5.9GB","0B / 4.9GB"
"2026-08-22T03:36:07.2986737Z","EXP-20260822T012730Z-82fe66af","cassandra","99","31316.28","1225.07","cassandra-node2","181.63","2817498546","6442450944","5.25GB / 5.72GB","4.1kB / 4.92GB"
"2026-08-22T03:36:07.2986737Z","EXP-20260822T012730Z-82fe66af","cassandra","99","31316.28","1225.07","cassandra-node3","180.06","2825014739","6442450944","4.8GB / 6.15GB","0B / 4.92GB"
"2026-08-22T03:36:07.2986737Z","EXP-20260822T012730Z-82fe66af","cassandra","99","31316.28","1225.07","cassandra-node1","189.95","2814277321","6442450944","5.21GB / 5.94GB","0B / 4.92GB"
"2026-08-22T03:37:10.1560430Z","EXP-20260822T012730Z-82fe66af","cassandra","96","31436.51","1104.84","cassandra-node2","181.75","2818572288","6442450944","5.3GB / 5.75GB","4.1kB / 4.96GB"
"2026-08-22T03:37:10.1560430Z","EXP-20260822T012730Z-82fe66af","cassandra","96","31436.51","1104.84","cassandra-node3","190.28","2826088481","6442450944","4.84GB / 6.19GB","0B / 4.96GB"
"2026-08-22T03:37:10.1560430Z","EXP-20260822T012730Z-82fe66af","cassandra","96","31436.51","1104.84","cassandra-node1","183.07","2815351063","6442450944","5.26GB / 5.97GB","0B / 4.96GB"
"2026-08-22T03:38:13.8263199Z","EXP-20260822T012730Z-82fe66af","cassandra","96","31434.66","1106.69","cassandra-node2","206.26","2819646030","6442450944","5.34GB / 5.78GB","4.1kB / 4.99GB"
"2026-08-22T03:38:13.8263199Z","EXP-20260822T012730Z-82fe66af","cassandra","96","31434.66","1106.69","cassandra-node3","195.9","2826088481","6442450944","4.88GB / 6.22GB","0B / 5GB"
"2026-08-22T03:38:13.8263199Z","EXP-20260822T012730Z-82fe66af","cassandra","96","31434.66","1106.69","cassandra-node1","196.72","2813203579","6442450944","5.3GB / 6GB","0B / 5GB"
"2026-08-22T03:39:17.5237775Z","EXP-20260822T012730Z-82fe66af","cassandra","100","31464.46","1076.89","cassandra-node2","187.53","2837899641","6442450944","5.37GB / 5.8GB","4.1kB / 5.07GB"
"2026-08-22T03:39:17.5237775Z","EXP-20260822T012730Z-82fe66af","cassandra","100","31464.46","1076.89","cassandra-node3","185","2832530932","6442450944","4.91GB / 6.25GB","0B / 5.07GB"
"2026-08-22T03:39:17.5237775Z","EXP-20260822T012730Z-82fe66af","cassandra","100","31464.46","1076.89","cassandra-node1","181.39","2835752157","6442450944","5.33GB / 6.03GB","0B / 5.07GB"
"2026-08-22T03:40:20.3713297Z","EXP-20260822T012730Z-82fe66af","cassandra","99","31391.59","1149.76","cassandra-node2","197.05","2831457190","6442450944","5.41GB / 5.83GB","4.1kB / 5.09GB"
"2026-08-22T03:40:20.3713297Z","EXP-20260822T012730Z-82fe66af","cassandra","99","31391.59","1149.76","cassandra-node3","182.27","2827162223","6442450944","4.94GB / 6.28GB","0B / 5.09GB"
"2026-08-22T03:40:20.3713297Z","EXP-20260822T012730Z-82fe66af","cassandra","99","31391.59","1149.76","cassandra-node1","188.41","2834678415","6442450944","5.37GB / 6.06GB","0B / 5.09GB"
"2026-08-22T03:41:24.0258409Z","EXP-20260822T012730Z-82fe66af","cassandra","97","31430.92","1110.43","cassandra-node2","173.29","2837899641","6442450944","5.44GB / 5.85GB","4.1kB / 5.12GB"
"2026-08-22T03:41:24.0258409Z","EXP-20260822T012730Z-82fe66af","cassandra","97","31430.92","1110.43","cassandra-node3","180.85","2832530932","6442450944","4.97GB / 6.3GB","0B / 5.12GB"
"2026-08-22T03:41:24.0258409Z","EXP-20260822T012730Z-82fe66af","cassandra","97","31430.92","1110.43","cassandra-node1","168.66","2818572288","6442450944","5.4GB / 6.09GB","0B / 5.12GB"
"2026-08-22T03:42:27.7271858Z","EXP-20260822T012730Z-82fe66af","cassandra","99","31522.43","1018.92","cassandra-node2","181.6","2837899641","6442450944","5.49GB / 5.89GB","4.1kB / 5.14GB"
"2026-08-22T03:42:27.7271858Z","EXP-20260822T012730Z-82fe66af","cassandra","99","31522.43","1018.92","cassandra-node3","184.8","2831457190","6442450944","5.01GB / 6.34GB","0B / 5.14GB"
"2026-08-22T03:42:27.7271858Z","EXP-20260822T012730Z-82fe66af","cassandra","99","31522.43","1018.92","cassandra-node1","187.8","2827162223","6442450944","5.44GB / 6.12GB","0B / 5.14GB"
"2026-08-22T03:43:31.3613819Z","EXP-20260822T012730Z-82fe66af","cassandra","99","31603.6","937.75","cassandra-node2","184.66","2841120866","6442450944","5.53GB / 5.92GB","4.1kB / 5.18GB"
"2026-08-22T03:43:31.3613819Z","EXP-20260822T012730Z-82fe66af","cassandra","99","31603.6","937.75","cassandra-node3","183.17","2832530932","6442450944","5.05GB / 6.38GB","0B / 5.18GB"
"2026-08-22T03:43:31.3613819Z","EXP-20260822T012730Z-82fe66af","cassandra","99","31603.6","937.75","cassandra-node1","187.47","2828235964","6442450944","5.48GB / 6.15GB","0B / 5.18GB"
"2026-08-22T03:44:35.1638794Z","EXP-20260822T012730Z-82fe66af","cassandra","97","31606.27","935.08","cassandra-node2","186.56","2841120866","6442450944","5.58GB / 5.95GB","4.1kB / 5.21GB"
"2026-08-22T03:44:35.1638794Z","EXP-20260822T012730Z-82fe66af","cassandra","97","31606.27","935.08","cassandra-node3","185.25","2833604674","6442450944","5.09GB / 6.41GB","0B / 5.21GB"
"2026-08-22T03:44:35.1638794Z","EXP-20260822T012730Z-82fe66af","cassandra","97","31606.27","935.08","cassandra-node1","174.68","2828235964","6442450944","5.53GB / 6.19GB","0B / 5.21GB"
"2026-08-22T03:45:38.8336252Z","EXP-20260822T012730Z-82fe66af","cassandra","94","31524.62","1016.73","cassandra-node2","185.67","2841120866","6442450944","5.62GB / 5.98GB","4.1kB / 5.24GB"
"2026-08-22T03:45:38.8336252Z","EXP-20260822T012730Z-82fe66af","cassandra","94","31524.62","1016.73","cassandra-node3","184","2833604674","6442450944","5.13GB / 6.45GB","0B / 5.25GB"
"2026-08-22T03:45:38.8336252Z","EXP-20260822T012730Z-82fe66af","cassandra","94","31524.62","1016.73","cassandra-node1","189.05","2829309706","6442450944","5.57GB / 6.22GB","0B / 5.25GB"
"2026-08-22T03:46:42.4746856Z","EXP-20260822T012730Z-82fe66af","cassandra","94","31604.25","937.1","cassandra-node2","179.36","2826088481","6442450944","5.67GB / 6.01GB","4.1kB / 5.27GB"
"2026-08-22T03:46:42.4746856Z","EXP-20260822T012730Z-82fe66af","cassandra","94","31604.25","937.1","cassandra-node3","188.47","2833604674","6442450944","5.17GB / 6.48GB","0B / 5.27GB"
"2026-08-22T03:46:42.4746856Z","EXP-20260822T012730Z-82fe66af","cassandra","94","31604.25","937.1","cassandra-node1","180.06","2829309706","6442450944","5.62GB / 6.26GB","0B / 5.27GB"
"2026-08-22T03:47:46.1222155Z","EXP-20260822T012730Z-82fe66af","cassandra","97","31599.4","941.95","cassandra-node2","187.94","2827162223","6442450944","5.71GB / 6.04GB","4.1kB / 5.31GB"
"2026-08-22T03:47:46.1222155Z","EXP-20260822T012730Z-82fe66af","cassandra","97","31599.4","941.95","cassandra-node3","193.29","2818572288","6442450944","5.21GB / 6.52GB","0B / 5.31GB"
"2026-08-22T03:47:46.1222155Z","EXP-20260822T012730Z-82fe66af","cassandra","97","31599.4","941.95","cassandra-node1","194.6","2829309706","6442450944","5.66GB / 6.29GB","0B / 5.31GB"
"2026-08-22T03:48:49.4936667Z","EXP-20260822T012730Z-82fe66af","cassandra","96","31612.51","928.84","cassandra-node2","203.92","2828235964","6442450944","5.75GB / 6.07GB","4.1kB / 5.34GB"
"2026-08-22T03:48:49.4936667Z","EXP-20260822T012730Z-82fe66af","cassandra","96","31612.51","928.84","cassandra-node3","192.71","2821793513","6442450944","5.25GB / 6.55GB","0B / 5.34GB"
"2026-08-22T03:48:49.4936667Z","EXP-20260822T012730Z-82fe66af","cassandra","96","31612.51","928.84","cassandra-node1","206.86","2832530932","6442450944","5.7GB / 6.32GB","0B / 5.34GB"
"2026-08-22T03:49:53.1492619Z","EXP-20260822T012730Z-82fe66af","cassandra","99","31622.57","918.78","cassandra-node2","181.91","2827162223","6442450944","5.79GB / 6.1GB","4.1kB / 5.43GB"
"2026-08-22T03:49:53.1492619Z","EXP-20260822T012730Z-82fe66af","cassandra","99","31622.57","918.78","cassandra-node3","186.69","2821793513","6442450944","5.29GB / 6.59GB","0B / 5.42GB"
"2026-08-22T03:49:53.1492619Z","EXP-20260822T012730Z-82fe66af","cassandra","99","31622.57","918.78","cassandra-node1","181.45","2832530932","6442450944","5.74GB / 6.36GB","0B / 5.42GB"
"2026-08-22T03:50:56.8399182Z","EXP-20260822T012730Z-82fe66af","cassandra","94","31559.99","981.36","cassandra-node2","178.2","2828235964","6442450944","5.84GB / 6.13GB","4.1kB / 5.46GB"
"2026-08-22T03:50:56.8399182Z","EXP-20260822T012730Z-82fe66af","cassandra","94","31559.99","981.36","cassandra-node3","180.41","2820719772","6442450944","5.33GB / 6.62GB","0B / 5.46GB"
"2026-08-22T03:50:56.8399182Z","EXP-20260822T012730Z-82fe66af","cassandra","94","31559.99","981.36","cassandra-node1","177.69","2834678415","6442450944","5.79GB / 6.39GB","0B / 5.46GB"
"2026-08-22T03:51:59.6609300Z","EXP-20260822T012730Z-82fe66af","cassandra","97","31672.78","868.57","cassandra-node2","180.59","2829309706","6442450944","5.88GB / 6.17GB","4.1kB / 5.48GB"
"2026-08-22T03:51:59.6609300Z","EXP-20260822T012730Z-82fe66af","cassandra","97","31672.78","868.57","cassandra-node3","179.2","2820719772","6442450944","5.37GB / 6.65GB","0B / 5.49GB"
"2026-08-22T03:51:59.6609300Z","EXP-20260822T012730Z-82fe66af","cassandra","97","31672.78","868.57","cassandra-node1","183.54","2834678415","6442450944","5.83GB / 6.42GB","0B / 5.49GB"
"2026-08-22T03:53:03.2956132Z","EXP-20260822T012730Z-82fe66af","cassandra","97","31727.96","813.39","cassandra-node2","188.9","2830383448","6442450944","5.93GB / 6.2GB","4.1kB / 5.53GB"
"2026-08-22T03:53:03.2956132Z","EXP-20260822T012730Z-82fe66af","cassandra","97","31727.96","813.39","cassandra-node3","182.54","2820719772","6442450944","5.41GB / 6.69GB","0B / 5.52GB"
"2026-08-22T03:53:03.2956132Z","EXP-20260822T012730Z-82fe66af","cassandra","97","31727.96","813.39","cassandra-node1","177.76","2834678415","6442450944","5.87GB / 6.46GB","0B / 5.52GB"
"2026-08-22T03:54:07.0012236Z","EXP-20260822T012730Z-82fe66af","cassandra","97","31757.54","783.81","cassandra-node2","184.89","2830383448","6442450944","5.97GB / 6.23GB","4.1kB / 5.55GB"
"2026-08-22T03:54:07.0012236Z","EXP-20260822T012730Z-82fe66af","cassandra","97","31757.54","783.81","cassandra-node3","185.08","2821793513","6442450944","5.45GB / 6.72GB","0B / 5.55GB"
"2026-08-22T03:54:07.0012236Z","EXP-20260822T012730Z-82fe66af","cassandra","97","31757.54","783.81","cassandra-node1","189.05","2834678415","6442450944","5.91GB / 6.49GB","0B / 5.55GB"
"2026-08-22T03:55:09.7761051Z","EXP-20260822T012730Z-82fe66af","cassandra","99","31845.54","695.81","cassandra-node2","196.07","2830383448","6442450944","6.01GB / 6.26GB","4.1kB / 5.59GB"
"2026-08-22T03:55:09.7761051Z","EXP-20260822T012730Z-82fe66af","cassandra","99","31845.54","695.81","cassandra-node3","167.7","2821793513","6442450944","5.49GB / 6.76GB","0B / 5.59GB"
"2026-08-22T03:55:09.7761051Z","EXP-20260822T012730Z-82fe66af","cassandra","99","31845.54","695.81","cassandra-node1","167.82","2834678415","6442450944","5.96GB / 6.53GB","0B / 5.59GB"
"2026-08-22T03:56:13.5297992Z","EXP-20260822T012730Z-82fe66af","cassandra","94","31897.3","644.05","cassandra-node2","204.29","2833604674","6442450944","6.05GB / 6.29GB","4.1kB / 5.63GB"
"2026-08-22T03:56:13.5297992Z","EXP-20260822T012730Z-82fe66af","cassandra","94","31897.3","644.05","cassandra-node3","206.27","2823940997","6442450944","5.53GB / 6.79GB","0B / 5.62GB"
"2026-08-22T03:56:13.5297992Z","EXP-20260822T012730Z-82fe66af","cassandra","94","31897.3","644.05","cassandra-node1","215.71","2836825899","6442450944","6GB / 6.56GB","0B / 5.63GB"
"2026-08-22T03:57:17.2284778Z","EXP-20260822T012730Z-82fe66af","cassandra","97","31873.07","668.28","cassandra-node2","180.79","2831457190","6442450944","6.1GB / 6.32GB","4.1kB / 5.7GB"
"2026-08-22T03:57:17.2284778Z","EXP-20260822T012730Z-82fe66af","cassandra","97","31873.07","668.28","cassandra-node3","177.99","2822867255","6442450944","5.57GB / 6.83GB","0B / 5.7GB"
"2026-08-22T03:57:17.2284778Z","EXP-20260822T012730Z-82fe66af","cassandra","97","31873.07","668.28","cassandra-node1","190.52","2835752157","6442450944","6.04GB / 6.59GB","0B / 5.7GB"
"2026-08-22T03:58:19.9417361Z","EXP-20260822T012730Z-82fe66af","cassandra","97","31969.61","571.74","cassandra-node2","184.99","2833604674","6442450944","6.14GB / 6.35GB","4.1kB / 5.74GB"
"2026-08-22T03:58:19.9417361Z","EXP-20260822T012730Z-82fe66af","cassandra","97","31969.61","571.74","cassandra-node3","182.89","2825014739","6442450944","5.61GB / 6.86GB","0B / 5.74GB"
"2026-08-22T03:58:19.9417361Z","EXP-20260822T012730Z-82fe66af","cassandra","97","31969.61","571.74","cassandra-node1","182.25","2836825899","6442450944","6.08GB / 6.63GB","0B / 5.74GB"
"2026-08-22T03:59:23.6094481Z","EXP-20260822T012730Z-82fe66af","cassandra","97","32033.68","507.67","cassandra-node2","186.04","2832530932","6442450944","6.18GB / 6.38GB","4.1kB / 5.77GB"
"2026-08-22T03:59:23.6094481Z","EXP-20260822T012730Z-82fe66af","cassandra","97","32033.68","507.67","cassandra-node3","184.01","2825014739","6442450944","5.65GB / 6.9GB","0B / 5.77GB"
"2026-08-22T03:59:23.6094481Z","EXP-20260822T012730Z-82fe66af","cassandra","97","32033.68","507.67","cassandra-node1","193.12","2837899641","6442450944","6.13GB / 6.66GB","0B / 5.77GB"
"2026-08-22T04:00:27.3201933Z","EXP-20260822T012730Z-82fe66af","cassandra","100","31969.62","571.73","cassandra-node2","190.41","2831457190","6442450944","6.23GB / 6.41GB","4.1kB / 5.8GB"
"2026-08-22T04:00:27.3201933Z","EXP-20260822T012730Z-82fe66af","cassandra","100","31969.62","571.73","cassandra-node3","184.11","2823940997","6442450944","5.69GB / 6.93GB","0B / 5.8GB"
"2026-08-22T04:00:27.3201933Z","EXP-20260822T012730Z-82fe66af","cassandra","100","31969.62","571.73","cassandra-node1","184.1","2837899641","6442450944","6.17GB / 6.69GB","0B / 5.8GB"
"2026-08-22T04:01:30.0477841Z","EXP-20260822T012730Z-82fe66af","cassandra","97","31979.03","562.32","cassandra-node2","182.5","2832530932","6442450944","6.27GB / 6.44GB","4.1kB / 5.82GB"
"2026-08-22T04:01:30.0477841Z","EXP-20260822T012730Z-82fe66af","cassandra","97","31979.03","562.32","cassandra-node3","187.53","2825014739","6442450944","5.73GB / 6.97GB","0B / 5.82GB"
"2026-08-22T04:01:30.0477841Z","EXP-20260822T012730Z-82fe66af","cassandra","97","31979.03","562.32","cassandra-node1","188.25","2829309706","6442450944","6.21GB / 6.73GB","0B / 5.82GB"
"2026-08-22T04:02:33.7738736Z","EXP-20260822T012730Z-82fe66af","cassandra","97","32027.12","514.23","cassandra-node2","188.34","2832530932","6442450944","6.31GB / 6.47GB","4.1kB / 5.87GB"
"2026-08-22T04:02:33.7738736Z","EXP-20260822T012730Z-82fe66af","cassandra","97","32027.12","514.23","cassandra-node3","183.03","2826088481","6442450944","5.76GB / 7GB","0B / 5.86GB"
"2026-08-22T04:02:33.7738736Z","EXP-20260822T012730Z-82fe66af","cassandra","97","32027.12","514.23","cassandra-node1","188.8","2829309706","6442450944","6.25GB / 6.76GB","0B / 5.87GB"
"2026-08-22T04:03:37.4548171Z","EXP-20260822T012730Z-82fe66af","cassandra","94","32166.84","374.52","cassandra-node2","204.62","2835752157","6442450944","6.35GB / 6.5GB","4.1kB / 5.9GB"
"2026-08-22T04:03:37.4548171Z","EXP-20260822T012730Z-82fe66af","cassandra","94","32166.84","374.52","cassandra-node3","200.48","2828235964","6442450944","5.8GB / 7.03GB","0B / 5.9GB"
"2026-08-22T04:03:37.4548171Z","EXP-20260822T012730Z-82fe66af","cassandra","94","32166.84","374.52","cassandra-node1","207.23","2832530932","6442450944","6.29GB / 6.79GB","0B / 5.9GB"
"2026-08-22T04:04:40.1375393Z","EXP-20260822T012730Z-82fe66af","cassandra","96","32163.95","377.4","cassandra-node2","184.54","2834678415","6442450944","6.4GB / 6.53GB","4.1kB / 5.98GB"
"2026-08-22T04:04:40.1375393Z","EXP-20260822T012730Z-82fe66af","cassandra","96","32163.95","377.4","cassandra-node3","178.21","2827162223","6442450944","5.84GB / 7.07GB","0B / 5.98GB"
"2026-08-22T04:04:40.1375393Z","EXP-20260822T012730Z-82fe66af","cassandra","96","32163.95","377.4","cassandra-node1","188.2","2837899641","6442450944","6.34GB / 6.82GB","0B / 5.98GB"
"2026-08-22T04:05:43.8135889Z","EXP-20260822T012730Z-82fe66af","cassandra","99","32275.82","265.54","cassandra-node2","183.76","2836825899","6442450944","6.44GB / 6.57GB","4.1kB / 6.02GB"
"2026-08-22T04:05:43.8135889Z","EXP-20260822T012730Z-82fe66af","cassandra","99","32275.82","265.54","cassandra-node3","189.52","2828235964","6442450944","5.88GB / 7.1GB","0B / 6.02GB"
"2026-08-22T04:05:43.8135889Z","EXP-20260822T012730Z-82fe66af","cassandra","99","32275.82","265.54","cassandra-node1","183.93","2837899641","6442450944","6.38GB / 6.86GB","0B / 6.02GB"
"2026-08-22T04:06:47.5025910Z","EXP-20260822T012730Z-82fe66af","cassandra","99","32307.54","233.81","cassandra-node2","187.7","2835752157","6442450944","6.48GB / 6.6GB","4.1kB / 6.04GB"
"2026-08-22T04:06:47.5025910Z","EXP-20260822T012730Z-82fe66af","cassandra","99","32307.54","233.81","cassandra-node3","180.34","2828235964","6442450944","5.92GB / 7.14GB","0B / 6.04GB"
"2026-08-22T04:06:47.5025910Z","EXP-20260822T012730Z-82fe66af","cassandra","99","32307.54","233.81","cassandra-node1","183.13","2837899641","6442450944","6.42GB / 6.89GB","0B / 6.04GB"
"2026-08-22T04:07:50.2737642Z","EXP-20260822T012730Z-82fe66af","cassandra","100","32301.62","239.73","cassandra-node2","189.61","2836825899","6442450944","6.53GB / 6.63GB","4.1kB / 6.08GB"
"2026-08-22T04:07:50.2737642Z","EXP-20260822T012730Z-82fe66af","cassandra","100","32301.62","239.73","cassandra-node3","183.46","2829309706","6442450944","5.96GB / 7.17GB","0B / 6.08GB"
"2026-08-22T04:07:50.2737642Z","EXP-20260822T012730Z-82fe66af","cassandra","100","32301.62","239.73","cassandra-node1","185.97","2838973383","6442450944","6.47GB / 6.93GB","0B / 6.08GB"
"2026-08-22T04:08:53.9652356Z","EXP-20260822T012730Z-82fe66af","cassandra","94","32308.31","233.04","cassandra-node2","172.73","2837899641","6442450944","6.57GB / 6.66GB","4.1kB / 6.1GB"
"2026-08-22T04:08:53.9652356Z","EXP-20260822T012730Z-82fe66af","cassandra","94","32308.31","233.04","cassandra-node3","178.49","2830383448","6442450944","6GB / 7.21GB","0B / 6.1GB"
"2026-08-22T04:08:53.9652356Z","EXP-20260822T012730Z-82fe66af","cassandra","94","32308.31","233.04","cassandra-node1","170.65","2840047124","6442450944","6.51GB / 6.96GB","0B / 6.1GB"
"2026-08-22T04:09:57.6977663Z","EXP-20260822T012730Z-82fe66af","cassandra","97","32266.46","274.89","cassandra-node2","169.38","2837899641","6442450944","6.62GB / 6.69GB","4.1kB / 6.14GB"
"2026-08-22T04:09:57.6977663Z","EXP-20260822T012730Z-82fe66af","cassandra","97","32266.46","274.89","cassandra-node3","188.73","2829309706","6442450944","6.04GB / 7.24GB","0B / 6.14GB"
"2026-08-22T04:09:57.6977663Z","EXP-20260822T012730Z-82fe66af","cassandra","97","32266.46","274.89","cassandra-node1","181.72","2838973383","6442450944","6.55GB / 6.99GB","0B / 6.14GB"
"2026-08-22T04:11:01.3996528Z","EXP-20260822T012730Z-82fe66af","cassandra","96","32210.75","330.6","cassandra-node2","205.01","2852932026","6442450944","6.66GB / 6.72GB","4.1kB / 6.18GB"
"2026-08-22T04:11:01.3996528Z","EXP-20260822T012730Z-82fe66af","cassandra","96","32210.75","330.6","cassandra-node3","196.16","2832530932","6442450944","6.08GB / 7.27GB","0B / 6.18GB"
"2026-08-22T04:11:01.3996528Z","EXP-20260822T012730Z-82fe66af","cassandra","96","32210.75","330.6","cassandra-node1","189.47","2842194608","6442450944","6.59GB / 7.02GB","0B / 6.18GB"
"2026-08-22T04:12:05.2153315Z","EXP-20260822T012730Z-82fe66af","cassandra","97","32287.35","254","cassandra-node2","156.27","2870111896","6442450944","6.69GB / 6.74GB","4.1kB / 6.47GB"
"2026-08-22T04:12:05.2153315Z","EXP-20260822T012730Z-82fe66af","cassandra","97","32287.35","254","cassandra-node3","211.56","2865816928","6442450944","6.11GB / 7.3GB","0B / 6.41GB"
"2026-08-22T04:12:05.2153315Z","EXP-20260822T012730Z-82fe66af","cassandra","97","32287.35","254","cassandra-node1","206.1","2836825899","6442450944","6.62GB / 7.05GB","0B / 6.43GB"
"2026-08-22T04:13:09.0088340Z","EXP-20260822T012730Z-82fe66af","cassandra","94","32136.66","404.7","cassandra-node2","182.47","2871185637","6442450944","6.73GB / 6.77GB","4.1kB / 6.5GB"
"2026-08-22T04:13:09.0088340Z","EXP-20260822T012730Z-82fe66af","cassandra","94","32136.66","404.7","cassandra-node3","183.33","2864743186","6442450944","6.15GB / 7.33GB","0B / 6.5GB"
"2026-08-22T04:13:09.0088340Z","EXP-20260822T012730Z-82fe66af","cassandra","94","32136.66","404.7","cassandra-node1","190.09","2835752157","6442450944","6.66GB / 7.08GB","0B / 6.5GB"
"2026-08-22T04:14:12.4066184Z","EXP-20260822T012730Z-82fe66af","cassandra","96","32124.34","417.02","cassandra-node2","184.81","2871185637","6442450944","6.78GB / 6.8GB","4.1kB / 6.53GB"
"2026-08-22T04:14:12.4066184Z","EXP-20260822T012730Z-82fe66af","cassandra","96","32124.34","417.02","cassandra-node3","195.67","2864743186","6442450944","6.19GB / 7.37GB","0B / 6.53GB"
"2026-08-22T04:14:12.4066184Z","EXP-20260822T012730Z-82fe66af","cassandra","96","32124.34","417.02","cassandra-node1","186.22","2835752157","6442450944","6.71GB / 7.12GB","0B / 6.53GB"
"2026-08-22T04:15:16.1605021Z","EXP-20260822T012730Z-82fe66af","cassandra","96","32128.34","413.01","cassandra-node2","175.22","2870111896","6442450944","6.82GB / 6.84GB","4.1kB / 6.57GB"
"2026-08-22T04:15:16.1605021Z","EXP-20260822T012730Z-82fe66af","cassandra","96","32128.34","413.01","cassandra-node3","188.84","2838973383","6442450944","6.23GB / 7.4GB","0B / 6.57GB"
"2026-08-22T04:15:16.1605021Z","EXP-20260822T012730Z-82fe66af","cassandra","96","32128.34","413.01","cassandra-node1","185.79","2836825899","6442450944","6.75GB / 7.15GB","0B / 6.57GB"
"2026-08-22T04:16:19.8712160Z","EXP-20260822T012730Z-82fe66af","cassandra","96","32172.06","369.29","cassandra-node2","182.52","2871185637","6442450944","6.86GB / 6.87GB","4.1kB / 6.59GB"
"2026-08-22T04:16:19.8712160Z","EXP-20260822T012730Z-82fe66af","cassandra","96","32172.06","369.29","cassandra-node3","182.16","2837899641","6442450944","6.27GB / 7.44GB","0B / 6.59GB"
"2026-08-22T04:16:19.8712160Z","EXP-20260822T012730Z-82fe66af","cassandra","96","32172.06","369.29","cassandra-node1","195.28","2835752157","6442450944","6.79GB / 7.18GB","0B / 6.59GB"
"2026-08-22T04:17:23.5513433Z","EXP-20260822T012730Z-82fe66af","cassandra","94","32205.84","335.51","cassandra-node2","190.18","2871185637","6442450944","6.91GB / 6.9GB","4.1kB / 6.63GB"
"2026-08-22T04:17:23.5513433Z","EXP-20260822T012730Z-82fe66af","cassandra","94","32205.84","335.51","cassandra-node3","186.43","2838973383","6442450944","6.31GB / 7.47GB","0B / 6.63GB"
"2026-08-22T04:17:23.5513433Z","EXP-20260822T012730Z-82fe66af","cassandra","94","32205.84","335.51","cassandra-node1","187.53","2836825899","6442450944","6.84GB / 7.22GB","0B / 6.63GB"
"2026-08-22T04:18:27.2527996Z","EXP-20260822T012730Z-82fe66af","cassandra","96","32232.25","309.1","cassandra-node2","202.85","2872259379","6442450944","6.95GB / 6.93GB","4.1kB / 6.66GB"
"2026-08-22T04:18:27.2527996Z","EXP-20260822T012730Z-82fe66af","cassandra","96","32232.25","309.1","cassandra-node3","201.14","2838973383","6442450944","6.35GB / 7.51GB","0B / 6.65GB"
"2026-08-22T04:18:27.2527996Z","EXP-20260822T012730Z-82fe66af","cassandra","96","32232.25","309.1","cassandra-node1","201.26","2837899641","6442450944","6.88GB / 7.25GB","0B / 6.66GB"
"2026-08-22T04:19:30.5797449Z","EXP-20260822T012730Z-82fe66af","cassandra","99","32295.55","245.8","cassandra-node2","184.13","2873333121","6442450944","6.99GB / 6.96GB","4.1kB / 6.74GB"
"2026-08-22T04:19:30.5797449Z","EXP-20260822T012730Z-82fe66af","cassandra","99","32295.55","245.8","cassandra-node3","183.92","2843268350","6442450944","6.38GB / 7.54GB","0B / 6.74GB"
"2026-08-22T04:19:30.5797449Z","EXP-20260822T012730Z-82fe66af","cassandra","99","32295.55","245.8","cassandra-node1","185.21","2840047124","6442450944","6.92GB / 7.28GB","0B / 6.74GB"
"2026-08-22T04:20:34.3038849Z","EXP-20260822T012730Z-82fe66af","cassandra","99","32150.5","390.85","cassandra-node2","207.97","2874406863","6442450944","7.03GB / 6.99GB","4.1kB / 6.78GB"
"2026-08-22T04:20:34.3038849Z","EXP-20260822T012730Z-82fe66af","cassandra","99","32150.5","390.85","cassandra-node3","177.93","2844342092","6442450944","6.42GB / 7.57GB","0B / 6.78GB"
"2026-08-22T04:20:34.3038849Z","EXP-20260822T012730Z-82fe66af","cassandra","99","32150.5","390.85","cassandra-node1","180.26","2841120866","6442450944","6.96GB / 7.31GB","0B / 6.78GB"
"2026-08-22T04:21:38.0043063Z","EXP-20260822T012730Z-82fe66af","cassandra","93","32244.86","296.49","cassandra-node2","185.5","2873333121","6442450944","7.07GB / 7.02GB","4.1kB / 6.81GB"
"2026-08-22T04:21:38.0043063Z","EXP-20260822T012730Z-82fe66af","cassandra","93","32244.86","296.49","cassandra-node3","184.71","2838973383","6442450944","6.46GB / 7.6GB","0B / 6.8GB"
"2026-08-22T04:21:38.0043063Z","EXP-20260822T012730Z-82fe66af","cassandra","93","32244.86","296.49","cassandra-node1","181.5","2841120866","6442450944","7GB / 7.35GB","0B / 6.81GB"
"2026-08-22T04:22:40.7038782Z","EXP-20260822T012730Z-82fe66af","cassandra","100","32302.97","238.38","cassandra-node2","188.52","2874406863","6442450944","7.12GB / 7.05GB","4.1kB / 6.84GB"
"2026-08-22T04:22:40.7038782Z","EXP-20260822T012730Z-82fe66af","cassandra","100","32302.97","238.38","cassandra-node3","179.66","2838973383","6442450944","6.5GB / 7.64GB","0B / 6.84GB"
"2026-08-22T04:22:40.7038782Z","EXP-20260822T012730Z-82fe66af","cassandra","100","32302.97","238.38","cassandra-node1","192.13","2841120866","6442450944","7.04GB / 7.38GB","0B / 6.84GB"
"2026-08-22T04:23:44.4042483Z","EXP-20260822T012730Z-82fe66af","cassandra","97","32292.33","249.02","cassandra-node2","183.55","2875480605","6442450944","7.16GB / 7.08GB","4.1kB / 6.87GB"
"2026-08-22T04:23:44.4042483Z","EXP-20260822T012730Z-82fe66af","cassandra","97","32292.33","249.02","cassandra-node3","187.52","2838973383","6442450944","6.54GB / 7.67GB","0B / 6.87GB"
"2026-08-22T04:23:44.4042483Z","EXP-20260822T012730Z-82fe66af","cassandra","97","32292.33","249.02","cassandra-node1","183.35","2842194608","6442450944","7.09GB / 7.41GB","0B / 6.87GB"
"2026-08-22T04:24:48.0962677Z","EXP-20260822T012730Z-82fe66af","cassandra","97","32323.95","217.4","cassandra-node2","184.99","2875480605","6442450944","7.2GB / 7.11GB","4.1kB / 6.9GB"
"2026-08-22T04:24:48.0962677Z","EXP-20260822T012730Z-82fe66af","cassandra","97","32323.95","217.4","cassandra-node3","181.39","2840047124","6442450944","6.58GB / 7.71GB","0B / 6.9GB"
"2026-08-22T04:24:48.0962677Z","EXP-20260822T012730Z-82fe66af","cassandra","97","32323.95","217.4","cassandra-node1","185.24","2842194608","6442450944","7.13GB / 7.45GB","0B / 6.9GB"
"2026-08-22T04:25:50.8208956Z","EXP-20260822T012730Z-82fe66af","cassandra","99","32304.38","236.97","cassandra-node2","193.52","2854005768","6442450944","7.25GB / 7.14GB","4.1kB / 6.93GB"
"2026-08-22T04:25:50.8208956Z","EXP-20260822T012730Z-82fe66af","cassandra","99","32304.38","236.97","cassandra-node3","179.91","2840047124","6442450944","6.62GB / 7.74GB","0B / 6.93GB"
"2026-08-22T04:25:50.8208956Z","EXP-20260822T012730Z-82fe66af","cassandra","99","32304.38","236.97","cassandra-node1","180.82","2845415834","6442450944","7.17GB / 7.48GB","0B / 6.93GB"
"2026-08-22T04:26:54.4638698Z","EXP-20260822T012730Z-82fe66af","cassandra","97","30712.01","1829.34","cassandra-node2","185.32","2829309706","6442450944","7.29GB / 7.17GB","4.1kB / 7.02GB"
"2026-08-22T04:26:54.4638698Z","EXP-20260822T012730Z-82fe66af","cassandra","97","30712.01","1829.34","cassandra-node3","194.18","2843268350","6442450944","6.65GB / 7.77GB","0B / 7.02GB"
"2026-08-22T04:26:54.4638698Z","EXP-20260822T012730Z-82fe66af","cassandra","97","30712.01","1829.34","cassandra-node1","181.81","2831457190","6442450944","7.21GB / 7.51GB","0B / 7.02GB"
"2026-08-22T04:27:58.1569841Z","EXP-20260822T012730Z-82fe66af","cassandra","96","30732.66","1808.69","cassandra-node2","198.73","2830383448","6442450944","7.33GB / 7.2GB","4.1kB / 7.04GB"
"2026-08-22T04:27:58.1569841Z","EXP-20260822T012730Z-82fe66af","cassandra","96","30732.66","1808.69","cassandra-node3","204.19","2844342092","6442450944","6.69GB / 7.81GB","0B / 7.04GB"
"2026-08-22T04:27:58.1569841Z","EXP-20260822T012730Z-82fe66af","cassandra","96","30732.66","1808.69","cassandra-node1","203.21","2832530932","6442450944","7.25GB / 7.54GB","0B / 7.04GB"
"2026-08-22T04:29:00.8943413Z","EXP-20260822T012730Z-82fe66af","cassandra","99","30739.25","1802.1","cassandra-node2","181.32","2830383448","6442450944","7.37GB / 7.23GB","4.1kB / 7.08GB"
"2026-08-22T04:29:00.8943413Z","EXP-20260822T012730Z-82fe66af","cassandra","99","30739.25","1802.1","cassandra-node3","187.97","2844342092","6442450944","6.73GB / 7.84GB","0B / 7.08GB"
"2026-08-22T04:29:00.8943413Z","EXP-20260822T012730Z-82fe66af","cassandra","99","30739.25","1802.1","cassandra-node1","181.63","2832530932","6442450944","7.29GB / 7.58GB","0B / 7.08GB"
"2026-08-22T04:30:04.5206840Z","EXP-20260822T012730Z-82fe66af","cassandra","99","31006.2","1535.16","cassandra-node2","167.9","2830383448","6442450944","7.42GB / 7.26GB","4.1kB / 7.12GB"
"2026-08-22T04:30:04.5206840Z","EXP-20260822T012730Z-82fe66af","cassandra","99","31006.2","1535.16","cassandra-node3","165.03","2843268350","6442450944","6.77GB / 7.88GB","0B / 7.12GB"
"2026-08-22T04:30:04.5206840Z","EXP-20260822T012730Z-82fe66af","cassandra","99","31006.2","1535.16","cassandra-node1","179.75","2831457190","6442450944","7.34GB / 7.61GB","0B / 7.12GB"
"2026-08-22T04:31:08.2464030Z","EXP-20260822T012730Z-82fe66af","cassandra","99","30828.54","1712.81","cassandra-node2","186.7","2830383448","6442450944","7.46GB / 7.29GB","4.1kB / 7.14GB"
"2026-08-22T04:31:08.2464030Z","EXP-20260822T012730Z-82fe66af","cassandra","99","30828.54","1712.81","cassandra-node3","188.52","2843268350","6442450944","6.81GB / 7.91GB","0B / 7.14GB"
"2026-08-22T04:31:08.2464030Z","EXP-20260822T012730Z-82fe66af","cassandra","99","30828.54","1712.81","cassandra-node1","193.96","2831457190","6442450944","7.38GB / 7.64GB","0B / 7.14GB"
"2026-08-22T04:32:10.9360318Z","EXP-20260822T012730Z-82fe66af","cassandra","94","30807.17","1734.18","cassandra-node2","193.33","2831457190","6442450944","7.5GB / 7.32GB","4.1kB / 7.18GB"
"2026-08-22T04:32:10.9360318Z","EXP-20260822T012730Z-82fe66af","cassandra","94","30807.17","1734.18","cassandra-node3","182.63","2842194608","6442450944","6.85GB / 7.95GB","0B / 7.18GB"
"2026-08-22T04:32:10.9360318Z","EXP-20260822T012730Z-82fe66af","cassandra","94","30807.17","1734.18","cassandra-node1","189.12","2831457190","6442450944","7.42GB / 7.68GB","0B / 7.18GB"
"2026-08-22T04:33:14.5860572Z","EXP-20260822T012730Z-82fe66af","cassandra","96","30806.55","1734.8","cassandra-node2","181.74","2830383448","6442450944","7.54GB / 7.35GB","4.1kB / 7.2GB"
"2026-08-22T04:33:14.5860572Z","EXP-20260822T012730Z-82fe66af","cassandra","96","30806.55","1734.8","cassandra-node3","179.02","2842194608","6442450944","6.89GB / 7.98GB","0B / 7.2GB"
"2026-08-22T04:33:14.5860572Z","EXP-20260822T012730Z-82fe66af","cassandra","96","30806.55","1734.8","cassandra-node1","186.02","2831457190","6442450944","7.46GB / 7.71GB","0B / 7.21GB"
"2026-08-22T04:34:18.2217732Z","EXP-20260822T012730Z-82fe66af","cassandra","100","30892.73","1648.62","cassandra-node2","182.46","2832530932","6442450944","7.58GB / 7.38GB","4.1kB / 7.29GB"
"2026-08-22T04:34:18.2217732Z","EXP-20260822T012730Z-82fe66af","cassandra","100","30892.73","1648.62","cassandra-node3","176.37","2827162223","6442450944","6.92GB / 8.01GB","0B / 7.29GB"
"2026-08-22T04:34:18.2217732Z","EXP-20260822T012730Z-82fe66af","cassandra","100","30892.73","1648.62","cassandra-node1","210.67","2851858285","6442450944","7.5GB / 7.74GB","0B / 7.29GB"
"2026-08-22T04:35:21.0697839Z","EXP-20260822T012730Z-82fe66af","cassandra","99","30911.62","1629.73","cassandra-node2","175.67","2832530932","6442450944","7.61GB / 7.4GB","4.1kB / 7.3GB"
"2026-08-22T04:35:21.0697839Z","EXP-20260822T012730Z-82fe66af","cassandra","99","30911.62","1629.73","cassandra-node3","186.83","2827162223","6442450944","6.95GB / 8.04GB","0B / 7.3GB"
"2026-08-22T04:35:21.0697839Z","EXP-20260822T012730Z-82fe66af","cassandra","99","30911.62","1629.73","cassandra-node1","182.3","2834678415","6442450944","7.53GB / 7.77GB","0B / 7.3GB"
"2026-08-22T04:36:24.7636246Z","EXP-20260822T012730Z-82fe66af","cassandra","100","30897.77","1643.59","cassandra-node2","182","2834678415","6442450944","7.65GB / 7.43GB","4.1kB / 7.31GB"
"2026-08-22T04:36:24.7636246Z","EXP-20260822T012730Z-82fe66af","cassandra","100","30897.77","1643.59","cassandra-node3","193.18","2827162223","6442450944","6.98GB / 8.07GB","0B / 7.31GB"
"2026-08-22T04:36:24.7636246Z","EXP-20260822T012730Z-82fe66af","cassandra","100","30897.77","1643.59","cassandra-node1","184.52","2834678415","6442450944","7.56GB / 7.79GB","0B / 7.31GB"
"2026-08-22T04:37:28.4207967Z","EXP-20260822T012730Z-82fe66af","cassandra","99","31018.89","1522.46","cassandra-node2","187.35","2835752157","6442450944","7.69GB / 7.46GB","4.1kB / 7.35GB"
"2026-08-22T04:37:28.4207967Z","EXP-20260822T012730Z-82fe66af","cassandra","99","31018.89","1522.46","cassandra-node3","189.83","2838973383","6442450944","7.02GB / 8.1GB","0B / 7.34GB"
"2026-08-22T04:37:28.4207967Z","EXP-20260822T012730Z-82fe66af","cassandra","99","31018.89","1522.46","cassandra-node1","186.27","2836825899","6442450944","7.6GB / 7.83GB","0B / 7.35GB"
"2026-08-22T04:38:31.1951334Z","EXP-20260822T012730Z-82fe66af","cassandra","100","31024.54","1516.82","cassandra-node2","175.69","2836825899","6442450944","7.73GB / 7.49GB","4.1kB / 7.38GB"
"2026-08-22T04:38:31.1951334Z","EXP-20260822T012730Z-82fe66af","cassandra","100","31024.54","1516.82","cassandra-node3","187.87","2836825899","6442450944","7.06GB / 8.14GB","0B / 7.38GB"
"2026-08-22T04:38:31.1951334Z","EXP-20260822T012730Z-82fe66af","cassandra","100","31024.54","1516.82","cassandra-node1","188.25","2837899641","6442450944","7.64GB / 7.86GB","0B / 7.38GB"
"2026-08-22T04:39:34.8561288Z","EXP-20260822T012730Z-82fe66af","cassandra","97","31038.79","1502.56","cassandra-node2","184.69","2836825899","6442450944","7.78GB / 7.52GB","4.1kB / 7.41GB"
"2026-08-22T04:39:34.8561288Z","EXP-20260822T012730Z-82fe66af","cassandra","97","31038.79","1502.56","cassandra-node3","182.42","2836825899","6442450944","7.1GB / 8.17GB","0B / 7.41GB"
"2026-08-22T04:39:34.8561288Z","EXP-20260822T012730Z-82fe66af","cassandra","97","31038.79","1502.56","cassandra-node1","179.15","2837899641","6442450944","7.69GB / 7.89GB","0B / 7.41GB"
"2026-08-22T04:40:38.5328863Z","EXP-20260822T012730Z-82fe66af","cassandra","100","31000.16","1541.19","cassandra-node2","187.88","2835752157","6442450944","7.82GB / 7.56GB","4.1kB / 7.45GB"
"2026-08-22T04:40:38.5328863Z","EXP-20260822T012730Z-82fe66af","cassandra","100","31000.16","1541.19","cassandra-node3","192.42","2835752157","6442450944","7.14GB / 8.21GB","0B / 7.44GB"
"2026-08-22T04:40:38.5328863Z","EXP-20260822T012730Z-82fe66af","cassandra","100","31000.16","1541.19","cassandra-node1","186.16","2837899641","6442450944","7.73GB / 7.93GB","0B / 7.45GB"
"2026-08-22T04:41:41.2928674Z","EXP-20260822T012730Z-82fe66af","cassandra","100","30970.66","1570.7","cassandra-node2","187.51","2836825899","6442450944","7.86GB / 7.59GB","4.1kB / 7.47GB"
"2026-08-22T04:41:41.2928674Z","EXP-20260822T012730Z-82fe66af","cassandra","100","30970.66","1570.7","cassandra-node3","185.65","2836825899","6442450944","7.18GB / 8.24GB","0B / 7.47GB"
"2026-08-22T04:41:41.2928674Z","EXP-20260822T012730Z-82fe66af","cassandra","100","30970.66","1570.7","cassandra-node1","188.85","2837899641","6442450944","7.77GB / 7.96GB","0B / 7.47GB"
"2026-08-22T04:42:44.9324545Z","EXP-20260822T012730Z-82fe66af","cassandra","99","30986.3","1555.05","cassandra-node2","185.16","2837899641","6442450944","7.91GB / 7.62GB","4.1kB / 7.51GB"
"2026-08-22T04:42:44.9324545Z","EXP-20260822T012730Z-82fe66af","cassandra","99","30986.3","1555.05","cassandra-node3","187.46","2836825899","6442450944","7.22GB / 8.28GB","0B / 7.51GB"
"2026-08-22T04:42:44.9324545Z","EXP-20260822T012730Z-82fe66af","cassandra","99","30986.3","1555.05","cassandra-node1","184.17","2840047124","6442450944","7.81GB / 7.99GB","0B / 7.51GB"
"2026-08-22T04:43:48.5886543Z","EXP-20260822T012730Z-82fe66af","cassandra","100","30990.66","1550.69","cassandra-node2","181.56","2837899641","6442450944","7.95GB / 7.65GB","4.1kB / 7.53GB"
"2026-08-22T04:43:48.5886543Z","EXP-20260822T012730Z-82fe66af","cassandra","100","30990.66","1550.69","cassandra-node3","188.15","2837899641","6442450944","7.26GB / 8.31GB","0B / 7.53GB"
"2026-08-22T04:43:48.5886543Z","EXP-20260822T012730Z-82fe66af","cassandra","100","30990.66","1550.69","cassandra-node1","188.9","2840047124","6442450944","7.86GB / 8.03GB","0B / 7.53GB"
"2026-08-22T04:44:51.4513463Z","EXP-20260822T012730Z-82fe66af","cassandra","100","31007.55","1533.8","cassandra-node2","187.46","2838973383","6442450944","7.99GB / 7.68GB","4.1kB / 7.63GB"
"2026-08-22T04:44:51.4513463Z","EXP-20260822T012730Z-82fe66af","cassandra","100","31007.55","1533.8","cassandra-node3","180.55","2840047124","6442450944","7.3GB / 8.34GB","0B / 7.62GB"
"2026-08-22T04:44:51.4513463Z","EXP-20260822T012730Z-82fe66af","cassandra","100","31007.55","1533.8","cassandra-node1","172.56","2841120866","6442450944","7.9GB / 8.06GB","0B / 7.63GB"
"2026-08-22T04:45:55.2081421Z","EXP-20260822T012730Z-82fe66af","cassandra","100","31035.54","1505.81","cassandra-node2","184.01","2840047124","6442450944","8.04GB / 7.71GB","4.1kB / 7.66GB"
"2026-08-22T04:45:55.2081421Z","EXP-20260822T012730Z-82fe66af","cassandra","100","31035.54","1505.81","cassandra-node3","183.66","2841120866","6442450944","7.34GB / 8.38GB","0B / 7.66GB"
"2026-08-22T04:45:55.2081421Z","EXP-20260822T012730Z-82fe66af","cassandra","100","31035.54","1505.81","cassandra-node1","183.75","2841120866","6442450944","7.94GB / 8.09GB","0B / 7.66GB"
"2026-08-22T04:46:58.8812788Z","EXP-20260822T012730Z-82fe66af","cassandra","100","31090.72","1450.63","cassandra-node2","185.62","2854005768","6442450944","8.08GB / 7.74GB","4.1kB / 7.69GB"
"2026-08-22T04:46:58.8812788Z","EXP-20260822T012730Z-82fe66af","cassandra","100","31090.72","1450.63","cassandra-node3","184.08","2841120866","6442450944","7.38GB / 8.41GB","0B / 7.69GB"
"2026-08-22T04:46:58.8812788Z","EXP-20260822T012730Z-82fe66af","cassandra","100","31090.72","1450.63","cassandra-node1","183.07","2855079510","6442450944","7.99GB / 8.13GB","0B / 7.69GB"
"2026-08-22T04:48:01.5521046Z","EXP-20260822T012730Z-82fe66af","cassandra","99","31142.31","1399.04","cassandra-node2","179.38","2855079510","6442450944","8.12GB / 7.77GB","4.1kB / 7.72GB"
"2026-08-22T04:48:01.5521046Z","EXP-20260822T012730Z-82fe66af","cassandra","99","31142.31","1399.04","cassandra-node3","181.27","2841120866","6442450944","7.42GB / 8.45GB","0B / 7.72GB"
"2026-08-22T04:48:01.5521046Z","EXP-20260822T012730Z-82fe66af","cassandra","99","31142.31","1399.04","cassandra-node1","193.28","2856153252","6442450944","8.03GB / 8.16GB","0B / 7.73GB"
"2026-08-22T04:49:05.2146379Z","EXP-20260822T012730Z-82fe66af","cassandra","99","31145.2","1396.15","cassandra-node2","187.18","2855079510","6442450944","8.17GB / 7.81GB","4.1kB / 7.75GB"
"2026-08-22T04:49:05.2146379Z","EXP-20260822T012730Z-82fe66af","cassandra","99","31145.2","1396.15","cassandra-node3","188.05","2842194608","6442450944","7.46GB / 8.48GB","0B / 7.75GB"
"2026-08-22T04:49:05.2146379Z","EXP-20260822T012730Z-82fe66af","cassandra","99","31145.2","1396.15","cassandra-node1","191.37","2856153252","6442450944","8.07GB / 8.2GB","0B / 7.75GB"
"2026-08-22T04:50:08.9059702Z","EXP-20260822T012730Z-82fe66af","cassandra","100","31235.67","1305.68","cassandra-node2","178.5","2855079510","6442450944","8.21GB / 7.84GB","4.1kB / 7.79GB"
"2026-08-22T04:50:08.9059702Z","EXP-20260822T012730Z-82fe66af","cassandra","100","31235.67","1305.68","cassandra-node3","178.13","2841120866","6442450944","7.5GB / 8.52GB","0B / 7.78GB"
"2026-08-22T04:50:08.9059702Z","EXP-20260822T012730Z-82fe66af","cassandra","100","31235.67","1305.68","cassandra-node1","186.11","2857226994","6442450944","8.11GB / 8.23GB","0B / 7.79GB"
"2026-08-22T04:51:11.7646748Z","EXP-20260822T012730Z-82fe66af","cassandra","97","31131.48","1409.88","cassandra-node2","183.67","2856153252","6442450944","8.25GB / 7.87GB","4.1kB / 7.81GB"
"2026-08-22T04:51:11.7646748Z","EXP-20260822T012730Z-82fe66af","cassandra","97","31131.48","1409.88","cassandra-node3","190.39","2842194608","6442450944","7.53GB / 8.55GB","0B / 7.81GB"
"2026-08-22T04:51:11.7646748Z","EXP-20260822T012730Z-82fe66af","cassandra","97","31131.48","1409.88","cassandra-node1","183.1","2857226994","6442450944","8.16GB / 8.26GB","0B / 7.81GB"
"2026-08-22T04:52:15.4171794Z","EXP-20260822T012730Z-82fe66af","cassandra","100","31235.62","1305.73","cassandra-node2","189.34","2856153252","6442450944","8.3GB / 7.9GB","4.1kB / 7.9GB"
"2026-08-22T04:52:15.4171794Z","EXP-20260822T012730Z-82fe66af","cassandra","100","31235.62","1305.73","cassandra-node3","184.24","2843268350","6442450944","7.57GB / 8.58GB","0B / 7.9GB"
"2026-08-22T04:52:15.4171794Z","EXP-20260822T012730Z-82fe66af","cassandra","100","31235.62","1305.73","cassandra-node1","179.98","2858300735","6442450944","8.2GB / 8.29GB","0B / 7.9GB"
"2026-08-22T04:53:19.0529311Z","EXP-20260822T012730Z-82fe66af","cassandra","99","31318.74","1222.61","cassandra-node2","187.71","2856153252","6442450944","8.34GB / 7.93GB","4.1kB / 7.94GB"
"2026-08-22T04:53:19.0529311Z","EXP-20260822T012730Z-82fe66af","cassandra","99","31318.74","1222.61","cassandra-node3","183.31","2845415834","6442450944","7.61GB / 8.62GB","0B / 7.94GB"
"2026-08-22T04:53:19.0529311Z","EXP-20260822T012730Z-82fe66af","cassandra","99","31318.74","1222.61","cassandra-node1","187.68","2860448219","6442450944","8.24GB / 8.33GB","0B / 7.94GB"
"2026-08-22T04:54:21.8606432Z","EXP-20260822T012730Z-82fe66af","cassandra","99","31393.84","1147.52","cassandra-node2","185.09","2857226994","6442450944","8.38GB / 7.96GB","4.1kB / 7.96GB"
"2026-08-22T04:54:21.8606432Z","EXP-20260822T012730Z-82fe66af","cassandra","99","31393.84","1147.52","cassandra-node3","188.73","2845415834","6442450944","7.65GB / 8.65GB","0B / 7.97GB"
"2026-08-22T04:54:21.8606432Z","EXP-20260822T012730Z-82fe66af","cassandra","99","31393.84","1147.52","cassandra-node1","190.37","2860448219","6442450944","8.28GB / 8.36GB","0B / 7.97GB"
"2026-08-22T04:55:25.5280251Z","EXP-20260822T012730Z-82fe66af","cassandra","99","31387.19","1154.16","cassandra-node2","178.26","2856153252","6442450944","8.42GB / 7.99GB","4.1kB / 8GB"
"2026-08-22T04:55:25.5280251Z","EXP-20260822T012730Z-82fe66af","cassandra","99","31387.19","1154.16","cassandra-node3","182.88","2844342092","6442450944","7.69GB / 8.69GB","0B / 8GB"
"2026-08-22T04:55:25.5280251Z","EXP-20260822T012730Z-82fe66af","cassandra","99","31387.19","1154.16","cassandra-node1","185.82","2860448219","6442450944","8.32GB / 8.4GB","0B / 8GB"
"2026-08-22T04:56:29.2050348Z","EXP-20260822T012730Z-82fe66af","cassandra","97","31324.09","1217.26","cassandra-node2","186.92","2856153252","6442450944","8.47GB / 8.02GB","4.1kB / 8.03GB"
"2026-08-22T04:56:29.2050348Z","EXP-20260822T012730Z-82fe66af","cassandra","97","31324.09","1217.26","cassandra-node3","189.85","2845415834","6442450944","7.73GB / 8.72GB","0B / 8.03GB"
"2026-08-22T04:56:29.2050348Z","EXP-20260822T012730Z-82fe66af","cassandra","97","31324.09","1217.26","cassandra-node1","187.76","2860448219","6442450944","8.37GB / 8.43GB","0B / 8.03GB"
"2026-08-22T04:57:31.9239244Z","EXP-20260822T012730Z-82fe66af","cassandra","100","31365.69","1175.66","cassandra-node2","196.76","2858300735","6442450944","8.51GB / 8.05GB","4.1kB / 8.07GB"
"2026-08-22T04:57:31.9239244Z","EXP-20260822T012730Z-82fe66af","cassandra","100","31365.69","1175.66","cassandra-node3","182.95","2845415834","6442450944","7.77GB / 8.76GB","0B / 8.06GB"
"2026-08-22T04:57:31.9239244Z","EXP-20260822T012730Z-82fe66af","cassandra","100","31365.69","1175.66","cassandra-node1","180.48","2860448219","6442450944","8.41GB / 8.46GB","0B / 8.06GB"
"2026-08-22T04:58:35.5703828Z","EXP-20260822T012730Z-82fe66af","cassandra","99","31410.32","1131.03","cassandra-node2","182.87","2857226994","6442450944","8.56GB / 8.08GB","4.1kB / 8.09GB"
"2026-08-22T04:58:35.5703828Z","EXP-20260822T012730Z-82fe66af","cassandra","99","31410.32","1131.03","cassandra-node3","182.71","2845415834","6442450944","7.81GB / 8.79GB","0B / 8.09GB"
"2026-08-22T04:58:35.5703828Z","EXP-20260822T012730Z-82fe66af","cassandra","99","31410.32","1131.03","cassandra-node1","187.88","2859374477","6442450944","8.45GB / 8.5GB","0B / 8.09GB"
"2026-08-22T04:59:39.2133923Z","EXP-20260822T012730Z-82fe66af","cassandra","97","31528.12","1013.23","cassandra-node2","183.93","2860448219","6442450944","8.6GB / 8.11GB","4.1kB / 8.18GB"
"2026-08-22T04:59:39.2133923Z","EXP-20260822T012730Z-82fe66af","cassandra","97","31528.12","1013.23","cassandra-node3","186.6","2875480605","6442450944","7.85GB / 8.82GB","0B / 8.18GB"
"2026-08-22T04:59:39.2133923Z","EXP-20260822T012730Z-82fe66af","cassandra","97","31528.12","1013.23","cassandra-node1","186.11","2862595703","6442450944","8.49GB / 8.53GB","0B / 8.18GB"
"2026-08-22T05:00:42.0728658Z","EXP-20260822T012730Z-82fe66af","cassandra","100","31415.51","1125.84","cassandra-node2","181.58","2847563317","6442450944","8.64GB / 8.14GB","4.1kB / 8.22GB"
"2026-08-22T05:00:42.0728658Z","EXP-20260822T012730Z-82fe66af","cassandra","100","31415.51","1125.84","cassandra-node3","187","2876554346","6442450944","7.89GB / 8.86GB","0B / 8.22GB"
"2026-08-22T05:00:42.0728658Z","EXP-20260822T012730Z-82fe66af","cassandra","100","31415.51","1125.84","cassandra-node1","184.35","2863669445","6442450944","8.53GB / 8.56GB","0B / 8.22GB"
"2026-08-22T05:01:45.7675038Z","EXP-20260822T012730Z-82fe66af","cassandra","97","31500.58","1040.77","cassandra-node2","183.46","2847563317","6442450944","8.68GB / 8.17GB","4.1kB / 8.24GB"
"2026-08-22T05:01:45.7675038Z","EXP-20260822T012730Z-82fe66af","cassandra","97","31500.58","1040.77","cassandra-node3","183.22","2867964412","6442450944","7.93GB / 8.89GB","0B / 8.24GB"
"2026-08-22T05:01:45.7675038Z","EXP-20260822T012730Z-82fe66af","cassandra","97","31500.58","1040.77","cassandra-node1","187.55","2857226994","6442450944","8.58GB / 8.6GB","0B / 8.24GB"
"2026-08-22T05:02:49.4280977Z","EXP-20260822T012730Z-82fe66af","cassandra","97","31575.43","965.92","cassandra-node2","191.72","2848637059","6442450944","8.73GB / 8.2GB","4.1kB / 8.28GB"
"2026-08-22T05:02:49.4280977Z","EXP-20260822T012730Z-82fe66af","cassandra","97","31575.43","965.92","cassandra-node3","187.59","2867964412","6442450944","7.97GB / 8.93GB","0B / 8.28GB"
"2026-08-22T05:02:49.4280977Z","EXP-20260822T012730Z-82fe66af","cassandra","97","31575.43","965.92","cassandra-node1","185.6","2857226994","6442450944","8.62GB / 8.63GB","0B / 8.28GB"
"2026-08-22T05:03:52.1536869Z","EXP-20260822T012730Z-82fe66af","cassandra","99","31587.01","954.34","cassandra-node2","187.68","2847563317","6442450944","8.77GB / 8.24GB","4.1kB / 8.3GB"
"2026-08-22T05:03:52.1536869Z","EXP-20260822T012730Z-82fe66af","cassandra","99","31587.01","954.34","cassandra-node3","184.52","2867964412","6442450944","8.01GB / 8.96GB","0B / 8.3GB"
"2026-08-22T05:03:52.1536869Z","EXP-20260822T012730Z-82fe66af","cassandra","99","31587.01","954.34","cassandra-node1","186.13","2857226994","6442450944","8.67GB / 8.66GB","0B / 8.3GB"
"2026-08-22T05:04:55.8622558Z","EXP-20260822T012730Z-82fe66af","cassandra","100","31676.09","865.26","cassandra-node2","180.35","2847563317","6442450944","8.81GB / 8.27GB","4.1kB / 8.34GB"
"2026-08-22T05:04:55.8622558Z","EXP-20260822T012730Z-82fe66af","cassandra","100","31676.09","865.26","cassandra-node3","185.46","2869038154","6442450944","8.05GB / 9GB","0B / 8.34GB"
"2026-08-22T05:04:55.8622558Z","EXP-20260822T012730Z-82fe66af","cassandra","100","31676.09","865.26","cassandra-node1","183.51","2858300735","6442450944","8.71GB / 8.7GB","0B / 8.35GB"
"2026-08-22T05:05:59.5327143Z","EXP-20260822T012730Z-82fe66af","cassandra","97","31706.96","834.39","cassandra-node2","185.63","2848637059","6442450944","8.86GB / 8.3GB","4.1kB / 8.37GB"
"2026-08-22T05:05:59.5327143Z","EXP-20260822T012730Z-82fe66af","cassandra","97","31706.96","834.39","cassandra-node3","199.09","2869038154","6442450944","8.09GB / 9.03GB","0B / 8.37GB"
"2026-08-22T05:05:59.5327143Z","EXP-20260822T012730Z-82fe66af","cassandra","97","31706.96","834.39","cassandra-node1","190.25","2859374477","6442450944","8.75GB / 8.73GB","0B / 8.37GB"
"2026-08-22T05:07:02.2826027Z","EXP-20260822T012730Z-82fe66af","cassandra","96","32061.82","479.53","cassandra-node2","201.53","2852932026","6442450944","8.89GB / 8.32GB","4.1kB / 8.6GB"
"2026-08-22T05:07:02.2826027Z","EXP-20260822T012730Z-82fe66af","cassandra","96","32061.82","479.53","cassandra-node3","207.72","2873333121","6442450944","8.12GB / 9.06GB","0B / 8.58GB"
"2026-08-22T05:07:02.2826027Z","EXP-20260822T012730Z-82fe66af","cassandra","96","32061.82","479.53","cassandra-node1","196.56","2879775572","6442450944","8.78GB / 8.76GB","0B / 8.58GB"
"2026-08-22T05:08:06.0332152Z","EXP-20260822T012730Z-82fe66af","cassandra","96","31933.39","607.96","cassandra-node2","188.42","2848637059","6442450944","8.93GB / 8.35GB","4.1kB / 8.69GB"
"2026-08-22T05:08:06.0332152Z","EXP-20260822T012730Z-82fe66af","cassandra","96","31933.39","607.96","cassandra-node3","191.15","2867964412","6442450944","8.15GB / 9.09GB","0B / 8.69GB"
"2026-08-22T05:08:06.0332152Z","EXP-20260822T012730Z-82fe66af","cassandra","96","31933.39","607.96","cassandra-node1","180.05","2876554346","6442450944","8.82GB / 8.79GB","0B / 8.69GB"
"2026-08-22T05:09:09.6544808Z","EXP-20260822T012730Z-82fe66af","cassandra","100","31907.03","634.32","cassandra-node2","185.45","2849710801","6442450944","8.97GB / 8.38GB","4.1kB / 8.73GB"
"2026-08-22T05:09:09.6544808Z","EXP-20260822T012730Z-82fe66af","cassandra","100","31907.03","634.32","cassandra-node3","183.99","2870111896","6442450944","8.19GB / 9.12GB","0B / 8.73GB"
"2026-08-22T05:09:09.6544808Z","EXP-20260822T012730Z-82fe66af","cassandra","100","31907.03","634.32","cassandra-node1","185.11","2878701830","6442450944","8.87GB / 8.82GB","0B / 8.73GB"
"2026-08-22T05:10:12.4611274Z","EXP-20260822T012730Z-82fe66af","cassandra","97","31820.48","720.87","cassandra-node2","178.95","2850784543","6442450944","9.02GB / 8.41GB","4.1kB / 8.76GB"
"2026-08-22T05:10:12.4611274Z","EXP-20260822T012730Z-82fe66af","cassandra","97","31820.48","720.87","cassandra-node3","186.24","2869038154","6442450944","8.23GB / 9.16GB","0B / 8.77GB"
"2026-08-22T05:10:12.4611274Z","EXP-20260822T012730Z-82fe66af","cassandra","97","31820.48","720.87","cassandra-node1","185.72","2877628088","6442450944","8.91GB / 8.85GB","0B / 8.76GB"
"2026-08-22T05:11:16.1183250Z","EXP-20260822T012730Z-82fe66af","cassandra","100","31886.98","654.37","cassandra-node2","181.54","2850784543","6442450944","9.06GB / 8.44GB","4.1kB / 8.79GB"
"2026-08-22T05:11:16.1183250Z","EXP-20260822T012730Z-82fe66af","cassandra","100","31886.98","654.37","cassandra-node3","187.29","2870111896","6442450944","8.27GB / 9.19GB","0B / 8.79GB"
"2026-08-22T05:11:16.1183250Z","EXP-20260822T012730Z-82fe66af","cassandra","100","31886.98","654.37","cassandra-node1","189.82","2877628088","6442450944","8.95GB / 8.89GB","0B / 8.79GB"
"2026-08-22T05:12:19.8203993Z","EXP-20260822T012730Z-82fe66af","cassandra","99","31897.94","643.41","cassandra-node2","181.72","2851858285","6442450944","9.1GB / 8.47GB","4.1kB / 8.83GB"
"2026-08-22T05:12:19.8203993Z","EXP-20260822T012730Z-82fe66af","cassandra","99","31897.94","643.41","cassandra-node3","187.1","2870111896","6442450944","8.31GB / 9.23GB","0B / 8.83GB"
"2026-08-22T05:12:19.8203993Z","EXP-20260822T012730Z-82fe66af","cassandra","99","31897.94","643.41","cassandra-node1","188.48","2878701830","6442450944","8.99GB / 8.92GB","0B / 8.83GB"
"2026-08-22T05:13:22.5517353Z","EXP-20260822T012730Z-82fe66af","cassandra","100","31912.28","629.07","cassandra-node2","184.21","2851858285","6442450944","9.15GB / 8.51GB","4.1kB / 8.85GB"
"2026-08-22T05:13:22.5517353Z","EXP-20260822T012730Z-82fe66af","cassandra","100","31912.28","629.07","cassandra-node3","181.74","2870111896","6442450944","8.35GB / 9.26GB","0B / 8.85GB"
"2026-08-22T05:13:22.5517353Z","EXP-20260822T012730Z-82fe66af","cassandra","100","31912.28","629.07","cassandra-node1","187.55","2877628088","6442450944","9.04GB / 8.96GB","0B / 8.85GB"
"2026-08-22T05:14:26.1764838Z","EXP-20260822T012730Z-82fe66af","cassandra","99","32093.23","448.12","cassandra-node2","183.9","2856153252","6442450944","9.19GB / 8.53GB","4.1kB / 8.94GB"
"2026-08-22T05:14:26.1764838Z","EXP-20260822T012730Z-82fe66af","cassandra","99","32093.23","448.12","cassandra-node3","182.75","2847563317","6442450944","8.39GB / 9.29GB","0B / 8.94GB"
"2026-08-22T05:14:26.1764838Z","EXP-20260822T012730Z-82fe66af","cassandra","99","32093.23","448.12","cassandra-node1","183.66","2880849314","6442450944","9.08GB / 8.99GB","0B / 8.94GB"
"2026-08-22T05:15:29.8664082Z","EXP-20260822T012730Z-82fe66af","cassandra","96","32099.4","441.95","cassandra-node2","199.8","2856153252","6442450944","9.23GB / 8.57GB","4.1kB / 8.97GB"
"2026-08-22T05:15:29.8664082Z","EXP-20260822T012730Z-82fe66af","cassandra","96","32099.4","441.95","cassandra-node3","176.29","2846489575","6442450944","8.43GB / 9.33GB","0B / 8.97GB"
"2026-08-22T05:15:29.8664082Z","EXP-20260822T012730Z-82fe66af","cassandra","96","32099.4","441.95","cassandra-node1","182.75","2880849314","6442450944","9.12GB / 9.02GB","0B / 8.97GB"
"2026-08-22T05:16:32.7001988Z","EXP-20260822T012730Z-82fe66af","cassandra","97","32185.18","356.17","cassandra-node2","186.49","2856153252","6442450944","9.27GB / 8.6GB","4.1kB / 9.01GB"
"2026-08-22T05:16:32.7001988Z","EXP-20260822T012730Z-82fe66af","cassandra","97","32185.18","356.17","cassandra-node3","180.68","2852932026","6442450944","8.47GB / 9.36GB","0B / 9GB"
"2026-08-22T05:16:32.7001988Z","EXP-20260822T012730Z-82fe66af","cassandra","97","32185.18","356.17","cassandra-node1","180.57","2871185637","6442450944","9.16GB / 9.05GB","0B / 9.01GB"
"2026-08-22T05:17:36.3971307Z","EXP-20260822T012730Z-82fe66af","cassandra","100","32232.48","308.88","cassandra-node2","180.99","2855079510","6442450944","9.32GB / 8.63GB","4.1kB / 9.05GB"
"2026-08-22T05:17:36.3971307Z","EXP-20260822T012730Z-82fe66af","cassandra","100","32232.48","308.88","cassandra-node3","185.69","2852932026","6442450944","8.51GB / 9.4GB","0B / 9.04GB"
"2026-08-22T05:17:36.3971307Z","EXP-20260822T012730Z-82fe66af","cassandra","100","32232.48","308.88","cassandra-node1","204.5","2870111896","6442450944","9.2GB / 9.09GB","0B / 9.04GB"
"2026-08-22T05:18:40.1315607Z","EXP-20260822T012730Z-82fe66af","cassandra","100","32248.66","292.69","cassandra-node2","181.04","2856153252","6442450944","9.36GB / 8.66GB","4.1kB / 9.07GB"
"2026-08-22T05:18:40.1315607Z","EXP-20260822T012730Z-82fe66af","cassandra","100","32248.66","292.69","cassandra-node3","185.15","2851858285","6442450944","8.54GB / 9.43GB","0B / 9.07GB"
"2026-08-22T05:18:40.1315607Z","EXP-20260822T012730Z-82fe66af","cassandra","100","32248.66","292.69","cassandra-node1","183.69","2870111896","6442450944","9.25GB / 9.12GB","0B / 9.07GB"
"2026-08-22T05:19:42.9257539Z","EXP-20260822T012730Z-82fe66af","cassandra","94","32211.17","330.18","cassandra-node2","186.85","2856153252","6442450944","9.4GB / 8.69GB","4.1kB / 9.1GB"
"2026-08-22T05:19:42.9257539Z","EXP-20260822T012730Z-82fe66af","cassandra","94","32211.17","330.18","cassandra-node3","181.12","2851858285","6442450944","8.58GB / 9.46GB","0B / 9.1GB"
"2026-08-22T05:19:42.9257539Z","EXP-20260822T012730Z-82fe66af","cassandra","94","32211.17","330.18","cassandra-node1","188.41","2871185637","6442450944","9.28GB / 9.15GB","0B / 9.1GB"
"2026-08-22T05:20:46.6287643Z","EXP-20260822T012730Z-82fe66af","cassandra","100","32086.45","454.9","cassandra-node2","189.07","2856153252","6442450944","9.44GB / 8.72GB","4.1kB / 9.13GB"
"2026-08-22T05:20:46.6287643Z","EXP-20260822T012730Z-82fe66af","cassandra","100","32086.45","454.9","cassandra-node3","180.5","2852932026","6442450944","8.62GB / 9.5GB","0B / 9.13GB"
"2026-08-22T05:20:46.6287643Z","EXP-20260822T012730Z-82fe66af","cassandra","100","32086.45","454.9","cassandra-node1","171.12","2871185637","6442450944","9.33GB / 9.19GB","0B / 9.13GB"
"2026-08-22T05:21:50.3331360Z","EXP-20260822T012730Z-82fe66af","cassandra","93","32215.74","325.61","cassandra-node2","183.47","2857226994","6442450944","9.49GB / 8.75GB","4.1kB / 9.22GB"
"2026-08-22T05:21:50.3331360Z","EXP-20260822T012730Z-82fe66af","cassandra","93","32215.74","325.61","cassandra-node3","184.87","2854005768","6442450944","8.66GB / 9.53GB","0B / 9.22GB"
"2026-08-22T05:21:50.3331360Z","EXP-20260822T012730Z-82fe66af","cassandra","93","32215.74","325.61","cassandra-node1","183.62","2861521961","6442450944","9.37GB / 9.22GB","0B / 9.22GB"
"2026-08-22T05:22:53.9775125Z","EXP-20260822T012730Z-82fe66af","cassandra","100","32208.27","333.08","cassandra-node2","183.99","2857226994","6442450944","9.53GB / 8.78GB","4.1kB / 9.25GB"
"2026-08-22T05:22:53.9775125Z","EXP-20260822T012730Z-82fe66af","cassandra","100","32208.27","333.08","cassandra-node3","187.1","2855079510","6442450944","8.7GB / 9.57GB","0B / 9.24GB"
"2026-08-22T05:22:53.9775125Z","EXP-20260822T012730Z-82fe66af","cassandra","100","32208.27","333.08","cassandra-node1","188.38","2861521961","6442450944","9.41GB / 9.25GB","0B / 9.25GB"
"2026-08-22T05:23:57.6383711Z","EXP-20260822T012730Z-82fe66af","cassandra","90","32249.4","291.95","cassandra-node2","184.65","2858300735","6442450944","9.57GB / 8.81GB","4.1kB / 9.28GB"
"2026-08-22T05:23:57.6383711Z","EXP-20260822T012730Z-82fe66af","cassandra","90","32249.4","291.95","cassandra-node3","178.92","2855079510","6442450944","8.74GB / 9.6GB","0B / 9.28GB"
"2026-08-22T05:23:57.6383711Z","EXP-20260822T012730Z-82fe66af","cassandra","90","32249.4","291.95","cassandra-node1","176.71","2863669445","6442450944","9.45GB / 9.29GB","0B / 9.28GB"
"2026-08-22T05:25:01.3511028Z","EXP-20260822T012730Z-82fe66af","cassandra","99","32304.88","236.47","cassandra-node2","185.9","2856153252","6442450944","9.62GB / 8.84GB","4.1kB / 9.32GB"
"2026-08-22T05:25:01.3511028Z","EXP-20260822T012730Z-82fe66af","cassandra","99","32304.88","236.47","cassandra-node3","185.91","2854005768","6442450944","8.78GB / 9.63GB","0B / 9.32GB"
"2026-08-22T05:25:01.3511028Z","EXP-20260822T012730Z-82fe66af","cassandra","99","32304.88","236.47","cassandra-node1","188.33","2861521961","6442450944","9.5GB / 9.32GB","0B / 9.32GB"
"2026-08-22T05:26:04.0531622Z","EXP-20260822T012730Z-82fe66af","cassandra","100","32149.39","391.96","cassandra-node2","193.16","2842194608","6442450944","9.66GB / 8.87GB","4.1kB / 9.34GB"
"2026-08-22T05:26:04.0531622Z","EXP-20260822T012730Z-82fe66af","cassandra","100","32149.39","391.96","cassandra-node3","191.02","2835752157","6442450944","8.82GB / 9.67GB","0B / 9.34GB"
"2026-08-22T05:26:04.0531622Z","EXP-20260822T012730Z-82fe66af","cassandra","100","32149.39","391.96","cassandra-node1","181.64","2838973383","6442450944","9.54GB / 9.35GB","0B / 9.34GB"
"2026-08-22T05:27:07.7563069Z","EXP-20260822T012730Z-82fe66af","cassandra","99","31926.09","615.26","cassandra-node2","173.02","2848637059","6442450944","9.7GB / 8.9GB","4.1kB / 9.38GB"
"2026-08-22T05:27:07.7563069Z","EXP-20260822T012730Z-82fe66af","cassandra","99","31926.09","615.26","cassandra-node3","180.15","2845415834","6442450944","8.85GB / 9.7GB","0B / 9.38GB"
"2026-08-22T05:27:07.7563069Z","EXP-20260822T012730Z-82fe66af","cassandra","99","31926.09","615.26","cassandra-node1","176","2851858285","6442450944","9.58GB / 9.38GB","0B / 9.38GB"
"2026-08-22T05:28:11.4276882Z","EXP-20260822T012730Z-82fe66af","cassandra","97","31942.75","598.6","cassandra-node2","183.97","2842194608","6442450944","9.74GB / 8.93GB","4.1kB / 9.41GB"
"2026-08-22T05:28:11.4276882Z","EXP-20260822T012730Z-82fe66af","cassandra","97","31942.75","598.6","cassandra-node3","187.84","2845415834","6442450944","8.9GB / 9.74GB","0B / 9.41GB"
"2026-08-22T05:28:11.4276882Z","EXP-20260822T012730Z-82fe66af","cassandra","97","31942.75","598.6","cassandra-node1","185.59","2851858285","6442450944","9.62GB / 9.42GB","0B / 9.41GB"
"2026-08-22T05:29:14.1948784Z","EXP-20260822T012730Z-82fe66af","cassandra","99","31904.14","637.21","cassandra-node2","183.83","2844342092","6442450944","9.78GB / 8.96GB","4.1kB / 9.5GB"
"2026-08-22T05:29:14.1948784Z","EXP-20260822T012730Z-82fe66af","cassandra","99","31904.14","637.21","cassandra-node3","179.61","2841120866","6442450944","8.93GB / 9.77GB","0B / 9.49GB"
"2026-08-22T05:29:14.1948784Z","EXP-20260822T012730Z-82fe66af","cassandra","99","31904.14","637.21","cassandra-node1","179.36","2844342092","6442450944","9.66GB / 9.45GB","0B / 9.5GB"
"2026-08-22T05:30:17.8371763Z","EXP-20260822T012730Z-82fe66af","cassandra","100","31898.16","643.2","cassandra-node2","165.19","2844342092","6442450944","9.81GB / 8.99GB","4.1kB / 9.5GB"
"2026-08-22T05:30:17.8371763Z","EXP-20260822T012730Z-82fe66af","cassandra","100","31898.16","643.2","cassandra-node3","163.38","2835752157","6442450944","8.96GB / 9.79GB","0B / 9.5GB"
"2026-08-22T05:30:17.8371763Z","EXP-20260822T012730Z-82fe66af","cassandra","100","31898.16","643.2","cassandra-node1","183.21","2843268350","6442450944","9.69GB / 9.47GB","0B / 9.5GB"
"2026-08-22T05:31:21.5847723Z","EXP-20260822T012730Z-82fe66af","cassandra","100","31941.91","599.44","cassandra-node2","184.77","2844342092","6442450944","9.83GB / 9.01GB","4.1kB / 9.51GB"
"2026-08-22T05:31:21.5847723Z","EXP-20260822T012730Z-82fe66af","cassandra","100","31941.91","599.44","cassandra-node3","180.59","2835752157","6442450944","8.98GB / 9.82GB","0B / 9.5GB"
"2026-08-22T05:31:21.5847723Z","EXP-20260822T012730Z-82fe66af","cassandra","100","31941.91","599.44","cassandra-node1","195.95","2842194608","6442450944","9.72GB / 9.5GB","0B / 9.51GB"
"2026-08-22T05:32:24.3223780Z","EXP-20260822T012730Z-82fe66af","cassandra","100","31945.24","596.11","cassandra-node2","172.86","2845415834","6442450944","9.87GB / 9.04GB","4.1kB / 9.52GB"
"2026-08-22T05:32:24.3223780Z","EXP-20260822T012730Z-82fe66af","cassandra","100","31945.24","596.11","cassandra-node3","164.56","2836825899","6442450944","9.01GB / 9.85GB","0B / 9.52GB"
"2026-08-22T05:32:24.3223780Z","EXP-20260822T012730Z-82fe66af","cassandra","100","31945.24","596.11","cassandra-node1","166.94","2841120866","6442450944","9.76GB / 9.53GB","0B / 9.52GB"
"2026-08-22T05:33:28.0156619Z","EXP-20260822T012730Z-82fe66af","cassandra","97","31935.3","606.05","cassandra-node2","158","2844342092","6442450944","9.9GB / 9.07GB","4.1kB / 9.54GB"
"2026-08-22T05:33:28.0156619Z","EXP-20260822T012730Z-82fe66af","cassandra","97","31935.3","606.05","cassandra-node3","158.96","2836825899","6442450944","9.05GB / 9.88GB","0B / 9.54GB"
"2026-08-22T05:33:28.0156619Z","EXP-20260822T012730Z-82fe66af","cassandra","97","31935.3","606.05","cassandra-node1","168.05","2838973383","6442450944","9.79GB / 9.56GB","0B / 9.54GB"
"2026-08-22T05:34:31.6522914Z","EXP-20260822T012730Z-82fe66af","cassandra","99","31960.94","580.41","cassandra-node2","167.38","2843268350","6442450944","9.93GB / 9.09GB","4.1kB / 9.56GB"
"2026-08-22T05:34:31.6522914Z","EXP-20260822T012730Z-82fe66af","cassandra","99","31960.94","580.41","cassandra-node3","174.59","2837899641","6442450944","9.08GB / 9.91GB","0B / 9.55GB"
"2026-08-22T05:34:31.6522914Z","EXP-20260822T012730Z-82fe66af","cassandra","99","31960.94","580.41","cassandra-node1","178.96","2840047124","6442450944","9.82GB / 9.59GB","0B / 9.56GB"
"2026-08-22T05:35:34.4374571Z","EXP-20260822T012730Z-82fe66af","cassandra","96","31980.04","561.31","cassandra-node2","171.47","2844342092","6442450944","9.97GB / 9.12GB","4.1kB / 9.58GB"
"2026-08-22T05:35:34.4374571Z","EXP-20260822T012730Z-82fe66af","cassandra","96","31980.04","561.31","cassandra-node3","169.79","2837899641","6442450944","9.11GB / 9.93GB","0B / 9.58GB"
"2026-08-22T05:35:34.4374571Z","EXP-20260822T012730Z-82fe66af","cassandra","96","31980.04","561.31","cassandra-node1","169.85","2841120866","6442450944","9.86GB / 9.62GB","0B / 9.58GB"
"2026-08-22T05:36:38.0859916Z","EXP-20260822T012730Z-82fe66af","cassandra","99","31985.01","556.34","cassandra-node2","162.1","2843268350","6442450944","10GB / 9.15GB","4.1kB / 9.6GB"
"2026-08-22T05:36:38.0859916Z","EXP-20260822T012730Z-82fe66af","cassandra","99","31985.01","556.34","cassandra-node3","167.5","2836825899","6442450944","9.14GB / 9.96GB","0B / 9.6GB"
"2026-08-22T05:36:38.0859916Z","EXP-20260822T012730Z-82fe66af","cassandra","99","31985.01","556.34","cassandra-node1","162.29","2841120866","6442450944","9.89GB / 9.64GB","0B / 9.6GB"
"2026-08-22T05:37:41.7458710Z","EXP-20260822T012730Z-82fe66af","cassandra","93","32125.5","415.85","cassandra-node2","169.06","2848637059","6442450944","10GB / 9.17GB","4.1kB / 9.63GB"
"2026-08-22T05:37:41.7458710Z","EXP-20260822T012730Z-82fe66af","cassandra","93","32125.5","415.85","cassandra-node3","164.39","2836825899","6442450944","9.18GB / 9.99GB","0B / 9.63GB"
"2026-08-22T05:37:41.7458710Z","EXP-20260822T012730Z-82fe66af","cassandra","93","32125.5","415.85","cassandra-node1","169.98","2842194608","6442450944","9.92GB / 9.67GB","0B / 9.63GB"
"2026-08-22T05:38:44.6980441Z","EXP-20260822T012730Z-82fe66af","cassandra","100","32112.99","428.36","cassandra-node2","167.48","2847563317","6442450944","10.1GB / 9.2GB","4.1kB / 9.64GB"
"2026-08-22T05:38:44.6980441Z","EXP-20260822T012730Z-82fe66af","cassandra","100","32112.99","428.36","cassandra-node3","167.91","2836825899","6442450944","9.21GB / 10GB","0B / 9.64GB"
"2026-08-22T05:38:44.6980441Z","EXP-20260822T012730Z-82fe66af","cassandra","100","32112.99","428.36","cassandra-node1","173.86","2841120866","6442450944","9.96GB / 9.7GB","0B / 9.64GB"
"2026-08-22T05:39:48.4118205Z","EXP-20260822T012730Z-82fe66af","cassandra","97","32123.93","417.42","cassandra-node2","158.49","2848637059","6442450944","10.1GB / 9.23GB","4.1kB / 9.66GB"
"2026-08-22T05:39:48.4118205Z","EXP-20260822T012730Z-82fe66af","cassandra","97","32123.93","417.42","cassandra-node3","162.89","2837899641","6442450944","9.24GB / 10GB","0B / 9.66GB"
"2026-08-22T05:39:48.4118205Z","EXP-20260822T012730Z-82fe66af","cassandra","97","32123.93","417.42","cassandra-node1","174.54","2842194608","6442450944","9.99GB / 9.73GB","0B / 9.66GB"
"2026-08-22T05:40:52.1148689Z","EXP-20260822T012730Z-82fe66af","cassandra","94","32065.32","476.03","cassandra-node2","165.37","2849710801","6442450944","10.1GB / 9.26GB","4.1kB / 9.69GB"
"2026-08-22T05:40:52.1148689Z","EXP-20260822T012730Z-82fe66af","cassandra","94","32065.32","476.03","cassandra-node3","158.05","2837899641","6442450944","9.27GB / 10.1GB","0B / 9.68GB"
"2026-08-22T05:40:52.1148689Z","EXP-20260822T012730Z-82fe66af","cassandra","94","32065.32","476.03","cassandra-node1","163.54","2842194608","6442450944","10GB / 9.76GB","0B / 9.69GB"
"2026-08-22T07:21:13.8869232Z","EXP-20260822T072020Z-2f735855","scylla","32","28721.09","3820.26","scylla-node2","21.16","4156454601","6442450944","10.3GB / 11.2GB","3.17GB / 11.3GB"
"2026-08-22T07:21:13.8869232Z","EXP-20260822T072020Z-2f735855","scylla","32","28721.09","3820.26","scylla-node3","21.77","4167192019","6442450944","10.3GB / 11.2GB","3.25GB / 11.2GB"
"2026-08-22T07:21:13.8869232Z","EXP-20260822T072020Z-2f735855","scylla","32","28721.09","3820.26","scylla-node1","21.55","4159675826","6442450944","10.4GB / 11.7GB","3.23GB / 11.3GB"
"2026-08-22T07:22:17.2175853Z","EXP-20260822T072020Z-2f735855","scylla","31","28754.03","3787.32","scylla-node2","21.77","4157528343","6442450944","10.3GB / 11.2GB","3.18GB / 11.3GB"
"2026-08-22T07:22:17.2175853Z","EXP-20260822T072020Z-2f735855","scylla","31","28754.03","3787.32","scylla-node3","21.66","4168265761","6442450944","10.3GB / 11.2GB","3.25GB / 11.3GB"
"2026-08-22T07:22:17.2175853Z","EXP-20260822T072020Z-2f735855","scylla","31","28754.03","3787.32","scylla-node1","21.18","4160749568","6442450944","10.4GB / 11.7GB","3.23GB / 11.3GB"
"2026-08-22T07:23:20.7695308Z","EXP-20260822T072020Z-2f735855","scylla","99","28763.49","3777.86","scylla-node2","126.42","4158602084","6442450944","10.4GB / 11.3GB","3.18GB / 11.4GB"
"2026-08-22T07:23:20.7695308Z","EXP-20260822T072020Z-2f735855","scylla","99","28763.49","3777.86","scylla-node3","123.22","4169339503","6442450944","10.5GB / 11.3GB","3.26GB / 11.4GB"
"2026-08-22T07:23:20.7695308Z","EXP-20260822T072020Z-2f735855","scylla","99","28763.49","3777.86","scylla-node1","130.15","4161823310","6442450944","10.6GB / 11.8GB","3.24GB / 11.4GB"
"2026-08-22T07:24:24.3743308Z","EXP-20260822T072020Z-2f735855","scylla","97","28777.79","3763.56","scylla-node2","127.82","4158602084","6442450944","10.6GB / 11.4GB","3.18GB / 11.6GB"
"2026-08-22T07:24:24.3743308Z","EXP-20260822T072020Z-2f735855","scylla","97","28777.79","3763.56","scylla-node3","125.89","4170413244","6442450944","10.6GB / 11.5GB","3.26GB / 11.5GB"
"2026-08-22T07:24:24.3743308Z","EXP-20260822T072020Z-2f735855","scylla","97","28777.79","3763.56","scylla-node1","133.16","4161823310","6442450944","10.7GB / 12GB","3.24GB / 11.5GB"
"2026-08-22T07:25:27.9629311Z","EXP-20260822T072020Z-2f735855","scylla","99","28792.07","3749.28","scylla-node2","123.36","4159675826","6442450944","10.7GB / 11.6GB","3.18GB / 11.7GB"
"2026-08-22T07:25:27.9629311Z","EXP-20260822T072020Z-2f735855","scylla","99","28792.07","3749.28","scylla-node3","125.66","4170413244","6442450944","10.8GB / 11.6GB","3.26GB / 11.7GB"
"2026-08-22T07:25:27.9629311Z","EXP-20260822T072020Z-2f735855","scylla","99","28792.07","3749.28","scylla-node1","136.18","4162897052","6442450944","10.8GB / 12.1GB","3.24GB / 11.7GB"
"2026-08-22T07:26:31.5561134Z","EXP-20260822T072020Z-2f735855","scylla","90","28800.34","3741.01","scylla-node2","135.94","4159675826","6442450944","10.9GB / 11.7GB","3.18GB / 11.8GB"
"2026-08-22T07:26:31.5561134Z","EXP-20260822T072020Z-2f735855","scylla","90","28800.34","3741.01","scylla-node3","129.76","4170413244","6442450944","10.9GB / 11.8GB","3.26GB / 11.8GB"
"2026-08-22T07:26:31.5561134Z","EXP-20260822T072020Z-2f735855","scylla","90","28800.34","3741.01","scylla-node1","141.04","4162897052","6442450944","11GB / 12.2GB","3.24GB / 11.8GB"
"2026-08-22T07:27:35.1855846Z","EXP-20260822T072020Z-2f735855","scylla","96","28799.38","3741.98","scylla-node2","132.36","4159675826","6442450944","11GB / 11.8GB","3.18GB / 12GB"
"2026-08-22T07:27:35.1855846Z","EXP-20260822T072020Z-2f735855","scylla","96","28799.38","3741.98","scylla-node3","143.18","4170413244","6442450944","11.1GB / 11.9GB","3.26GB / 11.9GB"
"2026-08-22T07:27:35.1855846Z","EXP-20260822T072020Z-2f735855","scylla","96","28799.38","3741.98","scylla-node1","141.59","4163970793","6442450944","11.2GB / 12.4GB","3.24GB / 12GB"
"2026-08-22T07:28:37.9822970Z","EXP-20260822T072020Z-2f735855","scylla","94","28805.75","3735.61","scylla-node2","135.64","4160749568","6442450944","11.2GB / 12GB","3.18GB / 12.1GB"
"2026-08-22T07:28:37.9822970Z","EXP-20260822T072020Z-2f735855","scylla","94","28805.75","3735.61","scylla-node3","134.29","4171486986","6442450944","11.2GB / 12GB","3.26GB / 12.1GB"
"2026-08-22T07:28:37.9822970Z","EXP-20260822T072020Z-2f735855","scylla","94","28805.75","3735.61","scylla-node1","142.03","4163970793","6442450944","11.3GB / 12.5GB","3.24GB / 12.1GB"
"2026-08-22T07:29:41.5791922Z","EXP-20260822T072020Z-2f735855","scylla","93","28814.61","3726.74","scylla-node2","130.58","4160749568","6442450944","11.3GB / 12.1GB","3.18GB / 12.2GB"
"2026-08-22T07:29:41.5791922Z","EXP-20260822T072020Z-2f735855","scylla","93","28814.61","3726.74","scylla-node3","125.24","4171486986","6442450944","11.4GB / 12.2GB","3.26GB / 12.2GB"
"2026-08-22T07:29:41.5791922Z","EXP-20260822T072020Z-2f735855","scylla","93","28814.61","3726.74","scylla-node1","137.34","4163970793","6442450944","11.5GB / 12.7GB","3.24GB / 12.2GB"
"2026-08-22T07:30:45.1699158Z","EXP-20260822T072020Z-2f735855","scylla","91","28838.79","3702.56","scylla-node2","124.75","4160749568","6442450944","11.5GB / 12.2GB","3.18GB / 12.4GB"
"2026-08-22T07:30:45.1699158Z","EXP-20260822T072020Z-2f735855","scylla","91","28838.79","3702.56","scylla-node3","130.51","4171486986","6442450944","11.5GB / 12.3GB","3.27GB / 12.3GB"
"2026-08-22T07:30:45.1699158Z","EXP-20260822T072020Z-2f735855","scylla","91","28838.79","3702.56","scylla-node1","135.5","4165044535","6442450944","11.6GB / 12.8GB","3.24GB / 12.4GB"
"2026-08-22T07:31:48.1079182Z","EXP-20260822T072020Z-2f735855","scylla","90","28843.74","3697.61","scylla-node2","126.76","4161823310","6442450944","11.6GB / 12.4GB","3.19GB / 12.5GB"
"2026-08-22T07:31:48.1079182Z","EXP-20260822T072020Z-2f735855","scylla","90","28843.74","3697.61","scylla-node3","127.32","4172560728","6442450944","11.7GB / 12.4GB","3.27GB / 12.5GB"
"2026-08-22T07:31:48.1079182Z","EXP-20260822T072020Z-2f735855","scylla","90","28843.74","3697.61","scylla-node1","133.02","4165044535","6442450944","11.7GB / 12.9GB","3.25GB / 12.5GB"
"2026-08-22T07:32:51.7121775Z","EXP-20260822T072020Z-2f735855","scylla","90","28819.68","3721.68","scylla-node2","122.34","4161823310","6442450944","11.8GB / 12.5GB","3.19GB / 12.6GB"
"2026-08-22T07:32:51.7121775Z","EXP-20260822T072020Z-2f735855","scylla","90","28819.68","3721.68","scylla-node3","122.08","4172560728","6442450944","11.8GB / 12.6GB","3.27GB / 12.6GB"
"2026-08-22T07:32:51.7121775Z","EXP-20260822T072020Z-2f735855","scylla","90","28819.68","3721.68","scylla-node1","125.7","4165044535","6442450944","11.9GB / 13.1GB","3.25GB / 12.6GB"
"2026-08-22T07:33:55.1616262Z","EXP-20260822T072020Z-2f735855","scylla","17","29193.95","3347.4","scylla-node2","1.62","4161823310","6442450944","11.9GB / 12.6GB","3.19GB / 12.8GB"
"2026-08-22T07:33:55.1616262Z","EXP-20260822T072020Z-2f735855","scylla","17","29193.95","3347.4","scylla-node3","1.83","4172560728","6442450944","12GB / 12.7GB","3.27GB / 12.7GB"
"2026-08-22T07:33:55.1616262Z","EXP-20260822T072020Z-2f735855","scylla","17","29193.95","3347.4","scylla-node1","1.78","4165044535","6442450944","12GB / 13.2GB","3.25GB / 12.8GB"
"2026-08-22T07:34:57.9689824Z","EXP-20260822T072020Z-2f735855","scylla","90","31928.29","613.06","scylla-node2","129.1","4162897052","6442450944","11.9GB / 12.6GB","3.19GB / 12.8GB"
"2026-08-22T07:34:57.9689824Z","EXP-20260822T072020Z-2f735855","scylla","90","31928.29","613.06","scylla-node3","129.14","4172560728","6442450944","12GB / 12.7GB","3.27GB / 12.8GB"
"2026-08-22T07:34:57.9689824Z","EXP-20260822T072020Z-2f735855","scylla","90","31928.29","613.06","scylla-node1","133.87","4166118277","6442450944","12.1GB / 13.2GB","3.25GB / 12.8GB"
"2026-08-22T07:36:01.6159910Z","EXP-20260822T072020Z-2f735855","scylla","96","31925.62","615.73","scylla-node2","136.83","4162897052","6442450944","12.1GB / 12.8GB","3.19GB / 12.9GB"
"2026-08-22T07:36:01.6159910Z","EXP-20260822T072020Z-2f735855","scylla","96","31925.62","615.73","scylla-node3","135.02","4173634470","6442450944","12.1GB / 12.8GB","3.27GB / 12.9GB"
"2026-08-22T07:36:01.6159910Z","EXP-20260822T072020Z-2f735855","scylla","96","31925.62","615.73","scylla-node1","132.39","4166118277","6442450944","12.2GB / 13.4GB","3.25GB / 12.9GB"
"2026-08-22T07:37:05.2919243Z","EXP-20260822T072020Z-2f735855","scylla","99","32027.04","514.31","scylla-node2","145.5","4162897052","6442450944","12.3GB / 12.9GB","3.19GB / 13.1GB"
"2026-08-22T07:37:05.2919243Z","EXP-20260822T072020Z-2f735855","scylla","99","32027.04","514.31","scylla-node3","123.22","4173634470","6442450944","12.3GB / 13GB","3.27GB / 13GB"
"2026-08-22T07:37:05.2919243Z","EXP-20260822T072020Z-2f735855","scylla","99","32027.04","514.31","scylla-node1","147.9","4166118277","6442450944","12.4GB / 13.5GB","3.25GB / 13.1GB"
"2026-08-22T07:38:08.3903956Z","EXP-20260822T072020Z-2f735855","scylla","94","31941.02","600.33","scylla-node2","140.19","4162897052","6442450944","12.4GB / 13.1GB","3.19GB / 13.2GB"
"2026-08-22T07:38:08.3903956Z","EXP-20260822T072020Z-2f735855","scylla","94","31941.02","600.33","scylla-node3","126.35","4173634470","6442450944","12.4GB / 13.1GB","3.27GB / 13.2GB"
"2026-08-22T07:38:08.3903956Z","EXP-20260822T072020Z-2f735855","scylla","94","31941.02","600.33","scylla-node1","143.93","4167192019","6442450944","12.5GB / 13.7GB","3.25GB / 13.2GB"
"2026-08-22T07:39:12.0153686Z","EXP-20260822T072020Z-2f735855","scylla","93","31932.55","608.8","scylla-node2","132.84","4163970793","6442450944","12.6GB / 13.2GB","3.19GB / 13.3GB"
"2026-08-22T07:39:12.0153686Z","EXP-20260822T072020Z-2f735855","scylla","93","31932.55","608.8","scylla-node3","132.65","4173634470","6442450944","12.6GB / 13.3GB","3.27GB / 13.3GB"
"2026-08-22T07:39:12.0153686Z","EXP-20260822T072020Z-2f735855","scylla","93","31932.55","608.8","scylla-node1","139.87","4166118277","6442450944","12.7GB / 13.8GB","3.25GB / 13.3GB"
"2026-08-22T07:40:15.6584109Z","EXP-20260822T072020Z-2f735855","scylla","99","31895.61","645.74","scylla-node2","122.72","4163970793","6442450944","12.7GB / 13.3GB","3.2GB / 13.5GB"
"2026-08-22T07:40:15.6584109Z","EXP-20260822T072020Z-2f735855","scylla","99","31895.61","645.74","scylla-node3","123.34","4173634470","6442450944","12.7GB / 13.4GB","3.28GB / 13.5GB"
"2026-08-22T07:40:15.6584109Z","EXP-20260822T072020Z-2f735855","scylla","99","31895.61","645.74","scylla-node1","130.77","4167192019","6442450944","12.8GB / 13.9GB","3.26GB / 13.5GB"
"2026-08-22T07:41:18.5109069Z","EXP-20260822T072020Z-2f735855","scylla","91","31902.55","638.8","scylla-node2","122.01","4163970793","6442450944","12.9GB / 13.5GB","3.23GB / 13.7GB"
"2026-08-22T07:41:18.5109069Z","EXP-20260822T072020Z-2f735855","scylla","91","31902.55","638.8","scylla-node3","170.92","4173634470","6442450944","12.9GB / 13.5GB","3.31GB / 13.6GB"
"2026-08-22T07:41:18.5109069Z","EXP-20260822T072020Z-2f735855","scylla","91","31902.55","638.8","scylla-node1","133.07","4167192019","6442450944","13GB / 14.1GB","3.29GB / 13.6GB"
"2026-08-22T07:42:22.1385062Z","EXP-20260822T072020Z-2f735855","scylla","93","31902.56","638.79","scylla-node2","141.72","4163970793","6442450944","13GB / 13.6GB","3.26GB / 13.8GB"
"2026-08-22T07:42:22.1385062Z","EXP-20260822T072020Z-2f735855","scylla","93","31902.56","638.79","scylla-node3","122.19","4173634470","6442450944","13GB / 13.7GB","3.34GB / 13.8GB"
"2026-08-22T07:42:22.1385062Z","EXP-20260822T072020Z-2f735855","scylla","93","31902.56","638.79","scylla-node1","137.01","4167192019","6442450944","13.1GB / 14.2GB","3.31GB / 13.8GB"
"2026-08-22T07:43:25.7702444Z","EXP-20260822T072020Z-2f735855","scylla","93","31949.41","591.94","scylla-node2","131.03","4163970793","6442450944","13.1GB / 13.7GB","3.29GB / 14GB"
"2026-08-22T07:43:25.7702444Z","EXP-20260822T072020Z-2f735855","scylla","93","31949.41","591.94","scylla-node3","128.92","4174708212","6442450944","13.2GB / 13.8GB","3.37GB / 13.9GB"
"2026-08-22T07:43:25.7702444Z","EXP-20260822T072020Z-2f735855","scylla","93","31949.41","591.94","scylla-node1","138.87","4167192019","6442450944","13.3GB / 14.4GB","3.34GB / 14GB"
"2026-08-22T07:44:28.5370829Z","EXP-20260822T072020Z-2f735855","scylla","96","31952.07","589.28","scylla-node2","151.51","4163970793","6442450944","13.3GB / 13.9GB","3.32GB / 14.1GB"
"2026-08-22T07:44:28.5370829Z","EXP-20260822T072020Z-2f735855","scylla","96","31952.07","589.28","scylla-node3","128.5","4174708212","6442450944","13.3GB / 13.9GB","3.4GB / 14.1GB"
"2026-08-22T07:44:28.5370829Z","EXP-20260822T072020Z-2f735855","scylla","96","31952.07","589.28","scylla-node1","140.02","4167192019","6442450944","13.4GB / 14.5GB","3.38GB / 14.1GB"
"2026-08-22T07:45:32.1970151Z","EXP-20260822T072020Z-2f735855","scylla","99","31995.07","546.28","scylla-node2","132.57","4163970793","6442450944","13.4GB / 14GB","3.34GB / 14.3GB"
"2026-08-22T07:45:32.1970151Z","EXP-20260822T072020Z-2f735855","scylla","99","31995.07","546.28","scylla-node3","125.26","4174708212","6442450944","13.5GB / 14GB","3.42GB / 14.3GB"
"2026-08-22T07:45:32.1970151Z","EXP-20260822T072020Z-2f735855","scylla","99","31995.07","546.28","scylla-node1","144.42","4167192019","6442450944","13.6GB / 14.6GB","3.4GB / 14.3GB"
"2026-08-22T07:46:35.8820337Z","EXP-20260822T072020Z-2f735855","scylla","97","32031.67","509.68","scylla-node2","132.4","4163970793","6442450944","13.6GB / 14.1GB","3.35GB / 14.4GB"
"2026-08-22T07:46:35.8820337Z","EXP-20260822T072020Z-2f735855","scylla","97","32031.67","509.68","scylla-node3","124.24","4174708212","6442450944","13.6GB / 14.2GB","3.43GB / 14.4GB"
"2026-08-22T07:46:35.8820337Z","EXP-20260822T072020Z-2f735855","scylla","97","32031.67","509.68","scylla-node1","176.73","4167192019","6442450944","13.7GB / 14.8GB","3.41GB / 14.4GB"
"2026-08-22T07:47:38.7345208Z","EXP-20260822T072020Z-2f735855","scylla","93","32021.4","519.95","scylla-node2","133.91","4163970793","6442450944","13.7GB / 14.3GB","3.38GB / 14.6GB"
"2026-08-22T07:47:38.7345208Z","EXP-20260822T072020Z-2f735855","scylla","93","32021.4","519.95","scylla-node3","127.52","4174708212","6442450944","13.8GB / 14.3GB","3.46GB / 14.6GB"
"2026-08-22T07:47:38.7345208Z","EXP-20260822T072020Z-2f735855","scylla","93","32021.4","519.95","scylla-node1","137.46","4167192019","6442450944","13.9GB / 14.9GB","3.44GB / 14.6GB"
"2026-08-22T07:48:42.4084912Z","EXP-20260822T072020Z-2f735855","scylla","91","32007.74","533.61","scylla-node2","141.15","4163970793","6442450944","13.9GB / 14.4GB","3.42GB / 14.8GB"
"2026-08-22T07:48:42.4084912Z","EXP-20260822T072020Z-2f735855","scylla","91","32007.74","533.61","scylla-node3","129.74","4174708212","6442450944","13.9GB / 14.4GB","3.49GB / 14.7GB"
"2026-08-22T07:48:42.4084912Z","EXP-20260822T072020Z-2f735855","scylla","91","32007.74","533.61","scylla-node1","135.06","4167192019","6442450944","14GB / 15.1GB","3.48GB / 14.8GB"
"2026-08-22T07:49:46.0988652Z","EXP-20260822T072020Z-2f735855","scylla","96","32031.72","509.63","scylla-node2","132.04","4163970793","6442450944","14GB / 14.5GB","3.45GB / 14.9GB"
"2026-08-22T07:49:46.0988652Z","EXP-20260822T072020Z-2f735855","scylla","96","32031.72","509.63","scylla-node3","130.53","4173634470","6442450944","14.1GB / 14.6GB","3.53GB / 14.9GB"
"2026-08-22T07:49:46.0988652Z","EXP-20260822T072020Z-2f735855","scylla","96","32031.72","509.63","scylla-node1","137.42","4167192019","6442450944","14.2GB / 15.2GB","3.5GB / 14.9GB"
"2026-08-22T07:50:48.8366697Z","EXP-20260822T072020Z-2f735855","scylla","91","31963.06","578.29","scylla-node2","148.34","4163970793","6442450944","14.2GB / 14.6GB","3.48GB / 15.1GB"
"2026-08-22T07:50:48.8366697Z","EXP-20260822T072020Z-2f735855","scylla","91","31963.06","578.29","scylla-node3","129.95","4174708212","6442450944","14.2GB / 14.7GB","3.56GB / 15GB"
"2026-08-22T07:50:48.8366697Z","EXP-20260822T072020Z-2f735855","scylla","91","31963.06","578.29","scylla-node1","137.19","4167192019","6442450944","14.3GB / 15.3GB","3.54GB / 15.1GB"
"2026-08-22T07:51:52.4839353Z","EXP-20260822T072020Z-2f735855","scylla","91","31983.44","557.91","scylla-node2","164.75","4163970793","6442450944","14.3GB / 14.8GB","3.52GB / 15.3GB"
"2026-08-22T07:51:52.4839353Z","EXP-20260822T072020Z-2f735855","scylla","91","31983.44","557.91","scylla-node3","124.26","4174708212","6442450944","14.3GB / 14.8GB","3.59GB / 15.2GB"
"2026-08-22T07:51:52.4839353Z","EXP-20260822T072020Z-2f735855","scylla","91","31983.44","557.91","scylla-node1","129.01","4167192019","6442450944","14.4GB / 15.5GB","3.57GB / 15.2GB"
"2026-08-22T07:52:56.1309970Z","EXP-20260822T072020Z-2f735855","scylla","99","32006.32","535.04","scylla-node2","127.3","4163970793","6442450944","14.5GB / 14.9GB","3.55GB / 15.4GB"
"2026-08-22T07:52:56.1309970Z","EXP-20260822T072020Z-2f735855","scylla","99","32006.32","535.04","scylla-node3","144.46","4174708212","6442450944","14.5GB / 15GB","3.62GB / 15.4GB"
"2026-08-22T07:52:56.1309970Z","EXP-20260822T072020Z-2f735855","scylla","99","32006.32","535.04","scylla-node1","131.37","4167192019","6442450944","14.6GB / 15.6GB","3.6GB / 15.4GB"
"2026-08-22T07:53:58.9614806Z","EXP-20260822T072020Z-2f735855","scylla","90","32032.84","508.51","scylla-node2","131.67","4163970793","6442450944","14.6GB / 15GB","3.58GB / 15.6GB"
"2026-08-22T07:53:58.9614806Z","EXP-20260822T072020Z-2f735855","scylla","90","32032.84","508.51","scylla-node3","173.52","4174708212","6442450944","14.6GB / 15.1GB","3.66GB / 15.5GB"
"2026-08-22T07:53:58.9614806Z","EXP-20260822T072020Z-2f735855","scylla","90","32032.84","508.51","scylla-node1","133.96","4167192019","6442450944","14.7GB / 15.7GB","3.65GB / 15.6GB"
"2026-08-22T07:55:02.6182893Z","EXP-20260822T072020Z-2f735855","scylla","96","32056.37","484.98","scylla-node2","130.96","4163970793","6442450944","14.7GB / 15.1GB","3.63GB / 15.8GB"
"2026-08-22T07:55:02.6182893Z","EXP-20260822T072020Z-2f735855","scylla","96","32056.37","484.98","scylla-node3","129.29","4174708212","6442450944","14.8GB / 15.2GB","3.71GB / 15.7GB"
"2026-08-22T07:55:02.6182893Z","EXP-20260822T072020Z-2f735855","scylla","96","32056.37","484.98","scylla-node1","140.89","4167192019","6442450944","14.9GB / 15.9GB","3.68GB / 15.7GB"
"2026-08-22T07:56:06.2288023Z","EXP-20260822T072020Z-2f735855","scylla","99","32035.66","505.69","scylla-node2","127.31","4163970793","6442450944","14.9GB / 15.3GB","3.66GB / 15.9GB"
"2026-08-22T07:56:06.2288023Z","EXP-20260822T072020Z-2f735855","scylla","99","32035.66","505.69","scylla-node3","124.25","4174708212","6442450944","14.9GB / 15.3GB","3.74GB / 15.9GB"
"2026-08-22T07:56:06.2288023Z","EXP-20260822T072020Z-2f735855","scylla","99","32035.66","505.69","scylla-node1","136.87","4168265761","6442450944","15GB / 16GB","3.73GB / 15.9GB"
"2026-08-22T07:57:09.0342061Z","EXP-20260822T072020Z-2f735855","scylla","97","32035.71","505.64","scylla-node2","178.52","4163970793","6442450944","15GB / 15.4GB","3.71GB / 16.1GB"
"2026-08-22T07:57:09.0342061Z","EXP-20260822T072020Z-2f735855","scylla","97","32035.71","505.64","scylla-node3","115.39","4174708212","6442450944","15GB / 15.5GB","3.79GB / 16.1GB"
"2026-08-22T07:57:09.0342061Z","EXP-20260822T072020Z-2f735855","scylla","97","32035.71","505.64","scylla-node1","125.15","4167192019","6442450944","15.2GB / 16.1GB","3.76GB / 16.1GB"
"2026-08-22T07:58:12.7080746Z","EXP-20260822T072020Z-2f735855","scylla","91","32030.11","511.25","scylla-node2","124.72","4163970793","6442450944","15.2GB / 15.5GB","3.76GB / 16.3GB"
"2026-08-22T07:58:12.7080746Z","EXP-20260822T072020Z-2f735855","scylla","91","32030.11","511.25","scylla-node3","143.89","4174708212","6442450944","15.2GB / 15.6GB","3.83GB / 16.2GB"
"2026-08-22T07:58:12.7080746Z","EXP-20260822T072020Z-2f735855","scylla","91","32030.11","511.25","scylla-node1","155.58","4167192019","6442450944","15.3GB / 16.3GB","3.81GB / 16.3GB"
"2026-08-22T07:59:16.2962378Z","EXP-20260822T072020Z-2f735855","scylla","97","32149.34","392.02","scylla-node2","126.09","4163970793","6442450944","15.3GB / 15.7GB","3.79GB / 16.4GB"
"2026-08-22T07:59:16.2962378Z","EXP-20260822T072020Z-2f735855","scylla","97","32149.34","392.02","scylla-node3","123.73","4174708212","6442450944","15.3GB / 15.7GB","3.88GB / 16.4GB"
"2026-08-22T07:59:16.2962378Z","EXP-20260822T072020Z-2f735855","scylla","97","32149.34","392.02","scylla-node1","156.09","4167192019","6442450944","15.4GB / 16.4GB","3.85GB / 16.4GB"
"2026-08-22T08:00:19.0884509Z","EXP-20260822T072020Z-2f735855","scylla","90","31796.42","744.93","scylla-node2","182.38","4163970793","6442450944","15.4GB / 15.8GB","3.85GB / 16.6GB"
"2026-08-22T08:00:19.0884509Z","EXP-20260822T072020Z-2f735855","scylla","90","31796.42","744.93","scylla-node3","119.76","4174708212","6442450944","15.5GB / 15.8GB","3.93GB / 16.6GB"
"2026-08-22T08:00:19.0884509Z","EXP-20260822T072020Z-2f735855","scylla","90","31796.42","744.93","scylla-node1","129.33","4168265761","6442450944","15.6GB / 16.5GB","3.9GB / 16.6GB"
"2026-08-22T08:01:22.7235606Z","EXP-20260822T072020Z-2f735855","scylla","94","31811.55","729.8","scylla-node2","150.2","4165044535","6442450944","15.6GB / 15.9GB","3.89GB / 16.8GB"
"2026-08-22T08:01:22.7235606Z","EXP-20260822T072020Z-2f735855","scylla","94","31811.55","729.8","scylla-node3","125.53","4174708212","6442450944","15.6GB / 16GB","3.97GB / 16.7GB"
"2026-08-22T08:01:22.7235606Z","EXP-20260822T072020Z-2f735855","scylla","94","31811.55","729.8","scylla-node1","135.42","4167192019","6442450944","15.7GB / 16.6GB","3.95GB / 16.8GB"
"2026-08-22T08:02:26.3725871Z","EXP-20260822T072020Z-2f735855","scylla","97","31828.2","713.15","scylla-node2","210.13","4163970793","6442450944","15.7GB / 16GB","3.96GB / 17GB"
"2026-08-22T08:02:26.3725871Z","EXP-20260822T072020Z-2f735855","scylla","97","31828.2","713.15","scylla-node3","122.82","4174708212","6442450944","15.7GB / 16.1GB","4.02GB / 16.9GB"
"2026-08-22T08:02:26.3725871Z","EXP-20260822T072020Z-2f735855","scylla","97","31828.2","713.15","scylla-node1","125.23","4167192019","6442450944","15.9GB / 16.8GB","3.99GB / 16.9GB"
"2026-08-22T08:03:29.2027854Z","EXP-20260822T072020Z-2f735855","scylla","91","31821.13","720.22","scylla-node2","146.78","4165044535","6442450944","15.9GB / 16.2GB","3.99GB / 17.1GB"
"2026-08-22T08:03:29.2027854Z","EXP-20260822T072020Z-2f735855","scylla","91","31821.13","720.22","scylla-node3","129.55","4174708212","6442450944","15.9GB / 16.2GB","4.07GB / 17.1GB"
"2026-08-22T08:03:29.2027854Z","EXP-20260822T072020Z-2f735855","scylla","91","31821.13","720.22","scylla-node1","136.93","4167192019","6442450944","16GB / 16.9GB","4.04GB / 17.1GB"
"2026-08-22T08:04:32.8068286Z","EXP-20260822T072020Z-2f735855","scylla","99","31821.88","719.47","scylla-node2","129.21","4165044535","6442450944","16GB / 16.3GB","4.09GB / 17.3GB"
"2026-08-22T08:04:32.8068286Z","EXP-20260822T072020Z-2f735855","scylla","99","31821.88","719.47","scylla-node3","140.74","4175781954","6442450944","16GB / 16.3GB","4.17GB / 17.2GB"
"2026-08-22T08:04:32.8068286Z","EXP-20260822T072020Z-2f735855","scylla","99","31821.88","719.47","scylla-node1","159.99","4167192019","6442450944","16.1GB / 17GB","4.13GB / 17.2GB"
"2026-08-22T08:05:36.4980574Z","EXP-20260822T072020Z-2f735855","scylla","99","31833.14","708.21","scylla-node2","130.46","4165044535","6442450944","16GB / 16.3GB","4.25GB / 17.3GB"
"2026-08-22T08:05:36.4980574Z","EXP-20260822T072020Z-2f735855","scylla","99","31833.14","708.21","scylla-node3","132.75","4174708212","6442450944","16.1GB / 16.4GB","4.33GB / 17.2GB"
"2026-08-22T08:05:36.4980574Z","EXP-20260822T072020Z-2f735855","scylla","99","31833.14","708.21","scylla-node1","140.4","4167192019","6442450944","16.2GB / 17.1GB","4.33GB / 17.2GB"
"2026-08-22T08:06:39.3344759Z","EXP-20260822T072020Z-2f735855","scylla","97","31833.78","707.57","scylla-node2","156.64","4165044535","6442450944","16.1GB / 16.4GB","4.25GB / 17.3GB"
"2026-08-22T08:06:39.3344759Z","EXP-20260822T072020Z-2f735855","scylla","97","31833.78","707.57","scylla-node3","152.09","4174708212","6442450944","16.1GB / 16.5GB","4.33GB / 17.2GB"
"2026-08-22T08:06:39.3344759Z","EXP-20260822T072020Z-2f735855","scylla","97","31833.78","707.57","scylla-node1","157.81","4167192019","6442450944","16.3GB / 17.2GB","4.33GB / 17.2GB"
"2026-08-22T08:07:42.9937912Z","EXP-20260822T072020Z-2f735855","scylla","97","31834.02","707.34","scylla-node2","151.41","4165044535","6442450944","16.1GB / 16.4GB","4.25GB / 17.3GB"
"2026-08-22T08:07:42.9937912Z","EXP-20260822T072020Z-2f735855","scylla","97","31834.02","707.34","scylla-node3","159.48","4174708212","6442450944","16.2GB / 16.5GB","4.33GB / 17.2GB"
"2026-08-22T08:07:42.9937912Z","EXP-20260822T072020Z-2f735855","scylla","97","31834.02","707.34","scylla-node1","167.37","4167192019","6442450944","16.3GB / 17.2GB","4.33GB / 17.2GB"
"2026-08-22T08:08:46.6127277Z","EXP-20260822T072020Z-2f735855","scylla","99","31852.25","689.1","scylla-node2","137.63","4165044535","6442450944","16.2GB / 16.7GB","4.26GB / 17.3GB"
"2026-08-22T08:08:46.6127277Z","EXP-20260822T072020Z-2f735855","scylla","99","31852.25","689.1","scylla-node3","153.84","4174708212","6442450944","16.2GB / 16.8GB","4.33GB / 17.2GB"
"2026-08-22T08:08:46.6127277Z","EXP-20260822T072020Z-2f735855","scylla","99","31852.25","689.1","scylla-node1","154.42","4167192019","6442450944","16.3GB / 17.5GB","4.34GB / 17.2GB"
"2026-08-22T08:09:49.4226850Z","EXP-20260822T072020Z-2f735855","scylla","94","31864.84","676.51","scylla-node2","148.57","4165044535","6442450944","16.2GB / 17GB","4.26GB / 17.3GB"
"2026-08-22T08:09:49.4226850Z","EXP-20260822T072020Z-2f735855","scylla","94","31864.84","676.51","scylla-node3","154.82","4174708212","6442450944","16.2GB / 17.1GB","4.34GB / 17.2GB"
"2026-08-22T08:09:49.4226850Z","EXP-20260822T072020Z-2f735855","scylla","94","31864.84","676.51","scylla-node1","151.75","4167192019","6442450944","16.4GB / 17.8GB","4.34GB / 17.2GB"
"2026-08-22T08:10:53.1314058Z","EXP-20260822T072020Z-2f735855","scylla","97","31821.14","720.21","scylla-node2","156.27","4165044535","6442450944","16.2GB / 17.4GB","4.27GB / 17.3GB"
"2026-08-22T08:10:53.1314058Z","EXP-20260822T072020Z-2f735855","scylla","97","31821.14","720.21","scylla-node3","151.4","4174708212","6442450944","16.3GB / 17.4GB","4.34GB / 17.2GB"
"2026-08-22T08:10:53.1314058Z","EXP-20260822T072020Z-2f735855","scylla","97","31821.14","720.21","scylla-node1","154.71","4167192019","6442450944","16.4GB / 18.2GB","4.35GB / 17.2GB"
"2026-08-22T08:11:56.8161703Z","EXP-20260822T072020Z-2f735855","scylla","97","31843.73","697.62","scylla-node2","146.29","4165044535","6442450944","16.2GB / 17.7GB","4.27GB / 17.3GB"
"2026-08-22T08:11:56.8161703Z","EXP-20260822T072020Z-2f735855","scylla","97","31843.73","697.62","scylla-node3","149.42","4174708212","6442450944","16.3GB / 17.8GB","4.35GB / 17.2GB"
"2026-08-22T08:11:56.8161703Z","EXP-20260822T072020Z-2f735855","scylla","97","31843.73","697.62","scylla-node1","148.11","4167192019","6442450944","16.4GB / 18.5GB","4.35GB / 17.2GB"
"2026-08-22T08:12:59.5585321Z","EXP-20260822T072020Z-2f735855","scylla","100","31844.55","696.8","scylla-node2","138.98","4165044535","6442450944","16.3GB / 18GB","4.3GB / 17.3GB"
"2026-08-22T08:12:59.5585321Z","EXP-20260822T072020Z-2f735855","scylla","100","31844.55","696.8","scylla-node3","147.12","4198330532","6442450944","16.3GB / 18.1GB","4.37GB / 17.2GB"
"2026-08-22T08:12:59.5585321Z","EXP-20260822T072020Z-2f735855","scylla","100","31844.55","696.8","scylla-node1","151.85","4168265761","6442450944","16.5GB / 18.8GB","4.38GB / 17.2GB"
"2026-08-22T08:14:03.4358502Z","EXP-20260822T072020Z-2f735855","scylla","97","31842.52","698.83","scylla-node2","144.95","4163970793","6442450944","16.3GB / 18.3GB","4.3GB / 17.3GB"
"2026-08-22T08:14:03.4358502Z","EXP-20260822T072020Z-2f735855","scylla","97","31842.52","698.83","scylla-node3","149.76","4198330532","6442450944","16.4GB / 18.4GB","4.38GB / 17.2GB"
"2026-08-22T08:14:03.4358502Z","EXP-20260822T072020Z-2f735855","scylla","97","31842.52","698.83","scylla-node1","154.89","4167192019","6442450944","16.5GB / 19.1GB","4.38GB / 17.2GB"
"2026-08-22T08:15:07.1097102Z","EXP-20260822T072020Z-2f735855","scylla","99","31924.34","617.01","scylla-node2","134.77","4165044535","6442450944","16.4GB / 18.6GB","4.31GB / 17.3GB"
"2026-08-22T08:15:07.1097102Z","EXP-20260822T072020Z-2f735855","scylla","99","31924.34","617.01","scylla-node3","138.04","4199404274","6442450944","16.4GB / 18.6GB","4.38GB / 17.3GB"
"2026-08-22T08:15:07.1097102Z","EXP-20260822T072020Z-2f735855","scylla","99","31924.34","617.01","scylla-node1","141.78","4168265761","6442450944","16.6GB / 19.4GB","4.39GB / 17.3GB"
"2026-08-22T08:16:10.6621402Z","EXP-20260822T072020Z-2f735855","scylla","93","31903.13","638.22","scylla-node2","126.39","4165044535","6442450944","16.5GB / 18.7GB","4.31GB / 17.5GB"
"2026-08-22T08:16:10.6621402Z","EXP-20260822T072020Z-2f735855","scylla","93","31903.13","638.22","scylla-node3","123.62","4198330532","6442450944","16.6GB / 18.8GB","4.38GB / 17.4GB"
"2026-08-22T08:16:10.6621402Z","EXP-20260822T072020Z-2f735855","scylla","93","31903.13","638.22","scylla-node1","131.38","4168265761","6442450944","16.7GB / 19.5GB","4.39GB / 17.5GB"
"2026-08-22T08:17:14.3312813Z","EXP-20260822T072020Z-2f735855","scylla","96","31900.95","640.4","scylla-node2","126.79","4165044535","6442450944","16.7GB / 18.8GB","4.31GB / 17.6GB"
"2026-08-22T08:17:14.3312813Z","EXP-20260822T072020Z-2f735855","scylla","96","31900.95","640.4","scylla-node3","139.01","4199404274","6442450944","16.8GB / 18.9GB","4.38GB / 17.6GB"
"2026-08-22T08:17:14.3312813Z","EXP-20260822T072020Z-2f735855","scylla","96","31900.95","640.4","scylla-node1","134.34","4168265761","6442450944","16.9GB / 19.7GB","4.39GB / 17.6GB"
"2026-08-22T08:18:18.0032800Z","EXP-20260822T072020Z-2f735855","scylla","99","31928.12","613.23","scylla-node2","138.82","4166118277","6442450944","16.8GB / 19GB","4.31GB / 17.7GB"
"2026-08-22T08:18:18.0032800Z","EXP-20260822T072020Z-2f735855","scylla","99","31928.12","613.23","scylla-node3","136.35","4199404274","6442450944","16.9GB / 19.1GB","4.38GB / 17.7GB"
"2026-08-22T08:18:18.0032800Z","EXP-20260822T072020Z-2f735855","scylla","99","31928.12","613.23","scylla-node1","141.16","4169339503","6442450944","17GB / 19.8GB","4.39GB / 17.7GB"
"2026-08-22T08:19:20.7656303Z","EXP-20260822T072020Z-2f735855","scylla","96","32024.98","516.38","scylla-node2","130.25","4166118277","6442450944","17GB / 19.1GB","4.31GB / 17.9GB"
"2026-08-22T08:19:20.7656303Z","EXP-20260822T072020Z-2f735855","scylla","96","32024.98","516.38","scylla-node3","134.4","4200478015","6442450944","17.1GB / 19.2GB","4.38GB / 17.8GB"
"2026-08-22T08:19:20.7656303Z","EXP-20260822T072020Z-2f735855","scylla","96","32024.98","516.38","scylla-node1","138.97","4169339503","6442450944","17.2GB / 19.9GB","4.39GB / 17.9GB"
"2026-08-22T08:20:24.4337786Z","EXP-20260822T072020Z-2f735855","scylla","93","31870.27","671.09","scylla-node2","123.3","4166118277","6442450944","17.1GB / 19.2GB","4.32GB / 18GB"
"2026-08-22T08:20:24.4337786Z","EXP-20260822T072020Z-2f735855","scylla","93","31870.27","671.09","scylla-node3","142.99","4199404274","6442450944","17.2GB / 19.3GB","4.4GB / 18GB"
"2026-08-22T08:20:24.4337786Z","EXP-20260822T072020Z-2f735855","scylla","93","31870.27","671.09","scylla-node1","132.49","4168265761","6442450944","17.3GB / 20.1GB","4.4GB / 18GB"
"2026-08-22T08:21:28.1214812Z","EXP-20260822T072020Z-2f735855","scylla","88","31908.55","632.8","scylla-node2","132.99","4166118277","6442450944","17.3GB / 19.4GB","4.35GB / 18.2GB"
"2026-08-22T08:21:28.1214812Z","EXP-20260822T072020Z-2f735855","scylla","88","31908.55","632.8","scylla-node3","132.11","4199404274","6442450944","17.3GB / 19.5GB","4.42GB / 18.1GB"
"2026-08-22T08:21:28.1214812Z","EXP-20260822T072020Z-2f735855","scylla","88","31908.55","632.8","scylla-node1","138.26","4168265761","6442450944","17.5GB / 20.2GB","4.43GB / 18.2GB"
"2026-08-22T08:22:30.8415813Z","EXP-20260822T072020Z-2f735855","scylla","97","31932.23","609.12","scylla-node2","173.39","4166118277","6442450944","17.4GB / 19.5GB","4.37GB / 18.4GB"
"2026-08-22T08:22:30.8415813Z","EXP-20260822T072020Z-2f735855","scylla","97","31932.23","609.12","scylla-node3","128.63","4199404274","6442450944","17.5GB / 19.6GB","4.45GB / 18.3GB"
"2026-08-22T08:22:30.8415813Z","EXP-20260822T072020Z-2f735855","scylla","97","31932.23","609.12","scylla-node1","138.54","4169339503","6442450944","17.6GB / 20.4GB","4.45GB / 18.3GB"
"2026-08-22T08:23:34.4844262Z","EXP-20260822T072020Z-2f735855","scylla","96","31914.04","627.31","scylla-node2","128.17","4166118277","6442450944","17.6GB / 19.6GB","4.4GB / 18.5GB"
"2026-08-22T08:23:34.4844262Z","EXP-20260822T072020Z-2f735855","scylla","96","31914.04","627.31","scylla-node3","126.45","4199404274","6442450944","17.6GB / 19.7GB","4.48GB / 18.5GB"
"2026-08-22T08:23:34.4844262Z","EXP-20260822T072020Z-2f735855","scylla","96","31914.04","627.31","scylla-node1","136.47","4169339503","6442450944","17.8GB / 20.5GB","4.48GB / 18.5GB"
"2026-08-22T08:24:38.1471972Z","EXP-20260822T072020Z-2f735855","scylla","96","31927.89","613.46","scylla-node2","142.28","4166118277","6442450944","17.7GB / 19.8GB","4.44GB / 18.7GB"
"2026-08-22T08:24:38.1471972Z","EXP-20260822T072020Z-2f735855","scylla","96","31927.89","613.46","scylla-node3","119.66","4200478015","6442450944","17.8GB / 19.9GB","4.52GB / 18.6GB"
"2026-08-22T08:24:38.1471972Z","EXP-20260822T072020Z-2f735855","scylla","96","31927.89","613.46","scylla-node1","146.02","4169339503","6442450944","17.9GB / 20.6GB","4.52GB / 18.7GB"
"2026-08-22T08:25:41.0251445Z","EXP-20260822T072020Z-2f735855","scylla","93","31953.76","587.59","scylla-node2","130.94","4166118277","6442450944","17.9GB / 19.9GB","4.48GB / 18.9GB"
"2026-08-22T08:25:41.0251445Z","EXP-20260822T072020Z-2f735855","scylla","93","31953.76","587.59","scylla-node3","131.26","4199404274","6442450944","17.9GB / 20GB","4.55GB / 18.8GB"
"2026-08-22T08:25:41.0251445Z","EXP-20260822T072020Z-2f735855","scylla","93","31953.76","587.59","scylla-node1","189.35","4169339503","6442450944","18.1GB / 20.8GB","4.56GB / 18.8GB"
"2026-08-22T08:26:44.6681199Z","EXP-20260822T072020Z-2f735855","scylla","97","31943.8","597.55","scylla-node2","127.54","4167192019","6442450944","18GB / 20GB","4.5GB / 19GB"
"2026-08-22T08:26:44.6681199Z","EXP-20260822T072020Z-2f735855","scylla","97","31943.8","597.55","scylla-node3","124.07","4199404274","6442450944","18.1GB / 20.1GB","4.57GB / 19GB"
"2026-08-22T08:26:44.6681199Z","EXP-20260822T072020Z-2f735855","scylla","97","31943.8","597.55","scylla-node1","138.04","4169339503","6442450944","18.2GB / 20.9GB","4.58GB / 19GB"
"2026-08-22T08:27:48.3294612Z","EXP-20260822T072020Z-2f735855","scylla","90","31960.96","580.39","scylla-node2","131.31","4166118277","6442450944","18.2GB / 20.2GB","4.51GB / 19.1GB"
"2026-08-22T08:27:48.3294612Z","EXP-20260822T072020Z-2f735855","scylla","90","31960.96","580.39","scylla-node3","128.66","4200478015","6442450944","18.2GB / 20.3GB","4.58GB / 19.1GB"
"2026-08-22T08:27:48.3294612Z","EXP-20260822T072020Z-2f735855","scylla","90","31960.96","580.39","scylla-node1","137.15","4169339503","6442450944","18.4GB / 21.1GB","4.59GB / 19.1GB"
"2026-08-22T08:28:51.1235555Z","EXP-20260822T072020Z-2f735855","scylla","99","31951.44","589.91","scylla-node2","115.15","4167192019","6442450944","18.3GB / 20.3GB","4.55GB / 19.3GB"
"2026-08-22T08:28:51.1235555Z","EXP-20260822T072020Z-2f735855","scylla","99","31951.44","589.91","scylla-node3","143.85","4200478015","6442450944","18.4GB / 20.4GB","4.62GB / 19.3GB"
"2026-08-22T08:28:51.1235555Z","EXP-20260822T072020Z-2f735855","scylla","99","31951.44","589.91","scylla-node1","149.72","4169339503","6442450944","18.5GB / 21.2GB","4.63GB / 19.3GB"
"2026-08-22T08:29:54.7995321Z","EXP-20260822T072020Z-2f735855","scylla","88","31957.34","584.01","scylla-node2","124.98","4167192019","6442450944","18.4GB / 20.4GB","4.59GB / 19.5GB"
"2026-08-22T08:29:54.7995321Z","EXP-20260822T072020Z-2f735855","scylla","88","31957.34","584.01","scylla-node3","130.25","4200478015","6442450944","18.5GB / 20.5GB","4.66GB / 19.4GB"
"2026-08-22T08:29:54.7995321Z","EXP-20260822T072020Z-2f735855","scylla","88","31957.34","584.01","scylla-node1","162.68","4169339503","6442450944","18.7GB / 21.3GB","4.66GB / 19.5GB"
"2026-08-22T08:30:58.4806604Z","EXP-20260822T072020Z-2f735855","scylla","96","31960.4","580.95","scylla-node2","151.58","4167192019","6442450944","18.6GB / 20.5GB","4.63GB / 19.6GB"
"2026-08-22T08:30:58.4806604Z","EXP-20260822T072020Z-2f735855","scylla","96","31960.4","580.95","scylla-node3","122.16","4200478015","6442450944","18.7GB / 20.6GB","4.69GB / 19.6GB"
"2026-08-22T08:30:58.4806604Z","EXP-20260822T072020Z-2f735855","scylla","96","31960.4","580.95","scylla-node1","155.63","4169339503","6442450944","18.8GB / 21.4GB","4.7GB / 19.6GB"
"2026-08-22T08:32:01.1571434Z","EXP-20260822T072020Z-2f735855","scylla","93","31962.5","578.85","scylla-node2","130.53","4166118277","6442450944","18.7GB / 20.7GB","4.66GB / 19.8GB"
"2026-08-22T08:32:01.1571434Z","EXP-20260822T072020Z-2f735855","scylla","93","31962.5","578.85","scylla-node3","154.7","4200478015","6442450944","18.8GB / 20.8GB","4.72GB / 19.8GB"
"2026-08-22T08:32:01.1571434Z","EXP-20260822T072020Z-2f735855","scylla","93","31962.5","578.85","scylla-node1","142.43","4170413244","6442450944","18.9GB / 21.6GB","4.73GB / 19.8GB"
"2026-08-22T08:33:04.7891998Z","EXP-20260822T072020Z-2f735855","scylla","99","31952.84","588.51","scylla-node2","128.91","4166118277","6442450944","18.9GB / 20.8GB","4.69GB / 20GB"
"2026-08-22T08:33:04.7891998Z","EXP-20260822T072020Z-2f735855","scylla","99","31952.84","588.51","scylla-node3","121.38","4200478015","6442450944","18.9GB / 20.9GB","4.76GB / 19.9GB"
"2026-08-22T08:33:04.7891998Z","EXP-20260822T072020Z-2f735855","scylla","99","31952.84","588.51","scylla-node1","134.27","4169339503","6442450944","19.1GB / 21.7GB","4.77GB / 20GB"
"2026-08-22T08:34:08.4670345Z","EXP-20260822T072020Z-2f735855","scylla","94","31947.27","594.09","scylla-node2","129.17","4167192019","6442450944","19GB / 20.9GB","4.73GB / 20.1GB"
"2026-08-22T08:34:08.4670345Z","EXP-20260822T072020Z-2f735855","scylla","94","31947.27","594.09","scylla-node3","130.69","4200478015","6442450944","19.1GB / 21GB","4.79GB / 20.1GB"
"2026-08-22T08:34:08.4670345Z","EXP-20260822T072020Z-2f735855","scylla","94","31947.27","594.09","scylla-node1","162.81","4169339503","6442450944","19.2GB / 21.9GB","4.81GB / 20.1GB"
"2026-08-22T08:35:11.3042834Z","EXP-20260822T072020Z-2f735855","scylla","87","31964.53","576.82","scylla-node2","143.94","4166118277","6442450944","19.2GB / 21GB","4.76GB / 20.3GB"
"2026-08-22T08:35:11.3042834Z","EXP-20260822T072020Z-2f735855","scylla","87","31964.53","576.82","scylla-node3","154.01","4200478015","6442450944","19.2GB / 21.2GB","4.83GB / 20.3GB"
"2026-08-22T08:35:11.3042834Z","EXP-20260822T072020Z-2f735855","scylla","87","31964.53","576.82","scylla-node1","135.81","4169339503","6442450944","19.4GB / 22GB","4.85GB / 20.3GB"
"2026-08-22T08:36:14.9602990Z","EXP-20260822T072020Z-2f735855","scylla","82","31958.39","582.96","scylla-node2","137.85","4167192019","6442450944","19.3GB / 21.2GB","4.81GB / 20.5GB"
"2026-08-22T08:36:14.9602990Z","EXP-20260822T072020Z-2f735855","scylla","82","31958.39","582.96","scylla-node3","127.91","4200478015","6442450944","19.4GB / 21.3GB","4.88GB / 20.4GB"
"2026-08-22T08:36:14.9602990Z","EXP-20260822T072020Z-2f735855","scylla","82","31958.39","582.96","scylla-node1","133.4","4170413244","6442450944","19.5GB / 22.1GB","4.89GB / 20.5GB"
"2026-08-22T08:37:18.6156738Z","EXP-20260822T072020Z-2f735855","scylla","93","32082.86","458.5","scylla-node2","153.9","4166118277","6442450944","19.4GB / 21.3GB","4.86GB / 20.6GB"
"2026-08-22T08:37:18.6156738Z","EXP-20260822T072020Z-2f735855","scylla","93","32082.86","458.5","scylla-node3","129.09","4200478015","6442450944","19.5GB / 21.4GB","4.92GB / 20.6GB"
"2026-08-22T08:37:18.6156738Z","EXP-20260822T072020Z-2f735855","scylla","93","32082.86","458.5","scylla-node1","134.91","4170413244","6442450944","19.6GB / 22.2GB","4.93GB / 20.6GB"
"2026-08-22T08:38:21.3839441Z","EXP-20260822T072020Z-2f735855","scylla","96","31979.72","561.63","scylla-node2","154.98","4167192019","6442450944","19.6GB / 21.4GB","4.9GB / 20.8GB"
"2026-08-22T08:38:21.3839441Z","EXP-20260822T072020Z-2f735855","scylla","96","31979.72","561.63","scylla-node3","120.99","4200478015","6442450944","19.6GB / 21.5GB","4.98GB / 20.8GB"
"2026-08-22T08:38:21.3839441Z","EXP-20260822T072020Z-2f735855","scylla","96","31979.72","561.63","scylla-node1","178.23","4170413244","6442450944","19.8GB / 22.4GB","4.98GB / 20.8GB"
"2026-08-22T08:39:24.9999503Z","EXP-20260822T072020Z-2f735855","scylla","91","31964.76","576.59","scylla-node2","126.56","4166118277","6442450944","19.7GB / 21.5GB","4.95GB / 21GB"
"2026-08-22T08:39:24.9999503Z","EXP-20260822T072020Z-2f735855","scylla","91","31964.76","576.59","scylla-node3","132.84","4200478015","6442450944","19.8GB / 21.7GB","5.02GB / 20.9GB"
"2026-08-22T08:39:24.9999503Z","EXP-20260822T072020Z-2f735855","scylla","91","31964.76","576.59","scylla-node1","132.27","4169339503","6442450944","19.9GB / 22.5GB","5.03GB / 21GB"
"2026-08-22T08:40:28.6524112Z","EXP-20260822T072020Z-2f735855","scylla","86","31929.31","612.04","scylla-node2","104.73","4167192019","6442450944","19.9GB / 21.7GB","5GB / 21.2GB"
"2026-08-22T08:40:28.6524112Z","EXP-20260822T072020Z-2f735855","scylla","86","31929.31","612.04","scylla-node3","209.1","4200478015","6442450944","19.9GB / 21.8GB","5.08GB / 21.1GB"
"2026-08-22T08:40:28.6524112Z","EXP-20260822T072020Z-2f735855","scylla","86","31929.31","612.04","scylla-node1","188.45","4169339503","6442450944","20.1GB / 22.6GB","5.08GB / 21.2GB"
"2026-08-22T08:41:31.5370524Z","EXP-20260822T072020Z-2f735855","scylla","94","32012.9","528.45","scylla-node2","160.35","4167192019","6442450944","20GB / 21.8GB","5.04GB / 21.3GB"
"2026-08-22T08:41:31.5370524Z","EXP-20260822T072020Z-2f735855","scylla","94","32012.9","528.45","scylla-node3","114.29","4200478015","6442450944","20GB / 21.9GB","5.13GB / 21.3GB"
"2026-08-22T08:41:31.5370524Z","EXP-20260822T072020Z-2f735855","scylla","94","32012.9","528.45","scylla-node1","178.73","4169339503","6442450944","20.2GB / 22.8GB","5.14GB / 21.3GB"
"2026-08-22T08:42:35.2349908Z","EXP-20260822T072020Z-2f735855","scylla","100","31795.85","745.5","scylla-node2","130.28","4167192019","6442450944","20.1GB / 21.9GB","5.09GB / 21.5GB"
"2026-08-22T08:42:35.2349908Z","EXP-20260822T072020Z-2f735855","scylla","100","31795.85","745.5","scylla-node3","126.11","4200478015","6442450944","20.2GB / 22GB","5.16GB / 21.4GB"
"2026-08-22T08:42:35.2349908Z","EXP-20260822T072020Z-2f735855","scylla","100","31795.85","745.5","scylla-node1","135.81","4170413244","6442450944","20.3GB / 22.9GB","5.17GB / 21.5GB"
"2026-08-22T08:43:38.9030620Z","EXP-20260822T072020Z-2f735855","scylla","91","31845.5","695.85","scylla-node2","149.37","4167192019","6442450944","20.3GB / 22GB","5.16GB / 21.7GB"
"2026-08-22T08:43:38.9030620Z","EXP-20260822T072020Z-2f735855","scylla","91","31845.5","695.85","scylla-node3","132.99","4203699241","6442450944","20.4GB / 22.2GB","5.23GB / 21.6GB"
"2026-08-22T08:43:38.9030620Z","EXP-20260822T072020Z-2f735855","scylla","91","31845.5","695.85","scylla-node1","136.49","4170413244","6442450944","20.5GB / 23GB","5.24GB / 21.7GB"
"2026-08-22T08:44:41.5509173Z","EXP-20260822T072020Z-2f735855","scylla","88","31829.9","711.45","scylla-node2","131.75","4168265761","6442450944","20.4GB / 22.2GB","5.22GB / 21.9GB"
"2026-08-22T08:44:41.5509173Z","EXP-20260822T072020Z-2f735855","scylla","88","31829.9","711.45","scylla-node3","168.19","4203699241","6442450944","20.5GB / 22.3GB","5.28GB / 21.8GB"
"2026-08-22T08:44:41.5509173Z","EXP-20260822T072020Z-2f735855","scylla","88","31829.9","711.45","scylla-node1","169.84","4170413244","6442450944","20.6GB / 23.2GB","5.29GB / 21.8GB"
"2026-08-22T08:45:45.1760728Z","EXP-20260822T072020Z-2f735855","scylla","76","31833.99","707.36","scylla-node2","155.41","4168265761","6442450944","20.5GB / 22.3GB","5.24GB / 22GB"
"2026-08-22T08:45:45.1760728Z","EXP-20260822T072020Z-2f735855","scylla","76","31833.99","707.36","scylla-node3","178.82","4204772983","6442450944","20.6GB / 22.4GB","5.31GB / 22GB"
"2026-08-22T08:45:45.1760728Z","EXP-20260822T072020Z-2f735855","scylla","76","31833.99","707.36","scylla-node1","176.83","4170413244","6442450944","20.7GB / 23.3GB","5.33GB / 22GB"
"2026-08-22T08:46:48.7900832Z","EXP-20260822T072020Z-2f735855","scylla","90","31927.39","613.96","scylla-node2","125.33","4168265761","6442450944","20.7GB / 22.4GB","5.24GB / 22.2GB"
"2026-08-22T08:46:48.7900832Z","EXP-20260822T072020Z-2f735855","scylla","90","31927.39","613.96","scylla-node3","124.06","4204772983","6442450944","20.8GB / 22.5GB","5.31GB / 22.1GB"
"2026-08-22T08:46:48.7900832Z","EXP-20260822T072020Z-2f735855","scylla","90","31927.39","613.96","scylla-node1","129.85","4170413244","6442450944","20.9GB / 23.4GB","5.33GB / 22.2GB"
"2026-08-22T08:47:51.7550360Z","EXP-20260822T072020Z-2f735855","scylla","88","32002.96","538.39","scylla-node2","124.68","4168265761","6442450944","20.9GB / 22.6GB","5.24GB / 22.3GB"
"2026-08-22T08:47:51.7550360Z","EXP-20260822T072020Z-2f735855","scylla","88","32002.96","538.39","scylla-node3","124.93","4205846725","6442450944","21GB / 22.7GB","5.31GB / 22.3GB"
"2026-08-22T08:47:51.7550360Z","EXP-20260822T072020Z-2f735855","scylla","88","32002.96","538.39","scylla-node1","131.59","4171486986","6442450944","21.1GB / 23.6GB","5.33GB / 22.3GB"
"2026-08-22T08:48:55.4112187Z","EXP-20260822T072020Z-2f735855","scylla","91","31985.89","555.46","scylla-node2","128.56","4168265761","6442450944","21GB / 22.7GB","5.24GB / 22.5GB"
"2026-08-22T08:48:55.4112187Z","EXP-20260822T072020Z-2f735855","scylla","91","31985.89","555.46","scylla-node3","126.69","4204772983","6442450944","21.1GB / 22.9GB","5.31GB / 22.4GB"
"2026-08-22T08:48:55.4112187Z","EXP-20260822T072020Z-2f735855","scylla","91","31985.89","555.46","scylla-node1","132.51","4171486986","6442450944","21.3GB / 23.8GB","5.33GB / 22.5GB"
"2026-08-22T08:49:59.0607596Z","EXP-20260822T072020Z-2f735855","scylla","99","28922.93","3618.43","scylla-node2","138.25","4168265761","6442450944","21.2GB / 22.9GB","5.25GB / 22.6GB"
"2026-08-22T08:49:59.0607596Z","EXP-20260822T072020Z-2f735855","scylla","99","28922.93","3618.43","scylla-node3","136.9","4204772983","6442450944","21.3GB / 23GB","5.32GB / 22.6GB"
"2026-08-22T08:49:59.0607596Z","EXP-20260822T072020Z-2f735855","scylla","99","28922.93","3618.43","scylla-node1","167.73","4171486986","6442450944","21.4GB / 23.9GB","5.33GB / 22.6GB"
"2026-08-22T08:51:01.8650948Z","EXP-20260822T072020Z-2f735855","scylla","93","27148.52","5392.83","scylla-node2","130.35","4168265761","6442450944","21.4GB / 23GB","5.27GB / 22.8GB"
"2026-08-22T08:51:01.8650948Z","EXP-20260822T072020Z-2f735855","scylla","93","27148.52","5392.83","scylla-node3","130.3","4204772983","6442450944","21.4GB / 23.1GB","5.34GB / 22.8GB"
"2026-08-22T08:51:01.8650948Z","EXP-20260822T072020Z-2f735855","scylla","93","27148.52","5392.83","scylla-node1","139.73","4171486986","6442450944","21.6GB / 24.1GB","5.35GB / 22.8GB"
"2026-08-22T08:52:05.5250395Z","EXP-20260822T072020Z-2f735855","scylla","93","27149.57","5391.79","scylla-node2","129.02","4168265761","6442450944","21.5GB / 23.2GB","5.3GB / 23GB"
"2026-08-22T08:52:05.5250395Z","EXP-20260822T072020Z-2f735855","scylla","93","27149.57","5391.79","scylla-node3","130.29","4205846725","6442450944","21.6GB / 23.3GB","5.37GB / 22.9GB"
"2026-08-22T08:52:05.5250395Z","EXP-20260822T072020Z-2f735855","scylla","93","27149.57","5391.79","scylla-node1","153.81","4171486986","6442450944","21.8GB / 24.2GB","5.38GB / 23GB"
"2026-08-22T08:53:09.1134521Z","EXP-20260822T072020Z-2f735855","scylla","96","27181.53","5359.82","scylla-node2","129.23","4169339503","6442450944","21.7GB / 23.3GB","5.33GB / 23.2GB"
"2026-08-22T08:53:09.1134521Z","EXP-20260822T072020Z-2f735855","scylla","96","27181.53","5359.82","scylla-node3","130.49","4204772983","6442450944","21.8GB / 23.4GB","5.4GB / 23.1GB"
"2026-08-22T08:53:09.1134521Z","EXP-20260822T072020Z-2f735855","scylla","96","27181.53","5359.82","scylla-node1","156.21","4171486986","6442450944","21.9GB / 24.4GB","5.41GB / 23.2GB"
"2026-08-22T08:54:11.9507608Z","EXP-20260822T072020Z-2f735855","scylla","91","27189.86","5351.49","scylla-node2","141.88","4169339503","6442450944","21.9GB / 23.5GB","5.37GB / 23.4GB"
"2026-08-22T08:54:11.9507608Z","EXP-20260822T072020Z-2f735855","scylla","91","27189.86","5351.49","scylla-node3","126.33","4205846725","6442450944","22GB / 23.6GB","5.44GB / 23.3GB"
"2026-08-22T08:54:11.9507608Z","EXP-20260822T072020Z-2f735855","scylla","91","27189.86","5351.49","scylla-node1","154.54","4172560728","6442450944","22.1GB / 24.6GB","5.45GB / 23.3GB"
"2026-08-22T08:55:15.6473198Z","EXP-20260822T072020Z-2f735855","scylla","100","27194.6","5346.75","scylla-node2","120.09","4169339503","6442450944","22GB / 23.6GB","5.41GB / 23.6GB"
"2026-08-22T08:55:15.6473198Z","EXP-20260822T072020Z-2f735855","scylla","100","27194.6","5346.75","scylla-node3","139.84","4205846725","6442450944","22.1GB / 23.7GB","5.49GB / 23.5GB"
"2026-08-22T08:55:15.6473198Z","EXP-20260822T072020Z-2f735855","scylla","100","27194.6","5346.75","scylla-node1","132.56","4171486986","6442450944","22.3GB / 24.7GB","5.49GB / 23.5GB"
"2026-08-22T08:56:19.2860234Z","EXP-20260822T072020Z-2f735855","scylla","97","27797.28","4744.07","scylla-node2","136.32","4169339503","6442450944","22.2GB / 23.8GB","5.43GB / 23.7GB"
"2026-08-22T08:56:19.2860234Z","EXP-20260822T072020Z-2f735855","scylla","97","27797.28","4744.07","scylla-node3","136.97","4205846725","6442450944","22.3GB / 23.9GB","5.5GB / 23.7GB"
"2026-08-22T08:56:19.2860234Z","EXP-20260822T072020Z-2f735855","scylla","97","27797.28","4744.07","scylla-node1","143.08","4172560728","6442450944","22.4GB / 24.8GB","5.52GB / 23.7GB"
"2026-08-22T08:57:22.0980282Z","EXP-20260822T072020Z-2f735855","scylla","91","27372.88","5168.48","scylla-node2","130.79","4169339503","6442450944","22.3GB / 23.9GB","5.45GB / 23.8GB"
"2026-08-22T08:57:22.0980282Z","EXP-20260822T072020Z-2f735855","scylla","91","27372.88","5168.48","scylla-node3","131.62","4205846725","6442450944","22.4GB / 24GB","5.52GB / 23.8GB"
"2026-08-22T08:57:22.0980282Z","EXP-20260822T072020Z-2f735855","scylla","91","27372.88","5168.48","scylla-node1","143.44","4171486986","6442450944","22.6GB / 25GB","5.54GB / 23.8GB"
"2026-08-22T08:58:25.7047398Z","EXP-20260822T072020Z-2f735855","scylla","96","27246.12","5295.23","scylla-node2","126.82","4169339503","6442450944","22.5GB / 24.1GB","5.49GB / 24GB"
"2026-08-22T08:58:25.7047398Z","EXP-20260822T072020Z-2f735855","scylla","96","27246.12","5295.23","scylla-node3","175.23","4205846725","6442450944","22.6GB / 24.2GB","5.55GB / 24GB"
"2026-08-22T08:58:25.7047398Z","EXP-20260822T072020Z-2f735855","scylla","96","27246.12","5295.23","scylla-node1","129.04","4172560728","6442450944","22.7GB / 25.2GB","5.57GB / 24GB"
"2026-08-22T08:59:29.3098464Z","EXP-20260822T072020Z-2f735855","scylla","94","27203.16","5338.2","scylla-node2","118.47","4168265761","6442450944","22.7GB / 24.2GB","5.52GB / 24.2GB"
"2026-08-22T08:59:29.3098464Z","EXP-20260822T072020Z-2f735855","scylla","94","27203.16","5338.2","scylla-node3","143.55","4205846725","6442450944","22.7GB / 24.3GB","5.6GB / 24.2GB"
"2026-08-22T08:59:29.3098464Z","EXP-20260822T072020Z-2f735855","scylla","94","27203.16","5338.2","scylla-node1","148.97","4172560728","6442450944","22.9GB / 25.3GB","5.61GB / 24.2GB"
"2026-08-22T09:00:32.1457319Z","EXP-20260822T072020Z-2f735855","scylla","99","27290.41","5250.94","scylla-node2","172.66","4169339503","6442450944","22.8GB / 24.3GB","5.57GB / 24.4GB"
"2026-08-22T09:00:32.1457319Z","EXP-20260822T072020Z-2f735855","scylla","99","27290.41","5250.94","scylla-node3","126.42","4205846725","6442450944","22.9GB / 24.5GB","5.63GB / 24.4GB"
"2026-08-22T09:00:32.1457319Z","EXP-20260822T072020Z-2f735855","scylla","99","27290.41","5250.94","scylla-node1","128.8","4172560728","6442450944","23.1GB / 25.5GB","5.66GB / 24.4GB"
"2026-08-22T09:01:35.7534660Z","EXP-20260822T072020Z-2f735855","scylla","91","27282.26","5259.09","scylla-node2","135.88","4169339503","6442450944","23GB / 24.5GB","5.61GB / 24.6GB"
"2026-08-22T09:01:35.7534660Z","EXP-20260822T072020Z-2f735855","scylla","91","27282.26","5259.09","scylla-node3","130.1","4205846725","6442450944","23.1GB / 24.6GB","5.68GB / 24.6GB"
"2026-08-22T09:01:35.7534660Z","EXP-20260822T072020Z-2f735855","scylla","91","27282.26","5259.09","scylla-node1","135.18","4172560728","6442450944","23.2GB / 25.6GB","5.69GB / 24.6GB"
"2026-08-22T09:02:39.3688872Z","EXP-20260822T072020Z-2f735855","scylla","97","27299.43","5241.92","scylla-node2","121.06","4169339503","6442450944","23.1GB / 24.6GB","5.65GB / 24.8GB"
"2026-08-22T09:02:39.3688872Z","EXP-20260822T072020Z-2f735855","scylla","97","27299.43","5241.92","scylla-node3","121.86","4205846725","6442450944","23.2GB / 24.7GB","5.73GB / 24.8GB"
"2026-08-22T09:02:39.3688872Z","EXP-20260822T072020Z-2f735855","scylla","97","27299.43","5241.92","scylla-node1","176.2","4172560728","6442450944","23.4GB / 25.8GB","5.74GB / 24.8GB"
"2026-08-22T09:03:42.2604211Z","EXP-20260822T072020Z-2f735855","scylla","88","27312.13","5229.22","scylla-node2","182.64","4169339503","6442450944","23.3GB / 24.8GB","5.69GB / 25GB"
"2026-08-22T09:03:42.2604211Z","EXP-20260822T072020Z-2f735855","scylla","88","27312.13","5229.22","scylla-node3","122.66","4205846725","6442450944","23.4GB / 24.9GB","5.77GB / 24.9GB"
"2026-08-22T09:03:42.2604211Z","EXP-20260822T072020Z-2f735855","scylla","88","27312.13","5229.22","scylla-node1","158.43","4171486986","6442450944","23.6GB / 25.9GB","5.78GB / 25GB"
"2026-08-22T09:04:45.8671886Z","EXP-20260822T072020Z-2f735855","scylla","96","27304.02","5237.33","scylla-node2","129.91","4169339503","6442450944","23.5GB / 24.9GB","5.74GB / 25.2GB"
"2026-08-22T09:04:45.8671886Z","EXP-20260822T072020Z-2f735855","scylla","96","27304.02","5237.33","scylla-node3","135.56","4205846725","6442450944","23.6GB / 25GB","5.81GB / 25.1GB"
"2026-08-22T09:04:45.8671886Z","EXP-20260822T072020Z-2f735855","scylla","96","27304.02","5237.33","scylla-node1","138.6","4172560728","6442450944","23.7GB / 26.1GB","5.83GB / 25.2GB"
"2026-08-22T09:05:49.4797543Z","EXP-20260822T072020Z-2f735855","scylla","100","27345.45","5195.9","scylla-node2","140.7","4169339503","6442450944","23.6GB / 25.1GB","5.8GB / 25.4GB"
"2026-08-22T09:05:49.4797543Z","EXP-20260822T072020Z-2f735855","scylla","100","27345.45","5195.9","scylla-node3","140.6","4205846725","6442450944","23.7GB / 25.2GB","5.87GB / 25.3GB"
"2026-08-22T09:05:49.4797543Z","EXP-20260822T072020Z-2f735855","scylla","100","27345.45","5195.9","scylla-node1","142.75","4172560728","6442450944","23.9GB / 26.2GB","5.88GB / 25.4GB"
"2026-08-22T09:06:52.3761111Z","EXP-20260822T072020Z-2f735855","scylla","91","27333.04","5208.31","scylla-node2","140.47","4169339503","6442450944","23.8GB / 25.2GB","5.85GB / 25.6GB"
"2026-08-22T09:06:52.3761111Z","EXP-20260822T072020Z-2f735855","scylla","91","27333.04","5208.31","scylla-node3","127.87","4205846725","6442450944","23.9GB / 25.3GB","5.93GB / 25.5GB"
"2026-08-22T09:06:52.3761111Z","EXP-20260822T072020Z-2f735855","scylla","91","27333.04","5208.31","scylla-node1","134.31","4172560728","6442450944","24.1GB / 26.4GB","5.94GB / 25.6GB"
"2026-08-22T09:07:55.9929564Z","EXP-20260822T072020Z-2f735855","scylla","96","27257.44","5283.91","scylla-node2","106.39","4169339503","6442450944","24GB / 25.4GB","5.91GB / 25.8GB"
"2026-08-22T09:07:55.9929564Z","EXP-20260822T072020Z-2f735855","scylla","96","27257.44","5283.91","scylla-node3","126.69","4205846725","6442450944","24GB / 25.5GB","5.99GB / 25.8GB"
"2026-08-22T09:07:55.9929564Z","EXP-20260822T072020Z-2f735855","scylla","96","27257.44","5283.91","scylla-node1","149.42","4171486986","6442450944","24.2GB / 26.5GB","5.99GB / 25.8GB"
"2026-08-22T09:08:59.6191677Z","EXP-20260822T072020Z-2f735855","scylla","85","27280.05","5261.3","scylla-node2","153.38","4169339503","6442450944","24.1GB / 25.5GB","5.97GB / 26GB"
"2026-08-22T09:08:59.6191677Z","EXP-20260822T072020Z-2f735855","scylla","85","27280.05","5261.3","scylla-node3","127.1","4205846725","6442450944","24.2GB / 25.6GB","6.03GB / 25.9GB"
"2026-08-22T09:08:59.6191677Z","EXP-20260822T072020Z-2f735855","scylla","85","27280.05","5261.3","scylla-node1","136.2","4172560728","6442450944","24.4GB / 26.7GB","6.05GB / 26GB"
"2026-08-22T09:10:02.4590280Z","EXP-20260822T072020Z-2f735855","scylla","99","27281.21","5260.14","scylla-node2","137.04","4169339503","6442450944","24.3GB / 25.6GB","6.02GB / 26.2GB"
"2026-08-22T09:10:02.4590280Z","EXP-20260822T072020Z-2f735855","scylla","99","27281.21","5260.14","scylla-node3","138.08","4205846725","6442450944","24.4GB / 25.8GB","6.09GB / 26.1GB"
"2026-08-22T09:10:02.4590280Z","EXP-20260822T072020Z-2f735855","scylla","99","27281.21","5260.14","scylla-node1","172.24","4172560728","6442450944","24.5GB / 26.8GB","6.11GB / 26.2GB"
"2026-08-22T09:11:06.1434385Z","EXP-20260822T072020Z-2f735855","scylla","99","27358.46","5182.89","scylla-node2","123.68","4169339503","6442450944","24.4GB / 25.8GB","6.08GB / 26.4GB"
"2026-08-22T09:11:06.1434385Z","EXP-20260822T072020Z-2f735855","scylla","99","27358.46","5182.89","scylla-node3","121.09","4206920466","6442450944","24.5GB / 25.9GB","6.16GB / 26.4GB"
"2026-08-22T09:11:06.1434385Z","EXP-20260822T072020Z-2f735855","scylla","99","27358.46","5182.89","scylla-node1","163.48","4172560728","6442450944","24.7GB / 27GB","6.16GB / 26.4GB"
"2026-08-22T09:12:09.7691289Z","EXP-20260822T072020Z-2f735855","scylla","94","27330.83","5210.52","scylla-node2","162.09","4169339503","6442450944","24.6GB / 25.9GB","6.11GB / 26.5GB"
"2026-08-22T09:12:09.7691289Z","EXP-20260822T072020Z-2f735855","scylla","94","27330.83","5210.52","scylla-node3","154.64","4205846725","6442450944","24.7GB / 26GB","6.19GB / 26.5GB"
"2026-08-22T09:12:09.7691289Z","EXP-20260822T072020Z-2f735855","scylla","94","27330.83","5210.52","scylla-node1","161.5","4172560728","6442450944","24.8GB / 27.1GB","6.21GB / 26.5GB"
"2026-08-22T09:13:12.5364407Z","EXP-20260822T072020Z-2f735855","scylla","82","27323.6","5217.75","scylla-node2","152.27","4169339503","6442450944","24.7GB / 26GB","6.16GB / 26.6GB"
"2026-08-22T09:13:12.5364407Z","EXP-20260822T072020Z-2f735855","scylla","82","27323.6","5217.75","scylla-node3","171.8","4207994208","6442450944","24.8GB / 26.1GB","6.23GB / 26.6GB"
"2026-08-22T09:13:12.5364407Z","EXP-20260822T072020Z-2f735855","scylla","82","27323.6","5217.75","scylla-node1","152.86","4172560728","6442450944","24.9GB / 27.2GB","6.24GB / 26.6GB"
"2026-08-22T09:14:16.1496993Z","EXP-20260822T072020Z-2f735855","scylla","93","27329.64","5211.71","scylla-node2","122.44","4170413244","6442450944","24.8GB / 26.1GB","6.16GB / 26.8GB"
"2026-08-22T09:14:16.1496993Z","EXP-20260822T072020Z-2f735855","scylla","93","27329.64","5211.71","scylla-node3","125.33","4209067950","6442450944","24.9GB / 26.2GB","6.24GB / 26.7GB"
"2026-08-22T09:14:16.1496993Z","EXP-20260822T072020Z-2f735855","scylla","93","27329.64","5211.71","scylla-node1","133.92","4173634470","6442450944","25.1GB / 27.4GB","6.26GB / 26.8GB"
"2026-08-22T09:15:19.7202694Z","EXP-20260822T072020Z-2f735855","scylla","96","27360.04","5181.32","scylla-node2","140.61","4170413244","6442450944","25GB / 26.3GB","6.16GB / 26.9GB"
"2026-08-22T09:15:19.7202694Z","EXP-20260822T072020Z-2f735855","scylla","96","27360.04","5181.32","scylla-node3","131.96","4207994208","6442450944","25.1GB / 26.4GB","6.24GB / 26.9GB"
"2026-08-22T09:15:19.7202694Z","EXP-20260822T072020Z-2f735855","scylla","96","27360.04","5181.32","scylla-node1","153.79","4173634470","6442450944","25.2GB / 27.5GB","6.26GB / 26.9GB"
"2026-08-22T09:16:22.6950678Z","EXP-20260822T072020Z-2f735855","scylla","94","27356.91","5184.44","scylla-node2","139.55","4170413244","6442450944","25.2GB / 26.5GB","6.16GB / 27.1GB"
"2026-08-22T09:16:22.6950678Z","EXP-20260822T072020Z-2f735855","scylla","94","27356.91","5184.44","scylla-node3","127.68","4209067950","6442450944","25.3GB / 26.6GB","6.24GB / 27.1GB"
"2026-08-22T09:16:22.6950678Z","EXP-20260822T072020Z-2f735855","scylla","94","27356.91","5184.44","scylla-node1","138.86","4173634470","6442450944","25.4GB / 27.7GB","6.26GB / 27.1GB"
"2026-08-22T09:17:26.3164607Z","EXP-20260822T072020Z-2f735855","scylla","90","27347.63","5193.72","scylla-node2","129.91","4171486986","6442450944","25.3GB / 26.6GB","6.16GB / 27.3GB"
"2026-08-22T09:17:26.3164607Z","EXP-20260822T072020Z-2f735855","scylla","90","27347.63","5193.72","scylla-node3","131.42","4209067950","6442450944","25.5GB / 26.7GB","6.24GB / 27.2GB"
"2026-08-22T09:17:26.3164607Z","EXP-20260822T072020Z-2f735855","scylla","90","27347.63","5193.72","scylla-node1","135.72","4173634470","6442450944","25.6GB / 27.9GB","6.26GB / 27.3GB"
"2026-08-22T09:18:30.0265796Z","EXP-20260822T072020Z-2f735855","scylla","100","27426.23","5115.12","scylla-node2","140.64","4170413244","6442450944","25.5GB / 26.7GB","6.18GB / 27.4GB"
"2026-08-22T09:18:30.0265796Z","EXP-20260822T072020Z-2f735855","scylla","100","27426.23","5115.12","scylla-node3","138.06","4209067950","6442450944","25.6GB / 26.9GB","6.26GB / 27.4GB"
"2026-08-22T09:18:30.0265796Z","EXP-20260822T072020Z-2f735855","scylla","100","27426.23","5115.12","scylla-node1","144.26","4173634470","6442450944","25.8GB / 28GB","6.28GB / 27.4GB"
"2026-08-22T09:19:32.9976952Z","EXP-20260822T072020Z-2f735855","scylla","94","27377.3","5164.05","scylla-node2","130.6","4170413244","6442450944","25.7GB / 26.9GB","6.2GB / 27.6GB"
"2026-08-22T09:19:32.9976952Z","EXP-20260822T072020Z-2f735855","scylla","94","27377.3","5164.05","scylla-node3","129.03","4209067950","6442450944","25.8GB / 27GB","6.29GB / 27.6GB"
"2026-08-22T09:19:32.9976952Z","EXP-20260822T072020Z-2f735855","scylla","94","27377.3","5164.05","scylla-node1","137.52","4173634470","6442450944","25.9GB / 28.2GB","6.3GB / 27.6GB"
"2026-08-22T09:20:36.6001739Z","EXP-20260822T072020Z-2f735855","scylla","94","27417.32","5124.03","scylla-node2","122.03","4170413244","6442450944","25.8GB / 27GB","6.23GB / 27.8GB"
"2026-08-22T09:20:36.6001739Z","EXP-20260822T072020Z-2f735855","scylla","94","27417.32","5124.03","scylla-node3","122.42","4209067950","6442450944","25.9GB / 27.2GB","6.32GB / 27.7GB"
"2026-08-22T09:20:36.6001739Z","EXP-20260822T072020Z-2f735855","scylla","94","27417.32","5124.03","scylla-node1","132.12","4173634470","6442450944","26.1GB / 28.3GB","6.33GB / 27.8GB"
"2026-08-22T09:21:40.2307711Z","EXP-20260822T072020Z-2f735855","scylla","94","27438.61","5102.74","scylla-node2","131.28","4171486986","6442450944","26GB / 27.2GB","6.27GB / 28GB"
"2026-08-22T09:21:40.2307711Z","EXP-20260822T072020Z-2f735855","scylla","94","27438.61","5102.74","scylla-node3","152.97","4209067950","6442450944","26.1GB / 27.3GB","6.36GB / 27.9GB"
"2026-08-22T09:21:40.2307711Z","EXP-20260822T072020Z-2f735855","scylla","94","27438.61","5102.74","scylla-node1","138.65","4173634470","6442450944","26.3GB / 28.5GB","6.37GB / 28GB"
"2026-08-22T09:22:42.9167491Z","EXP-20260822T072020Z-2f735855","scylla","96","27583.14","4958.21","scylla-node2","141.64","4170413244","6442450944","26.1GB / 27.3GB","6.31GB / 28.1GB"
"2026-08-22T09:22:42.9167491Z","EXP-20260822T072020Z-2f735855","scylla","96","27583.14","4958.21","scylla-node3","130.03","4210141692","6442450944","26.2GB / 27.4GB","6.39GB / 28.1GB"
"2026-08-22T09:22:42.9167491Z","EXP-20260822T072020Z-2f735855","scylla","96","27583.14","4958.21","scylla-node1","135.35","4174708212","6442450944","26.4GB / 28.6GB","6.41GB / 28.1GB"
"2026-08-22T09:23:46.5359230Z","EXP-20260822T072020Z-2f735855","scylla","100","27572.51","4968.84","scylla-node2","115.1","4171486986","6442450944","26.3GB / 27.4GB","6.34GB / 28.3GB"
"2026-08-22T09:23:46.5359230Z","EXP-20260822T072020Z-2f735855","scylla","100","27572.51","4968.84","scylla-node3","136.47","4209067950","6442450944","26.4GB / 27.6GB","6.43GB / 28.3GB"
"2026-08-22T09:23:46.5359230Z","EXP-20260822T072020Z-2f735855","scylla","100","27572.51","4968.84","scylla-node1","157.27","4173634470","6442450944","26.5GB / 28.7GB","6.44GB / 28.3GB"
"2026-08-22T09:24:50.1950300Z","EXP-20260822T072020Z-2f735855","scylla","94","27106","5435.35","scylla-node2","139.01","4171486986","6442450944","26.4GB / 27.6GB","6.37GB / 28.4GB"
"2026-08-22T09:24:50.1950300Z","EXP-20260822T072020Z-2f735855","scylla","94","27106","5435.35","scylla-node3","136.59","4209067950","6442450944","26.5GB / 27.7GB","6.45GB / 28.4GB"
"2026-08-22T09:24:50.1950300Z","EXP-20260822T072020Z-2f735855","scylla","94","27106","5435.35","scylla-node1","140.67","4173634470","6442450944","26.7GB / 28.9GB","6.47GB / 28.4GB"
"2026-08-22T09:25:53.2359702Z","EXP-20260822T072020Z-2f735855","scylla","93","27009.66","5531.7","scylla-node2","125.05","4171486986","6442450944","26.6GB / 27.7GB","6.38GB / 28.6GB"
"2026-08-22T09:25:53.2359702Z","EXP-20260822T072020Z-2f735855","scylla","93","27009.66","5531.7","scylla-node3","122.88","4209067950","6442450944","26.7GB / 27.8GB","6.46GB / 28.5GB"
"2026-08-22T09:25:53.2359702Z","EXP-20260822T072020Z-2f735855","scylla","93","27009.66","5531.7","scylla-node1","156.42","4173634470","6442450944","26.8GB / 29GB","6.49GB / 28.6GB"
"2026-08-22T09:26:56.9166308Z","EXP-20260822T072020Z-2f735855","scylla","97","27240.79","5300.56","scylla-node2","150.96","4171486986","6442450944","26.7GB / 27.8GB","6.41GB / 28.7GB"
"2026-08-22T09:26:56.9166308Z","EXP-20260822T072020Z-2f735855","scylla","97","27240.79","5300.56","scylla-node3","126.87","4209067950","6442450944","26.8GB / 28GB","6.49GB / 28.7GB"
"2026-08-22T09:26:56.9166308Z","EXP-20260822T072020Z-2f735855","scylla","97","27240.79","5300.56","scylla-node1","132.59","4173634470","6442450944","27GB / 29.2GB","6.51GB / 28.7GB"
"2026-08-22T09:28:00.6093646Z","EXP-20260822T072020Z-2f735855","scylla","91","27400.45","5140.91","scylla-node2","133.24","4171486986","6442450944","26.8GB / 28GB","6.45GB / 28.9GB"
"2026-08-22T09:28:00.6093646Z","EXP-20260822T072020Z-2f735855","scylla","91","27400.45","5140.91","scylla-node3","187.9","4210141692","6442450944","26.9GB / 28.1GB","6.53GB / 28.9GB"
"2026-08-22T09:28:00.6093646Z","EXP-20260822T072020Z-2f735855","scylla","91","27400.45","5140.91","scylla-node1","135.6","4174708212","6442450944","27.1GB / 29.3GB","6.55GB / 28.9GB"
"2026-08-22T09:29:04.2392934Z","EXP-20260822T072020Z-2f735855","scylla","99","27728.77","4812.58","scylla-node2","148.69","4171486986","6442450944","27GB / 28.1GB","6.48GB / 29.1GB"
"2026-08-22T09:29:04.2392934Z","EXP-20260822T072020Z-2f735855","scylla","99","27728.77","4812.58","scylla-node3","129.54","4210141692","6442450944","27.1GB / 28.2GB","6.57GB / 29GB"
"2026-08-22T09:29:04.2392934Z","EXP-20260822T072020Z-2f735855","scylla","99","27728.77","4812.58","scylla-node1","143.49","4174708212","6442450944","27.3GB / 29.4GB","6.59GB / 29.1GB"
"2026-08-22T09:30:07.9040638Z","EXP-20260822T072020Z-2f735855","scylla","100","27526.03","5015.32","scylla-node2","127.99","4171486986","6442450944","27.1GB / 28.2GB","6.51GB / 29.2GB"
"2026-08-22T09:30:07.9040638Z","EXP-20260822T072020Z-2f735855","scylla","100","27526.03","5015.32","scylla-node3","160.13","4210141692","6442450944","27.2GB / 28.3GB","6.59GB / 29.1GB"
"2026-08-22T09:30:07.9040638Z","EXP-20260822T072020Z-2f735855","scylla","100","27526.03","5015.32","scylla-node1","137.72","4174708212","6442450944","27.4GB / 29.5GB","6.61GB / 29.2GB"
"2026-08-22T09:31:11.5958639Z","EXP-20260822T072020Z-2f735855","scylla","94","27196.36","5344.99","scylla-node2","145.89","4171486986","6442450944","27.2GB / 28.3GB","6.55GB / 29.4GB"
"2026-08-22T09:31:11.5958639Z","EXP-20260822T072020Z-2f735855","scylla","94","27196.36","5344.99","scylla-node3","185.38","4210141692","6442450944","27.3GB / 28.4GB","6.63GB / 29.3GB"
"2026-08-22T09:31:11.5958639Z","EXP-20260822T072020Z-2f735855","scylla","94","27196.36","5344.99","scylla-node1","130.42","4174708212","6442450944","27.5GB / 29.6GB","6.65GB / 29.3GB"
"2026-08-22T09:32:14.3168728Z","EXP-20260822T072020Z-2f735855","scylla","96","27104.98","5436.37","scylla-node2","129.94","4171486986","6442450944","27.4GB / 28.4GB","6.59GB / 29.5GB"
"2026-08-22T09:32:14.3168728Z","EXP-20260822T072020Z-2f735855","scylla","96","27104.98","5436.37","scylla-node3","132.71","4209067950","6442450944","27.5GB / 28.6GB","6.67GB / 29.5GB"
"2026-08-22T09:32:14.3168728Z","EXP-20260822T072020Z-2f735855","scylla","96","27104.98","5436.37","scylla-node1","139.66","4174708212","6442450944","27.7GB / 29.8GB","6.69GB / 29.5GB"
"2026-08-22T09:33:17.9904622Z","EXP-20260822T072020Z-2f735855","scylla","99","27071.7","5469.65","scylla-node2","135.11","4171486986","6442450944","27.5GB / 28.6GB","6.63GB / 29.7GB"
"2026-08-22T09:33:17.9904622Z","EXP-20260822T072020Z-2f735855","scylla","99","27071.7","5469.65","scylla-node3","136.89","4210141692","6442450944","27.6GB / 28.7GB","6.72GB / 29.7GB"
"2026-08-22T09:33:17.9904622Z","EXP-20260822T072020Z-2f735855","scylla","99","27071.7","5469.65","scylla-node1","141.37","4174708212","6442450944","27.8GB / 29.9GB","6.73GB / 29.7GB"
"2026-08-22T09:34:21.6462215Z","EXP-20260822T072020Z-2f735855","scylla","93","27047.78","5493.57","scylla-node2","127.47","4171486986","6442450944","27.7GB / 28.7GB","6.68GB / 29.9GB"
"2026-08-22T09:34:21.6462215Z","EXP-20260822T072020Z-2f735855","scylla","93","27047.78","5493.57","scylla-node3","127.45","4210141692","6442450944","27.8GB / 28.8GB","6.75GB / 29.8GB"
"2026-08-22T09:34:21.6462215Z","EXP-20260822T072020Z-2f735855","scylla","93","27047.78","5493.57","scylla-node1","139.53","4174708212","6442450944","28GB / 30.1GB","6.78GB / 29.9GB"
"2026-08-22T09:35:24.4100066Z","EXP-20260822T072020Z-2f735855","scylla","93","27043.29","5498.06","scylla-node2","145.6","4171486986","6442450944","27.8GB / 28.9GB","6.73GB / 30.1GB"
"2026-08-22T09:35:24.4100066Z","EXP-20260822T072020Z-2f735855","scylla","93","27043.29","5498.06","scylla-node3","122.15","4209067950","6442450944","27.9GB / 29GB","6.81GB / 30GB"
"2026-08-22T09:35:24.4100066Z","EXP-20260822T072020Z-2f735855","scylla","93","27043.29","5498.06","scylla-node1","177.65","4174708212","6442450944","28.1GB / 30.2GB","6.83GB / 30.1GB"
"2026-08-22T09:36:28.0449770Z","EXP-20260822T072020Z-2f735855","scylla","93","26997.77","5543.58","scylla-node2","135.57","4171486986","6442450944","28GB / 29GB","6.78GB / 30.3GB"
"2026-08-22T09:36:28.0449770Z","EXP-20260822T072020Z-2f735855","scylla","93","26997.77","5543.58","scylla-node3","123.91","4210141692","6442450944","28.1GB / 29.1GB","6.87GB / 30.3GB"
"2026-08-22T09:36:28.0449770Z","EXP-20260822T072020Z-2f735855","scylla","93","26997.77","5543.58","scylla-node1","133.7","4174708212","6442450944","28.3GB / 30.4GB","6.88GB / 30.3GB"
"2026-08-22T09:37:31.7062287Z","EXP-20260822T072020Z-2f735855","scylla","93","27012.74","5528.61","scylla-node2","168.89","4171486986","6442450944","28.2GB / 29.1GB","6.85GB / 30.5GB"
"2026-08-22T09:37:31.7062287Z","EXP-20260822T072020Z-2f735855","scylla","93","27012.74","5528.61","scylla-node3","145","4210141692","6442450944","28.3GB / 29.3GB","6.92GB / 30.5GB"
"2026-08-22T09:37:31.7062287Z","EXP-20260822T072020Z-2f735855","scylla","93","27012.74","5528.61","scylla-node1","132.11","4174708212","6442450944","28.5GB / 30.5GB","6.94GB / 30.5GB"
"2026-08-22T09:38:34.5001777Z","EXP-20260822T072020Z-2f735855","scylla","93","26995.75","5545.6","scylla-node2","126.82","4171486986","6442450944","28.3GB / 29.3GB","6.89GB / 30.7GB"
"2026-08-22T09:38:34.5001777Z","EXP-20260822T072020Z-2f735855","scylla","93","26995.75","5545.6","scylla-node3","184.06","4210141692","6442450944","28.4GB / 29.4GB","6.98GB / 30.7GB"
"2026-08-22T09:38:34.5001777Z","EXP-20260822T072020Z-2f735855","scylla","93","26995.75","5545.6","scylla-node1","138.41","4174708212","6442450944","28.6GB / 30.7GB","7GB / 30.7GB"
"2026-08-22T09:39:38.1110795Z","EXP-20260822T072020Z-2f735855","scylla","90","26991.11","5550.24","scylla-node2","147.5","4171486986","6442450944","28.5GB / 29.4GB","6.95GB / 30.9GB"
"2026-08-22T09:39:38.1110795Z","EXP-20260822T072020Z-2f735855","scylla","90","26991.11","5550.24","scylla-node3","126.15","4210141692","6442450944","28.6GB / 29.6GB","7.03GB / 30.9GB"
"2026-08-22T09:39:38.1110795Z","EXP-20260822T072020Z-2f735855","scylla","90","26991.11","5550.24","scylla-node1","129.82","4174708212","6442450944","28.8GB / 30.8GB","7.07GB / 30.9GB"
"2026-08-22T09:40:41.7222305Z","EXP-20260822T072020Z-2f735855","scylla","96","26906.73","5634.62","scylla-node2","123.15","4171486986","6442450944","28.7GB / 29.6GB","7.02GB / 31.1GB"
"2026-08-22T09:40:41.7222305Z","EXP-20260822T072020Z-2f735855","scylla","96","26906.73","5634.62","scylla-node3","125.62","4210141692","6442450944","28.8GB / 29.7GB","7.1GB / 31.1GB"
"2026-08-22T09:40:41.7222305Z","EXP-20260822T072020Z-2f735855","scylla","96","26906.73","5634.62","scylla-node1","176.4","4174708212","6442450944","28.9GB / 31GB","7.11GB / 31.1GB"
"2026-08-22T09:41:44.5415887Z","EXP-20260822T072020Z-2f735855","scylla","91","26875.4","5665.95","scylla-node2","147.76","4171486986","6442450944","28.7GB / 29.7GB","7.04GB / 31.2GB"
"2026-08-22T09:41:44.5415887Z","EXP-20260822T072020Z-2f735855","scylla","91","26875.4","5665.95","scylla-node3","167.18","4210141692","6442450944","28.9GB / 29.8GB","7.13GB / 31.2GB"
"2026-08-22T09:41:44.5415887Z","EXP-20260822T072020Z-2f735855","scylla","91","26875.4","5665.95","scylla-node1","161.66","4174708212","6442450944","29GB / 31.1GB","7.14GB / 31.2GB"
"2026-08-22T09:42:48.1367452Z","EXP-20260822T072020Z-2f735855","scylla","82","26883.36","5657.99","scylla-node2","158.08","4171486986","6442450944","28.8GB / 29.7GB","7.04GB / 31.2GB"
"2026-08-22T09:42:48.1367452Z","EXP-20260822T072020Z-2f735855","scylla","82","26883.36","5657.99","scylla-node3","154.91","4210141692","6442450944","28.9GB / 29.9GB","7.13GB / 31.2GB"
"2026-08-22T09:42:48.1367452Z","EXP-20260822T072020Z-2f735855","scylla","82","26883.36","5657.99","scylla-node1","147.54","4174708212","6442450944","29.1GB / 31.2GB","7.14GB / 31.2GB"
"2026-08-22T09:43:51.6711888Z","EXP-20260822T072020Z-2f735855","scylla","53","26914.3","5627.05","scylla-node2","58.98","4172560728","6442450944","28.9GB / 29.8GB","7.05GB / 31.3GB"
"2026-08-22T09:43:51.6711888Z","EXP-20260822T072020Z-2f735855","scylla","53","26914.3","5627.05","scylla-node3","59.29","4211215434","6442450944","29GB / 29.9GB","7.13GB / 31.3GB"
"2026-08-22T09:43:51.6711888Z","EXP-20260822T072020Z-2f735855","scylla","53","26914.3","5627.05","scylla-node1","61.47","4175781954","6442450944","29.2GB / 31.2GB","7.15GB / 31.3GB"
"2026-08-22T09:44:54.4663326Z","EXP-20260822T072020Z-2f735855","scylla","53","26922.27","5619.09","scylla-node2","53.87","4172560728","6442450944","28.9GB / 29.8GB","7.05GB / 31.3GB"
"2026-08-22T09:44:54.4663326Z","EXP-20260822T072020Z-2f735855","scylla","53","26922.27","5619.09","scylla-node3","56.69","4211215434","6442450944","29GB / 30GB","7.13GB / 31.3GB"
"2026-08-22T09:44:54.4663326Z","EXP-20260822T072020Z-2f735855","scylla","53","26922.27","5619.09","scylla-node1","59.43","4175781954","6442450944","29.2GB / 31.3GB","7.15GB / 31.3GB"
"2026-08-22T09:45:57.9502172Z","EXP-20260822T072020Z-2f735855","scylla","66","26927.62","5613.73","scylla-node2","58.32","4172560728","6442450944","29GB / 29.9GB","7.05GB / 31.4GB"
"2026-08-22T09:45:57.9502172Z","EXP-20260822T072020Z-2f735855","scylla","66","26927.62","5613.73","scylla-node3","58.27","4211215434","6442450944","29.1GB / 30GB","7.13GB / 31.4GB"
"2026-08-22T09:45:57.9502172Z","EXP-20260822T072020Z-2f735855","scylla","66","26927.62","5613.73","scylla-node1","56.06","4175781954","6442450944","29.3GB / 31.3GB","7.15GB / 31.4GB"
"2026-08-22T09:47:01.4589056Z","EXP-20260822T072020Z-2f735855","scylla","56","26966.05","5575.3","scylla-node2","54.77","4172560728","6442450944","29.1GB / 30GB","7.05GB / 31.4GB"
"2026-08-22T09:47:01.4589056Z","EXP-20260822T072020Z-2f735855","scylla","56","26966.05","5575.3","scylla-node3","54.76","4211215434","6442450944","29.2GB / 30.1GB","7.13GB / 31.4GB"
"2026-08-22T09:47:01.4589056Z","EXP-20260822T072020Z-2f735855","scylla","56","26966.05","5575.3","scylla-node1","56.68","4174708212","6442450944","29.3GB / 31.4GB","7.15GB / 31.4GB"
"2026-08-22T09:48:04.6158492Z","EXP-20260822T072020Z-2f735855","scylla","73","26960.79","5580.57","scylla-node2","58.44","4172560728","6442450944","29.1GB / 30GB","7.05GB / 31.5GB"
"2026-08-22T09:48:04.6158492Z","EXP-20260822T072020Z-2f735855","scylla","73","26960.79","5580.57","scylla-node3","51.84","4211215434","6442450944","29.2GB / 30.2GB","7.13GB / 31.4GB"
"2026-08-22T09:48:04.6158492Z","EXP-20260822T072020Z-2f735855","scylla","73","26960.79","5580.57","scylla-node1","52.57","4175781954","6442450944","29.4GB / 31.4GB","7.15GB / 31.5GB"
"2026-08-22T09:49:08.0937975Z","EXP-20260822T072020Z-2f735855","scylla","57","26951.7","5589.65","scylla-node2","83.15","4172560728","6442450944","29.2GB / 30.1GB","7.05GB / 31.5GB"
"2026-08-22T09:49:08.0937975Z","EXP-20260822T072020Z-2f735855","scylla","57","26951.7","5589.65","scylla-node3","81.98","4211215434","6442450944","29.3GB / 30.2GB","7.13GB / 31.5GB"
"2026-08-22T09:49:08.0937975Z","EXP-20260822T072020Z-2f735855","scylla","57","26951.7","5589.65","scylla-node1","63.18","4175781954","6442450944","29.5GB / 31.5GB","7.15GB / 31.5GB"
"2026-08-22T09:50:11.5997662Z","EXP-20260822T072020Z-2f735855","scylla","62","26979.55","5561.8","scylla-node2","61.27","4173634470","6442450944","29.2GB / 30.1GB","7.05GB / 31.6GB"
"2026-08-22T09:50:11.5997662Z","EXP-20260822T072020Z-2f735855","scylla","62","26979.55","5561.8","scylla-node3","60.39","4211215434","6442450944","29.4GB / 30.3GB","7.13GB / 31.5GB"
"2026-08-22T09:50:11.5997662Z","EXP-20260822T072020Z-2f735855","scylla","62","26979.55","5561.8","scylla-node1","62.15","4175781954","6442450944","29.5GB / 31.6GB","7.15GB / 31.6GB"
"2026-08-22T09:51:14.7766723Z","EXP-20260822T072020Z-2f735855","scylla","43","26899.88","5641.48","scylla-node2","65.98","4172560728","6442450944","29.3GB / 30.2GB","7.05GB / 31.6GB"
"2026-08-22T09:51:14.7766723Z","EXP-20260822T072020Z-2f735855","scylla","43","26899.88","5641.48","scylla-node3","56.4","4211215434","6442450944","29.4GB / 30.3GB","7.13GB / 31.6GB"
"2026-08-22T09:51:14.7766723Z","EXP-20260822T072020Z-2f735855","scylla","43","26899.88","5641.48","scylla-node1","58.56","4175781954","6442450944","29.6GB / 31.6GB","7.15GB / 31.6GB"
"2026-08-22T09:52:18.2685829Z","EXP-20260822T072020Z-2f735855","scylla","56","26910.78","5630.57","scylla-node2","65.82","4172560728","6442450944","29.4GB / 30.3GB","7.05GB / 31.7GB"
"2026-08-22T09:52:18.2685829Z","EXP-20260822T072020Z-2f735855","scylla","56","26910.78","5630.57","scylla-node3","56.91","4211215434","6442450944","29.5GB / 30.4GB","7.13GB / 31.6GB"
"2026-08-22T09:52:18.2685829Z","EXP-20260822T072020Z-2f735855","scylla","56","26910.78","5630.57","scylla-node1","80.27","4175781954","6442450944","29.7GB / 31.7GB","7.15GB / 31.7GB"
