"experiment_id","experiment_started_at_utc","database","keyspace","consistency_level","replication_factor","cluster_node_count","dataset_path","configured_write_dataset_size","configured_read_dataset_size","configured_concurrency","configured_warmup_runs","configured_measurement_runs","operation","workload_profile","requested_dataset_size","concurrency","write_percentage","read_percentage","target_ops_sec","planned_duration_seconds","run_type","run_number","attempted_operations","successful_operations","failed_operations","total_time_ms","throughput_ops_sec","average_latency_ms","min_latency_ms","max_latency_ms","p50_ms","p95_ms","p99_ms","failure_summary"
"EXP-20260821T034822Z-f7560dda","2026-08-21T03:48:22.819406800Z","cassandra","benchmark","LOCAL_QUORUM","3","3","../data-generator/output/telemetry-50m","1000000","1000000","32","1","3","SEQUENTIAL_WRITE","WRITE_ONLY","20000","1","100","0","0","0","WARMUP","1","20000","20000","0","67720.835","295.33008563760325","3.3010200320000003","1.878016","42.467327","3.051519","4.751359","7.700479",""
"EXP-20260821T034822Z-f7560dda","2026-08-21T03:48:22.819406800Z","cassandra","benchmark","LOCAL_QUORUM","3","3","../data-generator/output/telemetry-50m","1000000","1000000","32","1","3","SEQUENTIAL_WRITE","WRITE_ONLY","20000","1","100","0","0","0","MEASUREMENT","1","20000","20000","0","65284.240301","306.35264970210045","3.1917646335999996","2.394112","39.092223","3.067903","3.985407","5.136383",""
"EXP-20260821T034822Z-f7560dda","2026-08-21T03:48:22.819406800Z","cassandra","benchmark","LOCAL_QUORUM","3","3","../data-generator/output/telemetry-50m","1000000","1000000","32","1","3","SEQUENTIAL_WRITE","WRITE_ONLY","20000","1","100","0","0","0","MEASUREMENT","2","20000","20000","0","62295.874","321.0485497000973","3.0465466368","2.285568","26.755071","3.012607","3.424255","3.786751",""
"EXP-20260821T034822Z-f7560dda","2026-08-21T03:48:22.819406800Z","cassandra","benchmark","LOCAL_QUORUM","3","3","../data-generator/output/telemetry-50m","1000000","1000000","32","1","3","SEQUENTIAL_WRITE","WRITE_ONLY","20000","1","100","0","0","0","MEASUREMENT","3","20000","20000","0","77671.478","257.4947781990192","3.7977375232000004","2.412544","90.963967","3.530751","5.287935","8.364031",""
"EXP-20260821T034822Z-f7560dda","2026-08-21T03:48:22.819406800Z","cassandra","benchmark","LOCAL_QUORUM","3","3","../data-generator/output/telemetry-50m","1000000","1000000","32","1","3","CONCURRENT_WRITE","WRITE_ONLY","1000000","32","100","0","0","0","WARMUP","1","1000000","1000000","0","386622.7945","2586.5003673496544","12.353576654848","2.387968","891.813887","10.862591","22.593535","34.897919",""
"EXP-20260821T034822Z-f7560dda","2026-08-21T03:48:22.819406800Z","cassandra","benchmark","LOCAL_QUORUM","3","3","../data-generator/output/telemetry-50m","1000000","1000000","32","1","3","CONCURRENT_WRITE","WRITE_ONLY","1000000","32","100","0","0","0","MEASUREMENT","1","1000000","1000000","0","346439.772","2886.504612986525","11.069814120448001","2.410496","601.882623","9.969663","19.415039","27.901951",""
"EXP-20260821T034822Z-f7560dda","2026-08-21T03:48:22.819406800Z","cassandra","benchmark","LOCAL_QUORUM","3","3","../data-generator/output/telemetry-50m","1000000","1000000","32","1","3","CONCURRENT_WRITE","WRITE_ONLY","1000000","32","100","0","0","0","MEASUREMENT","2","1000000","1000000","0","344000.9686","2906.968559041435","10.991733565439999","2.504704","496.238591","9.953279","19.202047","27.017215",""
"EXP-20260821T034822Z-f7560dda","2026-08-21T03:48:22.819406800Z","cassandra","benchmark","LOCAL_QUORUM","3","3","../data-generator/output/telemetry-50m","1000000","1000000","32","1","3","CONCURRENT_WRITE","WRITE_ONLY","1000000","32","100","0","0","0","MEASUREMENT","3","1000000","1000000","0","339895.4355","2942.081286054811","10.860022823936001","2.400256","647.495679","9.871359","18.825215","26.247167",""
"EXP-20260821T034822Z-f7560dda","2026-08-21T03:48:22.819406800Z","cassandra","benchmark","LOCAL_QUORUM","3","3","../data-generator/output/telemetry-50m","1000000","1000000","32","1","3","DATA_PRELOAD","SETUP_FOR_READ_SUITE","1000000","32","100","0","0","0","SETUP","1","1000000","1000000","0","328614.4287","3043.0800131205565","10.497985476608001","2.44736","483.131391","9.551871","18.120703","25.640959",""
"EXP-20260821T034822Z-f7560dda","2026-08-21T03:48:22.819406800Z","cassandra","benchmark","LOCAL_QUORUM","3","3","../data-generator/output/telemetry-50m","1000000","1000000","32","1","3","READ_SINGLE","READ_ONLY","100000","32","0","100","0","0","WARMUP","1","100000","100000","0","56862.6818","1758.6226473053898","18.18308866048","2.70336","411.566079","15.589375","37.683199","56.950783",""
"EXP-20260821T034822Z-f7560dda","2026-08-21T03:48:22.819406800Z","cassandra","benchmark","LOCAL_QUORUM","3","3","../data-generator/output/telemetry-50m","1000000","1000000","32","1","3","READ_SINGLE","READ_ONLY","100000","32","0","100","0","0","MEASUREMENT","1","100000","100000","0","43731.6791","2286.671860262507","13.97958172672","2.957312","208.535551","12.869631","24.166399","34.603007",""
"EXP-20260821T034822Z-f7560dda","2026-08-21T03:48:22.819406800Z","cassandra","benchmark","LOCAL_QUORUM","3","3","../data-generator/output/telemetry-50m","1000000","1000000","32","1","3","READ_SINGLE","READ_ONLY","100000","32","0","100","0","0","MEASUREMENT","2","100000","100000","0","41016.4197","2438.0479995917344","13.114167633920001","2.883584","142.344191","11.960319","22.970367","34.537471",""
"EXP-20260821T034822Z-f7560dda","2026-08-21T03:48:22.819406800Z","cassandra","benchmark","LOCAL_QUORUM","3","3","../data-generator/output/telemetry-50m","1000000","1000000","32","1","3","READ_SINGLE","READ_ONLY","100000","32","0","100","0","0","MEASUREMENT","3","100000","100000","0","40894.3114","2445.3278848950126","13.075821987840001","2.89792","81.133567","11.993087","22.773759","33.275903",""
"EXP-20260821T034822Z-f7560dda","2026-08-21T03:48:22.819406800Z","cassandra","benchmark","LOCAL_QUORUM","3","3","../data-generator/output/telemetry-50m","1000000","1000000","32","1","3","READ_LATEST","READ_ONLY","100000","32","0","100","0","0","WARMUP","1","100000","100000","0","40358.1019","2477.817223609319","12.90205019136","2.635776","104.726527","11.526143","24.068095","36.110335",""
"EXP-20260821T034822Z-f7560dda","2026-08-21T03:48:22.819406800Z","cassandra","benchmark","LOCAL_QUORUM","3","3","../data-generator/output/telemetry-50m","1000000","1000000","32","1","3","READ_LATEST","READ_ONLY","100000","32","0","100","0","0","MEASUREMENT","1","100000","100000","0","37151.6","2691.674113631714","11.87777668096","2.441216","157.548543","10.838015","20.709375","30.081023",""
"EXP-20260821T034822Z-f7560dda","2026-08-21T03:48:22.819406800Z","cassandra","benchmark","LOCAL_QUORUM","3","3","../data-generator/output/telemetry-50m","1000000","1000000","32","1","3","READ_LATEST","READ_ONLY","100000","32","0","100","0","0","MEASUREMENT","2","100000","100000","0","36126.4498","2768.0549999684717","11.546451650560002","3.039232","66.322431","10.674175","19.791871","27.312127",""
"EXP-20260821T034822Z-f7560dda","2026-08-21T03:48:22.819406800Z","cassandra","benchmark","LOCAL_QUORUM","3","3","../data-generator/output/telemetry-50m","1000000","1000000","32","1","3","READ_LATEST","READ_ONLY","100000","32","0","100","0","0","MEASUREMENT","3","100000","100000","0","38445.5022","2601.0845034559075","12.28895381504","2.762752","61.472767","11.190271","21.872639","30.883839",""
"EXP-20260821T034822Z-f7560dda","2026-08-21T03:48:22.819406800Z","cassandra","benchmark","LOCAL_QUORUM","3","3","../data-generator/output/telemetry-50m","1000000","1000000","32","1","3","READ_PARTITION_WINDOW","READ_ONLY","100000","32","0","100","0","0","WARMUP","1","100000","100000","0","93957.6817","1064.3089334546662","30.052557311999998","4.231168","300.154879","27.082751","54.394879","79.364095",""
"EXP-20260821T034822Z-f7560dda","2026-08-21T03:48:22.819406800Z","cassandra","benchmark","LOCAL_QUORUM","3","3","../data-generator/output/telemetry-50m","1000000","1000000","32","1","3","READ_PARTITION_WINDOW","READ_ONLY","100000","32","0","100","0","0","MEASUREMENT","1","100000","100000","0","90079.7869","1110.1269601249467","28.8094698496","3.903488","276.037631","26.017791","51.970047","71.303167",""
"EXP-20260821T034822Z-f7560dda","2026-08-21T03:48:22.819406800Z","cassandra","benchmark","LOCAL_QUORUM","3","3","../data-generator/output/telemetry-50m","1000000","1000000","32","1","3","READ_PARTITION_WINDOW","READ_ONLY","100000","32","0","100","0","0","MEASUREMENT","2","100000","100000","0","87669.5476","1140.6469262994121","28.04203692032","4.139008","397.934591","25.509887","49.905663","66.945023",""
"EXP-20260821T034822Z-f7560dda","2026-08-21T03:48:22.819406800Z","cassandra","benchmark","LOCAL_QUORUM","3","3","../data-generator/output/telemetry-50m","1000000","1000000","32","1","3","READ_PARTITION_WINDOW","READ_ONLY","100000","32","0","100","0","0","MEASUREMENT","3","100000","100000","0","86310.874","1158.602564956068","27.60550500352","3.633152","230.686719","24.969215","50.921471","75.825151",""
"EXP-20260821T034822Z-f7560dda","2026-08-21T03:48:22.819406800Z","cassandra","benchmark","LOCAL_QUORUM","3","3","../data-generator/output/telemetry-50m","1000000","1000000","32","1","3","READ_TIME_RANGE","READ_ONLY","100000","32","0","100","0","0","WARMUP","1","100000","100000","0","90933.0155","1099.7105886145391","29.08467617792","3.864576","329.777151","26.148863","54.296575","79.233023",""
"EXP-20260821T034822Z-f7560dda","2026-08-21T03:48:22.819406800Z","cassandra","benchmark","LOCAL_QUORUM","3","3","../data-generator/output/telemetry-50m","1000000","1000000","32","1","3","READ_TIME_RANGE","READ_ONLY","100000","32","0","100","0","0","MEASUREMENT","1","100000","100000","0","92545.0078","1080.5553144056248","29.598491904","4.079616","247.857151","26.361855","54.919167","82.444287",""
"EXP-20260821T034822Z-f7560dda","2026-08-21T03:48:22.819406800Z","cassandra","benchmark","LOCAL_QUORUM","3","3","../data-generator/output/telemetry-50m","1000000","1000000","32","1","3","READ_TIME_RANGE","READ_ONLY","100000","32","0","100","0","0","MEASUREMENT","2","100000","100000","0","92008.4123","1086.8571416485577","29.43098865664","4.194304","269.746175","26.263551","54.067199","79.691775",""
"EXP-20260821T034822Z-f7560dda","2026-08-21T03:48:22.819406800Z","cassandra","benchmark","LOCAL_QUORUM","3","3","../data-generator/output/telemetry-50m","1000000","1000000","32","1","3","READ_TIME_RANGE","READ_ONLY","100000","32","0","100","0","0","MEASUREMENT","3","100000","100000","0","95481.7504","1047.3205568715673","30.540483287039997","3.856384","285.736959","27.181055","57.737215","85.393407",""
"EXP-20260821T034822Z-f7560dda","2026-08-21T03:48:22.819406800Z","cassandra","benchmark","LOCAL_QUORUM","3","3","../data-generator/output/telemetry-50m","1000000","1000000","32","1","3","DATA_PRELOAD","SETUP_FOR_MIXED_WRITE_HEAVY","1000000","32","100","0","0","0","SETUP","1","1000000","1000000","0","333335.0576","2999.984481680273","10.64867481088","2.326528","492.306431","9.674751","18.595839","26.640383",""
"EXP-20260821T034822Z-f7560dda","2026-08-21T03:48:22.819406800Z","cassandra","benchmark","LOCAL_QUORUM","3","3","../data-generator/output/telemetry-50m","1000000","1000000","32","1","3","MIXED_WORKLOAD","WRITE_HEAVY","100000","32","80","20","0","0","WARMUP","1","100000","100000","0","38976.8643","2565.624551793408","12.45509613568","2.699264","533.987327","10.936319","23.265279","36.372479",""
"EXP-20260821T034822Z-f7560dda","2026-08-21T03:48:22.819406800Z","cassandra","benchmark","LOCAL_QUORUM","3","3","../data-generator/output/telemetry-50m","1000000","1000000","32","1","3","MIXED_WORKLOAD","WRITE_HEAVY","100000","32","80","20","0","0","MEASUREMENT","1","100000","100000","0","37699.1132","2652.582289389237","12.05338162176","2.482176","240.910335","10.813439","21.970943","33.751039",""
"EXP-20260821T034822Z-f7560dda","2026-08-21T03:48:22.819406800Z","cassandra","benchmark","LOCAL_QUORUM","3","3","../data-generator/output/telemetry-50m","1000000","1000000","32","1","3","MIXED_WORKLOAD","WRITE_HEAVY","100000","32","80","20","0","0","MEASUREMENT","2","100000","100000","0","37906.694","2638.056486804151","12.11937581056","2.84672","316.145663","10.960895","21.495807","30.965759",""
"EXP-20260821T034822Z-f7560dda","2026-08-21T03:48:22.819406800Z","cassandra","benchmark","LOCAL_QUORUM","3","3","../data-generator/output/telemetry-50m","1000000","1000000","32","1","3","MIXED_WORKLOAD","WRITE_HEAVY","100000","32","80","20","0","0","MEASUREMENT","3","100000","100000","0","38067.7641","2626.894496280647","12.16994614272","2.516992","230.555647","11.059199","21.643263","31.129599",""
"EXP-20260821T034822Z-f7560dda","2026-08-21T03:48:22.819406800Z","cassandra","benchmark","LOCAL_QUORUM","3","3","../data-generator/output/telemetry-50m","1000000","1000000","32","1","3","DATA_PRELOAD","SETUP_FOR_MIXED_BALANCED","1000000","32","100","0","0","0","SETUP","1","1000000","1000000","0","340006.4108","2941.121014886464","10.861705857023999","2.277376","495.452159","9.838591","18.907135","26.951679",""
"EXP-20260821T034822Z-f7560dda","2026-08-21T03:48:22.819406800Z","cassandra","benchmark","LOCAL_QUORUM","3","3","../data-generator/output/telemetry-50m","1000000","1000000","32","1","3","MIXED_WORKLOAD","BALANCED","100000","32","50","50","0","0","WARMUP","1","100000","100000","0","37352.6384","2677.1870551452125","11.94119068672","2.748416","367.525887","10.821631","20.824063","30.326783",""
"EXP-20260821T034822Z-f7560dda","2026-08-21T03:48:22.819406800Z","cassandra","benchmark","LOCAL_QUORUM","3","3","../data-generator/output/telemetry-50m","1000000","1000000","32","1","3","MIXED_WORKLOAD","BALANCED","100000","32","50","50","0","0","MEASUREMENT","1","100000","100000","0","41908.5197","2386.1496592064073","13.4009474048","2.34496","364.642303","11.927551","24.838143","37.093375",""
"EXP-20260821T034822Z-f7560dda","2026-08-21T03:48:22.819406800Z","cassandra","benchmark","LOCAL_QUORUM","3","3","../data-generator/output/telemetry-50m","1000000","1000000","32","1","3","MIXED_WORKLOAD","BALANCED","100000","32","50","50","0","0","MEASUREMENT","2","100000","100000","0","41645.535","2401.2178016202697","13.31617240064","2.770944","204.603391","11.952127","23.756799","37.814271",""
"EXP-20260821T034822Z-f7560dda","2026-08-21T03:48:22.819406800Z","cassandra","benchmark","LOCAL_QUORUM","3","3","../data-generator/output/telemetry-50m","1000000","1000000","32","1","3","MIXED_WORKLOAD","BALANCED","100000","32","50","50","0","0","MEASUREMENT","3","100000","100000","0","40088.0824","2494.5069460344157","12.81745767424","2.947072","131.334143","11.821055","22.413311","31.096831",""
"EXP-20260821T034822Z-f7560dda","2026-08-21T03:48:22.819406800Z","cassandra","benchmark","LOCAL_QUORUM","3","3","../data-generator/output/telemetry-50m","1000000","1000000","32","1","3","DATA_PRELOAD","SETUP_FOR_MIXED_READ_HEAVY","1000000","32","100","0","0","0","SETUP","1","1000000","1000000","0","330066.7187","3029.6904939055885","10.544755909631998","2.49856","416.284671","9.625599","18.137087","25.624575",""
"EXP-20260821T034822Z-f7560dda","2026-08-21T03:48:22.819406800Z","cassandra","benchmark","LOCAL_QUORUM","3","3","../data-generator/output/telemetry-50m","1000000","1000000","32","1","3","MIXED_WORKLOAD","READ_HEAVY","100000","32","20","80","0","0","WARMUP","1","100000","100000","0","38177.9346","2619.314036962073","12.20645814272","2.729984","298.319871","11.124735","21.512191","30.294015",""
"EXP-20260821T034822Z-f7560dda","2026-08-21T03:48:22.819406800Z","cassandra","benchmark","LOCAL_QUORUM","3","3","../data-generator/output/telemetry-50m","1000000","1000000","32","1","3","MIXED_WORKLOAD","READ_HEAVY","100000","32","20","80","0","0","MEASUREMENT","1","100000","100000","0","38261.0455","2613.624345419416","12.232931522560001","2.684928","244.187135","11.182079","21.299199","30.654463",""
"EXP-20260821T034822Z-f7560dda","2026-08-21T03:48:22.819406800Z","cassandra","benchmark","LOCAL_QUORUM","3","3","../data-generator/output/telemetry-50m","1000000","1000000","32","1","3","MIXED_WORKLOAD","READ_HEAVY","100000","32","20","80","0","0","MEASUREMENT","2","100000","100000","0","39295.7975","2544.8013874766125","12.55881976832","2.820096","201.195519","11.468799","22.134783","31.326207",""
"EXP-20260821T034822Z-f7560dda","2026-08-21T03:48:22.819406800Z","cassandra","benchmark","LOCAL_QUORUM","3","3","../data-generator/output/telemetry-50m","1000000","1000000","32","1","3","MIXED_WORKLOAD","READ_HEAVY","100000","32","20","80","0","0","MEASUREMENT","3","100000","100000","0","43763.8175","2284.9926197594627","13.990995077120001","2.967552","225.837055","12.771327","24.903679","35.061759",""
"EXP-20260821T034822Z-f7560dda","2026-08-21T03:48:22.819406800Z","cassandra","benchmark","LOCAL_QUORUM","3","3","../data-generator/output/telemetry-50m","1000000","1000000","32","1","3","SUSTAINED_INGESTION","SUSTAINED_WRITE","1200000","32","100","0","2000","600","MEASUREMENT","1","1199999","1199999","0","600005.242","1999.9808601672185","11.04010372979311","2.168832","553.123839","6.119423","40.337407","72.351743",""
"EXP-20260821T164655Z-34201620","2026-08-21T16:46:55.231403300Z","scylla","benchmark","LOCAL_QUORUM","3","3","../data-generator/output/telemetry-50m","1000000","1000000","32","1","3","SEQUENTIAL_WRITE","WRITE_ONLY","20000","1","100","0","0","0","WARMUP","1","20000","20000","0","33544.7229","596.2189659345792","1.6280758784","0.974848","110.034943","1.434623","2.516991","3.047423",""
"EXP-20260821T164655Z-34201620","2026-08-21T16:46:55.231403300Z","scylla","benchmark","LOCAL_QUORUM","3","3","../data-generator/output/telemetry-50m","1000000","1000000","32","1","3","SEQUENTIAL_WRITE","WRITE_ONLY","20000","1","100","0","0","0","MEASUREMENT","1","20000","20000","0","33225.8001","601.9418626430609","1.6150111232","1.16224","98.631679","1.532927","2.119679","2.500607",""
"EXP-20260821T164655Z-34201620","2026-08-21T16:46:55.231403300Z","scylla","benchmark","LOCAL_QUORUM","3","3","../data-generator/output/telemetry-50m","1000000","1000000","32","1","3","SEQUENTIAL_WRITE","WRITE_ONLY","20000","1","100","0","0","0","MEASUREMENT","2","20000","20000","0","32270.8926","619.7535422370065","1.5716224768","1.118208","35.749887","1.464319","2.115583","2.650111",""
"EXP-20260821T164655Z-34201620","2026-08-21T16:46:55.231403300Z","scylla","benchmark","LOCAL_QUORUM","3","3","../data-generator/output/telemetry-50m","1000000","1000000","32","1","3","SEQUENTIAL_WRITE","WRITE_ONLY","20000","1","100","0","0","0","MEASUREMENT","3","20000","20000","0","29189.0621","685.1881684817821","1.4230169343999999","1.117184","6.574079","1.387519","1.703935","2.009087",""
"EXP-20260821T164655Z-34201620","2026-08-21T16:46:55.231403300Z","scylla","benchmark","LOCAL_QUORUM","3","3","../data-generator/output/telemetry-50m","1000000","1000000","32","1","3","CONCURRENT_WRITE","WRITE_ONLY","1000000","32","100","0","0","0","WARMUP","1","1000000","1000000","0","150944.5929","6624.947477664834","4.820672479232","1.50016","109.314047","4.444159","8.003583","10.854399",""
"EXP-20260821T164655Z-34201620","2026-08-21T16:46:55.231403300Z","scylla","benchmark","LOCAL_QUORUM","3","3","../data-generator/output/telemetry-50m","1000000","1000000","32","1","3","CONCURRENT_WRITE","WRITE_ONLY","1000000","32","100","0","0","0","MEASUREMENT","1","1000000","1000000","0","147924.9888","6760.183036768971","4.72430382592","1.529856","73.400319","4.362239","7.839743","10.592255",""
"EXP-20260821T164655Z-34201620","2026-08-21T16:46:55.231403300Z","scylla","benchmark","LOCAL_QUORUM","3","3","../data-generator/output/telemetry-50m","1000000","1000000","32","1","3","CONCURRENT_WRITE","WRITE_ONLY","1000000","32","100","0","0","0","MEASUREMENT","2","1000000","1000000","0","147477.6202","6780.689833778589","4.7104350581759995","1.572864","252.575743","4.304895","7.794687","10.862591",""
"EXP-20260821T164655Z-34201620","2026-08-21T16:46:55.231403300Z","scylla","benchmark","LOCAL_QUORUM","3","3","../data-generator/output/telemetry-50m","1000000","1000000","32","1","3","CONCURRENT_WRITE","WRITE_ONLY","1000000","32","100","0","0","0","MEASUREMENT","3","1000000","1000000","0","145294.1384","6882.590110049477","4.639694961152","1.543168","30.375935","4.280319","7.700479","10.469375",""
"EXP-20260821T164655Z-34201620","2026-08-21T16:46:55.231403300Z","scylla","benchmark","LOCAL_QUORUM","3","3","../data-generator/output/telemetry-50m","1000000","1000000","32","1","3","DATA_PRELOAD","SETUP_FOR_READ_SUITE","1000000","32","100","0","0","0","SETUP","1","1000000","1000000","0","140531.1794","7115.858589314594","4.487184450048","1.378304","172.097535","4.112383","7.438335","10.223615",""
"EXP-20260821T164655Z-34201620","2026-08-21T16:46:55.231403300Z","scylla","benchmark","LOCAL_QUORUM","3","3","../data-generator/output/telemetry-50m","1000000","1000000","32","1","3","READ_SINGLE","READ_ONLY","100000","32","0","100","0","0","WARMUP","1","100000","100000","0","15355.4557","6512.3433621054955","4.90634435584","1.517568","38.174719","4.542463","8.138751","10.993663",""
"EXP-20260821T164655Z-34201620","2026-08-21T16:46:55.231403300Z","scylla","benchmark","LOCAL_QUORUM","3","3","../data-generator/output/telemetry-50m","1000000","1000000","32","1","3","READ_SINGLE","READ_ONLY","100000","32","0","100","0","0","MEASUREMENT","1","100000","100000","0","15121.2051","6613.229523617797","4.8327510579199995","1.593344","29.360127","4.505599","7.974911","10.379263",""
"EXP-20260821T164655Z-34201620","2026-08-21T16:46:55.231403300Z","scylla","benchmark","LOCAL_QUORUM","3","3","../data-generator/output/telemetry-50m","1000000","1000000","32","1","3","READ_SINGLE","READ_ONLY","100000","32","0","100","0","0","MEASUREMENT","2","100000","100000","0","15454.1386","6470.758583723327","4.93920941568","1.512448","52.985855","4.550655","8.298495","11.526143",""
"EXP-20260821T164655Z-34201620","2026-08-21T16:46:55.231403300Z","scylla","benchmark","LOCAL_QUORUM","3","3","../data-generator/output/telemetry-50m","1000000","1000000","32","1","3","READ_SINGLE","READ_ONLY","100000","32","0","100","0","0","MEASUREMENT","3","100000","100000","0","15225.0662","6568.115940277488","4.86561668608","1.759232","33.652735","4.517887","8.028159","10.756095",""
"EXP-20260821T164655Z-34201620","2026-08-21T16:46:55.231403300Z","scylla","benchmark","LOCAL_QUORUM","3","3","../data-generator/output/telemetry-50m","1000000","1000000","32","1","3","READ_LATEST","READ_ONLY","100000","32","0","100","0","0","WARMUP","1","100000","100000","0","23636.4169","4230.759696914975","7.5572710143999995","1.929216","122.486783","7.041023","12.394495","16.097279",""
"EXP-20260821T164655Z-34201620","2026-08-21T16:46:55.231403300Z","scylla","benchmark","LOCAL_QUORUM","3","3","../data-generator/output/telemetry-50m","1000000","1000000","32","1","3","READ_LATEST","READ_ONLY","100000","32","0","100","0","0","MEASUREMENT","1","100000","100000","0","22780.4341","4389.731976178628","7.28304497152","1.932288","36.896767","6.868991","11.960319","15.302655",""
"EXP-20260821T164655Z-34201620","2026-08-21T16:46:55.231403300Z","scylla","benchmark","LOCAL_QUORUM","3","3","../data-generator/output/telemetry-50m","1000000","1000000","32","1","3","READ_LATEST","READ_ONLY","100000","32","0","100","0","0","MEASUREMENT","2","100000","100000","0","23015.5979","4344.879521900233","7.358534318079999","1.892352","35.848191","6.926335","12.107775","15.589375",""
"EXP-20260821T164655Z-34201620","2026-08-21T16:46:55.231403300Z","scylla","benchmark","LOCAL_QUORUM","3","3","../data-generator/output/telemetry-50m","1000000","1000000","32","1","3","READ_LATEST","READ_ONLY","100000","32","0","100","0","0","MEASUREMENT","3","100000","100000","0","22886.5469","4369.37911328161","7.31768910336","1.964032","32.210943","6.881279","12.124159","15.540223",""
"EXP-20260821T164655Z-34201620","2026-08-21T16:46:55.231403300Z","scylla","benchmark","LOCAL_QUORUM","3","3","../data-generator/output/telemetry-50m","1000000","1000000","32","1","3","READ_PARTITION_WINDOW","READ_ONLY","100000","32","0","100","0","0","WARMUP","1","100000","100000","0","40822.9031","2449.6053050181035","13.05684649984","2.701312","171.835391","12.156927","21.725183","28.852223",""
"EXP-20260821T164655Z-34201620","2026-08-21T16:46:55.231403300Z","scylla","benchmark","LOCAL_QUORUM","3","3","../data-generator/output/telemetry-50m","1000000","1000000","32","1","3","READ_PARTITION_WINDOW","READ_ONLY","100000","32","0","100","0","0","MEASUREMENT","1","100000","100000","0","41021.6273","2437.7384950791557","13.11901151232","2.889728","64.389119","12.320767","22.102015","28.606463",""
"EXP-20260821T164655Z-34201620","2026-08-21T16:46:55.231403300Z","scylla","benchmark","LOCAL_QUORUM","3","3","../data-generator/output/telemetry-50m","1000000","1000000","32","1","3","READ_PARTITION_WINDOW","READ_ONLY","100000","32","0","100","0","0","MEASUREMENT","2","100000","100000","0","40182.3393","2488.655507420893","12.85015846912","2.717696","51.675135","12.132351","21.315583","26.984447",""
"EXP-20260821T164655Z-34201620","2026-08-21T16:46:55.231403300Z","scylla","benchmark","LOCAL_QUORUM","3","3","../data-generator/output/telemetry-50m","1000000","1000000","32","1","3","READ_PARTITION_WINDOW","READ_ONLY","100000","32","0","100","0","0","MEASUREMENT","3","100000","100000","0","40800.0493","2450.977430559134","13.047991613439999","2.70336","47.513599","12.345343","21.544959","27.328511",""
"EXP-20260821T164655Z-34201620","2026-08-21T16:46:55.231403300Z","scylla","benchmark","LOCAL_QUORUM","3","3","../data-generator/output/telemetry-50m","1000000","1000000","32","1","3","READ_TIME_RANGE","READ_ONLY","100000","32","0","100","0","0","WARMUP","1","100000","100000","0","40881.3333","2446.1041734174555","13.07274851328","2.74432","149.422079","12.247039","21.839871","28.852223",""
"EXP-20260821T164655Z-34201620","2026-08-21T16:46:55.231403300Z","scylla","benchmark","LOCAL_QUORUM","3","3","../data-generator/output/telemetry-50m","1000000","1000000","32","1","3","READ_TIME_RANGE","READ_ONLY","100000","32","0","100","0","0","MEASUREMENT","1","100000","100000","0","40910.3128","2444.3714348720405","13.08348352512","2.772992","117.506047","12.312575","21.757951","28.311551",""
"EXP-20260821T164655Z-34201620","2026-08-21T16:46:55.231403300Z","scylla","benchmark","LOCAL_QUORUM","3","3","../data-generator/output/telemetry-50m","1000000","1000000","32","1","3","READ_TIME_RANGE","READ_ONLY","100000","32","0","100","0","0","MEASUREMENT","2","100000","100000","0","40706.5421","2456.6075829860283","13.018038394880001","2.797568","68.485119","12.271615","21.610495","27.934719",""
"EXP-20260821T164655Z-34201620","2026-08-21T16:46:55.231403300Z","scylla","benchmark","LOCAL_QUORUM","3","3","../data-generator/output/telemetry-50m","1000000","1000000","32","1","3","READ_TIME_RANGE","READ_ONLY","100000","32","0","100","0","0","MEASUREMENT","3","100000","100000","0","41360.9128","2417.741612317608","13.22693741568","2.803712","109.510655","12.468223","21.872639","27.901951",""
"EXP-20260821T164655Z-34201620","2026-08-21T16:46:55.231403300Z","scylla","benchmark","LOCAL_QUORUM","3","3","../data-generator/output/telemetry-50m","1000000","1000000","32","1","3","DATA_PRELOAD","SETUP_FOR_MIXED_WRITE_HEAVY","1000000","32","100","0","0","0","SETUP","1","1000000","1000000","0","141176.2091","7083.346453166662","4.507451620352","1.511424","128.188415","4.130815","7.487487","10.305535",""
"EXP-20260821T164655Z-34201620","2026-08-21T16:46:55.231403300Z","scylla","benchmark","LOCAL_QUORUM","3","3","../data-generator/output/telemetry-50m","1000000","1000000","32","1","3","MIXED_WORKLOAD","WRITE_HEAVY","100000","32","80","20","0","0","WARMUP","1","100000","100000","0","18261.4654","5476.011799140719","5.831494579199999","1.724416","31.735807","5.324799","10.207231","13.582335",""
"EXP-20260821T164655Z-34201620","2026-08-21T16:46:55.231403300Z","scylla","benchmark","LOCAL_QUORUM","3","3","../data-generator/output/telemetry-50m","1000000","1000000","32","1","3","MIXED_WORKLOAD","WRITE_HEAVY","100000","32","80","20","0","0","MEASUREMENT","1","100000","100000","0","18264.5478","5475.087644929266","5.83775005184","1.4336","38.567935","5.328895","10.223615","13.639679",""
"EXP-20260821T164655Z-34201620","2026-08-21T16:46:55.231403300Z","scylla","benchmark","LOCAL_QUORUM","3","3","../data-generator/output/telemetry-50m","1000000","1000000","32","1","3","MIXED_WORKLOAD","WRITE_HEAVY","100000","32","80","20","0","0","MEASUREMENT","2","100000","100000","0","18062.2534","5536.407766264645","5.77231771648","1.457152","31.506431","5.263359","10.092543","13.484031",""
"EXP-20260821T164655Z-34201620","2026-08-21T16:46:55.231403300Z","scylla","benchmark","LOCAL_QUORUM","3","3","../data-generator/output/telemetry-50m","1000000","1000000","32","1","3","MIXED_WORKLOAD","WRITE_HEAVY","100000","32","80","20","0","0","MEASUREMENT","3","100000","100000","0","18106.8052","5522.785433180669","5.7870546944","1.842176","46.759935","5.292031","10.043391","13.484031",""
"EXP-20260821T164655Z-34201620","2026-08-21T16:46:55.231403300Z","scylla","benchmark","LOCAL_QUORUM","3","3","../data-generator/output/telemetry-50m","1000000","1000000","32","1","3","DATA_PRELOAD","SETUP_FOR_MIXED_BALANCED","1000000","32","100","0","0","0","SETUP","1","1000000","1000000","0","139753.3669","7155.462671003456","4.461877678592","1.283072","162.267135","4.110335","7.331839","9.936895",""
"EXP-20260821T164655Z-34201620","2026-08-21T16:46:55.231403300Z","scylla","benchmark","LOCAL_QUORUM","3","3","../data-generator/output/telemetry-50m","1000000","1000000","32","1","3","MIXED_WORKLOAD","BALANCED","100000","32","50","50","0","0","WARMUP","1","100000","100000","0","21216.8229","4713.2410197004565","6.78225082368","1.758208","27.836415","6.221823","11.935743","15.507455",""
"EXP-20260821T164655Z-34201620","2026-08-21T16:46:55.231403300Z","scylla","benchmark","LOCAL_QUORUM","3","3","../data-generator/output/telemetry-50m","1000000","1000000","32","1","3","MIXED_WORKLOAD","BALANCED","100000","32","50","50","0","0","MEASUREMENT","1","100000","100000","0","21433.9255","4665.5009601484335","6.852309329920001","1.688576","31.309823","6.287359","12.058623","15.663103",""
"EXP-20260821T164655Z-34201620","2026-08-21T16:46:55.231403300Z","scylla","benchmark","LOCAL_QUORUM","3","3","../data-generator/output/telemetry-50m","1000000","1000000","32","1","3","MIXED_WORKLOAD","BALANCED","100000","32","50","50","0","0","MEASUREMENT","2","100000","100000","0","21606.5469","4628.226826934571","6.90756998656","1.857536","47.939583","6.291455","12.312575","16.195583",""
"EXP-20260821T164655Z-34201620","2026-08-21T16:46:55.231403300Z","scylla","benchmark","LOCAL_QUORUM","3","3","../data-generator/output/telemetry-50m","1000000","1000000","32","1","3","MIXED_WORKLOAD","BALANCED","100000","32","50","50","0","0","MEASUREMENT","3","100000","100000","0","21260.1101","4703.644502762946","6.7959025152","1.656832","31.834111","6.242303","11.952127","15.433727",""
"EXP-20260821T164655Z-34201620","2026-08-21T16:46:55.231403300Z","scylla","benchmark","LOCAL_QUORUM","3","3","../data-generator/output/telemetry-50m","1000000","1000000","32","1","3","DATA_PRELOAD","SETUP_FOR_MIXED_READ_HEAVY","1000000","32","100","0","0","0","SETUP","1","1000000","1000000","0","139174.6325","7185.217464109344","4.44341171712","1.4848","72.417279","4.100095","7.299071","9.904127",""
"EXP-20260821T164655Z-34201620","2026-08-21T16:46:55.231403300Z","scylla","benchmark","LOCAL_QUORUM","3","3","../data-generator/output/telemetry-50m","1000000","1000000","32","1","3","MIXED_WORKLOAD","READ_HEAVY","100000","32","20","80","0","0","WARMUP","1","100000","100000","0","22535.6969","4437.404374213074","7.20399591424","1.548288","35.815423","6.701055","12.173311","16.015359",""
"EXP-20260821T164655Z-34201620","2026-08-21T16:46:55.231403300Z","scylla","benchmark","LOCAL_QUORUM","3","3","../data-generator/output/telemetry-50m","1000000","1000000","32","1","3","MIXED_WORKLOAD","READ_HEAVY","100000","32","20","80","0","0","MEASUREMENT","1","100000","100000","0","23692.1811","4220.801773290514","7.57395534848","1.826816","140.902399","6.946815","12.779519","17.367039",""
"EXP-20260821T164655Z-34201620","2026-08-21T16:46:55.231403300Z","scylla","benchmark","LOCAL_QUORUM","3","3","../data-generator/output/telemetry-50m","1000000","1000000","32","1","3","MIXED_WORKLOAD","READ_HEAVY","100000","32","20","80","0","0","MEASUREMENT","2","100000","100000","0","23077.3845","4333.2466900657655","7.37833609728","1.851392","27.541503","6.897663","12.566527","15.867903",""
"EXP-20260821T164655Z-34201620","2026-08-21T16:46:55.231403300Z","scylla","benchmark","LOCAL_QUORUM","3","3","../data-generator/output/telemetry-50m","1000000","1000000","32","1","3","MIXED_WORKLOAD","READ_HEAVY","100000","32","20","80","0","0","MEASUREMENT","3","100000","100000","0","23099.4385","4329.109558225841","7.38443408896","1.833984","37.289983","6.893567","12.402687","15.867903",""
"EXP-20260821T164655Z-34201620","2026-08-21T16:46:55.231403300Z","scylla","benchmark","LOCAL_QUORUM","3","3","../data-generator/output/telemetry-50m","1000000","1000000","32","1","3","SUSTAINED_INGESTION","SUSTAINED_WRITE","1200000","32","100","0","2000","600","MEASUREMENT","1","1199999","1199999","0","600003.1673","1999.9877757311967","2.1529798097231745","1.204224","256.901119","1.930239","2.723839","5.144575",""
"EXP-20260821T175739Z-d4d5cb36","2026-08-21T17:57:39.288723700Z","cassandra","benchmark","LOCAL_QUORUM","3","3","../data-generator/output/telemetry-50m","1000000","1000000","32","1","3","SEQUENTIAL_WRITE","WRITE_ONLY","20000","1","100","0","0","0","WARMUP","1","20000","20000","0","74102.925","269.89487931819156","3.6289744896","2.562048","56.754175","3.440639","4.734975","6.143999",""
"EXP-20260821T175739Z-d4d5cb36","2026-08-21T17:57:39.288723700Z","cassandra","benchmark","LOCAL_QUORUM","3","3","../data-generator/output/telemetry-50m","1000000","1000000","32","1","3","SEQUENTIAL_WRITE","WRITE_ONLY","20000","1","100","0","0","0","MEASUREMENT","1","20000","20000","0","65032.193","307.5399902322224","3.17957504","2.424832","33.177599","3.098623","3.780607","4.620287",""
"EXP-20260821T175739Z-d4d5cb36","2026-08-21T17:57:39.288723700Z","cassandra","benchmark","LOCAL_QUORUM","3","3","../data-generator/output/telemetry-50m","1000000","1000000","32","1","3","SEQUENTIAL_WRITE","WRITE_ONLY","20000","1","100","0","0","0","MEASUREMENT","2","20000","20000","0","63904.5275","312.9668707745316","3.1234429951999996","2.279424","98.303999","3.049471","3.627007","4.337663",""
"EXP-20260821T175739Z-d4d5cb36","2026-08-21T17:57:39.288723700Z","cassandra","benchmark","LOCAL_QUORUM","3","3","../data-generator/output/telemetry-50m","1000000","1000000","32","1","3","SEQUENTIAL_WRITE","WRITE_ONLY","20000","1","100","0","0","0","MEASUREMENT","3","20000","20000","0","62552.4069","319.7319014754011","3.0605310976","2.34496","16.670719","3.028991","3.489791","3.928063",""
"EXP-20260821T175739Z-d4d5cb36","2026-08-21T17:57:39.288723700Z","cassandra","benchmark","LOCAL_QUORUM","3","3","../data-generator/output/telemetry-50m","1000000","1000000","32","1","3","CONCURRENT_WRITE","WRITE_ONLY","1000000","32","100","0","0","0","WARMUP","1","1000000","1000000","0","290451.8873","3442.911007726132","9.278054121472","2.213888","475.004927","8.335359","16.121855","24.690687",""
"EXP-20260821T175739Z-d4d5cb36","2026-08-21T17:57:39.288723700Z","cassandra","benchmark","LOCAL_QUORUM","3","3","../data-generator/output/telemetry-50m","1000000","1000000","32","1","3","CONCURRENT_WRITE","WRITE_ONLY","1000000","32","100","0","0","0","MEASUREMENT","1","1000000","1000000","0","272785.5003","3665.883996400962","8.714781923328","2.179072","346.030079","8.122367","14.213119","18.661375",""
"EXP-20260821T175739Z-d4d5cb36","2026-08-21T17:57:39.288723700Z","cassandra","benchmark","LOCAL_QUORUM","3","3","../data-generator/output/telemetry-50m","1000000","1000000","32","1","3","CONCURRENT_WRITE","WRITE_ONLY","1000000","32","100","0","0","0","MEASUREMENT","2","1000000","1000000","0","268872.9273","3719.229042663085","8.5894010624","2.113536","311.427071","8.003583","13.959167","18.431999",""
"EXP-20260821T175739Z-d4d5cb36","2026-08-21T17:57:39.288723700Z","cassandra","benchmark","LOCAL_QUORUM","3","3","../data-generator/output/telemetry-50m","1000000","1000000","32","1","3","CONCURRENT_WRITE","WRITE_ONLY","1000000","32","100","0","0","0","MEASUREMENT","3","1000000","1000000","0","267573.1039","3737.2964076902504","8.547297406976","2.197504","361.758719","7.983103","13.844479","18.022399",""
"EXP-20260821T175739Z-d4d5cb36","2026-08-21T17:57:39.288723700Z","cassandra","benchmark","LOCAL_QUORUM","3","3","../data-generator/output/telemetry-50m","1000000","1000000","32","1","3","DATA_PRELOAD","SETUP_FOR_READ_SUITE","1000000","32","100","0","0","0","SETUP","1","1000000","1000000","0","264933.1125","3774.537620321054","8.461617862655999","2.217984","359.661567","7.860223","13.746175","18.300927",""
"EXP-20260821T175739Z-d4d5cb36","2026-08-21T17:57:39.288723700Z","cassandra","benchmark","LOCAL_QUORUM","3","3","../data-generator/output/telemetry-50m","1000000","1000000","32","1","3","READ_SINGLE","READ_ONLY","100000","32","0","100","0","0","WARMUP","1","100000","100000","0","53395.3201","1872.823307599199","17.07500802048","2.398208","296.484863","14.426111","36.863999","54.263807",""
"EXP-20260821T175739Z-d4d5cb36","2026-08-21T17:57:39.288723700Z","cassandra","benchmark","LOCAL_QUORUM","3","3","../data-generator/output/telemetry-50m","1000000","1000000","32","1","3","READ_SINGLE","READ_ONLY","100000","32","0","100","0","0","MEASUREMENT","1","100000","100000","0","32373.4784","3088.9482669863487","10.35117548544","2.592768","61.177855","9.445375","18.251775","26.099711",""
"EXP-20260821T175739Z-d4d5cb36","2026-08-21T17:57:39.288723700Z","cassandra","benchmark","LOCAL_QUORUM","3","3","../data-generator/output/telemetry-50m","1000000","1000000","32","1","3","READ_SINGLE","READ_ONLY","100000","32","0","100","0","0","MEASUREMENT","2","100000","100000","0","32696.9799","3058.386441372832","10.45289570304","2.574336","112.459775","9.453567","18.726911","27.967487",""
"EXP-20260821T175739Z-d4d5cb36","2026-08-21T17:57:39.288723700Z","cassandra","benchmark","LOCAL_QUORUM","3","3","../data-generator/output/telemetry-50m","1000000","1000000","32","1","3","READ_SINGLE","READ_ONLY","100000","32","0","100","0","0","MEASUREMENT","3","100000","100000","0","32378.3594","3088.4826116297913","10.352092303360001","2.521088","52.887551","9.453567","18.087935","26.673151",""
"EXP-20260821T175739Z-d4d5cb36","2026-08-21T17:57:39.288723700Z","cassandra","benchmark","LOCAL_QUORUM","3","3","../data-generator/output/telemetry-50m","1000000","1000000","32","1","3","READ_LATEST","READ_ONLY","100000","32","0","100","0","0","WARMUP","1","100000","100000","0","34050.5145","2936.813186772846","10.88562111488","2.476032","62.783487","9.232383","23.347199","37.191679",""
"EXP-20260821T175739Z-d4d5cb36","2026-08-21T17:57:39.288723700Z","cassandra","benchmark","LOCAL_QUORUM","3","3","../data-generator/output/telemetry-50m","1000000","1000000","32","1","3","READ_LATEST","READ_ONLY","100000","32","0","100","0","0","MEASUREMENT","1","100000","100000","0","28024.3266","3568.3283822420194","8.95845142528","2.197504","43.778047","8.335359","14.680063","21.020671",""
"EXP-20260821T175739Z-d4d5cb36","2026-08-21T17:57:39.288723700Z","cassandra","benchmark","LOCAL_QUORUM","3","3","../data-generator/output/telemetry-50m","1000000","1000000","32","1","3","READ_LATEST","READ_ONLY","100000","32","0","100","0","0","MEASUREMENT","2","100000","100000","0","28230.7826","3542.232654931784","9.024342364159999","2.476032","50.561023","8.376319","14.753791","21.823487",""
"EXP-20260821T175739Z-d4d5cb36","2026-08-21T17:57:39.288723700Z","cassandra","benchmark","LOCAL_QUORUM","3","3","../data-generator/output/telemetry-50m","1000000","1000000","32","1","3","READ_LATEST","READ_ONLY","100000","32","0","100","0","0","MEASUREMENT","3","100000","100000","0","27554.593","3629.159029857563","8.808024422399999","2.49856","46.596095","8.318975","14.229503","18.530303",""
"EXP-20260821T175739Z-d4d5cb36","2026-08-21T17:57:39.288723700Z","cassandra","benchmark","LOCAL_QUORUM","3","3","../data-generator/output/telemetry-50m","1000000","1000000","32","1","3","READ_PARTITION_WINDOW","READ_ONLY","100000","32","0","100","0","0","WARMUP","1","100000","100000","0","69467.7756","1439.516367643705","22.219821946880003","3.674112","129.171455","20.414463","39.550975","53.772287",""
"EXP-20260821T175739Z-d4d5cb36","2026-08-21T17:57:39.288723700Z","cassandra","benchmark","LOCAL_QUORUM","3","3","../data-generator/output/telemetry-50m","1000000","1000000","32","1","3","READ_PARTITION_WINDOW","READ_ONLY","100000","32","0","100","0","0","MEASUREMENT","1","100000","100000","0","66052.6568","1513.9436450344267","21.125515325440002","3.524608","89.128959","19.726335","36.569087","46.694399",""
"EXP-20260821T175739Z-d4d5cb36","2026-08-21T17:57:39.288723700Z","cassandra","benchmark","LOCAL_QUORUM","3","3","../data-generator/output/telemetry-50m","1000000","1000000","32","1","3","READ_PARTITION_WINDOW","READ_ONLY","100000","32","0","100","0","0","MEASUREMENT","2","100000","100000","0","68026.5012","1470.0153357291879","21.758211041280003","3.631104","144.179199","20.086783","38.961151","52.101119",""
"EXP-20260821T175739Z-d4d5cb36","2026-08-21T17:57:39.288723700Z","cassandra","benchmark","LOCAL_QUORUM","3","3","../data-generator/output/telemetry-50m","1000000","1000000","32","1","3","READ_PARTITION_WINDOW","READ_ONLY","100000","32","0","100","0","0","MEASUREMENT","3","100000","100000","0","69770.9885","1433.2604732982963","22.315965726720002","3.766272","123.731967","20.627455","39.288831","53.477375",""
"EXP-20260821T175739Z-d4d5cb36","2026-08-21T17:57:39.288723700Z","cassandra","benchmark","LOCAL_QUORUM","3","3","../data-generator/output/telemetry-50m","1000000","1000000","32","1","3","READ_TIME_RANGE","READ_ONLY","100000","32","0","100","0","0","WARMUP","1","100000","100000","0","67703.4939","1477.0286471138827","21.6542995456","3.407872","179.568639","20.234239","36.995071","48.824319",""
"EXP-20260821T175739Z-d4d5cb36","2026-08-21T17:57:39.288723700Z","cassandra","benchmark","LOCAL_QUORUM","3","3","../data-generator/output/telemetry-50m","1000000","1000000","32","1","3","READ_TIME_RANGE","READ_ONLY","100000","32","0","100","0","0","MEASUREMENT","1","100000","100000","0","66104.5533","1512.7550979154712","21.14208518144","4.468736","144.965631","19.955711","35.225599","44.367871",""
"EXP-20260821T175739Z-d4d5cb36","2026-08-21T17:57:39.288723700Z","cassandra","benchmark","LOCAL_QUORUM","3","3","../data-generator/output/telemetry-50m","1000000","1000000","32","1","3","READ_TIME_RANGE","READ_ONLY","100000","32","0","100","0","0","MEASUREMENT","2","100000","100000","0","66040.9186","1514.2127353752467","21.12075087872","4.476928","105.250815","19.922943","35.127295","44.662783",""
"EXP-20260821T175739Z-d4d5cb36","2026-08-21T17:57:39.288723700Z","cassandra","benchmark","LOCAL_QUORUM","3","3","../data-generator/output/telemetry-50m","1000000","1000000","32","1","3","READ_TIME_RANGE","READ_ONLY","100000","32","0","100","0","0","MEASUREMENT","3","100000","100000","0","66321.0612","1507.8166451293152","21.211692277759997","4.493312","87.490559","20.054015","35.291135","44.498943",""
"EXP-20260821T175739Z-d4d5cb36","2026-08-21T17:57:39.288723700Z","cassandra","benchmark","LOCAL_QUORUM","3","3","../data-generator/output/telemetry-50m","1000000","1000000","32","1","3","DATA_PRELOAD","SETUP_FOR_MIXED_WRITE_HEAVY","1000000","32","100","0","0","0","SETUP","1","1000000","1000000","0","267943.513","3732.1299135165104","8.558042612736","2.125824","457.703423","7.962623","13.910015","18.268159",""
"EXP-20260821T175739Z-d4d5cb36","2026-08-21T17:57:39.288723700Z","cassandra","benchmark","LOCAL_QUORUM","3","3","../data-generator/output/telemetry-50m","1000000","1000000","32","1","3","MIXED_WORKLOAD","WRITE_HEAVY","100000","32","80","20","0","0","WARMUP","1","100000","100000","0","31850.9953","3139.619313560352","10.178935808","2.199552","307.757055","9.060351","18.825215","29.917183",""
"EXP-20260821T175739Z-d4d5cb36","2026-08-21T17:57:39.288723700Z","cassandra","benchmark","LOCAL_QUORUM","3","3","../data-generator/output/telemetry-50m","1000000","1000000","32","1","3","MIXED_WORKLOAD","WRITE_HEAVY","100000","32","80","20","0","0","MEASUREMENT","1","100000","100000","0","30736.6632","3253.4435943586745","9.82552720384","2.349056","221.904895","8.978431","16.891903","25.329663",""
"EXP-20260821T175739Z-d4d5cb36","2026-08-21T17:57:39.288723700Z","cassandra","benchmark","LOCAL_QUORUM","3","3","../data-generator/output/telemetry-50m","1000000","1000000","32","1","3","MIXED_WORKLOAD","WRITE_HEAVY","100000","32","80","20","0","0","MEASUREMENT","2","100000","100000","0","30428.3167","3286.412488272807","9.72787803136","2.342912","211.943423","8.994815","16.416767","21.987327",""
"EXP-20260821T175739Z-d4d5cb36","2026-08-21T17:57:39.288723700Z","cassandra","benchmark","LOCAL_QUORUM","3","3","../data-generator/output/telemetry-50m","1000000","1000000","32","1","3","MIXED_WORKLOAD","WRITE_HEAVY","100000","32","80","20","0","0","MEASUREMENT","3","100000","100000","0","29358.0273","3406.2234147455815","9.384902973440001","2.258944","239.337471","8.642559","15.638527","21.889023",""
"EXP-20260821T175739Z-d4d5cb36","2026-08-21T17:57:39.288723700Z","cassandra","benchmark","LOCAL_QUORUM","3","3","../data-generator/output/telemetry-50m","1000000","1000000","32","1","3","DATA_PRELOAD","SETUP_FOR_MIXED_BALANCED","1000000","32","100","0","0","0","SETUP","1","1000000","1000000","0","275167.4183","3634.1511875862957","8.789055806463999","2.146304","363.069439","8.048639","14.688255","20.856831",""
"EXP-20260821T175739Z-d4d5cb36","2026-08-21T17:57:39.288723700Z","cassandra","benchmark","LOCAL_QUORUM","3","3","../data-generator/output/telemetry-50m","1000000","1000000","32","1","3","MIXED_WORKLOAD","BALANCED","100000","32","50","50","0","0","WARMUP","1","100000","100000","0","31935.1099","3131.3498000518857","10.20934401024","2.357248","382.992383","9.158655","17.547263","27.295743",""
"EXP-20260821T175739Z-d4d5cb36","2026-08-21T17:57:39.288723700Z","cassandra","benchmark","LOCAL_QUORUM","3","3","../data-generator/output/telemetry-50m","1000000","1000000","32","1","3","MIXED_WORKLOAD","BALANCED","100000","32","50","50","0","0","MEASUREMENT","1","100000","100000","0","38748.5996","2580.7384275121003","12.38513012736","2.33472","254.935039","10.977279","23.232511","36.634623",""
"EXP-20260821T175739Z-d4d5cb36","2026-08-21T17:57:39.288723700Z","cassandra","benchmark","LOCAL_QUORUM","3","3","../data-generator/output/telemetry-50m","1000000","1000000","32","1","3","MIXED_WORKLOAD","BALANCED","100000","32","50","50","0","0","MEASUREMENT","2","100000","100000","0","35369.5984","2827.286837387444","11.30661169152","2.320384","210.370559","10.346495","19.955711","26.705919",""
"EXP-20260821T175739Z-d4d5cb36","2026-08-21T17:57:39.288723700Z","cassandra","benchmark","LOCAL_QUORUM","3","3","../data-generator/output/telemetry-50m","1000000","1000000","32","1","3","MIXED_WORKLOAD","BALANCED","100000","32","50","50","0","0","MEASUREMENT","3","100000","100000","0","38354.5604","2607.251887574756","12.26163554304","2.363392","204.210175","10.756095","23.085055","37.683199",""
"EXP-20260821T175739Z-d4d5cb36","2026-08-21T17:57:39.288723700Z","cassandra","benchmark","LOCAL_QUORUM","3","3","../data-generator/output/telemetry-50m","1000000","1000000","32","1","3","DATA_PRELOAD","SETUP_FOR_MIXED_READ_HEAVY","1000000","32","100","0","0","0","SETUP","1","1000000","1000000","0","319304.5371","3131.8064224274376","10.199862346751999","2.392064","1296.039935","8.921087","18.055167","30.605311",""
"EXP-20260821T175739Z-d4d5cb36","2026-08-21T17:57:39.288723700Z","cassandra","benchmark","LOCAL_QUORUM","3","3","../data-generator/output/telemetry-50m","1000000","1000000","32","1","3","MIXED_WORKLOAD","READ_HEAVY","100000","32","20","80","0","0","WARMUP","1","100000","100000","0","33999.5305","2941.2170853359285","10.86813014016","2.363392","265.814015","10.076159","18.284543","24.920063",""
"EXP-20260821T175739Z-d4d5cb36","2026-08-21T17:57:39.288723700Z","cassandra","benchmark","LOCAL_QUORUM","3","3","../data-generator/output/telemetry-50m","1000000","1000000","32","1","3","MIXED_WORKLOAD","READ_HEAVY","100000","32","20","80","0","0","MEASUREMENT","1","100000","100000","0","38994.6672","2564.4532234910316","12.46757020672","2.390016","242.745343","11.149311","22.691839","34.996223",""
"EXP-20260821T175739Z-d4d5cb36","2026-08-21T17:57:39.288723700Z","cassandra","benchmark","LOCAL_QUORUM","3","3","../data-generator/output/telemetry-50m","1000000","1000000","32","1","3","MIXED_WORKLOAD","READ_HEAVY","100000","32","20","80","0","0","MEASUREMENT","2","100000","100000","0","33699.4045","2967.4114864551984","10.77165118464","2.484224","85.393407","9.912319","18.382847","27.197439",""
"EXP-20260821T175739Z-d4d5cb36","2026-08-21T17:57:39.288723700Z","cassandra","benchmark","LOCAL_QUORUM","3","3","../data-generator/output/telemetry-50m","1000000","1000000","32","1","3","MIXED_WORKLOAD","READ_HEAVY","100000","32","20","80","0","0","MEASUREMENT","3","100000","100000","0","38461.1936","2600.023312849032","12.2954588672","2.492416","107.151359","11.296767","21.348351","30.998527",""
"EXP-20260821T175739Z-d4d5cb36","2026-08-21T17:57:39.288723700Z","cassandra","benchmark","LOCAL_QUORUM","3","3","../data-generator/output/telemetry-50m","1000000","1000000","32","1","3","SUSTAINED_INGESTION","SUSTAINED_WRITE","1200000","32","100","0","2000","600","MEASUREMENT","1","1200000","1200000","0","600005.1984","1999.9826721501283","6.20645124608","2.136064","768.081919","4.296703","13.033471","44.269567",""
"EXP-20260821T194109Z-ae67f3fe","2026-08-21T19:41:09.601156800Z","scylla","benchmark","LOCAL_QUORUM","3","3","../data-generator/output/telemetry-50m","1000000","1000000","32","1","3","SEQUENTIAL_WRITE","WRITE_ONLY","20000","1","100","0","0","0","WARMUP","1","20000","20000","0","28810.7039","694.1864408942816","1.3985768448","0.989184","34.504703","1.328127","1.923071","2.344959",""
"EXP-20260821T194109Z-ae67f3fe","2026-08-21T19:41:09.601156800Z","scylla","benchmark","LOCAL_QUORUM","3","3","../data-generator/output/telemetry-50m","1000000","1000000","32","1","3","SEQUENTIAL_WRITE","WRITE_ONLY","20000","1","100","0","0","0","MEASUREMENT","1","20000","20000","0","28351.4374","705.4316053830837","1.3786519552","1.107968","42.172415","1.344511","1.611775","1.898495",""
"EXP-20260821T194109Z-ae67f3fe","2026-08-21T19:41:09.601156800Z","scylla","benchmark","LOCAL_QUORUM","3","3","../data-generator/output/telemetry-50m","1000000","1000000","32","1","3","SEQUENTIAL_WRITE","WRITE_ONLY","20000","1","100","0","0","0","MEASUREMENT","2","20000","20000","0","28896.164","692.1333918232191","1.4050733311999999","1.139712","7.323647","1.373183","1.662975","1.952767",""
"EXP-20260821T194109Z-ae67f3fe","2026-08-21T19:41:09.601156800Z","scylla","benchmark","LOCAL_QUORUM","3","3","../data-generator/output/telemetry-50m","1000000","1000000","32","1","3","SEQUENTIAL_WRITE","WRITE_ONLY","20000","1","100","0","0","0","MEASUREMENT","3","20000","20000","0","28537.138","700.8411284971885","1.3898418176","1.122304","6.889471","1.360895","1.622015","1.873919",""
"EXP-20260821T194109Z-ae67f3fe","2026-08-21T19:41:09.601156800Z","scylla","benchmark","LOCAL_QUORUM","3","3","../data-generator/output/telemetry-50m","1000000","1000000","32","1","3","CONCURRENT_WRITE","WRITE_ONLY","1000000","32","100","0","0","0","WARMUP","1","1000000","1000000","0","146826.4366","6810.762578978233","4.689357568512","1.389568","129.892351","4.308991","7.774207","10.592255",""
"EXP-20260821T194109Z-ae67f3fe","2026-08-21T19:41:09.601156800Z","scylla","benchmark","LOCAL_QUORUM","3","3","../data-generator/output/telemetry-50m","1000000","1000000","32","1","3","CONCURRENT_WRITE","WRITE_ONLY","1000000","32","100","0","0","0","MEASUREMENT","1","1000000","1000000","0","140274.973","7128.85540886898","4.480528891392","1.511424","30.621695","4.159487","7.254015","9.723903",""
"EXP-20260821T194109Z-ae67f3fe","2026-08-21T19:41:09.601156800Z","scylla","benchmark","LOCAL_QUORUM","3","3","../data-generator/output/telemetry-50m","1000000","1000000","32","1","3","CONCURRENT_WRITE","WRITE_ONLY","1000000","32","100","0","0","0","MEASUREMENT","2","1000000","1000000","0","141434.3002","7070.420672962046","4.5174587852800006","1.439744","66.879487","4.165631","7.417855","10.027007",""
"EXP-20260821T194109Z-ae67f3fe","2026-08-21T19:41:09.601156800Z","scylla","benchmark","LOCAL_QUORUM","3","3","../data-generator/output/telemetry-50m","1000000","1000000","32","1","3","CONCURRENT_WRITE","WRITE_ONLY","1000000","32","100","0","0","0","MEASUREMENT","3","1000000","1000000","0","139760.37","7155.104125726056","4.46391561472","1.480704","55.902207","4.149247","7.213055","9.568255",""
"EXP-20260821T194109Z-ae67f3fe","2026-08-21T19:41:09.601156800Z","scylla","benchmark","LOCAL_QUORUM","3","3","../data-generator/output/telemetry-50m","1000000","1000000","32","1","3","DATA_PRELOAD","SETUP_FOR_READ_SUITE","1000000","32","100","0","0","0","SETUP","1","1000000","1000000","0","135266.0341","7392.838909291273","4.318968291328","1.491968","101.777407","3.989503","6.971391","9.445375",""
"EXP-20260821T194109Z-ae67f3fe","2026-08-21T19:41:09.601156800Z","scylla","benchmark","LOCAL_QUORUM","3","3","../data-generator/output/telemetry-50m","1000000","1000000","32","1","3","READ_SINGLE","READ_ONLY","100000","32","0","100","0","0","WARMUP","1","100000","100000","0","15136.8976","6606.373554380126","4.83582463488","1.558528","28.901375","4.489215","7.929855","10.502143",""
"EXP-20260821T194109Z-ae67f3fe","2026-08-21T19:41:09.601156800Z","scylla","benchmark","LOCAL_QUORUM","3","3","../data-generator/output/telemetry-50m","1000000","1000000","32","1","3","READ_SINGLE","READ_ONLY","100000","32","0","100","0","0","MEASUREMENT","1","100000","100000","0","14708.3725","6798.848750941003","4.7012312832","1.588224","22.511615","4.378623","7.684095","10.059775",""
"EXP-20260821T194109Z-ae67f3fe","2026-08-21T19:41:09.601156800Z","scylla","benchmark","LOCAL_QUORUM","3","3","../data-generator/output/telemetry-50m","1000000","1000000","32","1","3","READ_SINGLE","READ_ONLY","100000","32","0","100","0","0","MEASUREMENT","2","100000","100000","0","14582.89","6857.3513206230045","4.65998760448","1.475584","33.947647","4.341759","7.565311","10.035199",""
"EXP-20260821T194109Z-ae67f3fe","2026-08-21T19:41:09.601156800Z","scylla","benchmark","LOCAL_QUORUM","3","3","../data-generator/output/telemetry-50m","1000000","1000000","32","1","3","READ_SINGLE","READ_ONLY","100000","32","0","100","0","0","MEASUREMENT","3","100000","100000","0","15662.2771","6384.767640204757","5.006181800959999","1.650688","110.624767","4.530175","8.290303","11.681791",""
"EXP-20260821T194109Z-ae67f3fe","2026-08-21T19:41:09.601156800Z","scylla","benchmark","LOCAL_QUORUM","3","3","../data-generator/output/telemetry-50m","1000000","1000000","32","1","3","READ_LATEST","READ_ONLY","100000","32","0","100","0","0","WARMUP","1","100000","100000","0","22886.1515","4369.454602273344","7.31681588736","1.845248","37.093375","6.922239","11.984895","14.852095",""
"EXP-20260821T194109Z-ae67f3fe","2026-08-21T19:41:09.601156800Z","scylla","benchmark","LOCAL_QUORUM","3","3","../data-generator/output/telemetry-50m","1000000","1000000","32","1","3","READ_LATEST","READ_ONLY","100000","32","0","100","0","0","MEASUREMENT","1","100000","100000","0","22458.5597","4452.645286954888","7.18019160576","1.874944","27.099135","6.782975","11.755519","14.729215",""
"EXP-20260821T194109Z-ae67f3fe","2026-08-21T19:41:09.601156800Z","scylla","benchmark","LOCAL_QUORUM","3","3","../data-generator/output/telemetry-50m","1000000","1000000","32","1","3","READ_LATEST","READ_ONLY","100000","32","0","100","0","0","MEASUREMENT","2","100000","100000","0","23028.4554","4342.453641072254","7.36209380864","1.983488","35.586047","6.922239","12.222463","15.720447",""
"EXP-20260821T194109Z-ae67f3fe","2026-08-21T19:41:09.601156800Z","scylla","benchmark","LOCAL_QUORUM","3","3","../data-generator/output/telemetry-50m","1000000","1000000","32","1","3","READ_LATEST","READ_ONLY","100000","32","0","100","0","0","MEASUREMENT","3","100000","100000","0","22569.7594","4430.707400451952","7.21587971584","1.847296","29.081599","6.823935","11.845631","14.942207",""
"EXP-20260821T194109Z-ae67f3fe","2026-08-21T19:41:09.601156800Z","scylla","benchmark","LOCAL_QUORUM","3","3","../data-generator/output/telemetry-50m","1000000","1000000","32","1","3","READ_PARTITION_WINDOW","READ_ONLY","100000","32","0","100","0","0","WARMUP","1","100000","100000","0","37815.5627","2644.4139095145606","12.09387462656","2.56","43.155455","11.534335","19.513343","24.018943",""
"EXP-20260821T194109Z-ae67f3fe","2026-08-21T19:41:09.601156800Z","scylla","benchmark","LOCAL_QUORUM","3","3","../data-generator/output/telemetry-50m","1000000","1000000","32","1","3","READ_PARTITION_WINDOW","READ_ONLY","100000","32","0","100","0","0","MEASUREMENT","1","100000","100000","0","38361.0203","2606.8128328693074","12.267812147199999","2.799616","43.057151","11.681791","19.841023","24.592383",""
"EXP-20260821T194109Z-ae67f3fe","2026-08-21T19:41:09.601156800Z","scylla","benchmark","LOCAL_QUORUM","3","3","../data-generator/output/telemetry-50m","1000000","1000000","32","1","3","READ_PARTITION_WINDOW","READ_ONLY","100000","32","0","100","0","0","MEASUREMENT","2","100000","100000","0","38158.1028","2620.675365442959","12.20314648576","2.82624","45.481983","11.632639","19.709951","24.313855",""
"EXP-20260821T194109Z-ae67f3fe","2026-08-21T19:41:09.601156800Z","scylla","benchmark","LOCAL_QUORUM","3","3","../data-generator/output/telemetry-50m","1000000","1000000","32","1","3","READ_PARTITION_WINDOW","READ_ONLY","100000","32","0","100","0","0","MEASUREMENT","3","100000","100000","0","40593.8719","2463.426012831262","12.981605642240002","2.752512","135.659519","12.263423","21.086207","26.607615",""
"EXP-20260821T194109Z-ae67f3fe","2026-08-21T19:41:09.601156800Z","scylla","benchmark","LOCAL_QUORUM","3","3","../data-generator/output/telemetry-50m","1000000","1000000","32","1","3","READ_TIME_RANGE","READ_ONLY","100000","32","0","100","0","0","WARMUP","1","100000","100000","0","39031.467","2562.0353956975277","12.48256891904","2.643968","78.577663","11.845631","20.299775","25.542655",""
"EXP-20260821T194109Z-ae67f3fe","2026-08-21T19:41:09.601156800Z","scylla","benchmark","LOCAL_QUORUM","3","3","../data-generator/output/telemetry-50m","1000000","1000000","32","1","3","READ_TIME_RANGE","READ_ONLY","100000","32","0","100","0","0","MEASUREMENT","1","100000","100000","0","38456.6902","2600.3277837987216","12.298966784","2.666496","41.975807","11.714559","19.824639","24.444927",""
"EXP-20260821T194109Z-ae67f3fe","2026-08-21T19:41:09.601156800Z","scylla","benchmark","LOCAL_QUORUM","3","3","../data-generator/output/telemetry-50m","1000000","1000000","32","1","3","READ_TIME_RANGE","READ_ONLY","100000","32","0","100","0","0","MEASUREMENT","2","100000","100000","0","38085.5278","2625.6692706251533","12.179555584000001","2.697216","37.814271","11.640831","19.578879","23.920639",""
"EXP-20260821T194109Z-ae67f3fe","2026-08-21T19:41:09.601156800Z","scylla","benchmark","LOCAL_QUORUM","3","3","../data-generator/output/telemetry-50m","1000000","1000000","32","1","3","READ_TIME_RANGE","READ_ONLY","100000","32","0","100","0","0","MEASUREMENT","3","100000","100000","0","39368.7934","2540.082927712994","12.5904877568","2.617344","43.778047","12.017663","20.332543","24.723455",""
"EXP-20260821T194109Z-ae67f3fe","2026-08-21T19:41:09.601156800Z","scylla","benchmark","LOCAL_QUORUM","3","3","../data-generator/output/telemetry-50m","1000000","1000000","32","1","3","DATA_PRELOAD","SETUP_FOR_MIXED_WRITE_HEAVY","1000000","32","100","0","0","0","SETUP","1","1000000","1000000","0","144693.2535","6911.172261393653","4.620276992","1.420288","158.728191","4.184063","7.823359","11.370495",""
"EXP-20260821T194109Z-ae67f3fe","2026-08-21T19:41:09.601156800Z","scylla","benchmark","LOCAL_QUORUM","3","3","../data-generator/output/telemetry-50m","1000000","1000000","32","1","3","MIXED_WORKLOAD","WRITE_HEAVY","100000","32","80","20","0","0","WARMUP","1","100000","100000","0","17860.3664","5598.989279413663","5.70477604352","1.579008","28.590079","5.214207","10.043391","13.303807",""
"EXP-20260821T194109Z-ae67f3fe","2026-08-21T19:41:09.601156800Z","scylla","benchmark","LOCAL_QUORUM","3","3","../data-generator/output/telemetry-50m","1000000","1000000","32","1","3","MIXED_WORKLOAD","WRITE_HEAVY","100000","32","80","20","0","0","MEASUREMENT","1","100000","100000","0","17926.3244","5578.3883951135","5.72950618112","1.683456","36.765695","5.238783","10.067967","13.344767",""
"EXP-20260821T194109Z-ae67f3fe","2026-08-21T19:41:09.601156800Z","scylla","benchmark","LOCAL_QUORUM","3","3","../data-generator/output/telemetry-50m","1000000","1000000","32","1","3","MIXED_WORKLOAD","WRITE_HEAVY","100000","32","80","20","0","0","MEASUREMENT","2","100000","100000","0","17841.8756","5604.7919087609835","5.70291500544","1.647616","24.444927","5.230591","10.002431","13.066239",""
"EXP-20260821T194109Z-ae67f3fe","2026-08-21T19:41:09.601156800Z","scylla","benchmark","LOCAL_QUORUM","3","3","../data-generator/output/telemetry-50m","1000000","1000000","32","1","3","MIXED_WORKLOAD","WRITE_HEAVY","100000","32","80","20","0","0","MEASUREMENT","3","100000","100000","0","18327.1917","5456.373329690222","5.85819965952","1.57184","35.487743","5.337087","10.346495","13.705215",""
"EXP-20260821T194109Z-ae67f3fe","2026-08-21T19:41:09.601156800Z","scylla","benchmark","LOCAL_QUORUM","3","3","../data-generator/output/telemetry-50m","1000000","1000000","32","1","3","DATA_PRELOAD","SETUP_FOR_MIXED_BALANCED","1000000","32","100","0","0","0","SETUP","1","1000000","1000000","0","136244.8812","7339.725288703176","4.350582921728","1.47968","27.967487","4.038655","7.069695","9.420799",""
"EXP-20260821T194109Z-ae67f3fe","2026-08-21T19:41:09.601156800Z","scylla","benchmark","LOCAL_QUORUM","3","3","../data-generator/output/telemetry-50m","1000000","1000000","32","1","3","MIXED_WORKLOAD","BALANCED","100000","32","50","50","0","0","WARMUP","1","100000","100000","0","21479.6278","4655.574152918982","6.865415024640001","1.718272","27.017215","6.316031","12.107775","15.491071",""
"EXP-20260821T194109Z-ae67f3fe","2026-08-21T19:41:09.601156800Z","scylla","benchmark","LOCAL_QUORUM","3","3","../data-generator/output/telemetry-50m","1000000","1000000","32","1","3","MIXED_WORKLOAD","BALANCED","100000","32","50","50","0","0","MEASUREMENT","1","100000","100000","0","21358.8479","4681.900468985502","6.82847725056","1.792","34.537471","6.287359","11.943935","15.302655",""
"EXP-20260821T194109Z-ae67f3fe","2026-08-21T19:41:09.601156800Z","scylla","benchmark","LOCAL_QUORUM","3","3","../data-generator/output/telemetry-50m","1000000","1000000","32","1","3","MIXED_WORKLOAD","BALANCED","100000","32","50","50","0","0","MEASUREMENT","2","100000","100000","0","21694.8305","4609.393007241979","6.93517876224","1.598464","45.187071","6.291455","12.435455","16.523263",""
"EXP-20260821T194109Z-ae67f3fe","2026-08-21T19:41:09.601156800Z","scylla","benchmark","LOCAL_QUORUM","3","3","../data-generator/output/telemetry-50m","1000000","1000000","32","1","3","MIXED_WORKLOAD","BALANCED","100000","32","50","50","0","0","MEASUREMENT","3","100000","100000","0","22624.7434","4419.939631226934","7.23323272192","1.686528","93.388799","6.430719","13.049855","18.808831",""
"EXP-20260821T194109Z-ae67f3fe","2026-08-21T19:41:09.601156800Z","scylla","benchmark","LOCAL_QUORUM","3","3","../data-generator/output/telemetry-50m","1000000","1000000","32","1","3","DATA_PRELOAD","SETUP_FOR_MIXED_READ_HEAVY","1000000","32","100","0","0","0","SETUP","1","1000000","1000000","0","136119.4959","7346.486213368353","4.346338814464","1.46432","37.388287","4.034559","7.053311","9.412607",""
"EXP-20260821T194109Z-ae67f3fe","2026-08-21T19:41:09.601156800Z","scylla","benchmark","LOCAL_QUORUM","3","3","../data-generator/output/telemetry-50m","1000000","1000000","32","1","3","MIXED_WORKLOAD","READ_HEAVY","100000","32","20","80","0","0","WARMUP","1","100000","100000","0","22443.4466","4455.643635412041","7.17474558976","1.852416","28.491775","6.717439","12.091391","15.138815",""
"EXP-20260821T194109Z-ae67f3fe","2026-08-21T19:41:09.601156800Z","scylla","benchmark","LOCAL_QUORUM","3","3","../data-generator/output/telemetry-50m","1000000","1000000","32","1","3","MIXED_WORKLOAD","READ_HEAVY","100000","32","20","80","0","0","MEASUREMENT","1","100000","100000","0","23652.5408","4227.875594659158","7.56140839424","1.816576","54.624255","7.024639","12.918783","16.670719",""
"EXP-20260821T194109Z-ae67f3fe","2026-08-21T19:41:09.601156800Z","scylla","benchmark","LOCAL_QUORUM","3","3","../data-generator/output/telemetry-50m","1000000","1000000","32","1","3","MIXED_WORKLOAD","READ_HEAVY","100000","32","20","80","0","0","MEASUREMENT","2","100000","100000","0","24693.315","4049.679032564077","7.89515689984","1.900544","42.795007","7.254015","14.049279","18.530303",""
"EXP-20260821T194109Z-ae67f3fe","2026-08-21T19:41:09.601156800Z","scylla","benchmark","LOCAL_QUORUM","3","3","../data-generator/output/telemetry-50m","1000000","1000000","32","1","3","MIXED_WORKLOAD","READ_HEAVY","100000","32","20","80","0","0","MEASUREMENT","3","100000","100000","0","22799.99","4385.966835950367","7.2889120768","1.778688","39.747583","6.823935","12.255231","15.589375",""
"EXP-20260821T194109Z-ae67f3fe","2026-08-21T19:41:09.601156800Z","scylla","benchmark","LOCAL_QUORUM","3","3","../data-generator/output/telemetry-50m","1000000","1000000","32","1","3","SUSTAINED_INGESTION","SUSTAINED_WRITE","1200000","32","100","0","2000","600","MEASUREMENT","1","1200001","1200001","0","600002.8239","1999.9922537031248","2.0511880741432718","1.301504","199.360511","1.894399","2.447359","4.083711",""
"EXP-20260821T213411Z-d2576fc0","2026-08-21T21:34:11.411580800Z","cassandra","benchmark","LOCAL_QUORUM","3","3","../data-generator/output/telemetry-50m","5000000","5000000","32","1","3","SEQUENTIAL_WRITE","WRITE_ONLY","20000","1","100","0","0","0","WARMUP","1","20000","20000","0","76917.8092","260.0178061233704","3.7722763264","2.557952","48.332799","3.563519","4.956159","7.196671",""
"EXP-20260821T213411Z-d2576fc0","2026-08-21T21:34:11.411580800Z","cassandra","benchmark","LOCAL_QUORUM","3","3","../data-generator/output/telemetry-50m","5000000","5000000","32","1","3","SEQUENTIAL_WRITE","WRITE_ONLY","20000","1","100","0","0","0","MEASUREMENT","1","20000","20000","0","64451.6569","310.31009848251085","3.154237952","2.373632","12.648447","3.108863","3.678207","4.139007",""
"EXP-20260821T213411Z-d2576fc0","2026-08-21T21:34:11.411580800Z","cassandra","benchmark","LOCAL_QUORUM","3","3","../data-generator/output/telemetry-50m","5000000","5000000","32","1","3","SEQUENTIAL_WRITE","WRITE_ONLY","20000","1","100","0","0","0","MEASUREMENT","2","20000","20000","0","63156.4779","316.67377068853295","3.0896440320000003","2.383872","29.278207","3.039231","3.592191","4.134911",""
"EXP-20260821T213411Z-d2576fc0","2026-08-21T21:34:11.411580800Z","cassandra","benchmark","LOCAL_QUORUM","3","3","../data-generator/output/telemetry-50m","5000000","5000000","32","1","3","SEQUENTIAL_WRITE","WRITE_ONLY","20000","1","100","0","0","0","MEASUREMENT","3","20000","20000","0","62060.4156","322.26661401861446","3.0394381823999996","2.37568","12.763135","3.010559","3.446783","3.883007",""
"EXP-20260821T213411Z-d2576fc0","2026-08-21T21:34:11.411580800Z","cassandra","benchmark","LOCAL_QUORUM","3","3","../data-generator/output/telemetry-50m","5000000","5000000","32","1","3","CONCURRENT_WRITE","WRITE_ONLY","1000000","32","100","0","0","0","WARMUP","1","1000000","1000000","0","271958.9416","3677.025635254936","8.687078740992","2.121728","365.690879","7.987199","14.483455","20.758527",""
"EXP-20260821T213411Z-d2576fc0","2026-08-21T21:34:11.411580800Z","cassandra","benchmark","LOCAL_QUORUM","3","3","../data-generator/output/telemetry-50m","5000000","5000000","32","1","3","CONCURRENT_WRITE","WRITE_ONLY","1000000","32","100","0","0","0","MEASUREMENT","1","1000000","1000000","0","266870.5398","3747.1352242530293","8.525495199743998","2.115584","324.534271","7.966719","13.836287","18.169855",""
"EXP-20260821T213411Z-d2576fc0","2026-08-21T21:34:11.411580800Z","cassandra","benchmark","LOCAL_QUORUM","3","3","../data-generator/output/telemetry-50m","5000000","5000000","32","1","3","CONCURRENT_WRITE","WRITE_ONLY","1000000","32","100","0","0","0","MEASUREMENT","2","1000000","1000000","0","265543.7857","3765.8572855090542","8.482959006720002","2.193408","274.464767","7.925759","13.680639","17.924095",""
"EXP-20260821T213411Z-d2576fc0","2026-08-21T21:34:11.411580800Z","cassandra","benchmark","LOCAL_QUORUM","3","3","../data-generator/output/telemetry-50m","5000000","5000000","32","1","3","CONCURRENT_WRITE","WRITE_ONLY","1000000","32","100","0","0","0","MEASUREMENT","3","1000000","1000000","0","267404.6157","3739.651229961921","8.54246901248","2.289664","482.344959","7.954431","13.852671","18.268159",""
"EXP-20260821T213411Z-d2576fc0","2026-08-21T21:34:11.411580800Z","cassandra","benchmark","LOCAL_QUORUM","3","3","../data-generator/output/telemetry-50m","5000000","5000000","32","1","3","DATA_PRELOAD","SETUP_FOR_READ_SUITE","5000000","32","100","0","0","0","SETUP","1","5000000","5000000","0","1328385.2798","3763.9682372517664","8.486269560319998","2.03264","632.815615","7.798783","13.967359","19.267583",""
"EXP-20260821T213411Z-d2576fc0","2026-08-21T21:34:11.411580800Z","cassandra","benchmark","LOCAL_QUORUM","3","3","../data-generator/output/telemetry-50m","5000000","5000000","32","1","3","READ_SINGLE","READ_ONLY","100000","32","0","100","0","0","WARMUP","1","100000","100000","0","70276.031501","1422.960259197007","22.47290052608","2.885632","544.735231","19.185663","46.759935","69.074943",""
"EXP-20260821T213411Z-d2576fc0","2026-08-21T21:34:11.411580800Z","cassandra","benchmark","LOCAL_QUORUM","3","3","../data-generator/output/telemetry-50m","5000000","5000000","32","1","3","READ_SINGLE","READ_ONLY","100000","32","0","100","0","0","MEASUREMENT","1","100000","100000","0","35604.550499","2808.629756547794","11.38275151872","2.410496","134.873087","10.543103","19.218431","27.082751",""
"EXP-20260821T213411Z-d2576fc0","2026-08-21T21:34:11.411580800Z","cassandra","benchmark","LOCAL_QUORUM","3","3","../data-generator/output/telemetry-50m","5000000","5000000","32","1","3","READ_SINGLE","READ_ONLY","100000","32","0","100","0","0","MEASUREMENT","2","100000","100000","0","34456.4724","2902.212357641115","11.01650220032","2.473984","71.696383","10.305535","18.284543","24.215551",""
"EXP-20260821T213411Z-d2576fc0","2026-08-21T21:34:11.411580800Z","cassandra","benchmark","LOCAL_QUORUM","3","3","../data-generator/output/telemetry-50m","5000000","5000000","32","1","3","READ_SINGLE","READ_ONLY","100000","32","0","100","0","0","MEASUREMENT","3","100000","100000","0","33247.094601","3007.7816182167153","10.63000899584","2.422784","39.911423","10.092543","17.203199","21.725183",""
"EXP-20260821T213411Z-d2576fc0","2026-08-21T21:34:11.411580800Z","cassandra","benchmark","LOCAL_QUORUM","3","3","../data-generator/output/telemetry-50m","5000000","5000000","32","1","3","READ_LATEST","READ_ONLY","100000","32","0","100","0","0","WARMUP","1","100000","100000","0","34811.564699","2872.60859615634","11.12922847232","2.254848","58.064895","9.814015","21.839871","31.211519",""
"EXP-20260821T213411Z-d2576fc0","2026-08-21T21:34:11.411580800Z","cassandra","benchmark","LOCAL_QUORUM","3","3","../data-generator/output/telemetry-50m","5000000","5000000","32","1","3","READ_LATEST","READ_ONLY","100000","32","0","100","0","0","MEASUREMENT","1","100000","100000","0","29373.5625","3404.421918519417","9.38928934912","2.4576","64.258047","8.781823","15.294463","22.380543",""
"EXP-20260821T213411Z-d2576fc0","2026-08-21T21:34:11.411580800Z","cassandra","benchmark","LOCAL_QUORUM","3","3","../data-generator/output/telemetry-50m","5000000","5000000","32","1","3","READ_LATEST","READ_ONLY","100000","32","0","100","0","0","MEASUREMENT","2","100000","100000","0","29441.4873","3396.5675368580987","9.4123055616","2.469888","123.011071","8.855551","15.400959","19.988479",""
"EXP-20260821T213411Z-d2576fc0","2026-08-21T21:34:11.411580800Z","cassandra","benchmark","LOCAL_QUORUM","3","3","../data-generator/output/telemetry-50m","5000000","5000000","32","1","3","READ_LATEST","READ_ONLY","100000","32","0","100","0","0","MEASUREMENT","3","100000","100000","0","29422.086","3398.807276955142","9.406176307199999","2.49856","62.193663","8.830975","15.474687","20.217855",""
"EXP-20260821T213411Z-d2576fc0","2026-08-21T21:34:11.411580800Z","cassandra","benchmark","LOCAL_QUORUM","3","3","../data-generator/output/telemetry-50m","5000000","5000000","32","1","3","READ_PARTITION_WINDOW","READ_ONLY","100000","32","0","100","0","0","WARMUP","1","100000","100000","0","72122.575201","1386.5284166754693","23.06883680256","4.206592","158.859263","20.578303","42.303487","54.591487",""
"EXP-20260821T213411Z-d2576fc0","2026-08-21T21:34:11.411580800Z","cassandra","benchmark","LOCAL_QUORUM","3","3","../data-generator/output/telemetry-50m","5000000","5000000","32","1","3","READ_PARTITION_WINDOW","READ_ONLY","100000","32","0","100","0","0","MEASUREMENT","1","100000","100000","0","70575.6331","1416.919630863361","22.57100122112","4.435968","82.903039","20.365311","41.025535","49.807359",""
"EXP-20260821T213411Z-d2576fc0","2026-08-21T21:34:11.411580800Z","cassandra","benchmark","LOCAL_QUORUM","3","3","../data-generator/output/telemetry-50m","5000000","5000000","32","1","3","READ_PARTITION_WINDOW","READ_ONLY","100000","32","0","100","0","0","MEASUREMENT","2","100000","100000","0","71176.6027","1404.9560699249278","22.76584513536","4.952064","108.920831","20.398079","41.615359","51.019775",""
"EXP-20260821T213411Z-d2576fc0","2026-08-21T21:34:11.411580800Z","cassandra","benchmark","LOCAL_QUORUM","3","3","../data-generator/output/telemetry-50m","5000000","5000000","32","1","3","READ_PARTITION_WINDOW","READ_ONLY","100000","32","0","100","0","0","MEASUREMENT","3","100000","100000","0","70513.481599","1418.1685222789818","22.55314589696","4.968448","84.738047","20.365311","40.894463","50.036735",""
"EXP-20260821T213411Z-d2576fc0","2026-08-21T21:34:11.411580800Z","cassandra","benchmark","LOCAL_QUORUM","3","3","../data-generator/output/telemetry-50m","5000000","5000000","32","1","3","READ_TIME_RANGE","READ_ONLY","100000","32","0","100","0","0","WARMUP","1","100000","100000","0","75519.0763","1324.1687385416287","24.15459538944","4.640768","138.543103","21.200895","45.973503","58.753023",""
"EXP-20260821T213411Z-d2576fc0","2026-08-21T21:34:11.411580800Z","cassandra","benchmark","LOCAL_QUORUM","3","3","../data-generator/output/telemetry-50m","5000000","5000000","32","1","3","READ_TIME_RANGE","READ_ONLY","100000","32","0","100","0","0","MEASUREMENT","1","100000","100000","0","73931.557299","1352.6023751342327","23.64778059776","4.653056","104.333311","21.217279","42.795007","52.887551",""
"EXP-20260821T213411Z-d2576fc0","2026-08-21T21:34:11.411580800Z","cassandra","benchmark","LOCAL_QUORUM","3","3","../data-generator/output/telemetry-50m","5000000","5000000","32","1","3","READ_TIME_RANGE","READ_ONLY","100000","32","0","100","0","0","MEASUREMENT","2","100000","100000","0","72671.4917","1376.0554195421862","23.24348555264","5.259264","92.405759","20.807679","42.336255","51.904511",""
"EXP-20260821T213411Z-d2576fc0","2026-08-21T21:34:11.411580800Z","cassandra","benchmark","LOCAL_QUORUM","3","3","../data-generator/output/telemetry-50m","5000000","5000000","32","1","3","READ_TIME_RANGE","READ_ONLY","100000","32","0","100","0","0","MEASUREMENT","3","100000","100000","0","71808.397801","1392.5947808656915","22.9669784576","3.66592","122.879999","21.004287","41.320447","54.853631",""
"EXP-20260821T213411Z-d2576fc0","2026-08-21T21:34:11.411580800Z","cassandra","benchmark","LOCAL_QUORUM","3","3","../data-generator/output/telemetry-50m","5000000","5000000","32","1","3","DATA_PRELOAD","SETUP_FOR_MIXED_WRITE_HEAVY","5000000","32","100","0","0","0","SETUP","1","5000000","5000000","0","1329022.754101","3762.1628257088682","8.4904968168448","2.06336","733.478911","7.847935","13.836287","18.661375",""
"EXP-20260821T213411Z-d2576fc0","2026-08-21T21:34:11.411580800Z","cassandra","benchmark","LOCAL_QUORUM","3","3","../data-generator/output/telemetry-50m","5000000","5000000","32","1","3","MIXED_WORKLOAD","WRITE_HEAVY","100000","32","80","20","0","0","WARMUP","1","100000","100000","0","29141.941999","3431.480304347304","9.31040164864","2.244608","485.752831","8.593407","15.294463","20.742143",""
"EXP-20260821T213411Z-d2576fc0","2026-08-21T21:34:11.411580800Z","cassandra","benchmark","LOCAL_QUORUM","3","3","../data-generator/output/telemetry-50m","5000000","5000000","32","1","3","MIXED_WORKLOAD","WRITE_HEAVY","100000","32","80","20","0","0","MEASUREMENT","1","100000","100000","0","28729.166399","3480.7832086447443","9.18271893504","2.271232","245.235711","8.486911","15.204351","20.660223",""
"EXP-20260821T213411Z-d2576fc0","2026-08-21T21:34:11.411580800Z","cassandra","benchmark","LOCAL_QUORUM","3","3","../data-generator/output/telemetry-50m","5000000","5000000","32","1","3","MIXED_WORKLOAD","WRITE_HEAVY","100000","32","80","20","0","0","MEASUREMENT","2","100000","100000","0","29688.1498","3368.347326245302","9.49000414208","2.414592","250.609663","8.765439","16.179199","21.970943",""
"EXP-20260821T213411Z-d2576fc0","2026-08-21T21:34:11.411580800Z","cassandra","benchmark","LOCAL_QUORUM","3","3","../data-generator/output/telemetry-50m","5000000","5000000","32","1","3","MIXED_WORKLOAD","WRITE_HEAVY","100000","32","80","20","0","0","MEASUREMENT","3","100000","100000","0","30532.387901","3275.2105837331114","9.760288860160001","2.394112","333.709311","8.716287","17.104895","28.049407",""
"EXP-20260821T213411Z-d2576fc0","2026-08-21T21:34:11.411580800Z","cassandra","benchmark","LOCAL_QUORUM","3","3","../data-generator/output/telemetry-50m","5000000","5000000","32","1","3","DATA_PRELOAD","SETUP_FOR_MIXED_BALANCED","5000000","32","100","0","0","0","SETUP","1","5000000","5000000","0","1361465.649501","3672.512781965952","8.6972985230336","2.003968","730.857471","8.019967","14.327807","19.365887",""
"EXP-20260821T213411Z-d2576fc0","2026-08-21T21:34:11.411580800Z","cassandra","benchmark","LOCAL_QUORUM","3","3","../data-generator/output/telemetry-50m","5000000","5000000","32","1","3","MIXED_WORKLOAD","BALANCED","100000","32","50","50","0","0","WARMUP","1","100000","100000","0","40216.0245","2486.5709936097737","12.8578318848","2.281472","389.545983","11.452415","23.511039","35.356671",""
"EXP-20260821T213411Z-d2576fc0","2026-08-21T21:34:11.411580800Z","cassandra","benchmark","LOCAL_QUORUM","3","3","../data-generator/output/telemetry-50m","5000000","5000000","32","1","3","MIXED_WORKLOAD","BALANCED","100000","32","50","50","0","0","MEASUREMENT","1","100000","100000","0","30516.9857","3276.863612384889","9.7560285184","2.142208","304.611327","9.052159","16.236543","21.151743",""
"EXP-20260821T213411Z-d2576fc0","2026-08-21T21:34:11.411580800Z","cassandra","benchmark","LOCAL_QUORUM","3","3","../data-generator/output/telemetry-50m","5000000","5000000","32","1","3","MIXED_WORKLOAD","BALANCED","100000","32","50","50","0","0","MEASUREMENT","2","100000","100000","0","29779.6842","3357.993970936737","9.519338168320001","2.4576","192.413695","8.937471","15.745023","20.086783",""
"EXP-20260821T213411Z-d2576fc0","2026-08-21T21:34:11.411580800Z","cassandra","benchmark","LOCAL_QUORUM","3","3","../data-generator/output/telemetry-50m","5000000","5000000","32","1","3","MIXED_WORKLOAD","BALANCED","100000","32","50","50","0","0","MEASUREMENT","3","100000","100000","0","30603.6146","3267.587875061007","9.78408451072","2.14016","252.444671","9.101311","16.416767","21.364735",""
"EXP-20260821T213411Z-d2576fc0","2026-08-21T21:34:11.411580800Z","cassandra","benchmark","LOCAL_QUORUM","3","3","../data-generator/output/telemetry-50m","5000000","5000000","32","1","3","DATA_PRELOAD","SETUP_FOR_MIXED_READ_HEAVY","5000000","32","100","0","0","0","SETUP","1","5000000","5000000","0","1349477.784201","3705.1369489275476","8.621109496832","2.06848","538.443775","7.966719","14.073855","18.923519",""
"EXP-20260821T213411Z-d2576fc0","2026-08-21T21:34:11.411580800Z","cassandra","benchmark","LOCAL_QUORUM","3","3","../data-generator/output/telemetry-50m","5000000","5000000","32","1","3","MIXED_WORKLOAD","READ_HEAVY","100000","32","20","80","0","0","WARMUP","1","100000","100000","0","30225.7799","3308.434069553983","9.66393046016","2.230272","396.361727","8.953855","15.695871","21.577727",""
"EXP-20260821T213411Z-d2576fc0","2026-08-21T21:34:11.411580800Z","cassandra","benchmark","LOCAL_QUORUM","3","3","../data-generator/output/telemetry-50m","5000000","5000000","32","1","3","MIXED_WORKLOAD","READ_HEAVY","100000","32","20","80","0","0","MEASUREMENT","1","100000","100000","0","30541.84","3274.196970451027","9.76294341632","2.28352","169.082879","9.084927","16.277503","22.036479",""
"EXP-20260821T213411Z-d2576fc0","2026-08-21T21:34:11.411580800Z","cassandra","benchmark","LOCAL_QUORUM","3","3","../data-generator/output/telemetry-50m","5000000","5000000","32","1","3","MIXED_WORKLOAD","READ_HEAVY","100000","32","20","80","0","0","MEASUREMENT","2","100000","100000","0","29531.1213","3386.2581438788784","9.4397855744","2.545664","67.895295","8.929279","15.278079","19.791871",""
"EXP-20260821T213411Z-d2576fc0","2026-08-21T21:34:11.411580800Z","cassandra","benchmark","LOCAL_QUORUM","3","3","../data-generator/output/telemetry-50m","5000000","5000000","32","1","3","MIXED_WORKLOAD","READ_HEAVY","100000","32","20","80","0","0","MEASUREMENT","3","100000","100000","0","29615.5368","3376.6060252536095","9.46591350784","2.258944","110.952447","8.953855","15.261695","19.464191",""
"EXP-20260821T213411Z-d2576fc0","2026-08-21T21:34:11.411580800Z","cassandra","benchmark","LOCAL_QUORUM","3","3","../data-generator/output/telemetry-50m","5000000","5000000","32","1","3","SUSTAINED_INGESTION","SUSTAINED_WRITE","1200000","32","100","0","2000","600","MEASUREMENT","1","1199999","1199999","0","600007.4594","1999.973468996509","5.073787541222951","2.097152","463.732735","4.149247","8.544255","20.054015",""
"EXP-20260821T235904Z-8fb2a940","2026-08-21T23:59:04.360007500Z","scylla","benchmark","LOCAL_QUORUM","3","3","../data-generator/output/telemetry-50m","5000000","5000000","32","1","3","SEQUENTIAL_WRITE","WRITE_ONLY","20000","1","100","0","0","0","WARMUP","1","20000","20000","0","28534.2921","700.9110276823725","1.3829756288000001","0.999936","8.822783","1.356799","1.653759","1.966079",""
"EXP-20260821T235904Z-8fb2a940","2026-08-21T23:59:04.360007500Z","scylla","benchmark","LOCAL_QUORUM","3","3","../data-generator/output/telemetry-50m","5000000","5000000","32","1","3","SEQUENTIAL_WRITE","WRITE_ONLY","20000","1","100","0","0","0","MEASUREMENT","1","20000","20000","0","29383.2163","680.6606804306851","1.4270044672000002","1.137664","11.526143","1.375231","1.727487","2.246655",""
"EXP-20260821T235904Z-8fb2a940","2026-08-21T23:59:04.360007500Z","scylla","benchmark","LOCAL_QUORUM","3","3","../data-generator/output/telemetry-50m","5000000","5000000","32","1","3","SEQUENTIAL_WRITE","WRITE_ONLY","20000","1","100","0","0","0","MEASUREMENT","2","20000","20000","0","29020.1295","689.1768005377095","1.4091580672","1.158144","6.422527","1.379327","1.654783","1.951743",""
"EXP-20260821T235904Z-8fb2a940","2026-08-21T23:59:04.360007500Z","scylla","benchmark","LOCAL_QUORUM","3","3","../data-generator/output/telemetry-50m","5000000","5000000","32","1","3","SEQUENTIAL_WRITE","WRITE_ONLY","20000","1","100","0","0","0","MEASUREMENT","3","20000","20000","0","28808.9241","694.2293273631833","1.4015742208","1.158144","9.363455","1.374207","1.624063","1.867775",""
"EXP-20260821T235904Z-8fb2a940","2026-08-21T23:59:04.360007500Z","scylla","benchmark","LOCAL_QUORUM","3","3","../data-generator/output/telemetry-50m","5000000","5000000","32","1","3","CONCURRENT_WRITE","WRITE_ONLY","1000000","32","100","0","0","0","WARMUP","1","1000000","1000000","0","148245.8609","6745.5508971987765","4.734485599232","1.569792","84.082687","4.370431","7.876607","10.575871",""
"EXP-20260821T235904Z-8fb2a940","2026-08-21T23:59:04.360007500Z","scylla","benchmark","LOCAL_QUORUM","3","3","../data-generator/output/telemetry-50m","5000000","5000000","32","1","3","CONCURRENT_WRITE","WRITE_ONLY","1000000","32","100","0","0","0","MEASUREMENT","1","1000000","1000000","0","145946.194","6851.84020626122","4.661761230336","1.432576","134.152191","4.304895","7.671807","10.346495",""
"EXP-20260821T235904Z-8fb2a940","2026-08-21T23:59:04.360007500Z","scylla","benchmark","LOCAL_QUORUM","3","3","../data-generator/output/telemetry-50m","5000000","5000000","32","1","3","CONCURRENT_WRITE","WRITE_ONLY","1000000","32","100","0","0","0","MEASUREMENT","2","1000000","1000000","0","143465.5361","6970.315151528576","4.582522845184","1.573888","33.849343","4.259839","7.483391","9.920511",""
"EXP-20260821T235904Z-8fb2a940","2026-08-21T23:59:04.360007500Z","scylla","benchmark","LOCAL_QUORUM","3","3","../data-generator/output/telemetry-50m","5000000","5000000","32","1","3","CONCURRENT_WRITE","WRITE_ONLY","1000000","32","100","0","0","0","MEASUREMENT","3","1000000","1000000","0","144308.0369","6929.620979411992","4.609385416704","1.453056","154.009599","4.251647","7.561215","10.182655",""
"EXP-20260821T235904Z-8fb2a940","2026-08-21T23:59:04.360007500Z","scylla","benchmark","LOCAL_QUORUM","3","3","../data-generator/output/telemetry-50m","5000000","5000000","32","1","3","DATA_PRELOAD","SETUP_FOR_READ_SUITE","5000000","32","100","0","0","0","SETUP","1","5000000","5000000","0","747706.5954","6687.1150137777695","4.7748993430528","1.490944","144.965631","4.370431","8.089599","11.198463",""
"EXP-20260821T235904Z-8fb2a940","2026-08-21T23:59:04.360007500Z","scylla","benchmark","LOCAL_QUORUM","3","3","../data-generator/output/telemetry-50m","5000000","5000000","32","1","3","READ_SINGLE","READ_ONLY","100000","32","0","100","0","0","WARMUP","1","100000","100000","0","15585.3936","6416.2640076026055","4.979795522560001","1.656832","20.267007","4.673535","8.138751","10.657791",""
"EXP-20260821T235904Z-8fb2a940","2026-08-21T23:59:04.360007500Z","scylla","benchmark","LOCAL_QUORUM","3","3","../data-generator/output/telemetry-50m","5000000","5000000","32","1","3","READ_SINGLE","READ_ONLY","100000","32","0","100","0","0","MEASUREMENT","1","100000","100000","0","15744.903","6351.261738481336","5.0317947187200005","1.52064","51.052543","4.612095","8.478719","11.911167",""
"EXP-20260821T235904Z-8fb2a940","2026-08-21T23:59:04.360007500Z","scylla","benchmark","LOCAL_QUORUM","3","3","../data-generator/output/telemetry-50m","5000000","5000000","32","1","3","READ_SINGLE","READ_ONLY","100000","32","0","100","0","0","MEASUREMENT","2","100000","100000","0","15039.2836","6649.252893934389","4.8054645350400005","1.581056","25.837567","4.476927","7.892991","10.354687",""
"EXP-20260821T235904Z-8fb2a940","2026-08-21T23:59:04.360007500Z","scylla","benchmark","LOCAL_QUORUM","3","3","../data-generator/output/telemetry-50m","5000000","5000000","32","1","3","READ_SINGLE","READ_ONLY","100000","32","0","100","0","0","MEASUREMENT","3","100000","100000","0","15765.8135","6342.837938556104","5.03829019648","1.543168","132.710399","4.567039","8.257535","11.591679",""
"EXP-20260821T235904Z-8fb2a940","2026-08-21T23:59:04.360007500Z","scylla","benchmark","LOCAL_QUORUM","3","3","../data-generator/output/telemetry-50m","5000000","5000000","32","1","3","READ_LATEST","READ_ONLY","100000","32","0","100","0","0","WARMUP","1","100000","100000","0","26221.6636","3813.6405655055387","8.383850731519999","2.23232","87.752703","7.946239","13.508607","17.219583",""
"EXP-20260821T235904Z-8fb2a940","2026-08-21T23:59:04.360007500Z","scylla","benchmark","LOCAL_QUORUM","3","3","../data-generator/output/telemetry-50m","5000000","5000000","32","1","3","READ_LATEST","READ_ONLY","100000","32","0","100","0","0","MEASUREMENT","1","100000","100000","0","25696.2372","3891.6203653350462","8.21617831424","2.020352","34.209791","7.839743","13.180927","16.359423",""
"EXP-20260821T235904Z-8fb2a940","2026-08-21T23:59:04.360007500Z","scylla","benchmark","LOCAL_QUORUM","3","3","../data-generator/output/telemetry-50m","5000000","5000000","32","1","3","READ_LATEST","READ_ONLY","100000","32","0","100","0","0","MEASUREMENT","2","100000","100000","0","26675.6249","3748.7406714884496","8.52996491776","1.977344","32.309247","8.163327","13.664255","16.957439",""
"EXP-20260821T235904Z-8fb2a940","2026-08-21T23:59:04.360007500Z","scylla","benchmark","LOCAL_QUORUM","3","3","../data-generator/output/telemetry-50m","5000000","5000000","32","1","3","READ_LATEST","READ_ONLY","100000","32","0","100","0","0","MEASUREMENT","3","100000","100000","0","26638.8677","3753.9133091606595","8.51715288064","1.891328","30.015487","8.073215","13.926399","17.448959",""
"EXP-20260821T235904Z-8fb2a940","2026-08-21T23:59:04.360007500Z","scylla","benchmark","LOCAL_QUORUM","3","3","../data-generator/output/telemetry-50m","5000000","5000000","32","1","3","READ_PARTITION_WINDOW","READ_ONLY","100000","32","0","100","0","0","WARMUP","1","100000","100000","0","41558.6154","2406.239934547964","13.2910440448","2.678784","58.523647","12.615679","21.692415","27.557887",""
"EXP-20260821T235904Z-8fb2a940","2026-08-21T23:59:04.360007500Z","scylla","benchmark","LOCAL_QUORUM","3","3","../data-generator/output/telemetry-50m","5000000","5000000","32","1","3","READ_PARTITION_WINDOW","READ_ONLY","100000","32","0","100","0","0","MEASUREMENT","1","100000","100000","0","41444.3781","2412.8724952444154","13.253246556159999","2.863104","50.987007","12.607487","21.561343","26.886143",""
"EXP-20260821T235904Z-8fb2a940","2026-08-21T23:59:04.360007500Z","scylla","benchmark","LOCAL_QUORUM","3","3","../data-generator/output/telemetry-50m","5000000","5000000","32","1","3","READ_PARTITION_WINDOW","READ_ONLY","100000","32","0","100","0","0","MEASUREMENT","2","100000","100000","0","41351.34","2418.301317442192","13.224083507200001","2.777088","63.930367","12.476415","21.626879","28.311551",""
"EXP-20260821T235904Z-8fb2a940","2026-08-21T23:59:04.360007500Z","scylla","benchmark","LOCAL_QUORUM","3","3","../data-generator/output/telemetry-50m","5000000","5000000","32","1","3","READ_PARTITION_WINDOW","READ_ONLY","100000","32","0","100","0","0","MEASUREMENT","3","100000","100000","0","44490.7149","2247.6599943328847","14.2277394944","2.77504","84.803583","13.524991","23.085055","29.245439",""
"EXP-20260821T235904Z-8fb2a940","2026-08-21T23:59:04.360007500Z","scylla","benchmark","LOCAL_QUORUM","3","3","../data-generator/output/telemetry-50m","5000000","5000000","32","1","3","READ_TIME_RANGE","READ_ONLY","100000","32","0","100","0","0","WARMUP","1","100000","100000","0","43465.6696","2300.666271111581","13.90053074944","2.637824","156.106751","13.074431","22.872063","29.851647",""
"EXP-20260821T235904Z-8fb2a940","2026-08-21T23:59:04.360007500Z","scylla","benchmark","LOCAL_QUORUM","3","3","../data-generator/output/telemetry-50m","5000000","5000000","32","1","3","READ_TIME_RANGE","READ_ONLY","100000","32","0","100","0","0","MEASUREMENT","1","100000","100000","0","42581.8037","2348.420952398501","13.61734093824","2.38592","62.357503","12.836863","22.593535","29.343743",""
"EXP-20260821T235904Z-8fb2a940","2026-08-21T23:59:04.360007500Z","scylla","benchmark","LOCAL_QUORUM","3","3","../data-generator/output/telemetry-50m","5000000","5000000","32","1","3","READ_TIME_RANGE","READ_ONLY","100000","32","0","100","0","0","MEASUREMENT","2","100000","100000","0","42995.2002","2325.8410132952467","13.75072073728","2.594816","53.411839","13.058047","22.413311","28.000255",""
"EXP-20260821T235904Z-8fb2a940","2026-08-21T23:59:04.360007500Z","scylla","benchmark","LOCAL_QUORUM","3","3","../data-generator/output/telemetry-50m","5000000","5000000","32","1","3","READ_TIME_RANGE","READ_ONLY","100000","32","0","100","0","0","MEASUREMENT","3","100000","100000","0","44805.1385","2231.8868627088386","14.32905942016","2.78528","66.912255","13.623295","23.494655","29.753343",""
"EXP-20260821T235904Z-8fb2a940","2026-08-21T23:59:04.360007500Z","scylla","benchmark","LOCAL_QUORUM","3","3","../data-generator/output/telemetry-50m","5000000","5000000","32","1","3","DATA_PRELOAD","SETUP_FOR_MIXED_WRITE_HEAVY","5000000","32","100","0","0","0","SETUP","1","5000000","5000000","0","748168.3129","6682.988191011905","4.7782296882176","1.355776","134.610943","4.386815","8.060927","11.051007",""
"EXP-20260821T235904Z-8fb2a940","2026-08-21T23:59:04.360007500Z","scylla","benchmark","LOCAL_QUORUM","3","3","../data-generator/output/telemetry-50m","5000000","5000000","32","1","3","MIXED_WORKLOAD","WRITE_HEAVY","100000","32","80","20","0","0","WARMUP","1","100000","100000","0","19882.2456","5029.612952774309","6.3491032166400005","1.695744","30.490623","5.775359","11.329535","14.843903",""
"EXP-20260821T235904Z-8fb2a940","2026-08-21T23:59:04.360007500Z","scylla","benchmark","LOCAL_QUORUM","3","3","../data-generator/output/telemetry-50m","5000000","5000000","32","1","3","MIXED_WORKLOAD","WRITE_HEAVY","100000","32","80","20","0","0","MEASUREMENT","1","100000","100000","0","19796.2451","5051.463017095095","6.32718260736","1.692672","34.865151","5.713919","11.345919","15.392767",""
"EXP-20260821T235904Z-8fb2a940","2026-08-21T23:59:04.360007500Z","scylla","benchmark","LOCAL_QUORUM","3","3","../data-generator/output/telemetry-50m","5000000","5000000","32","1","3","MIXED_WORKLOAD","WRITE_HEAVY","100000","32","80","20","0","0","MEASUREMENT","2","100000","100000","0","19217.1647","5203.6812693810125","6.14176493056","1.789952","26.738687","5.615615","10.813439","14.295039",""
"EXP-20260821T235904Z-8fb2a940","2026-08-21T23:59:04.360007500Z","scylla","benchmark","LOCAL_QUORUM","3","3","../data-generator/output/telemetry-50m","5000000","5000000","32","1","3","MIXED_WORKLOAD","WRITE_HEAVY","100000","32","80","20","0","0","MEASUREMENT","3","100000","100000","0","19509.3086","5125.7582752061235","6.2351669504","1.645568","28.884991","5.689343","11.034623","14.663679",""
"EXP-20260821T235904Z-8fb2a940","2026-08-21T23:59:04.360007500Z","scylla","benchmark","LOCAL_QUORUM","3","3","../data-generator/output/telemetry-50m","5000000","5000000","32","1","3","DATA_PRELOAD","SETUP_FOR_MIXED_BALANCED","5000000","32","100","0","0","0","SETUP","1","5000000","5000000","0","738349.8454","6771.857583705807","4.7155876699136","1.518592","124.190719","4.337663","7.880703","10.706943",""
"EXP-20260821T235904Z-8fb2a940","2026-08-21T23:59:04.360007500Z","scylla","benchmark","LOCAL_QUORUM","3","3","../data-generator/output/telemetry-50m","5000000","5000000","32","1","3","MIXED_WORKLOAD","BALANCED","100000","32","50","50","0","0","WARMUP","1","100000","100000","0","23888.9166","4186.041655819586","7.6370178304000005","1.718272","40.173567","6.963199","13.705215","18.153471",""
"EXP-20260821T235904Z-8fb2a940","2026-08-21T23:59:04.360007500Z","scylla","benchmark","LOCAL_QUORUM","3","3","../data-generator/output/telemetry-50m","5000000","5000000","32","1","3","MIXED_WORKLOAD","BALANCED","100000","32","50","50","0","0","MEASUREMENT","1","100000","100000","0","24364.564","4104.321341436686","7.789153868800001","1.866752","63.864831","7.106559","13.926399","18.186239",""
"EXP-20260821T235904Z-8fb2a940","2026-08-21T23:59:04.360007500Z","scylla","benchmark","LOCAL_QUORUM","3","3","../data-generator/output/telemetry-50m","5000000","5000000","32","1","3","MIXED_WORKLOAD","BALANCED","100000","32","50","50","0","0","MEASUREMENT","2","100000","100000","0","23381.8665","4276.818533712866","7.47564704256","1.8176","31.932415","6.864895","13.189119","16.859135",""
"EXP-20260821T235904Z-8fb2a940","2026-08-21T23:59:04.360007500Z","scylla","benchmark","LOCAL_QUORUM","3","3","../data-generator/output/telemetry-50m","5000000","5000000","32","1","3","MIXED_WORKLOAD","BALANCED","100000","32","50","50","0","0","MEASUREMENT","3","100000","100000","0","24669.0379","4053.6643709157383","7.88649697792","1.747968","176.422911","7.045119","14.245887","19.595263",""
"EXP-20260821T235904Z-8fb2a940","2026-08-21T23:59:04.360007500Z","scylla","benchmark","LOCAL_QUORUM","3","3","../data-generator/output/telemetry-50m","5000000","5000000","32","1","3","DATA_PRELOAD","SETUP_FOR_MIXED_READ_HEAVY","5000000","32","100","0","0","0","SETUP","1","5000000","5000000","0","750426.1797","6662.880554085765","4.7927764092928005","1.323008","177.864703","4.390911","8.101887","11.124735",""
"EXP-20260821T235904Z-8fb2a940","2026-08-21T23:59:04.360007500Z","scylla","benchmark","LOCAL_QUORUM","3","3","../data-generator/output/telemetry-50m","5000000","5000000","32","1","3","MIXED_WORKLOAD","READ_HEAVY","100000","32","20","80","0","0","WARMUP","1","100000","100000","0","26022.301","3842.8577088551856","8.31977045504","1.82784","32.555007","7.823359","14.016511","17.547263",""
"EXP-20260821T235904Z-8fb2a940","2026-08-21T23:59:04.360007500Z","scylla","benchmark","LOCAL_QUORUM","3","3","../data-generator/output/telemetry-50m","5000000","5000000","32","1","3","MIXED_WORKLOAD","READ_HEAVY","100000","32","20","80","0","0","MEASUREMENT","1","100000","100000","0","26383.1502","3790.2979455425307","8.43549774336","1.836032","63.864831","7.864319","14.475263","18.431999",""
"EXP-20260821T235904Z-8fb2a940","2026-08-21T23:59:04.360007500Z","scylla","benchmark","LOCAL_QUORUM","3","3","../data-generator/output/telemetry-50m","5000000","5000000","32","1","3","MIXED_WORKLOAD","READ_HEAVY","100000","32","20","80","0","0","MEASUREMENT","2","100000","100000","0","26256.7434","3808.5454268483277","8.39543587328","1.96608","54.722559","7.831551","14.434303","18.546687",""
"EXP-20260821T235904Z-8fb2a940","2026-08-21T23:59:04.360007500Z","scylla","benchmark","LOCAL_QUORUM","3","3","../data-generator/output/telemetry-50m","5000000","5000000","32","1","3","MIXED_WORKLOAD","READ_HEAVY","100000","32","20","80","0","0","MEASUREMENT","3","100000","100000","0","26107.0185","3830.387602475557","8.34682628608","1.77152","99.155967","7.790591","14.131199","17.989631",""
"EXP-20260821T235904Z-8fb2a940","2026-08-21T23:59:04.360007500Z","scylla","benchmark","LOCAL_QUORUM","3","3","../data-generator/output/telemetry-50m","5000000","5000000","32","1","3","SUSTAINED_INGESTION","SUSTAINED_WRITE","1200000","32","100","0","2000","600","MEASUREMENT","1","1199999","1199999","0","600002.8469","1999.9888437196014","2.2430527155039295","1.154048","285.212671","1.958911","2.908159","6.598655",""
"EXP-20260822T012730Z-82fe66af","2026-08-22T01:27:30.513358Z","cassandra","benchmark","LOCAL_QUORUM","3","3","../data-generator/output/telemetry-50m","10000000","10000000","32","1","3","SEQUENTIAL_WRITE","WRITE_ONLY","20000","1","100","0","0","0","WARMUP","1","20000","20000","0","76316.7715","262.0655932752606","3.7431534591999998","2.72384","25.198591","3.616767","4.747263","5.705727",""
"EXP-20260822T012730Z-82fe66af","2026-08-22T01:27:30.513358Z","cassandra","benchmark","LOCAL_QUORUM","3","3","../data-generator/output/telemetry-50m","10000000","10000000","32","1","3","SEQUENTIAL_WRITE","WRITE_ONLY","20000","1","100","0","0","0","MEASUREMENT","1","20000","20000","0","64556.6752","309.805298027492","3.1591622656","2.398208","107.216895","3.112959","3.649535","4.077567",""
"EXP-20260822T012730Z-82fe66af","2026-08-22T01:27:30.513358Z","cassandra","benchmark","LOCAL_QUORUM","3","3","../data-generator/output/telemetry-50m","10000000","10000000","32","1","3","SEQUENTIAL_WRITE","WRITE_ONLY","20000","1","100","0","0","0","MEASUREMENT","2","20000","20000","0","64341.6586","310.8406036645129","3.1479395328","2.392064","27.328511","3.078143","3.661823","4.403199",""
"EXP-20260822T012730Z-82fe66af","2026-08-22T01:27:30.513358Z","cassandra","benchmark","LOCAL_QUORUM","3","3","../data-generator/output/telemetry-50m","10000000","10000000","32","1","3","SEQUENTIAL_WRITE","WRITE_ONLY","20000","1","100","0","0","0","MEASUREMENT","3","20000","20000","0","63251.4747","316.19816130547866","3.0987511808000003","2.291712","61.636607","3.055615","3.557375","3.971071",""
"EXP-20260822T012730Z-82fe66af","2026-08-22T01:27:30.513358Z","cassandra","benchmark","LOCAL_QUORUM","3","3","../data-generator/output/telemetry-50m","10000000","10000000","32","1","3","CONCURRENT_WRITE","WRITE_ONLY","1000000","32","100","0","0","0","WARMUP","1","1000000","1000000","0","280527.9705","3564.7069282169855","8.960786418176","2.01216","417.071103","8.273919","14.917631","20.660223",""
"EXP-20260822T012730Z-82fe66af","2026-08-22T01:27:30.513358Z","cassandra","benchmark","LOCAL_QUORUM","3","3","../data-generator/output/telemetry-50m","10000000","10000000","32","1","3","CONCURRENT_WRITE","WRITE_ONLY","1000000","32","100","0","0","0","MEASUREMENT","1","1000000","1000000","0","275649.2704","3627.79846487125","8.806542833664","2.277376","319.029247","8.212479","14.344191","18.710527",""
"EXP-20260822T012730Z-82fe66af","2026-08-22T01:27:30.513358Z","cassandra","benchmark","LOCAL_QUORUM","3","3","../data-generator/output/telemetry-50m","10000000","10000000","32","1","3","CONCURRENT_WRITE","WRITE_ONLY","1000000","32","100","0","0","0","MEASUREMENT","2","1000000","1000000","0","275575.286","3628.772429179299","8.803391214592","2.107392","299.368447","8.200191","14.352383","18.759679",""
"EXP-20260822T012730Z-82fe66af","2026-08-22T01:27:30.513358Z","cassandra","benchmark","LOCAL_QUORUM","3","3","../data-generator/output/telemetry-50m","10000000","10000000","32","1","3","CONCURRENT_WRITE","WRITE_ONLY","1000000","32","100","0","0","0","MEASUREMENT","3","1000000","1000000","0","271837.4519","3678.668972985617","8.684231483392","2.11968","564.658175","8.089599","14.082047","18.366463",""
"EXP-20260822T012730Z-82fe66af","2026-08-22T01:27:30.513358Z","cassandra","benchmark","LOCAL_QUORUM","3","3","../data-generator/output/telemetry-50m","10000000","10000000","32","1","3","DATA_PRELOAD","SETUP_FOR_READ_SUITE","10000000","32","100","0","0","0","SETUP","1","10000000","10000000","0","2723274.7648","3672.049596043758","8.698622495743999","1.98144","599.785471","7.983103","14.417919","19.857407",""
"EXP-20260822T012730Z-82fe66af","2026-08-22T01:27:30.513358Z","cassandra","benchmark","LOCAL_QUORUM","3","3","../data-generator/output/telemetry-50m","10000000","10000000","32","1","3","READ_SINGLE","READ_ONLY","100000","32","0","100","0","0","WARMUP","1","100000","100000","0","55524.2707","1801.014200444059","17.7541147136","2.347008","153.354239","14.688255","40.140799","53.084159",""
"EXP-20260822T012730Z-82fe66af","2026-08-22T01:27:30.513358Z","cassandra","benchmark","LOCAL_QUORUM","3","3","../data-generator/output/telemetry-50m","10000000","10000000","32","1","3","READ_SINGLE","READ_ONLY","100000","32","0","100","0","0","MEASUREMENT","1","100000","100000","0","36778.4603","2718.982773729655","11.76008100864","2.195456","112.852991","10.690559","20.217855","32.473087",""
"EXP-20260822T012730Z-82fe66af","2026-08-22T01:27:30.513358Z","cassandra","benchmark","LOCAL_QUORUM","3","3","../data-generator/output/telemetry-50m","10000000","10000000","32","1","3","READ_SINGLE","READ_ONLY","100000","32","0","100","0","0","MEASUREMENT","2","100000","100000","0","36148.8097","2766.342815431624","11.55803874304","2.37568","57.081855","10.723327","19.693567","27.574271",""
"EXP-20260822T012730Z-82fe66af","2026-08-22T01:27:30.513358Z","cassandra","benchmark","LOCAL_QUORUM","3","3","../data-generator/output/telemetry-50m","10000000","10000000","32","1","3","READ_SINGLE","READ_ONLY","100000","32","0","100","0","0","MEASUREMENT","3","100000","100000","0","35490.8997","2817.6236963640567","11.3475753984","2.523136","50.429951","10.600447","19.103743","25.116671",""
"EXP-20260822T012730Z-82fe66af","2026-08-22T01:27:30.513358Z","cassandra","benchmark","LOCAL_QUORUM","3","3","../data-generator/output/telemetry-50m","10000000","10000000","32","1","3","READ_LATEST","READ_ONLY","100000","32","0","100","0","0","WARMUP","1","100000","100000","0","34694.1757","2882.3281712959097","11.092100300799999","2.10944","83.623935","9.756671","21.839871","32.423935",""
"EXP-20260822T012730Z-82fe66af","2026-08-22T01:27:30.513358Z","cassandra","benchmark","LOCAL_QUORUM","3","3","../data-generator/output/telemetry-50m","10000000","10000000","32","1","3","READ_LATEST","READ_ONLY","100000","32","0","100","0","0","MEASUREMENT","1","100000","100000","0","30486.157","3280.17729489486","9.745903134719999","2.619392","41.746431","9.125887","16.269311","21.118975",""
"EXP-20260822T012730Z-82fe66af","2026-08-22T01:27:30.513358Z","cassandra","benchmark","LOCAL_QUORUM","3","3","../data-generator/output/telemetry-50m","10000000","10000000","32","1","3","READ_LATEST","READ_ONLY","100000","32","0","100","0","0","MEASUREMENT","2","100000","100000","0","28796.4914","3472.645282056827","9.206352773119999","2.349056","41.091071","8.716287","14.786559","18.808831",""
"EXP-20260822T012730Z-82fe66af","2026-08-22T01:27:30.513358Z","cassandra","benchmark","LOCAL_QUORUM","3","3","../data-generator/output/telemetry-50m","10000000","10000000","32","1","3","READ_LATEST","READ_ONLY","100000","32","0","100","0","0","MEASUREMENT","3","100000","100000","0","29399.6436","3401.4017775371944","9.39768045568","2.304","52.592639","8.822783","15.441919","20.692991",""
"EXP-20260822T012730Z-82fe66af","2026-08-22T01:27:30.513358Z","cassandra","benchmark","LOCAL_QUORUM","3","3","../data-generator/output/telemetry-50m","10000000","10000000","32","1","3","READ_PARTITION_WINDOW","READ_ONLY","100000","32","0","100","0","0","WARMUP","1","100000","100000","0","67421.6909","1483.202195986455","21.563869859839997","3.403776","191.234047","20.103167","37.257215","47.874047",""
"EXP-20260822T012730Z-82fe66af","2026-08-22T01:27:30.513358Z","cassandra","benchmark","LOCAL_QUORUM","3","3","../data-generator/output/telemetry-50m","10000000","10000000","32","1","3","READ_PARTITION_WINDOW","READ_ONLY","100000","32","0","100","0","0","MEASUREMENT","1","100000","100000","0","66586.403","1501.8081093823314","21.29718071296","3.600384","152.961023","19.841023","36.700159","47.120383",""
"EXP-20260822T012730Z-82fe66af","2026-08-22T01:27:30.513358Z","cassandra","benchmark","LOCAL_QUORUM","3","3","../data-generator/output/telemetry-50m","10000000","10000000","32","1","3","READ_PARTITION_WINDOW","READ_ONLY","100000","32","0","100","0","0","MEASUREMENT","2","100000","100000","0","66615.4802","1501.15258044781","21.30598385664","3.577856","110.100479","19.955711","36.569087","46.235647",""
"EXP-20260822T012730Z-82fe66af","2026-08-22T01:27:30.513358Z","cassandra","benchmark","LOCAL_QUORUM","3","3","../data-generator/output/telemetry-50m","10000000","10000000","32","1","3","READ_PARTITION_WINDOW","READ_ONLY","100000","32","0","100","0","0","MEASUREMENT","3","100000","100000","0","69657.5052","1435.5954855529335","22.280476825599997","3.62496","121.176063","20.578303","38.928383","52.789247",""
"EXP-20260822T012730Z-82fe66af","2026-08-22T01:27:30.513358Z","cassandra","benchmark","LOCAL_QUORUM","3","3","../data-generator/output/telemetry-50m","10000000","10000000","32","1","3","READ_TIME_RANGE","READ_ONLY","100000","32","0","100","0","0","WARMUP","1","100000","100000","0","69589.9157","1436.9898137410735","22.25811244032","4.10624","97.255423","20.643839","38.797311","51.544063",""
"EXP-20260822T012730Z-82fe66af","2026-08-22T01:27:30.513358Z","cassandra","benchmark","LOCAL_QUORUM","3","3","../data-generator/output/telemetry-50m","10000000","10000000","32","1","3","READ_TIME_RANGE","READ_ONLY","100000","32","0","100","0","0","MEASUREMENT","1","100000","100000","0","67007.0899","1492.3793907366805","21.4315902976","4.579328","100.335615","20.135935","36.077567","46.006271",""
"EXP-20260822T012730Z-82fe66af","2026-08-22T01:27:30.513358Z","cassandra","benchmark","LOCAL_QUORUM","3","3","../data-generator/output/telemetry-50m","10000000","10000000","32","1","3","READ_TIME_RANGE","READ_ONLY","100000","32","0","100","0","0","MEASUREMENT","2","100000","100000","0","68381.4556","1462.3847814084847","21.87001444352","4.091904","166.068223","20.479999","36.995071","47.579135",""
"EXP-20260822T012730Z-82fe66af","2026-08-22T01:27:30.513358Z","cassandra","benchmark","LOCAL_QUORUM","3","3","../data-generator/output/telemetry-50m","10000000","10000000","32","1","3","READ_TIME_RANGE","READ_ONLY","100000","32","0","100","0","0","MEASUREMENT","3","100000","100000","0","68273.376","1464.6997974730295","21.83532906496","4.214784","114.622463","20.414463","37.126143","47.906815",""
"EXP-20260822T012730Z-82fe66af","2026-08-22T01:27:30.513358Z","cassandra","benchmark","LOCAL_QUORUM","3","3","../data-generator/output/telemetry-50m","10000000","10000000","32","1","3","DATA_PRELOAD","SETUP_FOR_MIXED_WRITE_HEAVY","10000000","32","100","0","0","0","SETUP","1","10000000","10000000","0","2886408.3525","3464.513256185223","9.220102168217599","1.839104","649.592831","8.343551","15.785983","22.970367",""
"EXP-20260822T012730Z-82fe66af","2026-08-22T01:27:30.513358Z","cassandra","benchmark","LOCAL_QUORUM","3","3","../data-generator/output/telemetry-50m","10000000","10000000","32","1","3","MIXED_WORKLOAD","WRITE_HEAVY","100000","32","80","20","0","0","WARMUP","1","100000","100000","0","38615.41","2589.639731910136","12.3386832896","2.62144","204.079103","11.083775","22.102015","34.570239",""
"EXP-20260822T012730Z-82fe66af","2026-08-22T01:27:30.513358Z","cassandra","benchmark","LOCAL_QUORUM","3","3","../data-generator/output/telemetry-50m","10000000","10000000","32","1","3","MIXED_WORKLOAD","WRITE_HEAVY","100000","32","80","20","0","0","MEASUREMENT","1","100000","100000","0","39166.2331","2553.2197529611294","12.51890087936","2.67264","282.066943","11.304959","22.396927","33.243135",""
"EXP-20260822T012730Z-82fe66af","2026-08-22T01:27:30.513358Z","cassandra","benchmark","LOCAL_QUORUM","3","3","../data-generator/output/telemetry-50m","10000000","10000000","32","1","3","MIXED_WORKLOAD","WRITE_HEAVY","100000","32","80","20","0","0","MEASUREMENT","2","100000","100000","0","36603.5532","2731.975211630547","11.70132430848","2.46784","330.563583","10.551295","20.365311","31.047679",""
"EXP-20260822T012730Z-82fe66af","2026-08-22T01:27:30.513358Z","cassandra","benchmark","LOCAL_QUORUM","3","3","../data-generator/output/telemetry-50m","10000000","10000000","32","1","3","MIXED_WORKLOAD","WRITE_HEAVY","100000","32","80","20","0","0","MEASUREMENT","3","100000","100000","0","41629.7044","2402.130916884435","13.31134359552","2.482176","546.308095","11.517951","25.739263","41.549823",""
"EXP-20260822T012730Z-82fe66af","2026-08-22T01:27:30.513358Z","cassandra","benchmark","LOCAL_QUORUM","3","3","../data-generator/output/telemetry-50m","10000000","10000000","32","1","3","DATA_PRELOAD","SETUP_FOR_MIXED_BALANCED","10000000","32","100","0","0","0","SETUP","1","10000000","10000000","0","3164224.6255","3160.331892815553","10.1077096294912","2.08896","696.778751","9.068543","17.825791","26.492927",""
"EXP-20260822T012730Z-82fe66af","2026-08-22T01:27:30.513358Z","cassandra","benchmark","LOCAL_QUORUM","3","3","../data-generator/output/telemetry-50m","10000000","10000000","32","1","3","MIXED_WORKLOAD","BALANCED","100000","32","50","50","0","0","WARMUP","1","100000","100000","0","34924.5487","2863.315453522238","11.16634770432","2.390016","164.888575","10.100735","19.890175","29.097983",""
"EXP-20260822T012730Z-82fe66af","2026-08-22T01:27:30.513358Z","cassandra","benchmark","LOCAL_QUORUM","3","3","../data-generator/output/telemetry-50m","10000000","10000000","32","1","3","MIXED_WORKLOAD","BALANCED","100000","32","50","50","0","0","MEASUREMENT","1","100000","100000","0","38618.1191","2589.458066071374","12.34475510784","2.680832","159.252479","11.370495","21.331967","30.064639",""
"EXP-20260822T012730Z-82fe66af","2026-08-22T01:27:30.513358Z","cassandra","benchmark","LOCAL_QUORUM","3","3","../data-generator/output/telemetry-50m","10000000","10000000","32","1","3","MIXED_WORKLOAD","BALANCED","100000","32","50","50","0","0","MEASUREMENT","2","100000","100000","0","38240.4026","2615.035229780766","12.22413362176","2.740224","364.380159","11.157503","21.053439","31.326207",""
"EXP-20260822T012730Z-82fe66af","2026-08-22T01:27:30.513358Z","cassandra","benchmark","LOCAL_QUORUM","3","3","../data-generator/output/telemetry-50m","10000000","10000000","32","1","3","MIXED_WORKLOAD","BALANCED","100000","32","50","50","0","0","MEASUREMENT","3","100000","100000","0","32202.2296","3105.3750390004056","10.29401070592","2.27328","320.339967","9.469951","17.596415","24.412159",""
"EXP-20260822T012730Z-82fe66af","2026-08-22T01:27:30.513358Z","cassandra","benchmark","LOCAL_QUORUM","3","3","../data-generator/output/telemetry-50m","10000000","10000000","32","1","3","DATA_PRELOAD","SETUP_FOR_MIXED_READ_HEAVY","10000000","32","100","0","0","0","SETUP","1","10000000","10000000","0","3161182.3498","3163.373350048179","10.097964217548801","2.105344","685.244415","9.052159","17.858559","26.705919",""
"EXP-20260822T012730Z-82fe66af","2026-08-22T01:27:30.513358Z","cassandra","benchmark","LOCAL_QUORUM","3","3","../data-generator/output/telemetry-50m","10000000","10000000","32","1","3","MIXED_WORKLOAD","READ_HEAVY","100000","32","20","80","0","0","WARMUP","1","100000","100000","0","35285.0529","2834.061218029235","11.28102562816","2.783232","212.336639","10.182655","19.578879","29.540351",""
"EXP-20260822T012730Z-82fe66af","2026-08-22T01:27:30.513358Z","cassandra","benchmark","LOCAL_QUORUM","3","3","../data-generator/output/telemetry-50m","10000000","10000000","32","1","3","MIXED_WORKLOAD","READ_HEAVY","100000","32","20","80","0","0","MEASUREMENT","1","100000","100000","0","38346.6089","2607.792523734739","12.26131141632","2.781184","247.463935","11.108351","21.413887","34.308095",""
"EXP-20260822T012730Z-82fe66af","2026-08-22T01:27:30.513358Z","cassandra","benchmark","LOCAL_QUORUM","3","3","../data-generator/output/telemetry-50m","10000000","10000000","32","1","3","MIXED_WORKLOAD","READ_HEAVY","100000","32","20","80","0","0","MEASUREMENT","2","100000","100000","0","39075.5992","2559.141818610935","12.49112815616","2.500608","180.879359","11.419647","21.790719","32.800767",""
"EXP-20260822T012730Z-82fe66af","2026-08-22T01:27:30.513358Z","cassandra","benchmark","LOCAL_QUORUM","3","3","../data-generator/output/telemetry-50m","10000000","10000000","32","1","3","MIXED_WORKLOAD","READ_HEAVY","100000","32","20","80","0","0","MEASUREMENT","3","100000","100000","0","31748.9313","3149.712318033206","10.1503169536","2.482176","168.034303","9.363455","17.334271","24.035327",""
"EXP-20260822T012730Z-82fe66af","2026-08-22T01:27:30.513358Z","cassandra","benchmark","LOCAL_QUORUM","3","3","../data-generator/output/telemetry-50m","10000000","10000000","32","1","3","SUSTAINED_INGESTION","SUSTAINED_WRITE","1200000","32","100","0","2000","600","MEASUREMENT","1","1200001","1200001","0","600007.703","1999.9759903082445","11.927551785813513","2.164736","519.307263","5.644287","52.297727","86.310911",""
"EXP-20260822T072020Z-2f735855","2026-08-22T07:20:20.470896500Z","scylla","benchmark","LOCAL_QUORUM","3","3","../data-generator/output/telemetry-50m","10000000","10000000","32","1","3","SEQUENTIAL_WRITE","WRITE_ONLY","20000","1","100","0","0","0","WARMUP","1","20000","20000","0","28841.4804","693.4456804096644","1.4006677632","1.014784","100.532223","1.337343","1.774591","2.030591",""
"EXP-20260822T072020Z-2f735855","2026-08-22T07:20:20.470896500Z","scylla","benchmark","LOCAL_QUORUM","3","3","../data-generator/output/telemetry-50m","10000000","10000000","32","1","3","SEQUENTIAL_WRITE","WRITE_ONLY","20000","1","100","0","0","0","MEASUREMENT","1","20000","20000","0","28141.698","710.6891702128279","1.3686987264000001","1.12128","11.370495","1.330175","1.658879","1.944575",""
"EXP-20260822T072020Z-2f735855","2026-08-22T07:20:20.470896500Z","scylla","benchmark","LOCAL_QUORUM","3","3","../data-generator/output/telemetry-50m","10000000","10000000","32","1","3","SEQUENTIAL_WRITE","WRITE_ONLY","20000","1","100","0","0","0","MEASUREMENT","2","20000","20000","0","31866.0852","627.6265149758653","1.5506810624","1.140736","15.720447","1.511423","1.966079","2.242559",""
"EXP-20260822T072020Z-2f735855","2026-08-22T07:20:20.470896500Z","scylla","benchmark","LOCAL_QUORUM","3","3","../data-generator/output/telemetry-50m","10000000","10000000","32","1","3","SEQUENTIAL_WRITE","WRITE_ONLY","20000","1","100","0","0","0","MEASUREMENT","3","20000","20000","0","29383.0736","680.6639860848322","1.4322437632","1.120256","13.197311","1.391615","1.734655","2.054143",""
"EXP-20260822T072020Z-2f735855","2026-08-22T07:20:20.470896500Z","scylla","benchmark","LOCAL_QUORUM","3","3","../data-generator/output/telemetry-50m","10000000","10000000","32","1","3","CONCURRENT_WRITE","WRITE_ONLY","1000000","32","100","0","0","0","WARMUP","1","1000000","1000000","0","170482.2453","5865.7134544438095","5.446015583232","1.41312","130.416639","4.874239","9.584639","14.237695",""
"EXP-20260822T072020Z-2f735855","2026-08-22T07:20:20.470896500Z","scylla","benchmark","LOCAL_QUORUM","3","3","../data-generator/output/telemetry-50m","10000000","10000000","32","1","3","CONCURRENT_WRITE","WRITE_ONLY","1000000","32","100","0","0","0","MEASUREMENT","1","1000000","1000000","0","165593.4287","6038.886976678684","5.290101595136","1.44896","85.131263","4.780031","9.175039","13.213695",""
"EXP-20260822T072020Z-2f735855","2026-08-22T07:20:20.470896500Z","scylla","benchmark","LOCAL_QUORUM","3","3","../data-generator/output/telemetry-50m","10000000","10000000","32","1","3","CONCURRENT_WRITE","WRITE_ONLY","1000000","32","100","0","0","0","MEASUREMENT","2","1000000","1000000","0","167089.4085","5984.819797838952","5.3380347648","1.62816","149.946367","4.804607","9.248767","13.328383",""
"EXP-20260822T072020Z-2f735855","2026-08-22T07:20:20.470896500Z","scylla","benchmark","LOCAL_QUORUM","3","3","../data-generator/output/telemetry-50m","10000000","10000000","32","1","3","CONCURRENT_WRITE","WRITE_ONLY","1000000","32","100","0","0","0","MEASUREMENT","3","1000000","1000000","0","168857.28","5922.161010766014","5.394606209024","1.589248","159.252479","4.878335","9.273343","13.516799",""
"EXP-20260822T072020Z-2f735855","2026-08-22T07:20:20.470896500Z","scylla","benchmark","LOCAL_QUORUM","3","3","../data-generator/output/telemetry-50m","10000000","10000000","32","1","3","DATA_PRELOAD","SETUP_FOR_READ_SUITE","10000000","32","100","0","0","0","SETUP","1","10000000","10000000","0","1762728.515","5673.023335643947","5.630921241241601","1.466368","406.323199","5.033983","9.969663","14.835711",""
"EXP-20260822T072020Z-2f735855","2026-08-22T07:20:20.470896500Z","scylla","benchmark","LOCAL_QUORUM","3","3","../data-generator/output/telemetry-50m","10000000","10000000","32","1","3","READ_SINGLE","READ_ONLY","100000","32","0","100","0","0","WARMUP","1","100000","100000","0","21839.7121","4578.81493776651","6.979515258879999","1.842176","175.767551","6.062079","13.017087","21.053439",""
"EXP-20260822T072020Z-2f735855","2026-08-22T07:20:20.470896500Z","scylla","benchmark","LOCAL_QUORUM","3","3","../data-generator/output/telemetry-50m","10000000","10000000","32","1","3","READ_SINGLE","READ_ONLY","100000","32","0","100","0","0","MEASUREMENT","1","100000","100000","0","22260.5978","4492.242342207001","7.115623767040001","1.677312","176.947199","5.988351","13.516799","25.411583",""
"EXP-20260822T072020Z-2f735855","2026-08-22T07:20:20.470896500Z","scylla","benchmark","LOCAL_QUORUM","3","3","../data-generator/output/telemetry-50m","10000000","10000000","32","1","3","READ_SINGLE","READ_ONLY","100000","32","0","100","0","0","MEASUREMENT","2","100000","100000","0","21591.5822","4631.434559714665","6.901421281279999","1.88928","141.033471","6.033407","12.795903","20.283391",""
"EXP-20260822T072020Z-2f735855","2026-08-22T07:20:20.470896500Z","scylla","benchmark","LOCAL_QUORUM","3","3","../data-generator/output/telemetry-50m","10000000","10000000","32","1","3","READ_SINGLE","READ_ONLY","100000","32","0","100","0","0","MEASUREMENT","3","100000","100000","0","21563.9563","4637.367958309209","6.889887503360001","1.651712","61.964287","6.172671","12.623871","17.809407",""
"EXP-20260822T072020Z-2f735855","2026-08-22T07:20:20.470896500Z","scylla","benchmark","LOCAL_QUORUM","3","3","../data-generator/output/telemetry-50m","10000000","10000000","32","1","3","READ_LATEST","READ_ONLY","100000","32","0","100","0","0","WARMUP","1","100000","100000","0","32795.1491","3049.231448683976","10.481896089600001","2.410496","69.533695","9.822207","17.399807","24.428543",""
"EXP-20260822T072020Z-2f735855","2026-08-22T07:20:20.470896500Z","scylla","benchmark","LOCAL_QUORUM","3","3","../data-generator/output/telemetry-50m","10000000","10000000","32","1","3","READ_LATEST","READ_ONLY","100000","32","0","100","0","0","MEASUREMENT","1","100000","100000","0","34739.3406","2878.580832936132","11.10880728064","2.26304","244.973567","10.018815","19.152895","30.359551",""
"EXP-20260822T072020Z-2f735855","2026-08-22T07:20:20.470896500Z","scylla","benchmark","LOCAL_QUORUM","3","3","../data-generator/output/telemetry-50m","10000000","10000000","32","1","3","READ_LATEST","READ_ONLY","100000","32","0","100","0","0","MEASUREMENT","2","100000","100000","0","31486.2575","3175.98876271656","10.06832045056","2.166784","101.842943","9.478143","16.506879","23.068671",""
"EXP-20260822T072020Z-2f735855","2026-08-22T07:20:20.470896500Z","scylla","benchmark","LOCAL_QUORUM","3","3","../data-generator/output/telemetry-50m","10000000","10000000","32","1","3","READ_LATEST","READ_ONLY","100000","32","0","100","0","0","MEASUREMENT","3","100000","100000","0","32552.4432","3071.9660390959534","10.40927443968","2.177024","110.231551","9.633791","17.121279","27.344895",""
"EXP-20260822T072020Z-2f735855","2026-08-22T07:20:20.470896500Z","scylla","benchmark","LOCAL_QUORUM","3","3","../data-generator/output/telemetry-50m","10000000","10000000","32","1","3","READ_PARTITION_WINDOW","READ_ONLY","100000","32","0","100","0","0","WARMUP","1","100000","100000","0","49816.3816","2007.3718079917712","15.9322868736","2.981888","136.314879","14.712831","27.672575","40.370175",""
"EXP-20260822T072020Z-2f735855","2026-08-22T07:20:20.470896500Z","scylla","benchmark","LOCAL_QUORUM","3","3","../data-generator/output/telemetry-50m","10000000","10000000","32","1","3","READ_PARTITION_WINDOW","READ_ONLY","100000","32","0","100","0","0","MEASUREMENT","1","100000","100000","0","46152.507","2166.729534324105","14.76065681408","3.043328","82.968575","13.828095","24.821759","33.980415",""
"EXP-20260822T072020Z-2f735855","2026-08-22T07:20:20.470896500Z","scylla","benchmark","LOCAL_QUORUM","3","3","../data-generator/output/telemetry-50m","10000000","10000000","32","1","3","READ_PARTITION_WINDOW","READ_ONLY","100000","32","0","100","0","0","MEASUREMENT","2","100000","100000","0","54992.3476","1818.4348252846728","17.5891494912","3.096576","195.559423","15.900671","31.932415","46.366719",""
"EXP-20260822T072020Z-2f735855","2026-08-22T07:20:20.470896500Z","scylla","benchmark","LOCAL_QUORUM","3","3","../data-generator/output/telemetry-50m","10000000","10000000","32","1","3","READ_PARTITION_WINDOW","READ_ONLY","100000","32","0","100","0","0","MEASUREMENT","3","100000","100000","0","53605.0794","1865.4948583100131","17.14457892864","2.981888","108.199935","15.933439","29.376511","40.697855",""
"EXP-20260822T072020Z-2f735855","2026-08-22T07:20:20.470896500Z","scylla","benchmark","LOCAL_QUORUM","3","3","../data-generator/output/telemetry-50m","10000000","10000000","32","1","3","READ_TIME_RANGE","READ_ONLY","100000","32","0","100","0","0","WARMUP","1","100000","100000","0","52243.2379","1914.1233204460325","16.7088612352","3.15392","177.209343","15.409151","28.884991","42.172415",""
"EXP-20260822T072020Z-2f735855","2026-08-22T07:20:20.470896500Z","scylla","benchmark","LOCAL_QUORUM","3","3","../data-generator/output/telemetry-50m","10000000","10000000","32","1","3","READ_TIME_RANGE","READ_ONLY","100000","32","0","100","0","0","MEASUREMENT","1","100000","100000","0","52909.0716","1890.0350540265385","16.92189264896","2.512896","99.352575","15.654911","30.457855","40.599551",""
"EXP-20260822T072020Z-2f735855","2026-08-22T07:20:20.470896500Z","scylla","benchmark","LOCAL_QUORUM","3","3","../data-generator/output/telemetry-50m","10000000","10000000","32","1","3","READ_TIME_RANGE","READ_ONLY","100000","32","0","100","0","0","MEASUREMENT","2","100000","100000","0","49501.814","2020.1279896530662","15.830092503040001","3.108864","133.693439","14.557183","27.770879","40.435711",""
"EXP-20260822T072020Z-2f735855","2026-08-22T07:20:20.470896500Z","scylla","benchmark","LOCAL_QUORUM","3","3","../data-generator/output/telemetry-50m","10000000","10000000","32","1","3","READ_TIME_RANGE","READ_ONLY","100000","32","0","100","0","0","MEASUREMENT","3","100000","100000","0","50248.8511","1990.095252147964","16.07011233792","2.803712","96.141311","15.007743","27.230207","37.650431",""
"EXP-20260822T072020Z-2f735855","2026-08-22T07:20:20.470896500Z","scylla","benchmark","LOCAL_QUORUM","3","3","../data-generator/output/telemetry-50m","10000000","10000000","32","1","3","DATA_PRELOAD","SETUP_FOR_MIXED_WRITE_HEAVY","10000000","32","100","0","0","0","SETUP","1","10000000","10000000","0","1767629.9673","5657.292637595803","5.6467063065088","1.401856","276.824063","5.033983","10.043391","14.983167",""
"EXP-20260822T072020Z-2f735855","2026-08-22T07:20:20.470896500Z","scylla","benchmark","LOCAL_QUORUM","3","3","../data-generator/output/telemetry-50m","10000000","10000000","32","1","3","MIXED_WORKLOAD","WRITE_HEAVY","100000","32","80","20","0","0","WARMUP","1","100000","100000","0","20460.8293","4887.387433509354","6.53663095296","1.851392","89.522175","5.959679","11.517951","15.368191",""
"EXP-20260822T072020Z-2f735855","2026-08-22T07:20:20.470896500Z","scylla","benchmark","LOCAL_QUORUM","3","3","../data-generator/output/telemetry-50m","10000000","10000000","32","1","3","MIXED_WORKLOAD","WRITE_HEAVY","100000","32","80","20","0","0","MEASUREMENT","1","100000","100000","0","19842.385","5039.716747759909","6.342976317440001","1.554432","36.700159","5.828607","11.075583","14.680063",""
"EXP-20260822T072020Z-2f735855","2026-08-22T07:20:20.470896500Z","scylla","benchmark","LOCAL_QUORUM","3","3","../data-generator/output/telemetry-50m","10000000","10000000","32","1","3","MIXED_WORKLOAD","WRITE_HEAVY","100000","32","80","20","0","0","MEASUREMENT","2","100000","100000","0","21698.8667","4608.53561536465","6.9359035904","1.550336","54.394879","6.291455","12.468223","16.973823",""
"EXP-20260822T072020Z-2f735855","2026-08-22T07:20:20.470896500Z","scylla","benchmark","LOCAL_QUORUM","3","3","../data-generator/output/telemetry-50m","10000000","10000000","32","1","3","MIXED_WORKLOAD","WRITE_HEAVY","100000","32","80","20","0","0","MEASUREMENT","3","100000","100000","0","20283.2485","4930.176741659502","6.4840157747200005","1.700864","28.098559","5.931007","11.460607","15.147007",""
"EXP-20260822T072020Z-2f735855","2026-08-22T07:20:20.470896500Z","scylla","benchmark","LOCAL_QUORUM","3","3","../data-generator/output/telemetry-50m","10000000","10000000","32","1","3","DATA_PRELOAD","SETUP_FOR_MIXED_BALANCED","10000000","32","100","0","0","0","SETUP","1","10000000","10000000","0","1560219.397","6409.355004320588","4.983218130790401","1.370112","207.618047","4.505599","8.699903","12.361727",""
"EXP-20260822T072020Z-2f735855","2026-08-22T07:20:20.470896500Z","scylla","benchmark","LOCAL_QUORUM","3","3","../data-generator/output/telemetry-50m","10000000","10000000","32","1","3","MIXED_WORKLOAD","BALANCED","100000","32","50","50","0","0","WARMUP","1","100000","100000","0","24797.0448","4032.738610852532","7.92747060224","1.75104","140.115967","7.258111","13.959167","18.120703",""
"EXP-20260822T072020Z-2f735855","2026-08-22T07:20:20.470896500Z","scylla","benchmark","LOCAL_QUORUM","3","3","../data-generator/output/telemetry-50m","10000000","10000000","32","1","3","MIXED_WORKLOAD","BALANCED","100000","32","50","50","0","0","MEASUREMENT","1","100000","100000","0","24624.6486","4060.971655855426","7.8720952832","1.708032","30.392319","7.266303","13.762559","17.612799",""
"EXP-20260822T072020Z-2f735855","2026-08-22T07:20:20.470896500Z","scylla","benchmark","LOCAL_QUORUM","3","3","../data-generator/output/telemetry-50m","10000000","10000000","32","1","3","MIXED_WORKLOAD","BALANCED","100000","32","50","50","0","0","MEASUREMENT","2","100000","100000","0","23533.8886","4249.191525449815","7.523763778559999","1.73568","32.653311","6.946815","13.058047","16.719871",""
"EXP-20260822T072020Z-2f735855","2026-08-22T07:20:20.470896500Z","scylla","benchmark","LOCAL_QUORUM","3","3","../data-generator/output/telemetry-50m","10000000","10000000","32","1","3","MIXED_WORKLOAD","BALANCED","100000","32","50","50","0","0","MEASUREMENT","3","100000","100000","0","27039.9497","3698.231731547932","8.645724661760001","1.722368","50.200575","7.700479","16.449535","24.805375",""
"EXP-20260822T072020Z-2f735855","2026-08-22T07:20:20.470896500Z","scylla","benchmark","LOCAL_QUORUM","3","3","../data-generator/output/telemetry-50m","10000000","10000000","32","1","3","DATA_PRELOAD","SETUP_FOR_MIXED_READ_HEAVY","10000000","32","100","0","0","0","SETUP","1","10000000","10000000","0","1650665.3414","6058.16318377326","5.272749184512","1.41824","381.419519","4.669439","9.273343","14.032895",""
"EXP-20260822T072020Z-2f735855","2026-08-22T07:20:20.470896500Z","scylla","benchmark","LOCAL_QUORUM","3","3","../data-generator/output/telemetry-50m","10000000","10000000","32","1","3","MIXED_WORKLOAD","READ_HEAVY","100000","32","20","80","0","0","WARMUP","1","100000","100000","0","26194.3661","3817.6148114536736","8.3744394496","1.867776","32.505855","7.917567","13.942783","17.760255",""
"EXP-20260822T072020Z-2f735855","2026-08-22T07:20:20.470896500Z","scylla","benchmark","LOCAL_QUORUM","3","3","../data-generator/output/telemetry-50m","10000000","10000000","32","1","3","MIXED_WORKLOAD","READ_HEAVY","100000","32","20","80","0","0","MEASUREMENT","1","100000","100000","0","26136.0559","3826.132006398104","8.357421839359999","1.957888","30.932991","7.884799","13.942783","17.547263",""
"EXP-20260822T072020Z-2f735855","2026-08-22T07:20:20.470896500Z","scylla","benchmark","LOCAL_QUORUM","3","3","../data-generator/output/telemetry-50m","10000000","10000000","32","1","3","MIXED_WORKLOAD","READ_HEAVY","100000","32","20","80","0","0","MEASUREMENT","2","100000","100000","0","26450.3502","3780.66828015003","8.4571694848","1.924096","29.769727","8.019967","14.057471","17.842175",""
"EXP-20260822T072020Z-2f735855","2026-08-22T07:20:20.470896500Z","scylla","benchmark","LOCAL_QUORUM","3","3","../data-generator/output/telemetry-50m","10000000","10000000","32","1","3","MIXED_WORKLOAD","READ_HEAVY","100000","32","20","80","0","0","MEASUREMENT","3","100000","100000","0","26559.6563","3765.108963401759","8.492161940479999","1.820672","35.192831","8.024063","14.229503","17.956863",""
"EXP-20260822T072020Z-2f735855","2026-08-22T07:20:20.470896500Z","scylla","benchmark","LOCAL_QUORUM","3","3","../data-generator/output/telemetry-50m","10000000","10000000","32","1","3","SUSTAINED_INGESTION","SUSTAINED_WRITE","1200000","32","100","0","2000","600","MEASUREMENT","1","1200000","1200000","0","600003.0551","1999.9898163851867","2.0833899447466666","1.368064","194.248703","1.901567","2.590719","4.632575",""
