"experiment_id","experiment_started_at_utc","database","keyspace","consistency_level","replication_factor","cluster_node_count","dataset_path","configured_write_dataset_size","configured_read_dataset_size","configured_concurrency","configured_warmup_runs","configured_measurement_runs","operation","workload_profile","requested_dataset_size","concurrency","write_percentage","read_percentage","target_ops_sec","planned_duration_seconds","run_type","run_number","attempted_operations","successful_operations","failed_operations","total_time_ms","throughput_ops_sec","average_latency_ms","min_latency_ms","max_latency_ms","p50_ms","p95_ms","p99_ms","failure_summary"
"EXP-20260822T213226Z-d3a22beb","2026-08-22T21:32:26.093279600Z","cassandra","preloaded_benchmark","LOCAL_QUORUM","3","3","../data-generator/output/telemetry-50m","1000000","1000000","16","1","3","SEQUENTIAL_WRITE","WRITE_ONLY","10000","1","100","0","0","0","WARMUP","1","10000","10000","0","32353.7857","309.08284096101926","3.1594155008","2.351104","47.513599","3.061759","3.782655","4.939775",""
"EXP-20260822T213226Z-d3a22beb","2026-08-22T21:32:26.093279600Z","cassandra","preloaded_benchmark","LOCAL_QUORUM","3","3","../data-generator/output/telemetry-50m","1000000","1000000","16","1","3","SEQUENTIAL_WRITE","WRITE_ONLY","10000","1","100","0","0","0","MEASUREMENT","1","10000","10000","0","29768.5889","335.92455569837244","2.9103695359999997","1.81248","12.550143","3.063807","3.696639","4.102143",""
"EXP-20260822T213226Z-d3a22beb","2026-08-22T21:32:26.093279600Z","cassandra","preloaded_benchmark","LOCAL_QUORUM","3","3","../data-generator/output/telemetry-50m","1000000","1000000","16","1","3","SEQUENTIAL_WRITE","WRITE_ONLY","10000","1","100","0","0","0","MEASUREMENT","2","10000","10000","0","39914.076","250.53818106674947","3.9072529408","2.736128","14.999551","3.809279","4.739071","6.512639",""
"EXP-20260822T213226Z-d3a22beb","2026-08-22T21:32:26.093279600Z","cassandra","preloaded_benchmark","LOCAL_QUORUM","3","3","../data-generator/output/telemetry-50m","1000000","1000000","16","1","3","SEQUENTIAL_WRITE","WRITE_ONLY","10000","1","100","0","0","0","MEASUREMENT","3","10000","10000","0","26328.7981","379.81224824691105","2.5737954816","1.839104","7.679999","2.596863","3.174399","3.491839",""
"EXP-20260822T213226Z-d3a22beb","2026-08-22T21:32:26.093279600Z","cassandra","preloaded_benchmark","LOCAL_QUORUM","3","3","../data-generator/output/telemetry-50m","1000000","1000000","16","1","3","CONCURRENT_WRITE","WRITE_ONLY","20000","16","100","0","0","0","WARMUP","1","20000","20000","0","4892.5251","4087.868654981454","3.8891240704000003","1.5616","16.990207","3.676159","5.976063","7.688191",""
"EXP-20260822T213226Z-d3a22beb","2026-08-22T21:32:26.093279600Z","cassandra","preloaded_benchmark","LOCAL_QUORUM","3","3","../data-generator/output/telemetry-50m","1000000","1000000","16","1","3","CONCURRENT_WRITE","WRITE_ONLY","20000","16","100","0","0","0","MEASUREMENT","1","20000","20000","0","4874.6924","4102.822980174093","3.8780438528","1.66912","22.216703","3.657727","5.980159","7.921663",""
"EXP-20260822T213226Z-d3a22beb","2026-08-22T21:32:26.093279600Z","cassandra","preloaded_benchmark","LOCAL_QUORUM","3","3","../data-generator/output/telemetry-50m","1000000","1000000","16","1","3","CONCURRENT_WRITE","WRITE_ONLY","20000","16","100","0","0","0","MEASUREMENT","2","20000","20000","0","4943.6296","4045.6105368411904","3.9337386239999996","1.577984","16.957439","3.719167","6.000639","7.987199",""
"EXP-20260822T213226Z-d3a22beb","2026-08-22T21:32:26.093279600Z","cassandra","preloaded_benchmark","LOCAL_QUORUM","3","3","../data-generator/output/telemetry-50m","1000000","1000000","16","1","3","CONCURRENT_WRITE","WRITE_ONLY","20000","16","100","0","0","0","MEASUREMENT","3","20000","20000","0","4748.1857","4212.13517407291","3.779621376","1.666048","15.147007","3.600383","5.574655","6.844415",""
"EXP-20260822T213226Z-d3a22beb","2026-08-22T21:32:26.093279600Z","cassandra","preloaded_benchmark","LOCAL_QUORUM","3","3","../data-generator/output/telemetry-50m","1000000","1000000","16","1","3","READ_SINGLE","READ_ONLY","10000","16","0","100","0","0","WARMUP","1","10000","10000","0","5703.0124","1753.4592770655734","9.1117246464","2.156544","47.022079","7.790591","19.759103","27.820031",""
"EXP-20260822T213226Z-d3a22beb","2026-08-22T21:32:26.093279600Z","cassandra","preloaded_benchmark","LOCAL_QUORUM","3","3","../data-generator/output/telemetry-50m","1000000","1000000","16","1","3","READ_SINGLE","READ_ONLY","10000","16","0","100","0","0","MEASUREMENT","1","10000","10000","0","3941.7396","2536.9509441973287","6.2829417472","2.069504","37.322751","5.607423","11.616255","18.677759",""
"EXP-20260822T213226Z-d3a22beb","2026-08-22T21:32:26.093279600Z","cassandra","preloaded_benchmark","LOCAL_QUORUM","3","3","../data-generator/output/telemetry-50m","1000000","1000000","16","1","3","READ_SINGLE","READ_ONLY","10000","16","0","100","0","0","MEASUREMENT","2","10000","10000","0","3023.0466","3307.9212209299053","4.8163030527999995","1.978368","15.532031","4.542463","7.536639","9.846783",""
"EXP-20260822T213226Z-d3a22beb","2026-08-22T21:32:26.093279600Z","cassandra","preloaded_benchmark","LOCAL_QUORUM","3","3","../data-generator/output/telemetry-50m","1000000","1000000","16","1","3","READ_SINGLE","READ_ONLY","10000","16","0","100","0","0","MEASUREMENT","3","10000","10000","0","2859.3838","3497.2569964199974","4.545885696","1.931264","16.072703","4.345855","6.737919","8.437759",""
"EXP-20260822T213226Z-d3a22beb","2026-08-22T21:32:26.093279600Z","cassandra","preloaded_benchmark","LOCAL_QUORUM","3","3","../data-generator/output/telemetry-50m","1000000","1000000","16","1","3","READ_LATEST","READ_ONLY","10000","16","0","100","0","0","WARMUP","1","10000","10000","0","5569.194","1795.591965372368","8.8909768192","2.03776","85.000191","6.660095","18.563071","41.418751",""
"EXP-20260822T213226Z-d3a22beb","2026-08-22T21:32:26.093279600Z","cassandra","preloaded_benchmark","LOCAL_QUORUM","3","3","../data-generator/output/telemetry-50m","1000000","1000000","16","1","3","READ_LATEST","READ_ONLY","10000","16","0","100","0","0","MEASUREMENT","1","10000","10000","0","3605.4155","2773.6054277239336","5.730838579199999","1.898496","62.881791","4.997119","10.330111","19.349503",""
"EXP-20260822T213226Z-d3a22beb","2026-08-22T21:32:26.093279600Z","cassandra","preloaded_benchmark","LOCAL_QUORUM","3","3","../data-generator/output/telemetry-50m","1000000","1000000","16","1","3","READ_LATEST","READ_ONLY","10000","16","0","100","0","0","MEASUREMENT","2","10000","10000","0","3236.9386","3089.3387968495913","5.158461798399999","1.982464","30.490623","4.849663","8.093695","11.124735",""
"EXP-20260822T213226Z-d3a22beb","2026-08-22T21:32:26.093279600Z","cassandra","preloaded_benchmark","LOCAL_QUORUM","3","3","../data-generator/output/telemetry-50m","1000000","1000000","16","1","3","READ_LATEST","READ_ONLY","10000","16","0","100","0","0","MEASUREMENT","3","10000","10000","0","3204.7892","3120.330036059782","5.1033356288","1.963008","23.707647","4.845567","7.778303","10.117119",""
"EXP-20260822T213226Z-d3a22beb","2026-08-22T21:32:26.093279600Z","cassandra","preloaded_benchmark","LOCAL_QUORUM","3","3","../data-generator/output/telemetry-50m","1000000","1000000","16","1","3","READ_PARTITION_WINDOW","READ_ONLY","10000","16","0","100","0","0","WARMUP","1","10000","10000","0","5198.5844","1923.6005863442365","8.292040396800001","2.408448","42.762239","7.593983","14.229503","21.757951",""
"EXP-20260822T213226Z-d3a22beb","2026-08-22T21:32:26.093279600Z","cassandra","preloaded_benchmark","LOCAL_QUORUM","3","3","../data-generator/output/telemetry-50m","1000000","1000000","16","1","3","READ_PARTITION_WINDOW","READ_ONLY","10000","16","0","100","0","0","MEASUREMENT","1","10000","10000","0","4814.8105","2076.924938167349","7.6774321152","2.916352","25.264127","7.249919","12.132351","15.368191",""
"EXP-20260822T213226Z-d3a22beb","2026-08-22T21:32:26.093279600Z","cassandra","preloaded_benchmark","LOCAL_QUORUM","3","3","../data-generator/output/telemetry-50m","1000000","1000000","16","1","3","READ_PARTITION_WINDOW","READ_ONLY","10000","16","0","100","0","0","MEASUREMENT","2","10000","10000","0","4998.4567","2000.6175106008222","7.9734818816","2.301952","84.672511","7.286783","13.271039","18.563071",""
"EXP-20260822T213226Z-d3a22beb","2026-08-22T21:32:26.093279600Z","cassandra","preloaded_benchmark","LOCAL_QUORUM","3","3","../data-generator/output/telemetry-50m","1000000","1000000","16","1","3","READ_PARTITION_WINDOW","READ_ONLY","10000","16","0","100","0","0","MEASUREMENT","3","10000","10000","0","5488.3058","1822.055906578675","8.7588631552","2.996224","97.648639","7.495679","16.908287","24.854527",""
"EXP-20260822T213226Z-d3a22beb","2026-08-22T21:32:26.093279600Z","cassandra","preloaded_benchmark","LOCAL_QUORUM","3","3","../data-generator/output/telemetry-50m","1000000","1000000","16","1","3","READ_TIME_RANGE","READ_ONLY","10000","16","0","100","0","0","WARMUP","1","10000","10000","0","2896.8136","3452.0688524798425","4.6194573312","1.816576","31.408127","4.288511","7.348223","10.493951",""
"EXP-20260822T213226Z-d3a22beb","2026-08-22T21:32:26.093279600Z","cassandra","preloaded_benchmark","LOCAL_QUORUM","3","3","../data-generator/output/telemetry-50m","1000000","1000000","16","1","3","READ_TIME_RANGE","READ_ONLY","10000","16","0","100","0","0","MEASUREMENT","1","10000","10000","0","2718.3787","3678.6633150119956","4.3359808512","1.717248","15.007743","4.171775","6.373375","7.987199",""
"EXP-20260822T213226Z-d3a22beb","2026-08-22T21:32:26.093279600Z","cassandra","preloaded_benchmark","LOCAL_QUORUM","3","3","../data-generator/output/telemetry-50m","1000000","1000000","16","1","3","READ_TIME_RANGE","READ_ONLY","10000","16","0","100","0","0","MEASUREMENT","2","10000","10000","0","2746.8726","3640.503749609647","4.3719806976","2.031616","18.120703","4.188159","6.471679","8.011775",""
"EXP-20260822T213226Z-d3a22beb","2026-08-22T21:32:26.093279600Z","cassandra","preloaded_benchmark","LOCAL_QUORUM","3","3","../data-generator/output/telemetry-50m","1000000","1000000","16","1","3","READ_TIME_RANGE","READ_ONLY","10000","16","0","100","0","0","MEASUREMENT","3","10000","10000","0","2764.2442","3617.6253892474474","4.4019668992","1.922048","12.910591","4.182015","6.709247","8.642559",""
"EXP-20260822T213226Z-d3a22beb","2026-08-22T21:32:26.093279600Z","cassandra","preloaded_benchmark","LOCAL_QUORUM","3","3","../data-generator/output/telemetry-50m","1000000","1000000","16","1","3","MIXED_WORKLOAD","WRITE_HEAVY","10000","16","80","20","0","0","WARMUP","1","10000","10000","0","3140.5982","3184.106773034513","5.011768012799999","1.809408","28.835839","4.526079","8.790015","12.263423",""
"EXP-20260822T213226Z-d3a22beb","2026-08-22T21:32:26.093279600Z","cassandra","preloaded_benchmark","LOCAL_QUORUM","3","3","../data-generator/output/telemetry-50m","1000000","1000000","16","1","3","MIXED_WORKLOAD","WRITE_HEAVY","10000","16","80","20","0","0","MEASUREMENT","1","10000","10000","0","2782.2938","3594.156734993264","4.4386543616","1.891328","26.673151","4.091903","7.041023","10.788863",""
"EXP-20260822T213226Z-d3a22beb","2026-08-22T21:32:26.093279600Z","cassandra","preloaded_benchmark","LOCAL_QUORUM","3","3","../data-generator/output/telemetry-50m","1000000","1000000","16","1","3","MIXED_WORKLOAD","WRITE_HEAVY","10000","16","80","20","0","0","MEASUREMENT","2","10000","10000","0","2642.2985","3784.583762962436","4.2120014336","1.94048","15.843327","3.973119","6.504447","8.290303",""
"EXP-20260822T213226Z-d3a22beb","2026-08-22T21:32:26.093279600Z","cassandra","preloaded_benchmark","LOCAL_QUORUM","3","3","../data-generator/output/telemetry-50m","1000000","1000000","16","1","3","MIXED_WORKLOAD","WRITE_HEAVY","10000","16","80","20","0","0","MEASUREMENT","3","10000","10000","0","2810.1798","3558.4911684298636","4.4848574976","1.762304","17.219583","4.177919","7.245823","9.404415",""
"EXP-20260822T213226Z-d3a22beb","2026-08-22T21:32:26.093279600Z","cassandra","preloaded_benchmark","LOCAL_QUORUM","3","3","../data-generator/output/telemetry-50m","1000000","1000000","16","1","3","MIXED_WORKLOAD","BALANCED","10000","16","50","50","0","0","WARMUP","1","10000","10000","0","2931.9624","3410.684939206588","4.6823077375999995","1.956864","15.728639","4.419583","7.368703","9.535487",""
"EXP-20260822T213226Z-d3a22beb","2026-08-22T21:32:26.093279600Z","cassandra","preloaded_benchmark","LOCAL_QUORUM","3","3","../data-generator/output/telemetry-50m","1000000","1000000","16","1","3","MIXED_WORKLOAD","BALANCED","10000","16","50","50","0","0","MEASUREMENT","1","10000","10000","0","3011.2235","3320.9092583131073","4.8060473855999994","1.819648","17.481727","4.517887","7.634943","9.822207",""
"EXP-20260822T213226Z-d3a22beb","2026-08-22T21:32:26.093279600Z","cassandra","preloaded_benchmark","LOCAL_QUORUM","3","3","../data-generator/output/telemetry-50m","1000000","1000000","16","1","3","MIXED_WORKLOAD","BALANCED","10000","16","50","50","0","0","MEASUREMENT","2","10000","10000","0","2945.1001","3395.470327137607","4.7002467328","1.825792","14.852095","4.423679","7.409663","9.560063",""
"EXP-20260822T213226Z-d3a22beb","2026-08-22T21:32:26.093279600Z","cassandra","preloaded_benchmark","LOCAL_QUORUM","3","3","../data-generator/output/telemetry-50m","1000000","1000000","16","1","3","MIXED_WORKLOAD","BALANCED","10000","16","50","50","0","0","MEASUREMENT","3","10000","10000","0","2977.7301","3358.262725019974","4.754756147199999","1.705984","22.462463","4.456447","7.577599","9.838591",""
"EXP-20260822T213226Z-d3a22beb","2026-08-22T21:32:26.093279600Z","cassandra","preloaded_benchmark","LOCAL_QUORUM","3","3","../data-generator/output/telemetry-50m","1000000","1000000","16","1","3","MIXED_WORKLOAD","READ_HEAVY","10000","16","20","80","0","0","WARMUP","1","10000","10000","0","2922.496","3421.7326559215135","4.6648856063999995","1.93536","16.973823","4.448255","7.045119","8.888319",""
"EXP-20260822T213226Z-d3a22beb","2026-08-22T21:32:26.093279600Z","cassandra","preloaded_benchmark","LOCAL_QUORUM","3","3","../data-generator/output/telemetry-50m","1000000","1000000","16","1","3","MIXED_WORKLOAD","READ_HEAVY","10000","16","20","80","0","0","MEASUREMENT","1","10000","10000","0","3080.7498","3245.9630444510617","4.9201970176","1.907712","20.086783","4.579327","7.966719","11.403263",""
"EXP-20260822T213226Z-d3a22beb","2026-08-22T21:32:26.093279600Z","cassandra","preloaded_benchmark","LOCAL_QUORUM","3","3","../data-generator/output/telemetry-50m","1000000","1000000","16","1","3","MIXED_WORKLOAD","READ_HEAVY","10000","16","20","80","0","0","MEASUREMENT","2","10000","10000","0","3035.7461","3294.083125067673","4.8470037504","1.831936","21.807103","4.579327","7.557119","9.945087",""
"EXP-20260822T213226Z-d3a22beb","2026-08-22T21:32:26.093279600Z","cassandra","preloaded_benchmark","LOCAL_QUORUM","3","3","../data-generator/output/telemetry-50m","1000000","1000000","16","1","3","MIXED_WORKLOAD","READ_HEAVY","10000","16","20","80","0","0","MEASUREMENT","3","10000","10000","0","2937.3367","3404.4445772934373","4.6878331392","1.850368","16.556031","4.464639","7.077887","9.166847",""
"EXP-20260822T213226Z-d3a22beb","2026-08-22T21:32:26.093279600Z","cassandra","preloaded_benchmark","LOCAL_QUORUM","3","3","../data-generator/output/telemetry-50m","1000000","1000000","16","1","3","SUSTAINED_INGESTION","SUSTAINED_WRITE","30000","16","100","0","500","60","MEASUREMENT","1","30001","30001","0","60005.2438","499.9729706956045","2.961064118129396","1.895424","19.300351","2.998271","3.586047","4.255743",""
"EXP-20260823T073101Z-2c9b0259","2026-08-23T07:31:01.829294300Z","scylla","preloaded_benchmark","LOCAL_QUORUM","3","3","../data-generator/output/telemetry-50m","1000000","1000000","16","1","3","SEQUENTIAL_WRITE","WRITE_ONLY","10000","1","100","0","0","0","WARMUP","1","10000","10000","0","17423.5244","573.9366944611965","1.6936749568","1.153024","11.165695","1.580031","2.385919","3.655679",""
"EXP-20260823T073101Z-2c9b0259","2026-08-23T07:31:01.829294300Z","scylla","preloaded_benchmark","LOCAL_QUORUM","3","3","../data-generator/output/telemetry-50m","1000000","1000000","16","1","3","SEQUENTIAL_WRITE","WRITE_ONLY","10000","1","100","0","0","0","MEASUREMENT","1","10000","10000","0","12876.6351","776.600402383073","1.2498133504000002","0.980992","5.857279","1.243135","1.430527","1.620991",""
"EXP-20260823T073101Z-2c9b0259","2026-08-23T07:31:01.829294300Z","scylla","preloaded_benchmark","LOCAL_QUORUM","3","3","../data-generator/output/telemetry-50m","1000000","1000000","16","1","3","SEQUENTIAL_WRITE","WRITE_ONLY","10000","1","100","0","0","0","MEASUREMENT","2","10000","10000","0","12815.5597","780.3014643207507","1.2435577344","1.03168","3.080191","1.238015","1.429503","1.626111",""
"EXP-20260823T073101Z-2c9b0259","2026-08-23T07:31:01.829294300Z","scylla","preloaded_benchmark","LOCAL_QUORUM","3","3","../data-generator/output/telemetry-50m","1000000","1000000","16","1","3","SEQUENTIAL_WRITE","WRITE_ONLY","10000","1","100","0","0","0","MEASUREMENT","3","10000","10000","0","13067.8934","765.2342802245387","1.2681011968","1.02912","4.960255","1.243135","1.562623","1.927167",""
"EXP-20260823T073101Z-2c9b0259","2026-08-23T07:31:01.829294300Z","scylla","preloaded_benchmark","LOCAL_QUORUM","3","3","../data-generator/output/telemetry-50m","1000000","1000000","16","1","3","CONCURRENT_WRITE","WRITE_ONLY","20000","16","100","0","0","0","WARMUP","1","20000","20000","0","2548.6829","7847.190405679735","2.0285612288","1.092608","12.009471","1.787903","3.485695","4.820991",""
"EXP-20260823T073101Z-2c9b0259","2026-08-23T07:31:01.829294300Z","scylla","preloaded_benchmark","LOCAL_QUORUM","3","3","../data-generator/output/telemetry-50m","1000000","1000000","16","1","3","CONCURRENT_WRITE","WRITE_ONLY","20000","16","100","0","0","0","MEASUREMENT","1","20000","20000","0","2442.2276","8189.244933600782","1.94476352","1.156096","8.642559","1.811455","2.949119","3.846143",""
"EXP-20260823T073101Z-2c9b0259","2026-08-23T07:31:01.829294300Z","scylla","preloaded_benchmark","LOCAL_QUORUM","3","3","../data-generator/output/telemetry-50m","1000000","1000000","16","1","3","CONCURRENT_WRITE","WRITE_ONLY","20000","16","100","0","0","0","MEASUREMENT","2","20000","20000","0","2318.515","8626.211173962645","1.8469439744","0.96256","8.327167","1.728511","2.779135","3.727359",""
"EXP-20260823T073101Z-2c9b0259","2026-08-23T07:31:01.829294300Z","scylla","preloaded_benchmark","LOCAL_QUORUM","3","3","../data-generator/output/telemetry-50m","1000000","1000000","16","1","3","CONCURRENT_WRITE","WRITE_ONLY","20000","16","100","0","0","0","MEASUREMENT","3","20000","20000","0","2211.9128","9041.947765752791","1.7615725824","1.13664","7.962623","1.687551","2.424831","3.248127",""
"EXP-20260823T073101Z-2c9b0259","2026-08-23T07:31:01.829294300Z","scylla","preloaded_benchmark","LOCAL_QUORUM","3","3","../data-generator/output/telemetry-50m","1000000","1000000","16","1","3","READ_SINGLE","READ_ONLY","10000","16","0","100","0","0","WARMUP","1","10000","10000","0","1383.6145","7227.446662347063","2.2057343487999996","1.02912","7.262207","2.065407","3.375103","4.411391",""
"EXP-20260823T073101Z-2c9b0259","2026-08-23T07:31:01.829294300Z","scylla","preloaded_benchmark","LOCAL_QUORUM","3","3","../data-generator/output/telemetry-50m","1000000","1000000","16","1","3","READ_SINGLE","READ_ONLY","10000","16","0","100","0","0","MEASUREMENT","1","10000","10000","0","1355.6847","7376.346432175564","2.1506466304000003","1.012736","12.124159","2.022399","3.215359","4.087807",""
"EXP-20260823T073101Z-2c9b0259","2026-08-23T07:31:01.829294300Z","scylla","preloaded_benchmark","LOCAL_QUORUM","3","3","../data-generator/output/telemetry-50m","1000000","1000000","16","1","3","READ_SINGLE","READ_ONLY","10000","16","0","100","0","0","MEASUREMENT","2","10000","10000","0","1436.984","6959.019724645508","2.2770448383999997","1.10592","9.732095","2.125823","3.526655","4.825087",""
"EXP-20260823T073101Z-2c9b0259","2026-08-23T07:31:01.829294300Z","scylla","preloaded_benchmark","LOCAL_QUORUM","3","3","../data-generator/output/telemetry-50m","1000000","1000000","16","1","3","READ_SINGLE","READ_ONLY","10000","16","0","100","0","0","MEASUREMENT","3","10000","10000","0","1356.4139","7372.380952451166","2.1606615552","1.135616","10.100735","2.022399","3.244031","4.120575",""
"EXP-20260823T073101Z-2c9b0259","2026-08-23T07:31:01.829294300Z","scylla","preloaded_benchmark","LOCAL_QUORUM","3","3","../data-generator/output/telemetry-50m","1000000","1000000","16","1","3","READ_LATEST","READ_ONLY","10000","16","0","100","0","0","WARMUP","1","10000","10000","0","1983.2687","5042.181122507505","3.1530333184000003","1.199104","21.823487","2.932735","5.029887","6.881279",""
"EXP-20260823T073101Z-2c9b0259","2026-08-23T07:31:01.829294300Z","scylla","preloaded_benchmark","LOCAL_QUORUM","3","3","../data-generator/output/telemetry-50m","1000000","1000000","16","1","3","READ_LATEST","READ_ONLY","10000","16","0","100","0","0","MEASUREMENT","1","10000","10000","0","1858.5524","5380.531643875093","2.9599011328","1.292288","10.412031","2.820095","4.550655","5.619711",""
"EXP-20260823T073101Z-2c9b0259","2026-08-23T07:31:01.829294300Z","scylla","preloaded_benchmark","LOCAL_QUORUM","3","3","../data-generator/output/telemetry-50m","1000000","1000000","16","1","3","READ_LATEST","READ_ONLY","10000","16","0","100","0","0","MEASUREMENT","2","10000","10000","0","1841.7993","5429.473233049877","2.9312365056","1.217536","13.770751","2.791423","4.456447","5.550079",""
"EXP-20260823T073101Z-2c9b0259","2026-08-23T07:31:01.829294300Z","scylla","preloaded_benchmark","LOCAL_QUORUM","3","3","../data-generator/output/telemetry-50m","1000000","1000000","16","1","3","READ_LATEST","READ_ONLY","10000","16","0","100","0","0","MEASUREMENT","3","10000","10000","0","1859.2668","5378.464241925903","2.9527693312","1.098752","10.502143","2.807807","4.534271","5.787647",""
"EXP-20260823T073101Z-2c9b0259","2026-08-23T07:31:01.829294300Z","scylla","preloaded_benchmark","LOCAL_QUORUM","3","3","../data-generator/output/telemetry-50m","1000000","1000000","16","1","3","READ_PARTITION_WINDOW","READ_ONLY","10000","16","0","100","0","0","WARMUP","1","10000","10000","0","2954.7336","3384.3998660319157","4.708183552","1.88416","18.563071","4.431871","7.692287","10.608639",""
"EXP-20260823T073101Z-2c9b0259","2026-08-23T07:31:01.829294300Z","scylla","preloaded_benchmark","LOCAL_QUORUM","3","3","../data-generator/output/telemetry-50m","1000000","1000000","16","1","3","READ_PARTITION_WINDOW","READ_ONLY","10000","16","0","100","0","0","MEASUREMENT","1","10000","10000","0","3560.5626","2808.544919277644","5.6839544832","1.760256","42.631167","4.931583","11.141119","17.661951",""
"EXP-20260823T073101Z-2c9b0259","2026-08-23T07:31:01.829294300Z","scylla","preloaded_benchmark","LOCAL_QUORUM","3","3","../data-generator/output/telemetry-50m","1000000","1000000","16","1","3","READ_PARTITION_WINDOW","READ_ONLY","10000","16","0","100","0","0","MEASUREMENT","2","10000","10000","0","2757.7053","3626.203278501151","4.3946718208","1.652736","14.295039","4.171775","6.922239","9.388031",""
"EXP-20260823T073101Z-2c9b0259","2026-08-23T07:31:01.829294300Z","scylla","preloaded_benchmark","LOCAL_QUORUM","3","3","../data-generator/output/telemetry-50m","1000000","1000000","16","1","3","READ_PARTITION_WINDOW","READ_ONLY","10000","16","0","100","0","0","MEASUREMENT","3","10000","10000","0","2849.077","3509.908647607628","4.540510464","1.708032","18.251775","4.276223","7.413759","9.977855",""
"EXP-20260823T073101Z-2c9b0259","2026-08-23T07:31:01.829294300Z","scylla","preloaded_benchmark","LOCAL_QUORUM","3","3","../data-generator/output/telemetry-50m","1000000","1000000","16","1","3","READ_TIME_RANGE","READ_ONLY","10000","16","0","100","0","0","WARMUP","1","10000","10000","0","1362.873","7337.440832711485","2.1667328256","1.043968","12.279807","2.039807","3.215359","4.055039",""
"EXP-20260823T073101Z-2c9b0259","2026-08-23T07:31:01.829294300Z","scylla","preloaded_benchmark","LOCAL_QUORUM","3","3","../data-generator/output/telemetry-50m","1000000","1000000","16","1","3","READ_TIME_RANGE","READ_ONLY","10000","16","0","100","0","0","MEASUREMENT","1","10000","10000","0","1342.765","7447.319523520496","2.1309087231999997","1.05984","7.467007","2.003967","3.182591","4.268031",""
"EXP-20260823T073101Z-2c9b0259","2026-08-23T07:31:01.829294300Z","scylla","preloaded_benchmark","LOCAL_QUORUM","3","3","../data-generator/output/telemetry-50m","1000000","1000000","16","1","3","READ_TIME_RANGE","READ_ONLY","10000","16","0","100","0","0","MEASUREMENT","2","10000","10000","0","1458.9453","6854.266571885868","2.3202371072","1.069056","10.878975","2.125823","3.796991","5.107711",""
"EXP-20260823T073101Z-2c9b0259","2026-08-23T07:31:01.829294300Z","scylla","preloaded_benchmark","LOCAL_QUORUM","3","3","../data-generator/output/telemetry-50m","1000000","1000000","16","1","3","READ_TIME_RANGE","READ_ONLY","10000","16","0","100","0","0","MEASUREMENT","3","10000","10000","0","1347.1774","7422.927373930114","2.1446159872","1.05472","8.118271","2.015231","3.219455","4.227071",""
"EXP-20260823T073101Z-2c9b0259","2026-08-23T07:31:01.829294300Z","scylla","preloaded_benchmark","LOCAL_QUORUM","3","3","../data-generator/output/telemetry-50m","1000000","1000000","16","1","3","MIXED_WORKLOAD","WRITE_HEAVY","10000","16","80","20","0","0","WARMUP","1","10000","10000","0","1627.6156","6143.956840915016","2.595742464","1.094656","10.420223","2.387967","4.300799","5.566463",""
"EXP-20260823T073101Z-2c9b0259","2026-08-23T07:31:01.829294300Z","scylla","preloaded_benchmark","LOCAL_QUORUM","3","3","../data-generator/output/telemetry-50m","1000000","1000000","16","1","3","MIXED_WORKLOAD","WRITE_HEAVY","10000","16","80","20","0","0","MEASUREMENT","1","10000","10000","0","1476.1791","6774.245753784212","2.3554348032","1.09056","10.158079","2.211839","3.655679","4.796415",""
"EXP-20260823T073101Z-2c9b0259","2026-08-23T07:31:01.829294300Z","scylla","preloaded_benchmark","LOCAL_QUORUM","3","3","../data-generator/output/telemetry-50m","1000000","1000000","16","1","3","MIXED_WORKLOAD","WRITE_HEAVY","10000","16","80","20","0","0","MEASUREMENT","2","10000","10000","0","1580.474","6327.215759322837","2.5212652799999997","0.941056","9.592831","2.312191","4.251647","5.386239",""
"EXP-20260823T073101Z-2c9b0259","2026-08-23T07:31:01.829294300Z","scylla","preloaded_benchmark","LOCAL_QUORUM","3","3","../data-generator/output/telemetry-50m","1000000","1000000","16","1","3","MIXED_WORKLOAD","WRITE_HEAVY","10000","16","80","20","0","0","MEASUREMENT","3","10000","10000","0","1446.7962","6911.823517368928","2.306781184","1.104896","10.289151","2.121727","3.678207","4.874239",""
"EXP-20260823T073101Z-2c9b0259","2026-08-23T07:31:01.829294300Z","scylla","preloaded_benchmark","LOCAL_QUORUM","3","3","../data-generator/output/telemetry-50m","1000000","1000000","16","1","3","MIXED_WORKLOAD","BALANCED","10000","16","50","50","0","0","WARMUP","1","10000","10000","0","1486.6521","6726.523306966035","2.3712734208","1.170432","9.060351","2.228223","3.622911","4.644863",""
"EXP-20260823T073101Z-2c9b0259","2026-08-23T07:31:01.829294300Z","scylla","preloaded_benchmark","LOCAL_QUORUM","3","3","../data-generator/output/telemetry-50m","1000000","1000000","16","1","3","MIXED_WORKLOAD","BALANCED","10000","16","50","50","0","0","MEASUREMENT","1","10000","10000","0","1488.4627","6718.341010493577","2.374188032","1.055744","9.035775","2.226175","3.639295","4.685823",""
"EXP-20260823T073101Z-2c9b0259","2026-08-23T07:31:01.829294300Z","scylla","preloaded_benchmark","LOCAL_QUORUM","3","3","../data-generator/output/telemetry-50m","1000000","1000000","16","1","3","MIXED_WORKLOAD","BALANCED","10000","16","50","50","0","0","MEASUREMENT","2","10000","10000","0","1529.3709","6538.636245792306","2.4389207552","1.165312","11.272191","2.275327","3.825663","5.193727",""
"EXP-20260823T073101Z-2c9b0259","2026-08-23T07:31:01.829294300Z","scylla","preloaded_benchmark","LOCAL_QUORUM","3","3","../data-generator/output/telemetry-50m","1000000","1000000","16","1","3","MIXED_WORKLOAD","BALANCED","10000","16","50","50","0","0","MEASUREMENT","3","10000","10000","0","1550.7432","6448.520941442787","2.475326336","1.033728","8.912895","2.318335","3.866623","4.997119",""
"EXP-20260823T073101Z-2c9b0259","2026-08-23T07:31:01.829294300Z","scylla","preloaded_benchmark","LOCAL_QUORUM","3","3","../data-generator/output/telemetry-50m","1000000","1000000","16","1","3","MIXED_WORKLOAD","READ_HEAVY","10000","16","20","80","0","0","WARMUP","1","10000","10000","0","1446.2515","6914.42670932407","2.3080791551999997","1.091584","6.643711","2.189311","3.440639","4.143103",""
"EXP-20260823T073101Z-2c9b0259","2026-08-23T07:31:01.829294300Z","scylla","preloaded_benchmark","LOCAL_QUORUM","3","3","../data-generator/output/telemetry-50m","1000000","1000000","16","1","3","MIXED_WORKLOAD","READ_HEAVY","10000","16","20","80","0","0","MEASUREMENT","1","10000","10000","0","1486.3566","6727.860595499087","2.3718606336","1.092608","10.338303","2.242559","3.592191","4.718591",""
"EXP-20260823T073101Z-2c9b0259","2026-08-23T07:31:01.829294300Z","scylla","preloaded_benchmark","LOCAL_QUORUM","3","3","../data-generator/output/telemetry-50m","1000000","1000000","16","1","3","MIXED_WORKLOAD","READ_HEAVY","10000","16","20","80","0","0","MEASUREMENT","2","10000","10000","0","1542.0596","6484.833660125718","2.4598274559999997","1.055744","10.166271","2.289663","3.907583","5.013503",""
"EXP-20260823T073101Z-2c9b0259","2026-08-23T07:31:01.829294300Z","scylla","preloaded_benchmark","LOCAL_QUORUM","3","3","../data-generator/output/telemetry-50m","1000000","1000000","16","1","3","MIXED_WORKLOAD","READ_HEAVY","10000","16","20","80","0","0","MEASUREMENT","3","10000","10000","0","1513.0513","6609.161235973955","2.4116700928","0.990208","8.253439","2.279423","3.663871","4.448255",""
"EXP-20260823T073101Z-2c9b0259","2026-08-23T07:31:01.829294300Z","scylla","preloaded_benchmark","LOCAL_QUORUM","3","3","../data-generator/output/telemetry-50m","1000000","1000000","16","1","3","SUSTAINED_INGESTION","SUSTAINED_WRITE","30000","16","100","0","500","60","MEASUREMENT","1","30001","30001","0","60002.5984","499.99501354927986","1.428206362187927","1.065984","37.453823","1.350655","1.737727","2.242559",""
"EXP-20260823T113136Z-91c45ea8","2026-08-23T11:31:36.364701200Z","cassandra","preloaded_benchmark_1node_v2","LOCAL_QUORUM","1","1","../data-generator/output/telemetry-50m","1000000","1000000","16","1","3","SEQUENTIAL_WRITE","WRITE_ONLY","10000","1","100","0","0","0","WARMUP","1","10000","10000","0","16435.6653","608.432930305535","1.5959525375999999","1.248256","8.437759","1.544191","1.994751","2.258943",""
"EXP-20260823T113136Z-91c45ea8","2026-08-23T11:31:36.364701200Z","cassandra","preloaded_benchmark_1node_v2","LOCAL_QUORUM","1","1","../data-generator/output/telemetry-50m","1000000","1000000","16","1","3","SEQUENTIAL_WRITE","WRITE_ONLY","10000","1","100","0","0","0","MEASUREMENT","1","10000","10000","0","12850.028901","778.208366459144","1.24742656","1.015296","6.893567","1.217535","1.500159","1.695743",""
"EXP-20260823T113136Z-91c45ea8","2026-08-23T11:31:36.364701200Z","cassandra","preloaded_benchmark_1node_v2","LOCAL_QUORUM","1","1","../data-generator/output/telemetry-50m","1000000","1000000","16","1","3","SEQUENTIAL_WRITE","WRITE_ONLY","10000","1","100","0","0","0","MEASUREMENT","2","10000","10000","0","12761.678499","783.595982361066","1.2388525568","1.019904","5.029887","1.213439","1.468415","1.669119",""
"EXP-20260823T113136Z-91c45ea8","2026-08-23T11:31:36.364701200Z","cassandra","preloaded_benchmark_1node_v2","LOCAL_QUORUM","1","1","../data-generator/output/telemetry-50m","1000000","1000000","16","1","3","SEQUENTIAL_WRITE","WRITE_ONLY","10000","1","100","0","0","0","MEASUREMENT","3","10000","10000","0","12851.638099","778.1109243014017","1.2475848192","1.0112","10.174463","1.217535","1.489919","1.717247",""
"EXP-20260823T113136Z-91c45ea8","2026-08-23T11:31:36.364701200Z","cassandra","preloaded_benchmark_1node_v2","LOCAL_QUORUM","1","1","../data-generator/output/telemetry-50m","1000000","1000000","16","1","3","CONCURRENT_WRITE","WRITE_ONLY","20000","16","100","0","0","0","WARMUP","1","20000","20000","0","6676.7077","2995.4883302739163","5.3208277632","1.042944","63.897599","2.553855","15.196159","54.394879",""
"EXP-20260823T113136Z-91c45ea8","2026-08-23T11:31:36.364701200Z","cassandra","preloaded_benchmark_1node_v2","LOCAL_QUORUM","1","1","../data-generator/output/telemetry-50m","1000000","1000000","16","1","3","CONCURRENT_WRITE","WRITE_ONLY","20000","16","100","0","0","0","MEASUREMENT","1","20000","20000","0","6019.6522","3322.4510877887597","4.7964489472","1.053696","330.563583","2.332671","8.830975","49.250303",""
"EXP-20260823T113136Z-91c45ea8","2026-08-23T11:31:36.364701200Z","cassandra","preloaded_benchmark_1node_v2","LOCAL_QUORUM","1","1","../data-generator/output/telemetry-50m","1000000","1000000","16","1","3","CONCURRENT_WRITE","WRITE_ONLY","20000","16","100","0","0","0","MEASUREMENT","2","20000","20000","0","4832.594299","4138.56383602045","3.8498897664","1.088512","45.907967","2.146303","7.159807","39.157759",""
"EXP-20260823T113136Z-91c45ea8","2026-08-23T11:31:36.364701200Z","cassandra","preloaded_benchmark_1node_v2","LOCAL_QUORUM","1","1","../data-generator/output/telemetry-50m","1000000","1000000","16","1","3","CONCURRENT_WRITE","WRITE_ONLY","20000","16","100","0","0","0","MEASUREMENT","3","20000","20000","0","4467.039101","4477.238624466654","3.5597378304","1.063936","57.114623","2.064383","6.279167","37.027839",""
"EXP-20260823T113136Z-91c45ea8","2026-08-23T11:31:36.364701200Z","cassandra","preloaded_benchmark_1node_v2","LOCAL_QUORUM","1","1","../data-generator/output/telemetry-50m","1000000","1000000","16","1","3","READ_SINGLE","READ_ONLY","10000","16","0","100","0","0","WARMUP","1","10000","10000","0","16550.3633","604.2163436980262","26.432126976","1.982464","109.445119","9.945087","83.886079","91.291647",""
"EXP-20260823T113136Z-91c45ea8","2026-08-23T11:31:36.364701200Z","cassandra","preloaded_benchmark_1node_v2","LOCAL_QUORUM","1","1","../data-generator/output/telemetry-50m","1000000","1000000","16","1","3","READ_SINGLE","READ_ONLY","10000","16","0","100","0","0","MEASUREMENT","1","10000","10000","0","12987.745","769.9566013961623","20.667178547200002","1.63328","94.371839","8.241151","75.825151","82.182143",""
"EXP-20260823T113136Z-91c45ea8","2026-08-23T11:31:36.364701200Z","cassandra","preloaded_benchmark_1node_v2","LOCAL_QUORUM","1","1","../data-generator/output/telemetry-50m","1000000","1000000","16","1","3","READ_SINGLE","READ_ONLY","10000","16","0","100","0","0","MEASUREMENT","2","10000","10000","0","10238.880099","976.6693137637845","16.3449025024","1.614848","90.898431","6.291455","72.548351","77.004799",""
"EXP-20260823T113136Z-91c45ea8","2026-08-23T11:31:36.364701200Z","cassandra","preloaded_benchmark_1node_v2","LOCAL_QUORUM","1","1","../data-generator/output/telemetry-50m","1000000","1000000","16","1","3","READ_SINGLE","READ_ONLY","10000","16","0","100","0","0","MEASUREMENT","3","10000","10000","0","8293.1834","1205.8095809143688","13.2297007616","1.560576","279.969791","5.419007","66.682879","70.844415",""
"EXP-20260823T113136Z-91c45ea8","2026-08-23T11:31:36.364701200Z","cassandra","preloaded_benchmark_1node_v2","LOCAL_QUORUM","1","1","../data-generator/output/telemetry-50m","1000000","1000000","16","1","3","READ_LATEST","READ_ONLY","10000","16","0","100","0","0","WARMUP","1","10000","10000","0","6880.8715","1453.3042798430401","10.9826678784","1.31072","77.266943","4.657151","63.635455","69.730303",""
"EXP-20260823T113136Z-91c45ea8","2026-08-23T11:31:36.364701200Z","cassandra","preloaded_benchmark_1node_v2","LOCAL_QUORUM","1","1","../data-generator/output/telemetry-50m","1000000","1000000","16","1","3","READ_LATEST","READ_ONLY","10000","16","0","100","0","0","MEASUREMENT","1","10000","10000","0","7018.8367","1424.7375209626975","11.1986211328","1.366016","75.956223","5.042175","63.471615","67.829759",""
"EXP-20260823T113136Z-91c45ea8","2026-08-23T11:31:36.364701200Z","cassandra","preloaded_benchmark_1node_v2","LOCAL_QUORUM","1","1","../data-generator/output/telemetry-50m","1000000","1000000","16","1","3","READ_LATEST","READ_ONLY","10000","16","0","100","0","0","MEASUREMENT","2","10000","10000","0","6873.2123","1454.9237770525435","10.978152601600002","1.34144","71.041023","5.181439","60.882943","65.142783",""
"EXP-20260823T113136Z-91c45ea8","2026-08-23T11:31:36.364701200Z","cassandra","preloaded_benchmark_1node_v2","LOCAL_QUORUM","1","1","../data-generator/output/telemetry-50m","1000000","1000000","16","1","3","READ_LATEST","READ_ONLY","10000","16","0","100","0","0","MEASUREMENT","3","10000","10000","0","4738.8127","2110.233223608943","7.5680177664","1.17248","65.699839","3.469311","55.312383","61.243391",""
"EXP-20260823T113136Z-91c45ea8","2026-08-23T11:31:36.364701200Z","cassandra","preloaded_benchmark_1node_v2","LOCAL_QUORUM","1","1","../data-generator/output/telemetry-50m","1000000","1000000","16","1","3","READ_PARTITION_WINDOW","READ_ONLY","10000","16","0","100","0","0","WARMUP","1","10000","10000","0","16384.643601","610.3275874361815","26.190684569600002","2.736128","100.859903","12.206079","77.201407","84.410367",""
"EXP-20260823T113136Z-91c45ea8","2026-08-23T11:31:36.364701200Z","cassandra","preloaded_benchmark_1node_v2","LOCAL_QUORUM","1","1","../data-generator/output/telemetry-50m","1000000","1000000","16","1","3","READ_PARTITION_WINDOW","READ_ONLY","10000","16","0","100","0","0","MEASUREMENT","1","10000","10000","0","10122.941401","987.855170139792","16.129640448","2.359296","80.740351","8.290303","60.620799","65.535999",""
"EXP-20260823T113136Z-91c45ea8","2026-08-23T11:31:36.364701200Z","cassandra","preloaded_benchmark_1node_v2","LOCAL_QUORUM","1","1","../data-generator/output/telemetry-50m","1000000","1000000","16","1","3","READ_PARTITION_WINDOW","READ_ONLY","10000","16","0","100","0","0","MEASUREMENT","2","10000","10000","0","10762.297199","929.169657285544","17.192127078400002","1.769472","79.757311","9.166847","61.571071","67.633151",""
"EXP-20260823T113136Z-91c45ea8","2026-08-23T11:31:36.364701200Z","cassandra","preloaded_benchmark_1node_v2","LOCAL_QUORUM","1","1","../data-generator/output/telemetry-50m","1000000","1000000","16","1","3","READ_PARTITION_WINDOW","READ_ONLY","10000","16","0","100","0","0","MEASUREMENT","3","10000","10000","0","10465.4634","955.5238614660866","16.7288897536","2.107392","75.956223","8.691711","61.210623","66.060287",""
"EXP-20260823T113136Z-91c45ea8","2026-08-23T11:31:36.364701200Z","cassandra","preloaded_benchmark_1node_v2","LOCAL_QUORUM","1","1","../data-generator/output/telemetry-50m","1000000","1000000","16","1","3","READ_TIME_RANGE","READ_ONLY","10000","16","0","100","0","0","WARMUP","1","10000","10000","0","6257.5528","1598.0688169343134","9.9861688832","1.404928","69.533695","4.628479","60.653567","64.585727",""
"EXP-20260823T113136Z-91c45ea8","2026-08-23T11:31:36.364701200Z","cassandra","preloaded_benchmark_1node_v2","LOCAL_QUORUM","1","1","../data-generator/output/telemetry-50m","1000000","1000000","16","1","3","READ_TIME_RANGE","READ_ONLY","10000","16","0","100","0","0","MEASUREMENT","1","10000","10000","0","3137.0945","3187.6629792312597","5.0036862464","1.225728","61.833215","2.502655","14.147583","49.545215",""
"EXP-20260823T113136Z-91c45ea8","2026-08-23T11:31:36.364701200Z","cassandra","preloaded_benchmark_1node_v2","LOCAL_QUORUM","1","1","../data-generator/output/telemetry-50m","1000000","1000000","16","1","3","READ_TIME_RANGE","READ_ONLY","10000","16","0","100","0","0","MEASUREMENT","2","10000","10000","0","3400.063","2941.121973328141","5.418178048000001","1.277952","59.867135","2.764799","34.045951","49.545215",""
"EXP-20260823T113136Z-91c45ea8","2026-08-23T11:31:36.364701200Z","cassandra","preloaded_benchmark_1node_v2","LOCAL_QUORUM","1","1","../data-generator/output/telemetry-50m","1000000","1000000","16","1","3","READ_TIME_RANGE","READ_ONLY","10000","16","0","100","0","0","MEASUREMENT","3","10000","10000","0","3334.8083","2998.6731171324","5.3165085184","1.113088","52.592639","2.750463","14.139391","48.300031",""
"EXP-20260823T113136Z-91c45ea8","2026-08-23T11:31:36.364701200Z","cassandra","preloaded_benchmark_1node_v2","LOCAL_QUORUM","1","1","../data-generator/output/telemetry-50m","1000000","1000000","16","1","3","MIXED_WORKLOAD","WRITE_HEAVY","10000","16","80","20","0","0","WARMUP","1","10000","10000","0","5540.9916","1804.7311242991236","8.843953305600001","1.240064","70.516735","4.128767","58.327039","63.832063",""
"EXP-20260823T113136Z-91c45ea8","2026-08-23T11:31:36.364701200Z","cassandra","preloaded_benchmark_1node_v2","LOCAL_QUORUM","1","1","../data-generator/output/telemetry-50m","1000000","1000000","16","1","3","MIXED_WORKLOAD","WRITE_HEAVY","10000","16","80","20","0","0","MEASUREMENT","1","10000","10000","0","3280.163299","3048.6287079209224","5.2358310912","1.17248","52.953087","2.654207","15.548415","46.759935",""
"EXP-20260823T113136Z-91c45ea8","2026-08-23T11:31:36.364701200Z","cassandra","preloaded_benchmark_1node_v2","LOCAL_QUORUM","1","1","../data-generator/output/telemetry-50m","1000000","1000000","16","1","3","MIXED_WORKLOAD","WRITE_HEAVY","10000","16","80","20","0","0","MEASUREMENT","2","10000","10000","0","4111.7772","2432.0383896286985","6.5640803839999995","1.19296","65.830911","3.254271","43.909119","59.047935",""
"EXP-20260823T113136Z-91c45ea8","2026-08-23T11:31:36.364701200Z","cassandra","preloaded_benchmark_1node_v2","LOCAL_QUORUM","1","1","../data-generator/output/telemetry-50m","1000000","1000000","16","1","3","MIXED_WORKLOAD","WRITE_HEAVY","10000","16","80","20","0","0","MEASUREMENT","3","10000","10000","0","4820.491101","2074.477431962383","7.6960679424","1.21344","67.108863","3.528703","50.823167","61.636607",""
"EXP-20260823T113136Z-91c45ea8","2026-08-23T11:31:36.364701200Z","cassandra","preloaded_benchmark_1node_v2","LOCAL_QUORUM","1","1","../data-generator/output/telemetry-50m","1000000","1000000","16","1","3","MIXED_WORKLOAD","BALANCED","10000","16","50","50","0","0","WARMUP","1","10000","10000","0","3723.6296","2685.5517530529887","5.9454560768","1.282048","65.404927","2.877439","42.270719","53.247999",""
"EXP-20260823T113136Z-91c45ea8","2026-08-23T11:31:36.364701200Z","cassandra","preloaded_benchmark_1node_v2","LOCAL_QUORUM","1","1","../data-generator/output/telemetry-50m","1000000","1000000","16","1","3","MIXED_WORKLOAD","BALANCED","10000","16","50","50","0","0","MEASUREMENT","1","10000","10000","0","3515.1821","2844.802833969825","5.6131094016","1.186816","59.277311","2.797567","38.404095","50.888703",""
"EXP-20260823T113136Z-91c45ea8","2026-08-23T11:31:36.364701200Z","cassandra","preloaded_benchmark_1node_v2","LOCAL_QUORUM","1","1","../data-generator/output/telemetry-50m","1000000","1000000","16","1","3","MIXED_WORKLOAD","BALANCED","10000","16","50","50","0","0","MEASUREMENT","2","10000","10000","0","3729.6201","2681.2382312075165","5.954228070399999","1.125376","56.000511","3.012607","42.860543","50.233343",""
"EXP-20260823T113136Z-91c45ea8","2026-08-23T11:31:36.364701200Z","cassandra","preloaded_benchmark_1node_v2","LOCAL_QUORUM","1","1","../data-generator/output/telemetry-50m","1000000","1000000","16","1","3","MIXED_WORKLOAD","BALANCED","10000","16","50","50","0","0","MEASUREMENT","3","10000","10000","0","4009.6786","2493.9654764349443","6.402264064000001","1.154048","57.409535","3.211263","44.302335","51.937279",""
"EXP-20260823T113136Z-91c45ea8","2026-08-23T11:31:36.364701200Z","cassandra","preloaded_benchmark_1node_v2","LOCAL_QUORUM","1","1","../data-generator/output/telemetry-50m","1000000","1000000","16","1","3","MIXED_WORKLOAD","READ_HEAVY","10000","16","20","80","0","0","WARMUP","1","10000","10000","0","3566.599899","2803.7908044588326","5.6919010816","1.271808","55.083007","2.766847","40.992767","51.183615",""
"EXP-20260823T113136Z-91c45ea8","2026-08-23T11:31:36.364701200Z","cassandra","preloaded_benchmark_1node_v2","LOCAL_QUORUM","1","1","../data-generator/output/telemetry-50m","1000000","1000000","16","1","3","MIXED_WORKLOAD","READ_HEAVY","10000","16","20","80","0","0","MEASUREMENT","1","10000","10000","0","3635.2419","2750.848574891261","5.8009974272","1.201152","55.541759","2.840575","42.041343","50.331647",""
"EXP-20260823T113136Z-91c45ea8","2026-08-23T11:31:36.364701200Z","cassandra","preloaded_benchmark_1node_v2","LOCAL_QUORUM","1","1","../data-generator/output/telemetry-50m","1000000","1000000","16","1","3","MIXED_WORKLOAD","READ_HEAVY","10000","16","20","80","0","0","MEASUREMENT","2","10000","10000","0","3636.1162","2750.187136483702","5.8085057536","1.246208","56.524799","2.881535","40.534015","50.823167",""
"EXP-20260823T113136Z-91c45ea8","2026-08-23T11:31:36.364701200Z","cassandra","preloaded_benchmark_1node_v2","LOCAL_QUORUM","1","1","../data-generator/output/telemetry-50m","1000000","1000000","16","1","3","MIXED_WORKLOAD","READ_HEAVY","10000","16","20","80","0","0","MEASUREMENT","3","10000","10000","0","3329.673199","3003.297741953564","5.315419955199999","1.304576","55.902207","2.629631","31.211519","49.709055",""
"EXP-20260823T113136Z-91c45ea8","2026-08-23T11:31:36.364701200Z","cassandra","preloaded_benchmark_1node_v2","LOCAL_QUORUM","1","1","../data-generator/output/telemetry-50m","1000000","1000000","16","1","3","SUSTAINED_INGESTION","SUSTAINED_WRITE","30000","16","100","0","500","60","MEASUREMENT","1","30001","30001","0","60002.733399","499.99388862008067","1.4179703556548116","1.065984","12.648447","1.393663","1.722367","2.038783",""
"EXP-20260823T122011Z-7592871f","2026-08-23T12:20:11.812749900Z","scylla","preloaded_benchmark_1node_v2","LOCAL_QUORUM","1","1","../data-generator/output/telemetry-50m","1000000","1000000","16","1","3","SEQUENTIAL_WRITE","WRITE_ONLY","10000","1","100","0","0","0","WARMUP","1","10000","10000","0","11489.6655","870.3473569356742","1.1141718784","0.864768","11.444223","1.080319","1.389567","1.807359",""
"EXP-20260823T122011Z-7592871f","2026-08-23T12:20:11.812749900Z","scylla","preloaded_benchmark_1node_v2","LOCAL_QUORUM","1","1","../data-generator/output/telemetry-50m","1000000","1000000","16","1","3","SEQUENTIAL_WRITE","WRITE_ONLY","10000","1","100","0","0","0","MEASUREMENT","1","10000","10000","0","9775.1599","1023.0011685026246","0.9469486335999999","0.75264","3.344383","0.932863","1.143807","1.339391",""
"EXP-20260823T122011Z-7592871f","2026-08-23T12:20:11.812749900Z","scylla","preloaded_benchmark_1node_v2","LOCAL_QUORUM","1","1","../data-generator/output/telemetry-50m","1000000","1000000","16","1","3","SEQUENTIAL_WRITE","WRITE_ONLY","10000","1","100","0","0","0","MEASUREMENT","2","10000","10000","0","9829.5442","1017.34117030574","0.9521931776000001","0.764416","4.984831","0.939007","1.148927","1.333247",""
"EXP-20260823T122011Z-7592871f","2026-08-23T12:20:11.812749900Z","scylla","preloaded_benchmark_1node_v2","LOCAL_QUORUM","1","1","../data-generator/output/telemetry-50m","1000000","1000000","16","1","3","SEQUENTIAL_WRITE","WRITE_ONLY","10000","1","100","0","0","0","MEASUREMENT","3","10000","10000","0","9892.250299","1010.8923346805017","0.9585040128","0.758272","4.743167","0.940543","1.181695","1.381375",""
"EXP-20260823T122011Z-7592871f","2026-08-23T12:20:11.812749900Z","scylla","preloaded_benchmark_1node_v2","LOCAL_QUORUM","1","1","../data-generator/output/telemetry-50m","1000000","1000000","16","1","3","CONCURRENT_WRITE","WRITE_ONLY","20000","16","100","0","0","0","WARMUP","1","20000","20000","0","1615.384099","12380.956338731423","1.2854063872","0.776704","6.549503","1.252351","1.632255","1.856511",""
"EXP-20260823T122011Z-7592871f","2026-08-23T12:20:11.812749900Z","scylla","preloaded_benchmark_1node_v2","LOCAL_QUORUM","1","1","../data-generator/output/telemetry-50m","1000000","1000000","16","1","3","CONCURRENT_WRITE","WRITE_ONLY","20000","16","100","0","0","0","MEASUREMENT","1","20000","20000","0","1585.131299","12617.251335972769","1.2625695616","0.722944","2.979839","1.241087","1.579007","1.725439",""
"EXP-20260823T122011Z-7592871f","2026-08-23T12:20:11.812749900Z","scylla","preloaded_benchmark_1node_v2","LOCAL_QUORUM","1","1","../data-generator/output/telemetry-50m","1000000","1000000","16","1","3","CONCURRENT_WRITE","WRITE_ONLY","20000","16","100","0","0","0","MEASUREMENT","2","20000","20000","0","1593.2011","12553.343077656675","1.2681729408","0.747008","3.254271","1.245183","1.594367","1.771519",""
"EXP-20260823T122011Z-7592871f","2026-08-23T12:20:11.812749900Z","scylla","preloaded_benchmark_1node_v2","LOCAL_QUORUM","1","1","../data-generator/output/telemetry-50m","1000000","1000000","16","1","3","CONCURRENT_WRITE","WRITE_ONLY","20000","16","100","0","0","0","MEASUREMENT","3","20000","20000","0","1657.984601","12062.838212090246","1.3197640959999999","0.73984","5.165055","1.279999","1.720319","2.316287",""
"EXP-20260823T122011Z-7592871f","2026-08-23T12:20:11.812749900Z","scylla","preloaded_benchmark_1node_v2","LOCAL_QUORUM","1","1","../data-generator/output/telemetry-50m","1000000","1000000","16","1","3","READ_SINGLE","READ_ONLY","10000","16","0","100","0","0","WARMUP","1","10000","10000","0","873.666199","11446.01909910904","1.3926951168","0.741888","3.883007","1.349631","1.921023","2.414591",""
"EXP-20260823T122011Z-7592871f","2026-08-23T12:20:11.812749900Z","scylla","preloaded_benchmark_1node_v2","LOCAL_QUORUM","1","1","../data-generator/output/telemetry-50m","1000000","1000000","16","1","3","READ_SINGLE","READ_ONLY","10000","16","0","100","0","0","MEASUREMENT","1","10000","10000","0","834.1345","11988.474280826413","1.3255348736","0.766464","7.581695","1.268735","1.770495","2.312191",""
"EXP-20260823T122011Z-7592871f","2026-08-23T12:20:11.812749900Z","scylla","preloaded_benchmark_1node_v2","LOCAL_QUORUM","1","1","../data-generator/output/telemetry-50m","1000000","1000000","16","1","3","READ_SINGLE","READ_ONLY","10000","16","0","100","0","0","MEASUREMENT","2","10000","10000","0","795.976501","12563.184952617088","1.2667419904","0.743424","3.993599","1.230847","1.629183","1.983487",""
"EXP-20260823T122011Z-7592871f","2026-08-23T12:20:11.812749900Z","scylla","preloaded_benchmark_1node_v2","LOCAL_QUORUM","1","1","../data-generator/output/telemetry-50m","1000000","1000000","16","1","3","READ_SINGLE","READ_ONLY","10000","16","0","100","0","0","MEASUREMENT","3","10000","10000","0","825.530601","12113.421341239899","1.3069920767999998","0.788992","7.790591","1.248255","1.720319","2.637823",""
"EXP-20260823T122011Z-7592871f","2026-08-23T12:20:11.812749900Z","scylla","preloaded_benchmark_1node_v2","LOCAL_QUORUM","1","1","../data-generator/output/telemetry-50m","1000000","1000000","16","1","3","READ_LATEST","READ_ONLY","10000","16","0","100","0","0","WARMUP","1","10000","10000","0","1186.8989","8425.317438578804","1.8882210816","0.8576","11.640831","1.842175","2.727935","3.168255",""
"EXP-20260823T122011Z-7592871f","2026-08-23T12:20:11.812749900Z","scylla","preloaded_benchmark_1node_v2","LOCAL_QUORUM","1","1","../data-generator/output/telemetry-50m","1000000","1000000","16","1","3","READ_LATEST","READ_ONLY","10000","16","0","100","0","0","MEASUREMENT","1","10000","10000","0","1181.4979","8463.832225177886","1.8774754816","0.876544","13.860863","1.816575","2.758655","3.239935",""
"EXP-20260823T122011Z-7592871f","2026-08-23T12:20:11.812749900Z","scylla","preloaded_benchmark_1node_v2","LOCAL_QUORUM","1","1","../data-generator/output/telemetry-50m","1000000","1000000","16","1","3","READ_LATEST","READ_ONLY","10000","16","0","100","0","0","MEASUREMENT","2","10000","10000","0","1181.9193","8460.814541229674","1.8799518464","0.850944","10.747903","1.829887","2.727935","3.133439",""
"EXP-20260823T122011Z-7592871f","2026-08-23T12:20:11.812749900Z","scylla","preloaded_benchmark_1node_v2","LOCAL_QUORUM","1","1","../data-generator/output/telemetry-50m","1000000","1000000","16","1","3","READ_LATEST","READ_ONLY","10000","16","0","100","0","0","MEASUREMENT","3","10000","10000","0","1176.456","8500.105401306977","1.8706844416","0.874496","12.984319","1.804287","2.717695","3.299327",""
"EXP-20260823T122011Z-7592871f","2026-08-23T12:20:11.812749900Z","scylla","preloaded_benchmark_1node_v2","LOCAL_QUORUM","1","1","../data-generator/output/telemetry-50m","1000000","1000000","16","1","3","READ_PARTITION_WINDOW","READ_ONLY","10000","16","0","100","0","0","WARMUP","1","10000","10000","0","2453.2005","4076.3076642125257","3.9155088383999996","1.267712","13.131775","3.813375","5.857279","7.516159",""
"EXP-20260823T122011Z-7592871f","2026-08-23T12:20:11.812749900Z","scylla","preloaded_benchmark_1node_v2","LOCAL_QUORUM","1","1","../data-generator/output/telemetry-50m","1000000","1000000","16","1","3","READ_PARTITION_WINDOW","READ_ONLY","10000","16","0","100","0","0","MEASUREMENT","1","10000","10000","0","2376.2353","4208.337448736664","3.7867261439999997","1.247232","25.739263","3.645439","5.656575","7.163903",""
"EXP-20260823T122011Z-7592871f","2026-08-23T12:20:11.812749900Z","scylla","preloaded_benchmark_1node_v2","LOCAL_QUORUM","1","1","../data-generator/output/telemetry-50m","1000000","1000000","16","1","3","READ_PARTITION_WINDOW","READ_ONLY","10000","16","0","100","0","0","MEASUREMENT","2","10000","10000","0","2369.761501","4219.8339350943825","3.779584","1.338368","14.376959","3.674111","5.631999","6.815743",""
"EXP-20260823T122011Z-7592871f","2026-08-23T12:20:11.812749900Z","scylla","preloaded_benchmark_1node_v2","LOCAL_QUORUM","1","1","../data-generator/output/telemetry-50m","1000000","1000000","16","1","3","READ_PARTITION_WINDOW","READ_ONLY","10000","16","0","100","0","0","MEASUREMENT","3","10000","10000","0","2334.3108","4283.919690557058","3.7264224768","1.119232","17.940479","3.620863","5.574655","6.578175",""
"EXP-20260823T122011Z-7592871f","2026-08-23T12:20:11.812749900Z","scylla","preloaded_benchmark_1node_v2","LOCAL_QUORUM","1","1","../data-generator/output/telemetry-50m","1000000","1000000","16","1","3","READ_TIME_RANGE","READ_ONLY","10000","16","0","100","0","0","WARMUP","1","10000","10000","0","835.7016","11965.99360345846","1.3271443968","0.715776","12.337151","1.267711","1.710079","2.512895",""
"EXP-20260823T122011Z-7592871f","2026-08-23T12:20:11.812749900Z","scylla","preloaded_benchmark_1node_v2","LOCAL_QUORUM","1","1","../data-generator/output/telemetry-50m","1000000","1000000","16","1","3","READ_TIME_RANGE","READ_ONLY","10000","16","0","100","0","0","MEASUREMENT","1","10000","10000","0","826.2618","12102.701589254157","1.3088646656","0.804864","11.493375","1.252351","1.697791","2.287615",""
"EXP-20260823T122011Z-7592871f","2026-08-23T12:20:11.812749900Z","scylla","preloaded_benchmark_1node_v2","LOCAL_QUORUM","1","1","../data-generator/output/telemetry-50m","1000000","1000000","16","1","3","READ_TIME_RANGE","READ_ONLY","10000","16","0","100","0","0","MEASUREMENT","2","10000","10000","0","856.52","11675.150609442862","1.3581732608000001","0.76544","7.860223","1.291263","1.899519","2.586623",""
"EXP-20260823T122011Z-7592871f","2026-08-23T12:20:11.812749900Z","scylla","preloaded_benchmark_1node_v2","LOCAL_QUORUM","1","1","../data-generator/output/telemetry-50m","1000000","1000000","16","1","3","READ_TIME_RANGE","READ_ONLY","10000","16","0","100","0","0","MEASUREMENT","3","10000","10000","0","833.477901","11997.91858668608","1.3227501311999998","0.728064","8.994815","1.256447","1.735679","2.531327",""
"EXP-20260823T122011Z-7592871f","2026-08-23T12:20:11.812749900Z","scylla","preloaded_benchmark_1node_v2","LOCAL_QUORUM","1","1","../data-generator/output/telemetry-50m","1000000","1000000","16","1","3","MIXED_WORKLOAD","WRITE_HEAVY","10000","16","80","20","0","0","WARMUP","1","10000","10000","0","848.0914","11791.181941003057","1.3517960448","0.833536","3.446783","1.316863","1.765375","2.029567",""
"EXP-20260823T122011Z-7592871f","2026-08-23T12:20:11.812749900Z","scylla","preloaded_benchmark_1node_v2","LOCAL_QUORUM","1","1","../data-generator/output/telemetry-50m","1000000","1000000","16","1","3","MIXED_WORKLOAD","WRITE_HEAVY","10000","16","80","20","0","0","MEASUREMENT","1","10000","10000","0","895.228699","11170.330007483373","1.4276352256","0.758272","9.748479","1.358847","1.905663","2.512895",""
"EXP-20260823T122011Z-7592871f","2026-08-23T12:20:11.812749900Z","scylla","preloaded_benchmark_1node_v2","LOCAL_QUORUM","1","1","../data-generator/output/telemetry-50m","1000000","1000000","16","1","3","MIXED_WORKLOAD","WRITE_HEAVY","10000","16","80","20","0","0","MEASUREMENT","2","10000","10000","0","885.536101","11292.59438289123","1.4132192768","0.77568","2.891775","1.386495","1.855487","2.123775",""
"EXP-20260823T122011Z-7592871f","2026-08-23T12:20:11.812749900Z","scylla","preloaded_benchmark_1node_v2","LOCAL_QUORUM","1","1","../data-generator/output/telemetry-50m","1000000","1000000","16","1","3","MIXED_WORKLOAD","WRITE_HEAVY","10000","16","80","20","0","0","MEASUREMENT","3","10000","10000","0","839.350399","11913.97539324932","1.3391945984","0.782336","2.772991","1.307647","1.746943","1.969151",""
"EXP-20260823T122011Z-7592871f","2026-08-23T12:20:11.812749900Z","scylla","preloaded_benchmark_1node_v2","LOCAL_QUORUM","1","1","../data-generator/output/telemetry-50m","1000000","1000000","16","1","3","MIXED_WORKLOAD","BALANCED","10000","16","50","50","0","0","WARMUP","1","10000","10000","0","875.646201","11420.137480845417","1.3969264639999999","0.775168","2.891775","1.366015","1.830911","2.125823",""
"EXP-20260823T122011Z-7592871f","2026-08-23T12:20:11.812749900Z","scylla","preloaded_benchmark_1node_v2","LOCAL_QUORUM","1","1","../data-generator/output/telemetry-50m","1000000","1000000","16","1","3","MIXED_WORKLOAD","BALANCED","10000","16","50","50","0","0","MEASUREMENT","1","10000","10000","0","883.96","11312.729082763924","1.4081917184","0.81664","3.588095","1.361919","1.876991","2.334719",""
"EXP-20260823T122011Z-7592871f","2026-08-23T12:20:11.812749900Z","scylla","preloaded_benchmark_1node_v2","LOCAL_QUORUM","1","1","../data-generator/output/telemetry-50m","1000000","1000000","16","1","3","MIXED_WORKLOAD","BALANCED","10000","16","50","50","0","0","MEASUREMENT","2","10000","10000","0","894.8548","11174.99732917564","1.4272377088","0.811008","3.610623","1.383423","1.927167","2.303999",""
"EXP-20260823T122011Z-7592871f","2026-08-23T12:20:11.812749900Z","scylla","preloaded_benchmark_1node_v2","LOCAL_QUORUM","1","1","../data-generator/output/telemetry-50m","1000000","1000000","16","1","3","MIXED_WORKLOAD","BALANCED","10000","16","50","50","0","0","MEASUREMENT","3","10000","10000","0","910.1542","10987.149210540369","1.4517490432","0.81152","5.218303","1.401855","1.958911","2.330623",""
"EXP-20260823T122011Z-7592871f","2026-08-23T12:20:11.812749900Z","scylla","preloaded_benchmark_1node_v2","LOCAL_QUORUM","1","1","../data-generator/output/telemetry-50m","1000000","1000000","16","1","3","MIXED_WORKLOAD","READ_HEAVY","10000","16","20","80","0","0","WARMUP","1","10000","10000","0","860.911101","11615.601179244173","1.3736717824","0.807424","3.067903","1.338367","1.801215","2.038783",""
"EXP-20260823T122011Z-7592871f","2026-08-23T12:20:11.812749900Z","scylla","preloaded_benchmark_1node_v2","LOCAL_QUORUM","1","1","../data-generator/output/telemetry-50m","1000000","1000000","16","1","3","MIXED_WORKLOAD","READ_HEAVY","10000","16","20","80","0","0","MEASUREMENT","1","10000","10000","0","860.8868","11615.929062915126","1.3732609536","0.815616","3.194879","1.338367","1.779711","1.966079",""
"EXP-20260823T122011Z-7592871f","2026-08-23T12:20:11.812749900Z","scylla","preloaded_benchmark_1node_v2","LOCAL_QUORUM","1","1","../data-generator/output/telemetry-50m","1000000","1000000","16","1","3","MIXED_WORKLOAD","READ_HEAVY","10000","16","20","80","0","0","MEASUREMENT","2","10000","10000","0","858.1729","11652.663466767593","1.369540096","0.825856","2.906111","1.337343","1.784831","1.984511",""
"EXP-20260823T122011Z-7592871f","2026-08-23T12:20:11.812749900Z","scylla","preloaded_benchmark_1node_v2","LOCAL_QUORUM","1","1","../data-generator/output/telemetry-50m","1000000","1000000","16","1","3","MIXED_WORKLOAD","READ_HEAVY","10000","16","20","80","0","0","MEASUREMENT","3","10000","10000","0","895.055199","11172.495295454957","1.427996416","0.796672","3.153919","1.388543","1.937407","2.363391",""
"EXP-20260823T122011Z-7592871f","2026-08-23T12:20:11.812749900Z","scylla","preloaded_benchmark_1node_v2","LOCAL_QUORUM","1","1","../data-generator/output/telemetry-50m","1000000","1000000","16","1","3","SUSTAINED_INGESTION","SUSTAINED_WRITE","30000","16","100","0","500","60","MEASUREMENT","1","30001","30001","0","60002.871501","499.99273783922166","1.102778566581114","0.81664","6.811647","1.077247","1.372159","1.562623",""
"EXP-20260902T164658Z-393fcb49","2026-09-02T16:46:58.197501500Z","cassandra","h3_benchmark_1_node_v1","LOCAL_QUORUM",1,1,"../data-generator/output/telemetry-50m",1000000,1000000,16,1,3,"SEQUENTIAL_WRITE","WRITE_ONLY",10000,1,100,0,0,0,"WARMUP",1,10000,10000,0,16203.5236,617.1497167443259,1.5730446848,1.235968,8.617983,1.516543,1.970175,2.273279,""
"EXP-20260902T164658Z-393fcb49","2026-09-02T16:46:58.197501500Z","cassandra","h3_benchmark_1_node_v1","LOCAL_QUORUM",1,1,"../data-generator/output/telemetry-50m",1000000,1000000,16,1,3,"SEQUENTIAL_WRITE","WRITE_ONLY",10000,1,100,0,0,0,"MEASUREMENT",1,10000,10000,0,12485.3612,800.9379816740905,1.2117006336,0.991232,5.238783,1.188863,1.426431,1.591295,""
"EXP-20260902T164658Z-393fcb49","2026-09-02T16:46:58.197501500Z","cassandra","h3_benchmark_1_node_v1","LOCAL_QUORUM",1,1,"../data-generator/output/telemetry-50m",1000000,1000000,16,1,3,"SEQUENTIAL_WRITE","WRITE_ONLY",10000,1,100,0,0,0,"MEASUREMENT",2,10000,10000,0,12449.1237,803.2693899571422,1.2079928576,0.947712,5.722111,1.183743,1.442815,1.645567,""
"EXP-20260902T164658Z-393fcb49","2026-09-02T16:46:58.197501500Z","cassandra","h3_benchmark_1_node_v1","LOCAL_QUORUM",1,1,"../data-generator/output/telemetry-50m",1000000,1000000,16,1,3,"SEQUENTIAL_WRITE","WRITE_ONLY",10000,1,100,0,0,0,"MEASUREMENT",3,10000,10000,0,13474.3175,742.1526173774664,1.307321856,1.009152,46.858239,1.229823,1.716223,1.955839,""
"EXP-20260902T164658Z-393fcb49","2026-09-02T16:46:58.197501500Z","cassandra","h3_benchmark_1_node_v1","LOCAL_QUORUM",1,1,"../data-generator/output/telemetry-50m",1000000,1000000,16,1,3,"CONCURRENT_WRITE","WRITE_ONLY",20000,16,100,0,0,0,"WARMUP",1,20000,20000,0,5074.5971,3941.199588042172,4.0437197568,1.08544,57.245695,2.164735,8.368127,40.304639,""
"EXP-20260902T164658Z-393fcb49","2026-09-02T16:46:58.197501500Z","cassandra","h3_benchmark_1_node_v1","LOCAL_QUORUM",1,1,"../data-generator/output/telemetry-50m",1000000,1000000,16,1,3,"CONCURRENT_WRITE","WRITE_ONLY",20000,16,100,0,0,0,"MEASUREMENT",1,20000,20000,0,4811.1182,4157.037754757303,3.833269376,0.9728,47.349759,2.166783,7.483391,36.012031,""
"EXP-20260902T164658Z-393fcb49","2026-09-02T16:46:58.197501500Z","cassandra","h3_benchmark_1_node_v1","LOCAL_QUORUM",1,1,"../data-generator/output/telemetry-50m",1000000,1000000,16,1,3,"CONCURRENT_WRITE","WRITE_ONLY",20000,16,100,0,0,0,"MEASUREMENT",2,20000,20000,0,4325.8843,4623.33215892991,3.4454030592000002,1.084416,40.042495,2.019327,6.275071,33.685503,""
"EXP-20260902T164658Z-393fcb49","2026-09-02T16:46:58.197501500Z","cassandra","h3_benchmark_1_node_v1","LOCAL_QUORUM",1,1,"../data-generator/output/telemetry-50m",1000000,1000000,16,1,3,"CONCURRENT_WRITE","WRITE_ONLY",20000,16,100,0,0,0,"MEASUREMENT",3,20000,20000,0,4666.8179,4285.575402459994,3.7161566464,0.98048,58.687487,2.075647,7.307263,35.061759,""
"EXP-20260902T164658Z-393fcb49","2026-09-02T16:46:58.197501500Z","cassandra","h3_benchmark_1_node_v1","LOCAL_QUORUM",1,1,"../data-generator/output/telemetry-50m",1000000,1000000,16,1,3,"READ_SINGLE","READ_ONLY",10000,16,0,100,0,0,"WARMUP",1,10000,10000,0,15314.423,652.9792209605284,24.4010548224,1.84832,213.254143,9.142271,80.478207,85.786623,""
"EXP-20260902T164658Z-393fcb49","2026-09-02T16:46:58.197501500Z","cassandra","h3_benchmark_1_node_v1","LOCAL_QUORUM",1,1,"../data-generator/output/telemetry-50m",1000000,1000000,16,1,3,"READ_SINGLE","READ_ONLY",10000,16,0,100,0,0,"MEASUREMENT",1,10000,10000,0,10096.2936,990.46248021155,16.1231786496,1.62816,90.505215,6.701055,68.157439,73.859071,""
"EXP-20260902T164658Z-393fcb49","2026-09-02T16:46:58.197501500Z","cassandra","h3_benchmark_1_node_v1","LOCAL_QUORUM",1,1,"../data-generator/output/telemetry-50m",1000000,1000000,16,1,3,"READ_SINGLE","READ_ONLY",10000,16,0,100,0,0,"MEASUREMENT",2,10000,10000,0,9352.8377,1069.1942189908843,14.913514803200002,1.410048,78.053375,6.819839,66.486271,70.713343,""
"EXP-20260902T164658Z-393fcb49","2026-09-02T16:46:58.197501500Z","cassandra","h3_benchmark_1_node_v1","LOCAL_QUORUM",1,1,"../data-generator/output/telemetry-50m",1000000,1000000,16,1,3,"READ_SINGLE","READ_ONLY",10000,16,0,100,0,0,"MEASUREMENT",3,10000,10000,0,7355.6562,1359.4980146026944,11.7149071872,1.352704,72.351743,5.152767,62.554111,66.748415,""
"EXP-20260902T164658Z-393fcb49","2026-09-02T16:46:58.197501500Z","cassandra","h3_benchmark_1_node_v1","LOCAL_QUORUM",1,1,"../data-generator/output/telemetry-50m",1000000,1000000,16,1,3,"READ_LATEST","READ_ONLY",10000,16,0,100,0,0,"WARMUP",1,10000,10000,0,7096.8962,1409.0666846726601,11.328503398399999,1.449984,72.220671,5.345279,60.882943,65.699839,""
"EXP-20260902T164658Z-393fcb49","2026-09-02T16:46:58.197501500Z","cassandra","h3_benchmark_1_node_v1","LOCAL_QUORUM",1,1,"../data-generator/output/telemetry-50m",1000000,1000000,16,1,3,"READ_LATEST","READ_ONLY",10000,16,0,100,0,0,"MEASUREMENT",1,10000,10000,0,6140.9811,1628.4042952029276,9.789938688,1.298432,70.189055,4.648959,57.114623,61.702143,""
"EXP-20260902T164658Z-393fcb49","2026-09-02T16:46:58.197501500Z","cassandra","h3_benchmark_1_node_v1","LOCAL_QUORUM",1,1,"../data-generator/output/telemetry-50m",1000000,1000000,16,1,3,"READ_LATEST","READ_ONLY",10000,16,0,100,0,0,"MEASUREMENT",2,10000,10000,0,4806.8784,2080.3521886470025,7.666908620799999,1.21856,64.782335,3.837951,52.854783,56.885247,""
"EXP-20260902T164658Z-393fcb49","2026-09-02T16:46:58.197501500Z","cassandra","h3_benchmark_1_node_v1","LOCAL_QUORUM",1,1,"../data-generator/output/telemetry-50m",1000000,1000000,16,1,3,"READ_LATEST","READ_ONLY",10000,16,0,100,0,0,"MEASUREMENT",3,10000,10000,0,2680.7468,3730.303809371329,4.2734892032000005,1.179648,148.373503,2.277375,8.028159,39.813119,""
"EXP-20260902T164658Z-393fcb49","2026-09-02T16:46:58.197501500Z","cassandra","h3_benchmark_1_node_v1","LOCAL_QUORUM",1,1,"../data-generator/output/telemetry-50m",1000000,1000000,16,1,3,"READ_PARTITION_WINDOW","READ_ONLY",10000,16,0,100,0,0,"WARMUP",1,10000,10000,0,12974.8093,770.7242371569962,20.7384341504,2.367488,89.325567,9.953279,68.681727,74.121215,""
"EXP-20260902T164658Z-393fcb49","2026-09-02T16:46:58.197501500Z","cassandra","h3_benchmark_1_node_v1","LOCAL_QUORUM",1,1,"../data-generator/output/telemetry-50m",1000000,1000000,16,1,3,"READ_PARTITION_WINDOW","READ_ONLY",10000,16,0,100,0,0,"MEASUREMENT",1,10000,10000,0,10019.9977,998.0042210987734,15.9545550336,2.036736,74.317823,8.257535,59.342847,66.191359,""
"EXP-20260902T164658Z-393fcb49","2026-09-02T16:46:58.197501500Z","cassandra","h3_benchmark_1_node_v1","LOCAL_QUORUM",1,1,"../data-generator/output/telemetry-50m",1000000,1000000,16,1,3,"READ_PARTITION_WINDOW","READ_ONLY",10000,16,0,100,0,0,"MEASUREMENT",2,10000,10000,0,9913.5614,1008.7192277842753,15.838964531199998,2.11968,75.300863,8.114175,58.327039,63.733759,""
"EXP-20260902T164658Z-393fcb49","2026-09-02T16:46:58.197501500Z","cassandra","h3_benchmark_1_node_v1","LOCAL_QUORUM",1,1,"../data-generator/output/telemetry-50m",1000000,1000000,16,1,3,"READ_PARTITION_WINDOW","READ_ONLY",10000,16,0,100,0,0,"MEASUREMENT",3,10000,10000,0,9177.5374,1089.6169161893038,14.6579241984,2.224128,67.502079,7.643135,56.426495,61.636607,""
"EXP-20260902T164658Z-393fcb49","2026-09-02T16:46:58.197501500Z","cassandra","h3_benchmark_1_node_v1","LOCAL_QUORUM",1,1,"../data-generator/output/telemetry-50m",1000000,1000000,16,1,3,"READ_TIME_RANGE","READ_ONLY",10000,16,0,100,0,0,"WARMUP",1,10000,10000,0,6319.2172,1582.4744875045599,10.0026238464,1.164288,68.485119,4.866047,57.016319,61.800447,""
"EXP-20260902T164658Z-393fcb49","2026-09-02T16:46:58.197501500Z","cassandra","h3_benchmark_1_node_v1","LOCAL_QUORUM",1,1,"../data-generator/output/telemetry-50m",1000000,1000000,16,1,3,"READ_TIME_RANGE","READ_ONLY",10000,16,0,100,0,0,"MEASUREMENT",1,10000,10000,0,3196.634,3128.290570643996,5.0908182528,1.234944,50.626559,2.656255,10.346495,45.187071,""
"EXP-20260902T164658Z-393fcb49","2026-09-02T16:46:58.197501500Z","cassandra","h3_benchmark_1_node_v1","LOCAL_QUORUM",1,1,"../data-generator/output/telemetry-50m",1000000,1000000,16,1,3,"READ_TIME_RANGE","READ_ONLY",10000,16,0,100,0,0,"MEASUREMENT",2,10000,10000,0,3760.6779,2659.095053048813,5.9899476992,1.266688,57.114623,3.158015,40.304639,50.528255,""
"EXP-20260902T164658Z-393fcb49","2026-09-02T16:46:58.197501500Z","cassandra","h3_benchmark_1_node_v1","LOCAL_QUORUM",1,1,"../data-generator/output/telemetry-50m",1000000,1000000,16,1,3,"READ_TIME_RANGE","READ_ONLY",10000,16,0,100,0,0,"MEASUREMENT",3,10000,10000,0,3087.966,3238.3776246241055,4.9201368576,1.199104,50.790399,2.648063,8.830975,45.285375,""
"EXP-20260902T164658Z-393fcb49","2026-09-02T16:46:58.197501500Z","cassandra","h3_benchmark_1_node_v1","LOCAL_QUORUM",1,1,"../data-generator/output/telemetry-50m",1000000,1000000,16,1,3,"MIXED_WORKLOAD","WRITE_HEAVY",10000,16,80,20,0,0,"WARMUP",1,10000,10000,0,3776.5374,2647.9282318242103,6.0246179328,1.144832,58.261503,3.074047,39.911423,51.609599,""
"EXP-20260902T164658Z-393fcb49","2026-09-02T16:46:58.197501500Z","cassandra","h3_benchmark_1_node_v1","LOCAL_QUORUM",1,1,"../data-generator/output/telemetry-50m",1000000,1000000,16,1,3,"MIXED_WORKLOAD","WRITE_HEAVY",10000,16,80,20,0,0,"MEASUREMENT",1,10000,10000,0,3075.0011,3252.0313569969126,4.905635481599999,1.098752,58.621951,2.492415,12.795903,45.416447,""
"EXP-20260902T164658Z-393fcb49","2026-09-02T16:46:58.197501500Z","cassandra","h3_benchmark_1_node_v1","LOCAL_QUORUM",1,1,"../data-generator/output/telemetry-50m",1000000,1000000,16,1,3,"MIXED_WORKLOAD","WRITE_HEAVY",10000,16,80,20,0,0,"MEASUREMENT",2,10000,10000,0,3076.6894,3250.246839996263,4.907870848,1.047552,62.783487,2.467839,10.444799,47.251455,""
"EXP-20260902T164658Z-393fcb49","2026-09-02T16:46:58.197501500Z","cassandra","h3_benchmark_1_node_v1","LOCAL_QUORUM",1,1,"../data-generator/output/telemetry-50m",1000000,1000000,16,1,3,"MIXED_WORKLOAD","WRITE_HEAVY",10000,16,80,20,0,0,"MEASUREMENT",3,10000,10000,0,3984.2848,2509.860740878765,6.312342886400001,1.118208,62.521343,3.092479,40.370175,55.508991,""
"EXP-20260902T164658Z-393fcb49","2026-09-02T16:46:58.197501500Z","cassandra","h3_benchmark_1_node_v1","LOCAL_QUORUM",1,1,"../data-generator/output/telemetry-50m",1000000,1000000,16,1,3,"MIXED_WORKLOAD","BALANCED",10000,16,50,50,0,0,"WARMUP",1,10000,10000,0,3718.2249,2689.4553903934107,5.9345347072,1.261568,52.953087,3.063807,38.371327,46.530559,""
"EXP-20260902T164658Z-393fcb49","2026-09-02T16:46:58.197501500Z","cassandra","h3_benchmark_1_node_v1","LOCAL_QUORUM",1,1,"../data-generator/output/telemetry-50m",1000000,1000000,16,1,3,"MIXED_WORKLOAD","BALANCED",10000,16,50,50,0,0,"MEASUREMENT",1,10000,10000,0,3628.8086,2755.725391523819,5.796134144000001,1.197056,60.227583,2.856959,38.305791,49.741823,""
"EXP-20260902T164658Z-393fcb49","2026-09-02T16:46:58.197501500Z","cassandra","h3_benchmark_1_node_v1","LOCAL_QUORUM",1,1,"../data-generator/output/telemetry-50m",1000000,1000000,16,1,3,"MIXED_WORKLOAD","BALANCED",10000,16,50,50,0,0,"MEASUREMENT",2,10000,10000,0,2817.8437,3548.8128741846112,4.4980540416000006,1.251328,60.555263,2.301951,8.740863,47.480831,""
"EXP-20260902T164658Z-393fcb49","2026-09-02T16:46:58.197501500Z","cassandra","h3_benchmark_1_node_v1","LOCAL_QUORUM",1,1,"../data-generator/output/telemetry-50m",1000000,1000000,16,1,3,"MIXED_WORKLOAD","BALANCED",10000,16,50,50,0,0,"MEASUREMENT",3,10000,10000,0,4011.7009,2492.7082674583244,6.4057676288000005,1.148928,61.571071,3.164159,42.795007,52.985855,""
"EXP-20260902T164658Z-393fcb49","2026-09-02T16:46:58.197501500Z","cassandra","h3_benchmark_1_node_v1","LOCAL_QUORUM",1,1,"../data-generator/output/telemetry-50m",1000000,1000000,16,1,3,"MIXED_WORKLOAD","READ_HEAVY",10000,16,20,80,0,0,"WARMUP",1,10000,10000,0,3917.651,2552.5499846719376,6.2540919808,1.287168,54.460415,3.184639,42.827775,47.841279,""
"EXP-20260902T164658Z-393fcb49","2026-09-02T16:46:58.197501500Z","cassandra","h3_benchmark_1_node_v1","LOCAL_QUORUM",1,1,"../data-generator/output/telemetry-50m",1000000,1000000,16,1,3,"MIXED_WORKLOAD","READ_HEAVY",10000,16,20,80,0,0,"MEASUREMENT",1,10000,10000,0,3761.597,2658.445335850704,6.0048571392,1.142784,59.899903,2.965503,39.944191,48.201727,""
"EXP-20260902T164658Z-393fcb49","2026-09-02T16:46:58.197501500Z","cassandra","h3_benchmark_1_node_v1","LOCAL_QUORUM",1,1,"../data-generator/output/telemetry-50m",1000000,1000000,16,1,3,"MIXED_WORKLOAD","READ_HEAVY",10000,16,20,80,0,0,"MEASUREMENT",2,10000,10000,0,3324.2314,3008.2141694468082,5.3082288128,1.171456,52.920319,2.725887,25.477119,45.613055,""
"EXP-20260902T164658Z-393fcb49","2026-09-02T16:46:58.197501500Z","cassandra","h3_benchmark_1_node_v1","LOCAL_QUORUM",1,1,"../data-generator/output/telemetry-50m",1000000,1000000,16,1,3,"MIXED_WORKLOAD","READ_HEAVY",10000,16,20,80,0,0,"MEASUREMENT",3,10000,10000,0,4711.3605,2122.5291505500377,7.5224270848,1.294336,63.963135,3.758079,45.219839,57.049087,""
"EXP-20260902T164658Z-393fcb49","2026-09-02T16:46:58.197501500Z","cassandra","h3_benchmark_1_node_v1","LOCAL_QUORUM",1,1,"../data-generator/output/telemetry-50m",1000000,1000000,16,1,3,"SUSTAINED_INGESTION","SUSTAINED_WRITE",30000,16,100,0,500,60,"MEASUREMENT",1,30001,30001,0,60003.024,499.99146709672505,1.380021105429819,1.055744,5.033983,1.361919,1.651711,1.903615,""
"EXP-20260902T173503Z-8d9fc4fd","2026-09-02T17:35:03.758580Z","scylla","h3_benchmark_1_node_v1","LOCAL_QUORUM",1,1,"../data-generator/output/telemetry-50m",1000000,1000000,16,1,3,"SEQUENTIAL_WRITE","WRITE_ONLY",10000,1,100,0,0,0,"WARMUP",1,10000,10000,0,11209.881,892.0701299148493,1.0835734272,0.85504,7.516159,1.061887,1.296383,1.616895,""
"EXP-20260902T173503Z-8d9fc4fd","2026-09-02T17:35:03.758580Z","scylla","h3_benchmark_1_node_v1","LOCAL_QUORUM",1,1,"../data-generator/output/telemetry-50m",1000000,1000000,16,1,3,"SEQUENTIAL_WRITE","WRITE_ONLY",10000,1,100,0,0,0,"MEASUREMENT",1,10000,10000,0,9683.5044,1032.6839940300952,0.934820864,0.755712,5.726207,0.923135,1.112063,1.284095,""
"EXP-20260902T173503Z-8d9fc4fd","2026-09-02T17:35:03.758580Z","scylla","h3_benchmark_1_node_v1","LOCAL_QUORUM",1,1,"../data-generator/output/telemetry-50m",1000000,1000000,16,1,3,"SEQUENTIAL_WRITE","WRITE_ONLY",10000,1,100,0,0,0,"MEASUREMENT",2,10000,10000,0,9723.5143,1028.4347501808063,0.9388885248000001,0.759808,5.148671,0.923647,1.140735,1.347583,""
"EXP-20260902T173503Z-8d9fc4fd","2026-09-02T17:35:03.758580Z","scylla","h3_benchmark_1_node_v1","LOCAL_QUORUM",1,1,"../data-generator/output/telemetry-50m",1000000,1000000,16,1,3,"SEQUENTIAL_WRITE","WRITE_ONLY",10000,1,100,0,0,0,"MEASUREMENT",3,10000,10000,0,9789.8088,1021.4704091054361,0.9454703872,0.755712,6.987775,0.928255,1.157119,1.371135,""
"EXP-20260902T173503Z-8d9fc4fd","2026-09-02T17:35:03.758580Z","scylla","h3_benchmark_1_node_v1","LOCAL_QUORUM",1,1,"../data-generator/output/telemetry-50m",1000000,1000000,16,1,3,"CONCURRENT_WRITE","WRITE_ONLY",20000,16,100,0,0,0,"WARMUP",1,20000,20000,0,1586.5389,12606.057122204818,1.2621722623999998,0.782848,6.418431,1.233919,1.587199,1.779711,""
"EXP-20260902T173503Z-8d9fc4fd","2026-09-02T17:35:03.758580Z","scylla","h3_benchmark_1_node_v1","LOCAL_QUORUM",1,1,"../data-generator/output/telemetry-50m",1000000,1000000,16,1,3,"CONCURRENT_WRITE","WRITE_ONLY",20000,16,100,0,0,0,"MEASUREMENT",1,20000,20000,0,1615.9793,12376.396158044847,1.2864557055999999,0.744448,4.423679,1.250303,1.667071,2.088959,""
"EXP-20260902T173503Z-8d9fc4fd","2026-09-02T17:35:03.758580Z","scylla","h3_benchmark_1_node_v1","LOCAL_QUORUM",1,1,"../data-generator/output/telemetry-50m",1000000,1000000,16,1,3,"CONCURRENT_WRITE","WRITE_ONLY",20000,16,100,0,0,0,"MEASUREMENT",2,20000,20000,0,1572.0793,12722.004545190563,1.2519528192,0.759808,3.493887,1.231871,1.571839,1.726463,""
"EXP-20260902T173503Z-8d9fc4fd","2026-09-02T17:35:03.758580Z","scylla","h3_benchmark_1_node_v1","LOCAL_QUORUM",1,1,"../data-generator/output/telemetry-50m",1000000,1000000,16,1,3,"CONCURRENT_WRITE","WRITE_ONLY",20000,16,100,0,0,0,"MEASUREMENT",3,20000,20000,0,1583.4084,12630.980105953715,1.260372608,0.707584,7.077887,1.232895,1.595391,1.850367,""
"EXP-20260902T173503Z-8d9fc4fd","2026-09-02T17:35:03.758580Z","scylla","h3_benchmark_1_node_v1","LOCAL_QUORUM",1,1,"../data-generator/output/telemetry-50m",1000000,1000000,16,1,3,"READ_SINGLE","READ_ONLY",10000,16,0,100,0,0,"WARMUP",1,10000,10000,0,792.6085,12616.569214183293,1.2625662208,0.72192,3.700735,1.224703,1.654783,2.041855,""
"EXP-20260902T173503Z-8d9fc4fd","2026-09-02T17:35:03.758580Z","scylla","h3_benchmark_1_node_v1","LOCAL_QUORUM",1,1,"../data-generator/output/telemetry-50m",1000000,1000000,16,1,3,"READ_SINGLE","READ_ONLY",10000,16,0,100,0,0,"MEASUREMENT",1,10000,10000,0,805.923,12408.133283204474,1.2759238400000001,0.76288,8.601599,1.223679,1.666047,2.363391,""
"EXP-20260902T173503Z-8d9fc4fd","2026-09-02T17:35:03.758580Z","scylla","h3_benchmark_1_node_v1","LOCAL_QUORUM",1,1,"../data-generator/output/telemetry-50m",1000000,1000000,16,1,3,"READ_SINGLE","READ_ONLY",10000,16,0,100,0,0,"MEASUREMENT",2,10000,10000,0,835.8411,11963.99650603446,1.3279824384,0.754688,6.627327,1.281023,1.779711,2.267135,""
"EXP-20260902T173503Z-8d9fc4fd","2026-09-02T17:35:03.758580Z","scylla","h3_benchmark_1_node_v1","LOCAL_QUORUM",1,1,"../data-generator/output/telemetry-50m",1000000,1000000,16,1,3,"READ_SINGLE","READ_ONLY",10000,16,0,100,0,0,"MEASUREMENT",3,10000,10000,0,800.9463,12485.231531751879,1.2718048,0.733696,5.726207,1.232895,1.670143,1.974271,""
"EXP-20260902T173503Z-8d9fc4fd","2026-09-02T17:35:03.758580Z","scylla","h3_benchmark_1_node_v1","LOCAL_QUORUM",1,1,"../data-generator/output/telemetry-50m",1000000,1000000,16,1,3,"READ_LATEST","READ_ONLY",10000,16,0,100,0,0,"WARMUP",1,10000,10000,0,1190.3119,8401.159393600954,1.8982017279999999,0.74496,7.290879,1.838079,2.824191,3.348479,""
"EXP-20260902T173503Z-8d9fc4fd","2026-09-02T17:35:03.758580Z","scylla","h3_benchmark_1_node_v1","LOCAL_QUORUM",1,1,"../data-generator/output/telemetry-50m",1000000,1000000,16,1,3,"READ_LATEST","READ_ONLY",10000,16,0,100,0,0,"MEASUREMENT",1,10000,10000,0,1167.6138,8564.475685367885,1.8618736895999999,0.871424,6.594559,1.810431,2.693119,3.139583,""
"EXP-20260902T173503Z-8d9fc4fd","2026-09-02T17:35:03.758580Z","scylla","h3_benchmark_1_node_v1","LOCAL_QUORUM",1,1,"../data-generator/output/telemetry-50m",1000000,1000000,16,1,3,"READ_LATEST","READ_ONLY",10000,16,0,100,0,0,"MEASUREMENT",2,10000,10000,0,1184.7207,8440.808031800236,1.8847412479999999,0.860672,13.164543,1.843199,2.697215,3.330047,""
"EXP-20260902T173503Z-8d9fc4fd","2026-09-02T17:35:03.758580Z","scylla","h3_benchmark_1_node_v1","LOCAL_QUORUM",1,1,"../data-generator/output/telemetry-50m",1000000,1000000,16,1,3,"READ_LATEST","READ_ONLY",10000,16,0,100,0,0,"MEASUREMENT",3,10000,10000,0,1189.5344,8406.650534864733,1.8968527616000002,0.8192,4.304895,1.863679,2.754559,3.104767,""
"EXP-20260902T173503Z-8d9fc4fd","2026-09-02T17:35:03.758580Z","scylla","h3_benchmark_1_node_v1","LOCAL_QUORUM",1,1,"../data-generator/output/telemetry-50m",1000000,1000000,16,1,3,"READ_PARTITION_WINDOW","READ_ONLY",10000,16,0,100,0,0,"WARMUP",1,10000,10000,0,2394.3083,4176.57158019291,3.8230628352,1.225728,8.953855,3.717119,5.738495,6.803455,""
"EXP-20260902T173503Z-8d9fc4fd","2026-09-02T17:35:03.758580Z","scylla","h3_benchmark_1_node_v1","LOCAL_QUORUM",1,1,"../data-generator/output/telemetry-50m",1000000,1000000,16,1,3,"READ_PARTITION_WINDOW","READ_ONLY",10000,16,0,100,0,0,"MEASUREMENT",1,10000,10000,0,2378.7496,4203.889303859473,3.7966213632,1.222656,16.990207,3.684351,5.664767,6.881279,""
"EXP-20260902T173503Z-8d9fc4fd","2026-09-02T17:35:03.758580Z","scylla","h3_benchmark_1_node_v1","LOCAL_QUORUM",1,1,"../data-generator/output/telemetry-50m",1000000,1000000,16,1,3,"READ_PARTITION_WINDOW","READ_ONLY",10000,16,0,100,0,0,"MEASUREMENT",2,10000,10000,0,2420.8601,4130.763277068344,3.8654342144,1.386496,11.362303,3.772415,5.795839,6.950911,""
"EXP-20260902T173503Z-8d9fc4fd","2026-09-02T17:35:03.758580Z","scylla","h3_benchmark_1_node_v1","LOCAL_QUORUM",1,1,"../data-generator/output/telemetry-50m",1000000,1000000,16,1,3,"READ_PARTITION_WINDOW","READ_ONLY",10000,16,0,100,0,0,"MEASUREMENT",3,10000,10000,0,2357.3872,4241.984515738441,3.7633827328,1.227776,8.740863,3.686399,5.582847,6.713343,""
"EXP-20260902T173503Z-8d9fc4fd","2026-09-02T17:35:03.758580Z","scylla","h3_benchmark_1_node_v1","LOCAL_QUORUM",1,1,"../data-generator/output/telemetry-50m",1000000,1000000,16,1,3,"READ_TIME_RANGE","READ_ONLY",10000,16,0,100,0,0,"WARMUP",1,10000,10000,0,815.6777,12259.744259282803,1.3006943232,0.781824,3.971071,1.263615,1.724415,2.019327,""
"EXP-20260902T173503Z-8d9fc4fd","2026-09-02T17:35:03.758580Z","scylla","h3_benchmark_1_node_v1","LOCAL_QUORUM",1,1,"../data-generator/output/telemetry-50m",1000000,1000000,16,1,3,"READ_TIME_RANGE","READ_ONLY",10000,16,0,100,0,0,"MEASUREMENT",1,10000,10000,0,890.746,11226.544940982054,1.420109952,0.779264,3.586047,1.384447,1.946623,2.277375,""
"EXP-20260902T173503Z-8d9fc4fd","2026-09-02T17:35:03.758580Z","scylla","h3_benchmark_1_node_v1","LOCAL_QUORUM",1,1,"../data-generator/output/telemetry-50m",1000000,1000000,16,1,3,"READ_TIME_RANGE","READ_ONLY",10000,16,0,100,0,0,"MEASUREMENT",2,10000,10000,0,806.8725,12393.531815745362,1.2828725248,0.725504,4.222975,1.248255,1.677311,1.906687,""
"EXP-20260902T173503Z-8d9fc4fd","2026-09-02T17:35:03.758580Z","scylla","h3_benchmark_1_node_v1","LOCAL_QUORUM",1,1,"../data-generator/output/telemetry-50m",1000000,1000000,16,1,3,"READ_TIME_RANGE","READ_ONLY",10000,16,0,100,0,0,"MEASUREMENT",3,10000,10000,0,801.4442,12477.475038187311,1.275734656,0.759808,3.909631,1.241087,1.669119,1.928191,""
"EXP-20260902T173503Z-8d9fc4fd","2026-09-02T17:35:03.758580Z","scylla","h3_benchmark_1_node_v1","LOCAL_QUORUM",1,1,"../data-generator/output/telemetry-50m",1000000,1000000,16,1,3,"MIXED_WORKLOAD","WRITE_HEAVY",10000,16,80,20,0,0,"WARMUP",1,10000,10000,0,829.4777,12055.779196957314,1.322567936,0.772096,3.583999,1.291263,1.705983,1.944575,""
"EXP-20260902T173503Z-8d9fc4fd","2026-09-02T17:35:03.758580Z","scylla","h3_benchmark_1_node_v1","LOCAL_QUORUM",1,1,"../data-generator/output/telemetry-50m",1000000,1000000,16,1,3,"MIXED_WORKLOAD","WRITE_HEAVY",10000,16,80,20,0,0,"MEASUREMENT",1,10000,10000,0,839.5329,11911.385485905317,1.3386553600000002,0.76288,2.772991,1.305599,1.743871,1.977343,""
"EXP-20260902T173503Z-8d9fc4fd","2026-09-02T17:35:03.758580Z","scylla","h3_benchmark_1_node_v1","LOCAL_QUORUM",1,1,"../data-generator/output/telemetry-50m",1000000,1000000,16,1,3,"MIXED_WORKLOAD","WRITE_HEAVY",10000,16,80,20,0,0,"MEASUREMENT",2,10000,10000,0,822.0272,12165.047579934095,1.311255168,0.786432,3.287039,1.278975,1.702911,1.959935,""
"EXP-20260902T173503Z-8d9fc4fd","2026-09-02T17:35:03.758580Z","scylla","h3_benchmark_1_node_v1","LOCAL_QUORUM",1,1,"../data-generator/output/telemetry-50m",1000000,1000000,16,1,3,"MIXED_WORKLOAD","WRITE_HEAVY",10000,16,80,20,0,0,"MEASUREMENT",3,10000,10000,0,833.4949,11997.673890986016,1.3297268736,0.763392,3.178495,1.298431,1.728511,1.952767,""
"EXP-20260902T173503Z-8d9fc4fd","2026-09-02T17:35:03.758580Z","scylla","h3_benchmark_1_node_v1","LOCAL_QUORUM",1,1,"../data-generator/output/telemetry-50m",1000000,1000000,16,1,3,"MIXED_WORKLOAD","BALANCED",10000,16,50,50,0,0,"WARMUP",1,10000,10000,0,851.6942,11741.30339269658,1.3582539264,0.81152,2.697215,1.326079,1.781759,2.027519,""
"EXP-20260902T173503Z-8d9fc4fd","2026-09-02T17:35:03.758580Z","scylla","h3_benchmark_1_node_v1","LOCAL_QUORUM",1,1,"../data-generator/output/telemetry-50m",1000000,1000000,16,1,3,"MIXED_WORKLOAD","BALANCED",10000,16,50,50,0,0,"MEASUREMENT",1,10000,10000,0,843.7602,11851.70857786371,1.3454097152,0.777728,4.374527,1.313791,1.746943,1.938431,""
"EXP-20260902T173503Z-8d9fc4fd","2026-09-02T17:35:03.758580Z","scylla","h3_benchmark_1_node_v1","LOCAL_QUORUM",1,1,"../data-generator/output/telemetry-50m",1000000,1000000,16,1,3,"MIXED_WORKLOAD","BALANCED",10000,16,50,50,0,0,"MEASUREMENT",2,10000,10000,0,849.3019,11774.376108189561,1.3547759872,0.79616,3.174399,1.316863,1.767423,1.994751,""
"EXP-20260902T173503Z-8d9fc4fd","2026-09-02T17:35:03.758580Z","scylla","h3_benchmark_1_node_v1","LOCAL_QUORUM",1,1,"../data-generator/output/telemetry-50m",1000000,1000000,16,1,3,"MIXED_WORKLOAD","BALANCED",10000,16,50,50,0,0,"MEASUREMENT",3,10000,10000,0,859.7387,11631.441041330349,1.3714619904,0.798208,2.664447,1.344511,1.790975,2.029567,""
"EXP-20260902T173503Z-8d9fc4fd","2026-09-02T17:35:03.758580Z","scylla","h3_benchmark_1_node_v1","LOCAL_QUORUM",1,1,"../data-generator/output/telemetry-50m",1000000,1000000,16,1,3,"MIXED_WORKLOAD","READ_HEAVY",10000,16,20,80,0,0,"WARMUP",1,10000,10000,0,877.9943,11389.595581656966,1.4001043711999999,0.750592,3.975167,1.337343,1.976319,2.523135,""
"EXP-20260902T173503Z-8d9fc4fd","2026-09-02T17:35:03.758580Z","scylla","h3_benchmark_1_node_v1","LOCAL_QUORUM",1,1,"../data-generator/output/telemetry-50m",1000000,1000000,16,1,3,"MIXED_WORKLOAD","READ_HEAVY",10000,16,20,80,0,0,"MEASUREMENT",1,10000,10000,0,961.8582,10396.542858396384,1.5347463424,0.75776,7.671807,1.431551,2.297855,3.438591,""
"EXP-20260902T173503Z-8d9fc4fd","2026-09-02T17:35:03.758580Z","scylla","h3_benchmark_1_node_v1","LOCAL_QUORUM",1,1,"../data-generator/output/telemetry-50m",1000000,1000000,16,1,3,"MIXED_WORKLOAD","READ_HEAVY",10000,16,20,80,0,0,"MEASUREMENT",2,10000,10000,0,872.8479,11456.74979569751,1.3918409728,0.837632,4.784127,1.356799,1.833983,2.125823,""
"EXP-20260902T173503Z-8d9fc4fd","2026-09-02T17:35:03.758580Z","scylla","h3_benchmark_1_node_v1","LOCAL_QUORUM",1,1,"../data-generator/output/telemetry-50m",1000000,1000000,16,1,3,"MIXED_WORKLOAD","READ_HEAVY",10000,16,20,80,0,0,"MEASUREMENT",3,10000,10000,0,868.0735,11519.76186348276,1.3842238976,0.794112,4.952063,1.341439,1.840127,2.213887,""
"EXP-20260902T173503Z-8d9fc4fd","2026-09-02T17:35:03.758580Z","scylla","h3_benchmark_1_node_v1","LOCAL_QUORUM",1,1,"../data-generator/output/telemetry-50m",1000000,1000000,16,1,3,"SUSTAINED_INGESTION","SUSTAINED_WRITE",30000,16,100,0,500,60,"MEASUREMENT",1,30001,30001,0,60001.7327,500.00222743567537,1.0930825655144827,0.812032,21.184511,1.068031,1.326079,1.520639,""
"EXP-20260902T183034Z-b015f896","2026-09-02T18:30:34.051104400Z","cassandra","h3_benchmark_3_nodes_v1","LOCAL_QUORUM",1,3,"../data-generator/output/telemetry-50m",1000000,1000000,16,1,3,"SEQUENTIAL_WRITE","WRITE_ONLY",10000,1,100,0,0,0,"WARMUP",1,10000,10000,0,26023.0241,384.2750927629507,2.5407335424,1.599488,7.720959,2.603007,3.115007,3.452927,""
"EXP-20260902T183034Z-b015f896","2026-09-02T18:30:34.051104400Z","cassandra","h3_benchmark_3_nodes_v1","LOCAL_QUORUM",1,3,"../data-generator/output/telemetry-50m",1000000,1000000,16,1,3,"SEQUENTIAL_WRITE","WRITE_ONLY",10000,1,100,0,0,0,"MEASUREMENT",1,10000,10000,0,27446.1308,364.350081724452,2.6769580032,1.263616,47.349759,2.619391,3.710975,4.730879,""
"EXP-20260902T183034Z-b015f896","2026-09-02T18:30:34.051104400Z","cassandra","h3_benchmark_3_nodes_v1","LOCAL_QUORUM",1,3,"../data-generator/output/telemetry-50m",1000000,1000000,16,1,3,"SEQUENTIAL_WRITE","WRITE_ONLY",10000,1,100,0,0,0,"MEASUREMENT",2,10000,10000,0,23941.0872,417.6919751580872,2.3349990912000003,1.270784,57.409535,2.347007,2.957311,3.522559,""
"EXP-20260902T183034Z-b015f896","2026-09-02T18:30:34.051104400Z","cassandra","h3_benchmark_3_nodes_v1","LOCAL_QUORUM",1,3,"../data-generator/output/telemetry-50m",1000000,1000000,16,1,3,"SEQUENTIAL_WRITE","WRITE_ONLY",10000,1,100,0,0,0,"MEASUREMENT",3,10000,10000,0,20097.6195,497.57136659891484,1.9588337664000002,1.236992,5.259263,1.954815,2.603007,2.863103,""
"EXP-20260902T183034Z-b015f896","2026-09-02T18:30:34.051104400Z","cassandra","h3_benchmark_3_nodes_v1","LOCAL_QUORUM",1,3,"../data-generator/output/telemetry-50m",1000000,1000000,16,1,3,"CONCURRENT_WRITE","WRITE_ONLY",20000,16,100,0,0,0,"WARMUP",1,20000,20000,0,4505.5922,4438.928139124531,3.5890183679999996,1.087488,65.994751,3.262463,5.894143,9.183231,""
"EXP-20260902T183034Z-b015f896","2026-09-02T18:30:34.051104400Z","cassandra","h3_benchmark_3_nodes_v1","LOCAL_QUORUM",1,3,"../data-generator/output/telemetry-50m",1000000,1000000,16,1,3,"CONCURRENT_WRITE","WRITE_ONLY",20000,16,100,0,0,0,"MEASUREMENT",1,20000,20000,0,4151.2067,4817.876209344141,3.3067706112,1.027072,29.016063,3.129343,5.287935,7.729151,""
"EXP-20260902T183034Z-b015f896","2026-09-02T18:30:34.051104400Z","cassandra","h3_benchmark_3_nodes_v1","LOCAL_QUORUM",1,3,"../data-generator/output/telemetry-50m",1000000,1000000,16,1,3,"CONCURRENT_WRITE","WRITE_ONLY",20000,16,100,0,0,0,"MEASUREMENT",2,20000,20000,0,4013.386,4983.323308547945,3.1970219904,1.008128,14.352383,3.092479,4.947967,6.152191,""
"EXP-20260902T183034Z-b015f896","2026-09-02T18:30:34.051104400Z","cassandra","h3_benchmark_3_nodes_v1","LOCAL_QUORUM",1,3,"../data-generator/output/telemetry-50m",1000000,1000000,16,1,3,"CONCURRENT_WRITE","WRITE_ONLY",20000,16,100,0,0,0,"MEASUREMENT",3,20000,20000,0,4122.0906,4851.90694255968,3.2835624704,1.150976,19.349503,3.137535,5.246975,6.877183,""
"EXP-20260902T183034Z-b015f896","2026-09-02T18:30:34.051104400Z","cassandra","h3_benchmark_3_nodes_v1","LOCAL_QUORUM",1,3,"../data-generator/output/telemetry-50m",1000000,1000000,16,1,3,"READ_SINGLE","READ_ONLY",10000,16,0,100,0,0,"WARMUP",1,10000,10000,0,5580.04,1792.101848732267,8.9127865856,1.550336,56.754175,6.696959,27.148287,39.223295,""
"EXP-20260902T183034Z-b015f896","2026-09-02T18:30:34.051104400Z","cassandra","h3_benchmark_3_nodes_v1","LOCAL_QUORUM",1,3,"../data-generator/output/telemetry-50m",1000000,1000000,16,1,3,"READ_SINGLE","READ_ONLY",10000,16,0,100,0,0,"MEASUREMENT",1,10000,10000,0,4501.4064,2221.527920696074,7.1862512128,1.431552,96.075775,5.636095,17.072127,30.212095,""
"EXP-20260902T183034Z-b015f896","2026-09-02T18:30:34.051104400Z","cassandra","h3_benchmark_3_nodes_v1","LOCAL_QUORUM",1,3,"../data-generator/output/telemetry-50m",1000000,1000000,16,1,3,"READ_SINGLE","READ_ONLY",10000,16,0,100,0,0,"MEASUREMENT",2,10000,10000,0,3799.9518,2631.6123272932045,6.0529798143999995,1.221632,35.520511,4.939775,14.024703,25.182207,""
"EXP-20260902T183034Z-b015f896","2026-09-02T18:30:34.051104400Z","cassandra","h3_benchmark_3_nodes_v1","LOCAL_QUORUM",1,3,"../data-generator/output/telemetry-50m",1000000,1000000,16,1,3,"READ_SINGLE","READ_ONLY",10000,16,0,100,0,0,"MEASUREMENT",3,10000,10000,0,3434.9887,2911.2177283145065,5.4646594048,1.292288,39.682047,4.032511,18.907135,31.457279,""
"EXP-20260902T183034Z-b015f896","2026-09-02T18:30:34.051104400Z","cassandra","h3_benchmark_3_nodes_v1","LOCAL_QUORUM",1,3,"../data-generator/output/telemetry-50m",1000000,1000000,16,1,3,"READ_LATEST","READ_ONLY",10000,16,0,100,0,0,"WARMUP",1,10000,10000,0,4271.7679,2340.9511551411774,6.8208953856,1.324032,44.236799,5.087231,21.381119,33.751039,""
"EXP-20260902T183034Z-b015f896","2026-09-02T18:30:34.051104400Z","cassandra","h3_benchmark_3_nodes_v1","LOCAL_QUORUM",1,3,"../data-generator/output/telemetry-50m",1000000,1000000,16,1,3,"READ_LATEST","READ_ONLY",10000,16,0,100,0,0,"MEASUREMENT",1,10000,10000,0,3610.8626,2769.4213565478785,5.752534988800001,1.23392,43.253759,4.317183,17.842175,30.932991,""
"EXP-20260902T183034Z-b015f896","2026-09-02T18:30:34.051104400Z","cassandra","h3_benchmark_3_nodes_v1","LOCAL_QUORUM",1,3,"../data-generator/output/telemetry-50m",1000000,1000000,16,1,3,"READ_LATEST","READ_ONLY",10000,16,0,100,0,0,"MEASUREMENT",2,10000,10000,0,2607.6681,3834.843859155236,4.1535740672,1.003008,32.620543,3.493887,7.774207,26.116095,""
"EXP-20260902T183034Z-b015f896","2026-09-02T18:30:34.051104400Z","cassandra","h3_benchmark_3_nodes_v1","LOCAL_QUORUM",1,3,"../data-generator/output/telemetry-50m",1000000,1000000,16,1,3,"READ_LATEST","READ_ONLY",10000,16,0,100,0,0,"MEASUREMENT",3,10000,10000,0,2152.5694,4645.610961486305,3.4223195648,1.125376,17.727487,3.264511,5.525503,7.770111,""
"EXP-20260902T183034Z-b015f896","2026-09-02T18:30:34.051104400Z","cassandra","h3_benchmark_3_nodes_v1","LOCAL_QUORUM",1,3,"../data-generator/output/telemetry-50m",1000000,1000000,16,1,3,"READ_PARTITION_WINDOW","READ_ONLY",10000,16,0,100,0,0,"WARMUP",1,10000,10000,0,4157.287,2405.414877539126,6.6316000256,1.675264,65.667071,5.648383,12.763135,28.573695,""
"EXP-20260902T183034Z-b015f896","2026-09-02T18:30:34.051104400Z","cassandra","h3_benchmark_3_nodes_v1","LOCAL_QUORUM",1,3,"../data-generator/output/telemetry-50m",1000000,1000000,16,1,3,"READ_PARTITION_WINDOW","READ_ONLY",10000,16,0,100,0,0,"MEASUREMENT",1,10000,10000,0,3300.836901,3029.5347210189225,5.273183232,1.778688,47.316991,4.968447,8.454143,11.214847,""
"EXP-20260902T183034Z-b015f896","2026-09-02T18:30:34.051104400Z","cassandra","h3_benchmark_3_nodes_v1","LOCAL_QUORUM",1,3,"../data-generator/output/telemetry-50m",1000000,1000000,16,1,3,"READ_PARTITION_WINDOW","READ_ONLY",10000,16,0,100,0,0,"MEASUREMENT",2,10000,10000,0,3419.322001,2924.5563878088824,5.447853568,1.609728,23.707647,5.099519,9.150463,12.853247,""
"EXP-20260902T183034Z-b015f896","2026-09-02T18:30:34.051104400Z","cassandra","h3_benchmark_3_nodes_v1","LOCAL_QUORUM",1,3,"../data-generator/output/telemetry-50m",1000000,1000000,16,1,3,"READ_PARTITION_WINDOW","READ_ONLY",10000,16,0,100,0,0,"MEASUREMENT",3,10000,10000,0,3322.7817,3009.526626440732,5.2917649408,1.394688,33.308671,5.017599,8.699903,11.255807,""
"EXP-20260902T183034Z-b015f896","2026-09-02T18:30:34.051104400Z","cassandra","h3_benchmark_3_nodes_v1","LOCAL_QUORUM",1,3,"../data-generator/output/telemetry-50m",1000000,1000000,16,1,3,"READ_TIME_RANGE","READ_ONLY",10000,16,0,100,0,0,"WARMUP",1,10000,10000,0,2724.707601,3670.118583120582,4.3347193344,1.19808,32.784383,3.518463,9.035775,23.166975,""
"EXP-20260902T183034Z-b015f896","2026-09-02T18:30:34.051104400Z","cassandra","h3_benchmark_3_nodes_v1","LOCAL_QUORUM",1,3,"../data-generator/output/telemetry-50m",1000000,1000000,16,1,3,"READ_TIME_RANGE","READ_ONLY",10000,16,0,100,0,0,"MEASUREMENT",1,10000,10000,0,2319.234999,4311.766597309788,3.6886050304,1.122304,33.718271,3.325951,6.512639,10.756095,""
"EXP-20260902T183034Z-b015f896","2026-09-02T18:30:34.051104400Z","cassandra","h3_benchmark_3_nodes_v1","LOCAL_QUORUM",1,3,"../data-generator/output/telemetry-50m",1000000,1000000,16,1,3,"READ_TIME_RANGE","READ_ONLY",10000,16,0,100,0,0,"MEASUREMENT",2,10000,10000,0,2051.420601,4874.670750174455,3.2613684736,1.199104,16.171007,3.135487,5.083135,6.967295,""
"EXP-20260902T183034Z-b015f896","2026-09-02T18:30:34.051104400Z","cassandra","h3_benchmark_3_nodes_v1","LOCAL_QUORUM",1,3,"../data-generator/output/telemetry-50m",1000000,1000000,16,1,3,"READ_TIME_RANGE","READ_ONLY",10000,16,0,100,0,0,"MEASUREMENT",3,10000,10000,0,2073.881301,4821.876736714934,3.2962330112,1.190912,16.351231,3.184639,5.189631,6.488063,""
"EXP-20260902T183034Z-b015f896","2026-09-02T18:30:34.051104400Z","cassandra","h3_benchmark_3_nodes_v1","LOCAL_QUORUM",1,3,"../data-generator/output/telemetry-50m",1000000,1000000,16,1,3,"MIXED_WORKLOAD","WRITE_HEAVY",10000,16,80,20,0,0,"WARMUP",1,10000,10000,0,2315.2046,4319.272689765734,3.693691648,1.154048,24.346623,3.393535,6.324223,9.633791,""
"EXP-20260902T183034Z-b015f896","2026-09-02T18:30:34.051104400Z","cassandra","h3_benchmark_3_nodes_v1","LOCAL_QUORUM",1,3,"../data-generator/output/telemetry-50m",1000000,1000000,16,1,3,"MIXED_WORKLOAD","WRITE_HEAVY",10000,16,80,20,0,0,"MEASUREMENT",1,10000,10000,0,2130.5747,4693.569298462054,3.3980778496,1.086464,18.268159,3.213311,5.447679,7.507967,""
"EXP-20260902T183034Z-b015f896","2026-09-02T18:30:34.051104400Z","cassandra","h3_benchmark_3_nodes_v1","LOCAL_QUORUM",1,3,"../data-generator/output/telemetry-50m",1000000,1000000,16,1,3,"MIXED_WORKLOAD","WRITE_HEAVY",10000,16,80,20,0,0,"MEASUREMENT",2,10000,10000,0,2053.6613,4869.35211760576,3.2763544064000003,1.063936,11.886591,3.162111,5.128191,6.598655,""
"EXP-20260902T183034Z-b015f896","2026-09-02T18:30:34.051104400Z","cassandra","h3_benchmark_3_nodes_v1","LOCAL_QUORUM",1,3,"../data-generator/output/telemetry-50m",1000000,1000000,16,1,3,"MIXED_WORKLOAD","WRITE_HEAVY",10000,16,80,20,0,0,"MEASUREMENT",3,10000,10000,0,2194.2724,4557.319319151077,3.501929216,1.106944,18.628607,3.293183,5.722111,8.040447,""
"EXP-20260902T183034Z-b015f896","2026-09-02T18:30:34.051104400Z","cassandra","h3_benchmark_3_nodes_v1","LOCAL_QUORUM",1,3,"../data-generator/output/telemetry-50m",1000000,1000000,16,1,3,"MIXED_WORKLOAD","BALANCED",10000,16,50,50,0,0,"WARMUP",1,10000,10000,0,2201.197,4542.9827498402,3.5123872256,1.125376,19.185663,3.360767,5.554175,7.720959,""
"EXP-20260902T183034Z-b015f896","2026-09-02T18:30:34.051104400Z","cassandra","h3_benchmark_3_nodes_v1","LOCAL_QUORUM",1,3,"../data-generator/output/telemetry-50m",1000000,1000000,16,1,3,"MIXED_WORKLOAD","BALANCED",10000,16,50,50,0,0,"MEASUREMENT",1,10000,10000,0,2202.6511,4539.983658782819,3.5147954688,1.057792,27.852799,3.317759,5.603327,8.183807,""
"EXP-20260902T183034Z-b015f896","2026-09-02T18:30:34.051104400Z","cassandra","h3_benchmark_3_nodes_v1","LOCAL_QUORUM",1,3,"../data-generator/output/telemetry-50m",1000000,1000000,16,1,3,"MIXED_WORKLOAD","BALANCED",10000,16,50,50,0,0,"MEASUREMENT",2,10000,10000,0,2310.5753,4327.926469221756,3.6845380608,1.063936,14.827519,3.454975,6.279167,8.986623,""
"EXP-20260902T183034Z-b015f896","2026-09-02T18:30:34.051104400Z","cassandra","h3_benchmark_3_nodes_v1","LOCAL_QUORUM",1,3,"../data-generator/output/telemetry-50m",1000000,1000000,16,1,3,"MIXED_WORKLOAD","BALANCED",10000,16,50,50,0,0,"MEASUREMENT",3,10000,10000,0,2188.1446,4570.081885813213,3.4911398912,1.14688,26.918911,3.327999,5.464063,7.155711,""
"EXP-20260902T183034Z-b015f896","2026-09-02T18:30:34.051104400Z","cassandra","h3_benchmark_3_nodes_v1","LOCAL_QUORUM",1,3,"../data-generator/output/telemetry-50m",1000000,1000000,16,1,3,"MIXED_WORKLOAD","READ_HEAVY",10000,16,20,80,0,0,"WARMUP",1,10000,10000,0,2164.547001,4619.9043011679105,3.455552512,1.231872,11.984895,3.323903,5.447679,7.118847,""
"EXP-20260902T183034Z-b015f896","2026-09-02T18:30:34.051104400Z","cassandra","h3_benchmark_3_nodes_v1","LOCAL_QUORUM",1,3,"../data-generator/output/telemetry-50m",1000000,1000000,16,1,3,"MIXED_WORKLOAD","READ_HEAVY",10000,16,20,80,0,0,"MEASUREMENT",1,10000,10000,0,2285.3762,4375.647212918381,3.6468799488,1.257472,26.427391,3.409919,6.098943,8.552447,""
"EXP-20260902T183034Z-b015f896","2026-09-02T18:30:34.051104400Z","cassandra","h3_benchmark_3_nodes_v1","LOCAL_QUORUM",1,3,"../data-generator/output/telemetry-50m",1000000,1000000,16,1,3,"MIXED_WORKLOAD","READ_HEAVY",10000,16,20,80,0,0,"MEASUREMENT",2,10000,10000,0,2198.5166,4548.521489444292,3.5066339328000002,1.19296,12.230655,3.330047,5.730303,7.897087,""
"EXP-20260902T183034Z-b015f896","2026-09-02T18:30:34.051104400Z","cassandra","h3_benchmark_3_nodes_v1","LOCAL_QUORUM",1,3,"../data-generator/output/telemetry-50m",1000000,1000000,16,1,3,"MIXED_WORKLOAD","READ_HEAVY",10000,16,20,80,0,0,"MEASUREMENT",3,10000,10000,0,2097.5219,4767.530675126681,3.3463750912,1.030656,14.917631,3.241983,5.197823,6.672383,""
"EXP-20260902T183034Z-b015f896","2026-09-02T18:30:34.051104400Z","cassandra","h3_benchmark_3_nodes_v1","LOCAL_QUORUM",1,3,"../data-generator/output/telemetry-50m",1000000,1000000,16,1,3,"SUSTAINED_INGESTION","SUSTAINED_WRITE",30000,16,100,0,500,60,"MEASUREMENT",1,30001,30001,0,60004.2852,499.98095802664443,2.3454522203926538,1.16736,13.443071,2.385919,3.002367,3.454975,""
"EXP-20260902T200018Z-464a5e3f","2026-09-02T20:00:18.690029700Z","scylla","h3_benchmark_3_nodes_v1","LOCAL_QUORUM",1,3,"../data-generator/output/telemetry-50m",1000000,1000000,16,1,3,"SEQUENTIAL_WRITE","WRITE_ONLY",10000,1,100,0,0,0,"WARMUP",1,10000,10000,0,14197.6905,704.3399065502942,1.3767432192,0.902144,7.966719,1.353727,1.808383,2.273279,""
"EXP-20260902T200018Z-464a5e3f","2026-09-02T20:00:18.690029700Z","scylla","h3_benchmark_3_nodes_v1","LOCAL_QUORUM",1,3,"../data-generator/output/telemetry-50m",1000000,1000000,16,1,3,"SEQUENTIAL_WRITE","WRITE_ONLY",10000,1,100,0,0,0,"MEASUREMENT",1,10000,10000,0,11481.5538,870.9622559970933,1.1114162688,0.779776,3.618815,1.104895,1.409023,1.630207,""
"EXP-20260902T200018Z-464a5e3f","2026-09-02T20:00:18.690029700Z","scylla","h3_benchmark_3_nodes_v1","LOCAL_QUORUM",1,3,"../data-generator/output/telemetry-50m",1000000,1000000,16,1,3,"SEQUENTIAL_WRITE","WRITE_ONLY",10000,1,100,0,0,0,"MEASUREMENT",2,10000,10000,0,11456.5446,872.8635333903384,1.1090724608,0.761344,6.377471,1.102847,1.385471,1.623039,""
"EXP-20260902T200018Z-464a5e3f","2026-09-02T20:00:18.690029700Z","scylla","h3_benchmark_3_nodes_v1","LOCAL_QUORUM",1,3,"../data-generator/output/telemetry-50m",1000000,1000000,16,1,3,"SEQUENTIAL_WRITE","WRITE_ONLY",10000,1,100,0,0,0,"MEASUREMENT",3,10000,10000,0,13358.0688,748.6112064342714,1.2936828416,0.886272,7.286783,1.286143,1.612799,1.860607,""
"EXP-20260902T200018Z-464a5e3f","2026-09-02T20:00:18.690029700Z","scylla","h3_benchmark_3_nodes_v1","LOCAL_QUORUM",1,3,"../data-generator/output/telemetry-50m",1000000,1000000,16,1,3,"CONCURRENT_WRITE","WRITE_ONLY",20000,16,100,0,0,0,"WARMUP",1,20000,20000,0,2993.5577,6681.013698182601,2.3808779904,0.927232,12.861439,2.230271,3.743743,4.812799,""
"EXP-20260902T200018Z-464a5e3f","2026-09-02T20:00:18.690029700Z","scylla","h3_benchmark_3_nodes_v1","LOCAL_QUORUM",1,3,"../data-generator/output/telemetry-50m",1000000,1000000,16,1,3,"CONCURRENT_WRITE","WRITE_ONLY",20000,16,100,0,0,0,"MEASUREMENT",1,20000,20000,0,3106.5903,6437.926494523595,2.469144896,0.935424,19.005439,2.287615,4.014079,5.435391,""
"EXP-20260902T200018Z-464a5e3f","2026-09-02T20:00:18.690029700Z","scylla","h3_benchmark_3_nodes_v1","LOCAL_QUORUM",1,3,"../data-generator/output/telemetry-50m",1000000,1000000,16,1,3,"CONCURRENT_WRITE","WRITE_ONLY",20000,16,100,0,0,0,"MEASUREMENT",2,20000,20000,0,3003.554,6658.778234052059,2.3913129088,0.917504,11.018239,2.238463,3.790847,4.972543,""
"EXP-20260902T200018Z-464a5e3f","2026-09-02T20:00:18.690029700Z","scylla","h3_benchmark_3_nodes_v1","LOCAL_QUORUM",1,3,"../data-generator/output/telemetry-50m",1000000,1000000,16,1,3,"CONCURRENT_WRITE","WRITE_ONLY",20000,16,100,0,0,0,"MEASUREMENT",3,20000,20000,0,3229.5761,6192.763192667917,2.5691470848,0.88832,46.792703,2.258943,4.255743,8.146943,""
"EXP-20260902T200018Z-464a5e3f","2026-09-02T20:00:18.690029700Z","scylla","h3_benchmark_3_nodes_v1","LOCAL_QUORUM",1,3,"../data-generator/output/telemetry-50m",1000000,1000000,16,1,3,"READ_SINGLE","READ_ONLY",10000,16,0,100,0,0,"WARMUP",1,10000,10000,0,1702.6154,5873.317015692446,2.7114752,0.924672,12.689407,2.447359,4.665343,7.163903,""
"EXP-20260902T200018Z-464a5e3f","2026-09-02T20:00:18.690029700Z","scylla","h3_benchmark_3_nodes_v1","LOCAL_QUORUM",1,3,"../data-generator/output/telemetry-50m",1000000,1000000,16,1,3,"READ_SINGLE","READ_ONLY",10000,16,0,100,0,0,"MEASUREMENT",1,10000,10000,0,1584.8868,6309.598893750645,2.5170801151999997,0.95232,19.152895,2.236415,4.198399,8.683519,""
"EXP-20260902T200018Z-464a5e3f","2026-09-02T20:00:18.690029700Z","scylla","h3_benchmark_3_nodes_v1","LOCAL_QUORUM",1,3,"../data-generator/output/telemetry-50m",1000000,1000000,16,1,3,"READ_SINGLE","READ_ONLY",10000,16,0,100,0,0,"MEASUREMENT",2,10000,10000,0,1487.7157,6721.714370561526,2.3590075136000004,0.88576,12.828671,2.213887,3.676159,4.911103,""
"EXP-20260902T200018Z-464a5e3f","2026-09-02T20:00:18.690029700Z","scylla","h3_benchmark_3_nodes_v1","LOCAL_QUORUM",1,3,"../data-generator/output/telemetry-50m",1000000,1000000,16,1,3,"READ_SINGLE","READ_ONLY",10000,16,0,100,0,0,"MEASUREMENT",3,10000,10000,0,1937.8361,5160.395143841112,3.0867176192,0.93952,32.948223,2.629631,5.312511,12.443647,""
"EXP-20260902T200018Z-464a5e3f","2026-09-02T20:00:18.690029700Z","scylla","h3_benchmark_3_nodes_v1","LOCAL_QUORUM",1,3,"../data-generator/output/telemetry-50m",1000000,1000000,16,1,3,"READ_LATEST","READ_ONLY",10000,16,0,100,0,0,"WARMUP",1,10000,10000,0,1700.9632,5879.021956500882,2.7010144512,1.04704,25.804799,2.529279,4.345855,5.849087,""
"EXP-20260902T200018Z-464a5e3f","2026-09-02T20:00:18.690029700Z","scylla","h3_benchmark_3_nodes_v1","LOCAL_QUORUM",1,3,"../data-generator/output/telemetry-50m",1000000,1000000,16,1,3,"READ_LATEST","READ_ONLY",10000,16,0,100,0,0,"MEASUREMENT",1,10000,10000,0,1811.2106,5521.169100931719,2.879170688,1.025024,25.739263,2.557951,5.009407,8.577023,""
"EXP-20260902T200018Z-464a5e3f","2026-09-02T20:00:18.690029700Z","scylla","h3_benchmark_3_nodes_v1","LOCAL_QUORUM",1,3,"../data-generator/output/telemetry-50m",1000000,1000000,16,1,3,"READ_LATEST","READ_ONLY",10000,16,0,100,0,0,"MEASUREMENT",2,10000,10000,0,1809.3228,5526.929744100942,2.875063424,0.949248,10.928127,2.637823,4.907007,6.578175,""
"EXP-20260902T200018Z-464a5e3f","2026-09-02T20:00:18.690029700Z","scylla","h3_benchmark_3_nodes_v1","LOCAL_QUORUM",1,3,"../data-generator/output/telemetry-50m",1000000,1000000,16,1,3,"READ_LATEST","READ_ONLY",10000,16,0,100,0,0,"MEASUREMENT",3,10000,10000,0,1716.3599,5826.283869717535,2.7263638784,1.019392,16.875519,2.506751,4.395007,8.052735,""
"EXP-20260902T200018Z-464a5e3f","2026-09-02T20:00:18.690029700Z","scylla","h3_benchmark_3_nodes_v1","LOCAL_QUORUM",1,3,"../data-generator/output/telemetry-50m",1000000,1000000,16,1,3,"READ_PARTITION_WINDOW","READ_ONLY",10000,16,0,100,0,0,"WARMUP",1,10000,10000,0,2876.0659,3476.9717898327713,4.5815369216,1.475584,30.343167,4.198399,7.933951,11.378687,""
"EXP-20260902T200018Z-464a5e3f","2026-09-02T20:00:18.690029700Z","scylla","h3_benchmark_3_nodes_v1","LOCAL_QUORUM",1,3,"../data-generator/output/telemetry-50m",1000000,1000000,16,1,3,"READ_PARTITION_WINDOW","READ_ONLY",10000,16,0,100,0,0,"MEASUREMENT",1,10000,10000,0,2783.6912,3592.3524850744934,4.43404288,1.42336,14.925823,4.120575,7.589887,9.928703,""
"EXP-20260902T200018Z-464a5e3f","2026-09-02T20:00:18.690029700Z","scylla","h3_benchmark_3_nodes_v1","LOCAL_QUORUM",1,3,"../data-generator/output/telemetry-50m",1000000,1000000,16,1,3,"READ_PARTITION_WINDOW","READ_ONLY",10000,16,0,100,0,0,"MEASUREMENT",2,10000,10000,0,2828.971,3534.854192566838,4.5044979199999995,1.478656,28.229631,4.141055,7.733247,11.747327,""
"EXP-20260902T200018Z-464a5e3f","2026-09-02T20:00:18.690029700Z","scylla","h3_benchmark_3_nodes_v1","LOCAL_QUORUM",1,3,"../data-generator/output/telemetry-50m",1000000,1000000,16,1,3,"READ_PARTITION_WINDOW","READ_ONLY",10000,16,0,100,0,0,"MEASUREMENT",3,10000,10000,0,2814.4491,3553.093214583273,4.4766249984,1.338368,29.622271,4.100095,7.684095,11.190271,""
"EXP-20260902T200018Z-464a5e3f","2026-09-02T20:00:18.690029700Z","scylla","h3_benchmark_3_nodes_v1","LOCAL_QUORUM",1,3,"../data-generator/output/telemetry-50m",1000000,1000000,16,1,3,"READ_TIME_RANGE","READ_ONLY",10000,16,0,100,0,0,"WARMUP",1,10000,10000,0,1474.2622,6783.053923515098,2.3429701376,0.945152,7.200767,2.211839,3.657727,4.612095,""
"EXP-20260902T200018Z-464a5e3f","2026-09-02T20:00:18.690029700Z","scylla","h3_benchmark_3_nodes_v1","LOCAL_QUORUM",1,3,"../data-generator/output/telemetry-50m",1000000,1000000,16,1,3,"READ_TIME_RANGE","READ_ONLY",10000,16,0,100,0,0,"MEASUREMENT",1,10000,10000,0,1520.933,6574.911583876476,2.4119323392,1.016832,16.113663,2.177023,3.846143,7.434239,""
"EXP-20260902T200018Z-464a5e3f","2026-09-02T20:00:18.690029700Z","scylla","h3_benchmark_3_nodes_v1","LOCAL_QUORUM",1,3,"../data-generator/output/telemetry-50m",1000000,1000000,16,1,3,"READ_TIME_RANGE","READ_ONLY",10000,16,0,100,0,0,"MEASUREMENT",2,10000,10000,0,1508.9863,6626.965400547374,2.3976162048,0.899584,24.018943,2.191359,3.725311,7.409663,""
"EXP-20260902T200018Z-464a5e3f","2026-09-02T20:00:18.690029700Z","scylla","h3_benchmark_3_nodes_v1","LOCAL_QUORUM",1,3,"../data-generator/output/telemetry-50m",1000000,1000000,16,1,3,"READ_TIME_RANGE","READ_ONLY",10000,16,0,100,0,0,"MEASUREMENT",3,10000,10000,0,1593.4753,6275.591469789333,2.5033331968,0.88064,10.280959,2.320383,4.167679,5.771263,""
"EXP-20260902T200018Z-464a5e3f","2026-09-02T20:00:18.690029700Z","scylla","h3_benchmark_3_nodes_v1","LOCAL_QUORUM",1,3,"../data-generator/output/telemetry-50m",1000000,1000000,16,1,3,"MIXED_WORKLOAD","WRITE_HEAVY",10000,16,80,20,0,0,"WARMUP",1,10000,10000,0,1560.3404,6408.857964582599,2.4860715775999997,0.975872,8.790015,2.340863,3.909631,4.919295,""
"EXP-20260902T200018Z-464a5e3f","2026-09-02T20:00:18.690029700Z","scylla","h3_benchmark_3_nodes_v1","LOCAL_QUORUM",1,3,"../data-generator/output/telemetry-50m",1000000,1000000,16,1,3,"MIXED_WORKLOAD","WRITE_HEAVY",10000,16,80,20,0,0,"MEASUREMENT",1,10000,10000,0,1592.6804,6278.723590746769,2.5356943104,0.91648,14.573567,2.334719,4.169727,5.971967,""
"EXP-20260902T200018Z-464a5e3f","2026-09-02T20:00:18.690029700Z","scylla","h3_benchmark_3_nodes_v1","LOCAL_QUORUM",1,3,"../data-generator/output/telemetry-50m",1000000,1000000,16,1,3,"MIXED_WORKLOAD","WRITE_HEAVY",10000,16,80,20,0,0,"MEASUREMENT",2,10000,10000,0,1549.72,6452.778566450714,2.4698607872,0.906752,10.723327,2.260991,4.132863,5.840895,""
"EXP-20260902T200018Z-464a5e3f","2026-09-02T20:00:18.690029700Z","scylla","h3_benchmark_3_nodes_v1","LOCAL_QUORUM",1,3,"../data-generator/output/telemetry-50m",1000000,1000000,16,1,3,"MIXED_WORKLOAD","WRITE_HEAVY",10000,16,80,20,0,0,"MEASUREMENT",3,10000,10000,0,1549.6285,6453.159579860592,2.4563977728,0.901632,13.754367,2.289663,3.905535,5.484543,""
"EXP-20260902T200018Z-464a5e3f","2026-09-02T20:00:18.690029700Z","scylla","h3_benchmark_3_nodes_v1","LOCAL_QUORUM",1,3,"../data-generator/output/telemetry-50m",1000000,1000000,16,1,3,"MIXED_WORKLOAD","BALANCED",10000,16,50,50,0,0,"WARMUP",1,10000,10000,0,1541.4243,6487.506392626612,2.4519137536,1.037312,15.335423,2.275327,3.837951,5.627903,""
"EXP-20260902T200018Z-464a5e3f","2026-09-02T20:00:18.690029700Z","scylla","h3_benchmark_3_nodes_v1","LOCAL_QUORUM",1,3,"../data-generator/output/telemetry-50m",1000000,1000000,16,1,3,"MIXED_WORKLOAD","BALANCED",10000,16,50,50,0,0,"MEASUREMENT",1,10000,10000,0,1604.6922,6231.724688385723,2.560730752,1.009664,11.780095,2.400255,4.061183,5.128191,""
"EXP-20260902T200018Z-464a5e3f","2026-09-02T20:00:18.690029700Z","scylla","h3_benchmark_3_nodes_v1","LOCAL_QUORUM",1,3,"../data-generator/output/telemetry-50m",1000000,1000000,16,1,3,"MIXED_WORKLOAD","BALANCED",10000,16,50,50,0,0,"MEASUREMENT",2,10000,10000,0,1582.4394,6319.357316305446,2.5196600063999997,0.968704,10.690559,2.347007,4.071423,5.206015,""
"EXP-20260902T200018Z-464a5e3f","2026-09-02T20:00:18.690029700Z","scylla","h3_benchmark_3_nodes_v1","LOCAL_QUORUM",1,3,"../data-generator/output/telemetry-50m",1000000,1000000,16,1,3,"MIXED_WORKLOAD","BALANCED",10000,16,50,50,0,0,"MEASUREMENT",3,10000,10000,0,1548.268,6458.830125017116,2.4706433791999998,0.962048,9.371647,2.303999,3.969023,5.324799,""
"EXP-20260902T200018Z-464a5e3f","2026-09-02T20:00:18.690029700Z","scylla","h3_benchmark_3_nodes_v1","LOCAL_QUORUM",1,3,"../data-generator/output/telemetry-50m",1000000,1000000,16,1,3,"MIXED_WORKLOAD","READ_HEAVY",10000,16,20,80,0,0,"WARMUP",1,10000,10000,0,1540.7127,6490.502739414039,2.4561714176,0.904192,9.330687,2.297855,3.952639,5.115903,""
"EXP-20260902T200018Z-464a5e3f","2026-09-02T20:00:18.690029700Z","scylla","h3_benchmark_3_nodes_v1","LOCAL_QUORUM",1,3,"../data-generator/output/telemetry-50m",1000000,1000000,16,1,3,"MIXED_WORKLOAD","READ_HEAVY",10000,16,20,80,0,0,"MEASUREMENT",1,10000,10000,0,1906.0459,5246.463372156987,3.0371528960000003,0.91136,99.811327,2.590719,5.115903,8.380415,""
"EXP-20260902T200018Z-464a5e3f","2026-09-02T20:00:18.690029700Z","scylla","h3_benchmark_3_nodes_v1","LOCAL_QUORUM",1,3,"../data-generator/output/telemetry-50m",1000000,1000000,16,1,3,"MIXED_WORKLOAD","READ_HEAVY",10000,16,20,80,0,0,"MEASUREMENT",2,10000,10000,0,1657.1161,6034.580196281963,2.6429505792,0.925696,9.854975,2.437119,4.481023,6.103039,""
"EXP-20260902T200018Z-464a5e3f","2026-09-02T20:00:18.690029700Z","scylla","h3_benchmark_3_nodes_v1","LOCAL_QUORUM",1,3,"../data-generator/output/telemetry-50m",1000000,1000000,16,1,3,"MIXED_WORKLOAD","READ_HEAVY",10000,16,20,80,0,0,"MEASUREMENT",3,10000,10000,0,1626.7849,6147.0941855926985,2.5909886208,0.974848,14.524415,2.379775,4.321279,5.812223,""
"EXP-20260902T200018Z-464a5e3f","2026-09-02T20:00:18.690029700Z","scylla","h3_benchmark_3_nodes_v1","LOCAL_QUORUM",1,3,"../data-generator/output/telemetry-50m",1000000,1000000,16,1,3,"SUSTAINED_INGESTION","SUSTAINED_WRITE",30000,16,100,0,500,60,"MEASUREMENT",1,30001,30001,0,60002.7926,499.9933953074044,1.5543289463684544,0.912384,18.431999,1.487871,2.101247,2.531327,""
